[0.000000] (-) TimerEvent: {}
[0.000667] (aruco_markers_msgs) JobQueued: {'identifier': 'aruco_markers_msgs', 'dependencies': OrderedDict()}
[0.000814] (asr) JobQueued: {'identifier': 'asr', 'dependencies': OrderedDict()}
[0.001028] (go1_description) JobQueued: {'identifier': 'go1_description', 'dependencies': OrderedDict()}
[0.001096] (mapping_configuration) JobQueued: {'identifier': 'mapping_configuration', 'dependencies': OrderedDict()}
[0.001150] (object_recognition_interfaces) JobQueued: {'identifier': 'object_recognition_interfaces', 'dependencies': OrderedDict()}
[0.001220] (speech_to_goal_interfaces) JobQueued: {'identifier': 'speech_to_goal_interfaces', 'dependencies': OrderedDict()}
[0.001268] (standing_mode) JobQueued: {'identifier': 'standing_mode', 'dependencies': OrderedDict()}
[0.001309] (aruco_detector) JobQueued: {'identifier': 'aruco_detector', 'dependencies': OrderedDict([('aruco_markers_msgs', '/home/tknika/gral-iiriondo/unitree_ws/install/aruco_markers_msgs')])}
[0.001360] (object_recognition) JobQueued: {'identifier': 'object_recognition', 'dependencies': OrderedDict([('object_recognition_interfaces', '/home/tknika/gral-iiriondo/unitree_ws/install/object_recognition_interfaces')])}
[0.001409] (speech_to_goal) JobQueued: {'identifier': 'speech_to_goal', 'dependencies': OrderedDict([('object_recognition_interfaces', '/home/tknika/gral-iiriondo/unitree_ws/install/object_recognition_interfaces'), ('speech_to_goal_interfaces', '/home/tknika/gral-iiriondo/unitree_ws/install/speech_to_goal_interfaces')])}
[0.001459] (object_recognition_interfaces) JobStarted: {'identifier': 'object_recognition_interfaces'}
[0.019920] (aruco_markers_msgs) JobStarted: {'identifier': 'aruco_markers_msgs'}
[0.027300] (speech_to_goal_interfaces) JobStarted: {'identifier': 'speech_to_goal_interfaces'}
[0.035098] (asr) JobStarted: {'identifier': 'asr'}
[0.047593] (go1_description) JobStarted: {'identifier': 'go1_description'}
[0.058602] (mapping_configuration) JobStarted: {'identifier': 'mapping_configuration'}
[0.071472] (standing_mode) JobStarted: {'identifier': 'standing_mode'}
[0.086010] (object_recognition_interfaces) JobProgress: {'identifier': 'object_recognition_interfaces', 'progress': 'cmake'}
[0.088450] (object_recognition_interfaces) JobProgress: {'identifier': 'object_recognition_interfaces', 'progress': 'build'}
[0.089859] (object_recognition_interfaces) Command: {'cmd': ['/usr/bin/cmake', '--build', '/home/tknika/gral-iiriondo/unitree_ws/build/object_recognition_interfaces', '--', '-j8', '-l8'], 'cwd': '/home/tknika/gral-iiriondo/unitree_ws/build/object_recognition_interfaces', 'env': OrderedDict([('GJS_DEBUG_TOPICS', 'JS ERROR;JS LOG'), ('LESSOPEN', '| /usr/bin/lesspipe %s'), ('USER', 'tknika'), ('OLLAMA_LLM_LIBRARY', 'cuda'), ('XDG_SESSION_TYPE', 'x11'), ('SHLVL', '2'), ('LD_LIBRARY_PATH', '/home/tknika/gral-iiriondo/unitree_ws/install/speech_to_goal_interfaces/lib:/home/tknika/gral-iiriondo/unitree_ws/install/object_recognition_interfaces/lib:/home/tknika/gral-iiriondo/unitree_ws/install/aruco_markers_msgs/lib:/usr/lib/aarch64-linux-gnu/nvidia:/usr/local/cuda/lib64:/usr/local/cuda-12.6/lib64:/usr/lib/aarch64-linux-gnu/nvidia:/usr/local/cuda/lib64:/opt/ros/humble/opt/rviz_ogre_vendor/lib:/opt/ros/humble/lib/aarch64-linux-gnu:/opt/ros/humble/lib:/usr/local/cuda-12.6/lib64:'), ('HOME', '/home/tknika'), ('DESKTOP_SESSION', 'ubuntu'), ('GIO_LAUNCHED_DESKTOP_FILE', '/usr/share/applications/terminator.desktop'), ('ROS_PYTHON_VERSION', '3'), ('GNOME_SHELL_SESSION_MODE', 'ubuntu'), ('GTK_MODULES', 'gail:atk-bridge'), ('MANAGERPID', '3222'), ('SYSTEMD_EXEC_PID', '3393'), ('DBUS_SESSION_BUS_ADDRESS', 'unix:path=/run/user/1000/bus'), ('COLORTERM', 'truecolor'), ('TERMINATOR_DBUS_NAME', 'net.tenshu.Terminator23558193cd9818af7fe4d2c2f5bd9d00f'), ('GIO_LAUNCHED_DESKTOP_FILE_PID', '4556'), ('IM_CONFIG_PHASE', '1'), ('COLCON_PREFIX_PATH', '/home/tknika/gral-iiriondo/unitree_ws/install'), ('CUDA_VISIBLE_DEVICES', '0'), ('ROS_DISTRO', 'humble'), ('GTK_IM_MODULE', 'ibus'), ('LOGNAME', 'tknika'), ('JOURNAL_STREAM', '8:56024'), ('_', '/usr/bin/colcon'), ('ROS_VERSION', '2'), ('XDG_SESSION_CLASS', 'user'), ('USERNAME', 'tknika'), ('TERM', 'xterm-256color'), ('GNOME_DESKTOP_SESSION_ID', 'this-is-deprecated'), ('ROS_LOCALHOST_ONLY', '0'), ('WINDOWPATH', '2'), ('PATH', '/usr/local/cuda-12.6/bin:/opt/ros/humble/bin:/usr/local/cuda-12.6/bin:/home/tknika/.cargo/bin:/home/tknika/.local/bin:/usr/local/sbin:/usr/local/bin:/usr/sbin:/usr/bin:/sbin:/bin:/usr/games:/usr/local/games:/snap/bin:/snap/bin'), ('SESSION_MANAGER', 'local/ubuntu:@/tmp/.ICE-unix/3369,unix/ubuntu:/tmp/.ICE-unix/3369'), ('INVOCATION_ID', 'df31e68f049648dfa24795e5eb4d730b'), ('XDG_MENU_PREFIX', 'gnome-'), ('XDG_RUNTIME_DIR', '/run/user/1000'), ('DISPLAY', ':1'), ('TERMINATOR_DBUS_PATH', '/net/tenshu/Terminator2'), ('LANG', 'en_US.UTF-8'), ('XDG_CURRENT_DESKTOP', 'ubuntu:GNOME'), ('IBUS_DISABLE_SNOOPER', '1'), ('RMW_IMPLEMENTATION', 'rmw_cyclonedds_cpp'), ('XMODIFIERS', '@im=ibus'), ('XDG_SESSION_DESKTOP', 'ubuntu'), ('XAUTHORITY', '/run/user/1000/gdm/Xauthority'), ('LS_COLORS', 'rs=0:di=01;34:ln=01;36:mh=00:pi=40;33:so=01;35:do=01;35:bd=40;33;01:cd=40;33;01:or=40;31;01:mi=00:su=37;41:sg=30;43:ca=30;41:tw=30;42:ow=34;42:st=37;44:ex=01;32:*.tar=01;31:*.tgz=01;31:*.arc=01;31:*.arj=01;31:*.taz=01;31:*.lha=01;31:*.lz4=01;31:*.lzh=01;31:*.lzma=01;31:*.tlz=01;31:*.txz=01;31:*.tzo=01;31:*.t7z=01;31:*.zip=01;31:*.z=01;31:*.dz=01;31:*.gz=01;31:*.lrz=01;31:*.lz=01;31:*.lzo=01;31:*.xz=01;31:*.zst=01;31:*.tzst=01;31:*.bz2=01;31:*.bz=01;31:*.tbz=01;31:*.tbz2=01;31:*.tz=01;31:*.deb=01;31:*.rpm=01;31:*.jar=01;31:*.war=01;31:*.ear=01;31:*.sar=01;31:*.rar=01;31:*.alz=01;31:*.ace=01;31:*.zoo=01;31:*.cpio=01;31:*.7z=01;31:*.rz=01;31:*.cab=01;31:*.wim=01;31:*.swm=01;31:*.dwm=01;31:*.esd=01;31:*.jpg=01;35:*.jpeg=01;35:*.mjpg=01;35:*.mjpeg=01;35:*.gif=01;35:*.bmp=01;35:*.pbm=01;35:*.pgm=01;35:*.ppm=01;35:*.tga=01;35:*.xbm=01;35:*.xpm=01;35:*.tif=01;35:*.tiff=01;35:*.png=01;35:*.svg=01;35:*.svgz=01;35:*.mng=01;35:*.pcx=01;35:*.mov=01;35:*.mpg=01;35:*.mpeg=01;35:*.m2v=01;35:*.mkv=01;35:*.webm=01;35:*.webp=01;35:*.ogm=01;35:*.mp4=01;35:*.m4v=01;35:*.mp4v=01;35:*.vob=01;35:*.qt=01;35:*.nuv=01;35:*.wmv=01;35:*.asf=01;35:*.rm=01;35:*.rmvb=01;35:*.flc=01;35:*.avi=01;35:*.fli=01;35:*.flv=01;35:*.gl=01;35:*.dl=01;35:*.xcf=01;35:*.xwd=01;35:*.yuv=01;35:*.cgm=01;35:*.emf=01;35:*.ogv=01;35:*.ogx=01;35:*.aac=00;36:*.au=00;36:*.flac=00;36:*.m4a=00;36:*.mid=00;36:*.midi=00;36:*.mka=00;36:*.mp3=00;36:*.mpc=00;36:*.ogg=00;36:*.ra=00;36:*.wav=00;36:*.oga=00;36:*.opus=00;36:*.spx=00;36:*.xspf=00;36:'), ('SSH_AGENT_LAUNCHER', 'gnome-keyring'), ('SSH_AUTH_SOCK', '/run/user/1000/keyring/ssh'), ('ROS_DOMAIN_ID', '42'), ('AMENT_PREFIX_PATH', '/home/tknika/gral-iiriondo/unitree_ws/install/standing_mode:/home/tknika/gral-iiriondo/unitree_ws/install/speech_to_goal:/home/tknika/gral-iiriondo/unitree_ws/install/speech_to_goal_interfaces:/home/tknika/gral-iiriondo/unitree_ws/install/object_recognition:/home/tknika/gral-iiriondo/unitree_ws/install/object_recognition_interfaces:/home/tknika/gral-iiriondo/unitree_ws/install/mapping_configuration:/home/tknika/gral-iiriondo/unitree_ws/install/go1_description:/home/tknika/gral-iiriondo/unitree_ws/install/asr:/home/tknika/gral-iiriondo/unitree_ws/install/aruco_detector:/home/tknika/gral-iiriondo/unitree_ws/install/aruco_markers_msgs:/opt/ros/humble'), ('SHELL', '/bin/bash'), ('TERMINATOR_UUID', 'urn:uuid:ab55b7a6-d9da-4dd6-8408-f255b26e6be6'), ('QT_ACCESSIBILITY', '1'), ('GDMSESSION', 'ubuntu'), ('LESSCLOSE', '/usr/bin/lesspipe %s %s'), ('GPG_AGENT_INFO', '/run/user/1000/gnupg/S.gpg-agent:0:1'), ('GJS_DEBUG_OUTPUT', 'stderr'), ('QT_IM_MODULE', 'ibus'), ('PWD', '/home/tknika/gral-iiriondo/unitree_ws/build/object_recognition_interfaces'), ('XDG_CONFIG_DIRS', '/etc/xdg/xdg-ubuntu:/etc/xdg'), ('XDG_DATA_DIRS', '/usr/share/ubuntu:/usr/share/gnome:/usr/local/share/:/usr/share/:/var/lib/snapd/desktop'), ('PYTHONPATH', '/home/tknika/gral-iiriondo/unitree_ws/build/standing_mode:/home/tknika/gral-iiriondo/unitree_ws/install/standing_mode/lib/python3.10/site-packages:/home/tknika/gral-iiriondo/unitree_ws/build/speech_to_goal:/home/tknika/gral-iiriondo/unitree_ws/install/speech_to_goal/lib/python3.10/site-packages:/home/tknika/gral-iiriondo/unitree_ws/install/speech_to_goal_interfaces/local/lib/python3.10/dist-packages:/home/tknika/gral-iiriondo/unitree_ws/build/object_recognition:/home/tknika/gral-iiriondo/unitree_ws/install/object_recognition/lib/python3.10/site-packages:/home/tknika/gral-iiriondo/unitree_ws/install/object_recognition_interfaces/local/lib/python3.10/dist-packages:/home/tknika/gral-iiriondo/unitree_ws/build/mapping_configuration:/home/tknika/gral-iiriondo/unitree_ws/install/mapping_configuration/lib/python3.10/site-packages:/home/tknika/gral-iiriondo/unitree_ws/build/go1_description:/home/tknika/gral-iiriondo/unitree_ws/install/go1_description/lib/python3.10/site-packages:/home/tknika/gral-iiriondo/unitree_ws/build/asr:/home/tknika/gral-iiriondo/unitree_ws/install/asr/lib/python3.10/site-packages:/home/tknika/gral-iiriondo/unitree_ws/build/aruco_detector:/home/tknika/gral-iiriondo/unitree_ws/install/aruco_detector/lib/python3.10/site-packages:/home/tknika/gral-iiriondo/unitree_ws/install/aruco_markers_msgs/local/lib/python3.10/dist-packages:/home/tknika/gral-iiriondo-main/unitree_ws/src/unitree_legged_sdk/lib/python/arm64:/home/tknika/gral-iiriondo-main/unitree_ws/src/unitree_legged_sdk/lib/python/arm64:/opt/ros/humble/lib/python3.10/site-packages:/opt/ros/humble/local/lib/python3.10/dist-packages'), ('COLCON', '1'), ('VTE_VERSION', '6800'), ('CMAKE_PREFIX_PATH', '/home/tknika/gral-iiriondo/unitree_ws/install/speech_to_goal_interfaces:/home/tknika/gral-iiriondo/unitree_ws/install/object_recognition_interfaces:/home/tknika/gral-iiriondo/unitree_ws/install/aruco_markers_msgs:/home/tknika/gral-iiriondo/unitree_ws/install/standing_mode:/home/tknika/gral-iiriondo/unitree_ws/install/speech_to_goal:/home/tknika/gral-iiriondo/unitree_ws/install/object_recognition:/home/tknika/gral-iiriondo/unitree_ws/install/mapping_configuration:/home/tknika/gral-iiriondo/unitree_ws/install/go1_description:/home/tknika/gral-iiriondo/unitree_ws/install/asr:/home/tknika/gral-iiriondo/unitree_ws/install/aruco_detector:/opt/ros/humble')]), 'shell': False}
[0.096100] (aruco_markers_msgs) JobProgress: {'identifier': 'aruco_markers_msgs', 'progress': 'cmake'}
[0.098334] (-) TimerEvent: {}
[0.101734] (aruco_markers_msgs) JobProgress: {'identifier': 'aruco_markers_msgs', 'progress': 'build'}
[0.102256] (aruco_markers_msgs) Command: {'cmd': ['/usr/bin/cmake', '--build', '/home/tknika/gral-iiriondo/unitree_ws/build/aruco_markers_msgs', '--', '-j8', '-l8'], 'cwd': '/home/tknika/gral-iiriondo/unitree_ws/build/aruco_markers_msgs', 'env': OrderedDict([('GJS_DEBUG_TOPICS', 'JS ERROR;JS LOG'), ('LESSOPEN', '| /usr/bin/lesspipe %s'), ('USER', 'tknika'), ('OLLAMA_LLM_LIBRARY', 'cuda'), ('XDG_SESSION_TYPE', 'x11'), ('SHLVL', '2'), ('LD_LIBRARY_PATH', '/home/tknika/gral-iiriondo/unitree_ws/install/speech_to_goal_interfaces/lib:/home/tknika/gral-iiriondo/unitree_ws/install/object_recognition_interfaces/lib:/home/tknika/gral-iiriondo/unitree_ws/install/aruco_markers_msgs/lib:/usr/lib/aarch64-linux-gnu/nvidia:/usr/local/cuda/lib64:/usr/local/cuda-12.6/lib64:/usr/lib/aarch64-linux-gnu/nvidia:/usr/local/cuda/lib64:/opt/ros/humble/opt/rviz_ogre_vendor/lib:/opt/ros/humble/lib/aarch64-linux-gnu:/opt/ros/humble/lib:/usr/local/cuda-12.6/lib64:'), ('HOME', '/home/tknika'), ('DESKTOP_SESSION', 'ubuntu'), ('GIO_LAUNCHED_DESKTOP_FILE', '/usr/share/applications/terminator.desktop'), ('ROS_PYTHON_VERSION', '3'), ('GNOME_SHELL_SESSION_MODE', 'ubuntu'), ('GTK_MODULES', 'gail:atk-bridge'), ('MANAGERPID', '3222'), ('SYSTEMD_EXEC_PID', '3393'), ('DBUS_SESSION_BUS_ADDRESS', 'unix:path=/run/user/1000/bus'), ('COLORTERM', 'truecolor'), ('TERMINATOR_DBUS_NAME', 'net.tenshu.Terminator23558193cd9818af7fe4d2c2f5bd9d00f'), ('GIO_LAUNCHED_DESKTOP_FILE_PID', '4556'), ('IM_CONFIG_PHASE', '1'), ('COLCON_PREFIX_PATH', '/home/tknika/gral-iiriondo/unitree_ws/install'), ('CUDA_VISIBLE_DEVICES', '0'), ('ROS_DISTRO', 'humble'), ('GTK_IM_MODULE', 'ibus'), ('LOGNAME', 'tknika'), ('JOURNAL_STREAM', '8:56024'), ('_', '/usr/bin/colcon'), ('ROS_VERSION', '2'), ('XDG_SESSION_CLASS', 'user'), ('USERNAME', 'tknika'), ('TERM', 'xterm-256color'), ('GNOME_DESKTOP_SESSION_ID', 'this-is-deprecated'), ('ROS_LOCALHOST_ONLY', '0'), ('WINDOWPATH', '2'), ('PATH', '/usr/local/cuda-12.6/bin:/opt/ros/humble/bin:/usr/local/cuda-12.6/bin:/home/tknika/.cargo/bin:/home/tknika/.local/bin:/usr/local/sbin:/usr/local/bin:/usr/sbin:/usr/bin:/sbin:/bin:/usr/games:/usr/local/games:/snap/bin:/snap/bin'), ('SESSION_MANAGER', 'local/ubuntu:@/tmp/.ICE-unix/3369,unix/ubuntu:/tmp/.ICE-unix/3369'), ('INVOCATION_ID', 'df31e68f049648dfa24795e5eb4d730b'), ('XDG_MENU_PREFIX', 'gnome-'), ('XDG_RUNTIME_DIR', '/run/user/1000'), ('DISPLAY', ':1'), ('TERMINATOR_DBUS_PATH', '/net/tenshu/Terminator2'), ('LANG', 'en_US.UTF-8'), ('XDG_CURRENT_DESKTOP', 'ubuntu:GNOME'), ('IBUS_DISABLE_SNOOPER', '1'), ('RMW_IMPLEMENTATION', 'rmw_cyclonedds_cpp'), ('XMODIFIERS', '@im=ibus'), ('XDG_SESSION_DESKTOP', 'ubuntu'), ('XAUTHORITY', '/run/user/1000/gdm/Xauthority'), ('LS_COLORS', 'rs=0:di=01;34:ln=01;36:mh=00:pi=40;33:so=01;35:do=01;35:bd=40;33;01:cd=40;33;01:or=40;31;01:mi=00:su=37;41:sg=30;43:ca=30;41:tw=30;42:ow=34;42:st=37;44:ex=01;32:*.tar=01;31:*.tgz=01;31:*.arc=01;31:*.arj=01;31:*.taz=01;31:*.lha=01;31:*.lz4=01;31:*.lzh=01;31:*.lzma=01;31:*.tlz=01;31:*.txz=01;31:*.tzo=01;31:*.t7z=01;31:*.zip=01;31:*.z=01;31:*.dz=01;31:*.gz=01;31:*.lrz=01;31:*.lz=01;31:*.lzo=01;31:*.xz=01;31:*.zst=01;31:*.tzst=01;31:*.bz2=01;31:*.bz=01;31:*.tbz=01;31:*.tbz2=01;31:*.tz=01;31:*.deb=01;31:*.rpm=01;31:*.jar=01;31:*.war=01;31:*.ear=01;31:*.sar=01;31:*.rar=01;31:*.alz=01;31:*.ace=01;31:*.zoo=01;31:*.cpio=01;31:*.7z=01;31:*.rz=01;31:*.cab=01;31:*.wim=01;31:*.swm=01;31:*.dwm=01;31:*.esd=01;31:*.jpg=01;35:*.jpeg=01;35:*.mjpg=01;35:*.mjpeg=01;35:*.gif=01;35:*.bmp=01;35:*.pbm=01;35:*.pgm=01;35:*.ppm=01;35:*.tga=01;35:*.xbm=01;35:*.xpm=01;35:*.tif=01;35:*.tiff=01;35:*.png=01;35:*.svg=01;35:*.svgz=01;35:*.mng=01;35:*.pcx=01;35:*.mov=01;35:*.mpg=01;35:*.mpeg=01;35:*.m2v=01;35:*.mkv=01;35:*.webm=01;35:*.webp=01;35:*.ogm=01;35:*.mp4=01;35:*.m4v=01;35:*.mp4v=01;35:*.vob=01;35:*.qt=01;35:*.nuv=01;35:*.wmv=01;35:*.asf=01;35:*.rm=01;35:*.rmvb=01;35:*.flc=01;35:*.avi=01;35:*.fli=01;35:*.flv=01;35:*.gl=01;35:*.dl=01;35:*.xcf=01;35:*.xwd=01;35:*.yuv=01;35:*.cgm=01;35:*.emf=01;35:*.ogv=01;35:*.ogx=01;35:*.aac=00;36:*.au=00;36:*.flac=00;36:*.m4a=00;36:*.mid=00;36:*.midi=00;36:*.mka=00;36:*.mp3=00;36:*.mpc=00;36:*.ogg=00;36:*.ra=00;36:*.wav=00;36:*.oga=00;36:*.opus=00;36:*.spx=00;36:*.xspf=00;36:'), ('SSH_AGENT_LAUNCHER', 'gnome-keyring'), ('SSH_AUTH_SOCK', '/run/user/1000/keyring/ssh'), ('ROS_DOMAIN_ID', '42'), ('AMENT_PREFIX_PATH', '/home/tknika/gral-iiriondo/unitree_ws/install/standing_mode:/home/tknika/gral-iiriondo/unitree_ws/install/speech_to_goal:/home/tknika/gral-iiriondo/unitree_ws/install/speech_to_goal_interfaces:/home/tknika/gral-iiriondo/unitree_ws/install/object_recognition:/home/tknika/gral-iiriondo/unitree_ws/install/object_recognition_interfaces:/home/tknika/gral-iiriondo/unitree_ws/install/mapping_configuration:/home/tknika/gral-iiriondo/unitree_ws/install/go1_description:/home/tknika/gral-iiriondo/unitree_ws/install/asr:/home/tknika/gral-iiriondo/unitree_ws/install/aruco_detector:/home/tknika/gral-iiriondo/unitree_ws/install/aruco_markers_msgs:/opt/ros/humble'), ('SHELL', '/bin/bash'), ('TERMINATOR_UUID', 'urn:uuid:ab55b7a6-d9da-4dd6-8408-f255b26e6be6'), ('QT_ACCESSIBILITY', '1'), ('GDMSESSION', 'ubuntu'), ('LESSCLOSE', '/usr/bin/lesspipe %s %s'), ('GPG_AGENT_INFO', '/run/user/1000/gnupg/S.gpg-agent:0:1'), ('GJS_DEBUG_OUTPUT', 'stderr'), ('QT_IM_MODULE', 'ibus'), ('PWD', '/home/tknika/gral-iiriondo/unitree_ws/build/aruco_markers_msgs'), ('XDG_CONFIG_DIRS', '/etc/xdg/xdg-ubuntu:/etc/xdg'), ('XDG_DATA_DIRS', '/usr/share/ubuntu:/usr/share/gnome:/usr/local/share/:/usr/share/:/var/lib/snapd/desktop'), ('PYTHONPATH', '/home/tknika/gral-iiriondo/unitree_ws/build/standing_mode:/home/tknika/gral-iiriondo/unitree_ws/install/standing_mode/lib/python3.10/site-packages:/home/tknika/gral-iiriondo/unitree_ws/build/speech_to_goal:/home/tknika/gral-iiriondo/unitree_ws/install/speech_to_goal/lib/python3.10/site-packages:/home/tknika/gral-iiriondo/unitree_ws/install/speech_to_goal_interfaces/local/lib/python3.10/dist-packages:/home/tknika/gral-iiriondo/unitree_ws/build/object_recognition:/home/tknika/gral-iiriondo/unitree_ws/install/object_recognition/lib/python3.10/site-packages:/home/tknika/gral-iiriondo/unitree_ws/install/object_recognition_interfaces/local/lib/python3.10/dist-packages:/home/tknika/gral-iiriondo/unitree_ws/build/mapping_configuration:/home/tknika/gral-iiriondo/unitree_ws/install/mapping_configuration/lib/python3.10/site-packages:/home/tknika/gral-iiriondo/unitree_ws/build/go1_description:/home/tknika/gral-iiriondo/unitree_ws/install/go1_description/lib/python3.10/site-packages:/home/tknika/gral-iiriondo/unitree_ws/build/asr:/home/tknika/gral-iiriondo/unitree_ws/install/asr/lib/python3.10/site-packages:/home/tknika/gral-iiriondo/unitree_ws/build/aruco_detector:/home/tknika/gral-iiriondo/unitree_ws/install/aruco_detector/lib/python3.10/site-packages:/home/tknika/gral-iiriondo/unitree_ws/install/aruco_markers_msgs/local/lib/python3.10/dist-packages:/home/tknika/gral-iiriondo-main/unitree_ws/src/unitree_legged_sdk/lib/python/arm64:/home/tknika/gral-iiriondo-main/unitree_ws/src/unitree_legged_sdk/lib/python/arm64:/opt/ros/humble/lib/python3.10/site-packages:/opt/ros/humble/local/lib/python3.10/dist-packages'), ('COLCON', '1'), ('VTE_VERSION', '6800'), ('CMAKE_PREFIX_PATH', '/home/tknika/gral-iiriondo/unitree_ws/install/speech_to_goal_interfaces:/home/tknika/gral-iiriondo/unitree_ws/install/object_recognition_interfaces:/home/tknika/gral-iiriondo/unitree_ws/install/aruco_markers_msgs:/home/tknika/gral-iiriondo/unitree_ws/install/standing_mode:/home/tknika/gral-iiriondo/unitree_ws/install/speech_to_goal:/home/tknika/gral-iiriondo/unitree_ws/install/object_recognition:/home/tknika/gral-iiriondo/unitree_ws/install/mapping_configuration:/home/tknika/gral-iiriondo/unitree_ws/install/go1_description:/home/tknika/gral-iiriondo/unitree_ws/install/asr:/home/tknika/gral-iiriondo/unitree_ws/install/aruco_detector:/opt/ros/humble')]), 'shell': False}
[0.105476] (speech_to_goal_interfaces) JobProgress: {'identifier': 'speech_to_goal_interfaces', 'progress': 'cmake'}
[0.109511] (speech_to_goal_interfaces) JobProgress: {'identifier': 'speech_to_goal_interfaces', 'progress': 'build'}
[0.109939] (speech_to_goal_interfaces) Command: {'cmd': ['/usr/bin/cmake', '--build', '/home/tknika/gral-iiriondo/unitree_ws/build/speech_to_goal_interfaces', '--', '-j8', '-l8'], 'cwd': '/home/tknika/gral-iiriondo/unitree_ws/build/speech_to_goal_interfaces', 'env': OrderedDict([('GJS_DEBUG_TOPICS', 'JS ERROR;JS LOG'), ('LESSOPEN', '| /usr/bin/lesspipe %s'), ('USER', 'tknika'), ('OLLAMA_LLM_LIBRARY', 'cuda'), ('XDG_SESSION_TYPE', 'x11'), ('SHLVL', '2'), ('LD_LIBRARY_PATH', '/home/tknika/gral-iiriondo/unitree_ws/install/speech_to_goal_interfaces/lib:/home/tknika/gral-iiriondo/unitree_ws/install/object_recognition_interfaces/lib:/home/tknika/gral-iiriondo/unitree_ws/install/aruco_markers_msgs/lib:/usr/lib/aarch64-linux-gnu/nvidia:/usr/local/cuda/lib64:/usr/local/cuda-12.6/lib64:/usr/lib/aarch64-linux-gnu/nvidia:/usr/local/cuda/lib64:/opt/ros/humble/opt/rviz_ogre_vendor/lib:/opt/ros/humble/lib/aarch64-linux-gnu:/opt/ros/humble/lib:/usr/local/cuda-12.6/lib64:'), ('HOME', '/home/tknika'), ('DESKTOP_SESSION', 'ubuntu'), ('GIO_LAUNCHED_DESKTOP_FILE', '/usr/share/applications/terminator.desktop'), ('ROS_PYTHON_VERSION', '3'), ('GNOME_SHELL_SESSION_MODE', 'ubuntu'), ('GTK_MODULES', 'gail:atk-bridge'), ('MANAGERPID', '3222'), ('SYSTEMD_EXEC_PID', '3393'), ('DBUS_SESSION_BUS_ADDRESS', 'unix:path=/run/user/1000/bus'), ('COLORTERM', 'truecolor'), ('TERMINATOR_DBUS_NAME', 'net.tenshu.Terminator23558193cd9818af7fe4d2c2f5bd9d00f'), ('GIO_LAUNCHED_DESKTOP_FILE_PID', '4556'), ('IM_CONFIG_PHASE', '1'), ('COLCON_PREFIX_PATH', '/home/tknika/gral-iiriondo/unitree_ws/install'), ('CUDA_VISIBLE_DEVICES', '0'), ('ROS_DISTRO', 'humble'), ('GTK_IM_MODULE', 'ibus'), ('LOGNAME', 'tknika'), ('JOURNAL_STREAM', '8:56024'), ('_', '/usr/bin/colcon'), ('ROS_VERSION', '2'), ('XDG_SESSION_CLASS', 'user'), ('USERNAME', 'tknika'), ('TERM', 'xterm-256color'), ('GNOME_DESKTOP_SESSION_ID', 'this-is-deprecated'), ('ROS_LOCALHOST_ONLY', '0'), ('WINDOWPATH', '2'), ('PATH', '/usr/local/cuda-12.6/bin:/opt/ros/humble/bin:/usr/local/cuda-12.6/bin:/home/tknika/.cargo/bin:/home/tknika/.local/bin:/usr/local/sbin:/usr/local/bin:/usr/sbin:/usr/bin:/sbin:/bin:/usr/games:/usr/local/games:/snap/bin:/snap/bin'), ('SESSION_MANAGER', 'local/ubuntu:@/tmp/.ICE-unix/3369,unix/ubuntu:/tmp/.ICE-unix/3369'), ('INVOCATION_ID', 'df31e68f049648dfa24795e5eb4d730b'), ('XDG_MENU_PREFIX', 'gnome-'), ('XDG_RUNTIME_DIR', '/run/user/1000'), ('DISPLAY', ':1'), ('TERMINATOR_DBUS_PATH', '/net/tenshu/Terminator2'), ('LANG', 'en_US.UTF-8'), ('XDG_CURRENT_DESKTOP', 'ubuntu:GNOME'), ('IBUS_DISABLE_SNOOPER', '1'), ('RMW_IMPLEMENTATION', 'rmw_cyclonedds_cpp'), ('XMODIFIERS', '@im=ibus'), ('XDG_SESSION_DESKTOP', 'ubuntu'), ('XAUTHORITY', '/run/user/1000/gdm/Xauthority'), ('LS_COLORS', 'rs=0:di=01;34:ln=01;36:mh=00:pi=40;33:so=01;35:do=01;35:bd=40;33;01:cd=40;33;01:or=40;31;01:mi=00:su=37;41:sg=30;43:ca=30;41:tw=30;42:ow=34;42:st=37;44:ex=01;32:*.tar=01;31:*.tgz=01;31:*.arc=01;31:*.arj=01;31:*.taz=01;31:*.lha=01;31:*.lz4=01;31:*.lzh=01;31:*.lzma=01;31:*.tlz=01;31:*.txz=01;31:*.tzo=01;31:*.t7z=01;31:*.zip=01;31:*.z=01;31:*.dz=01;31:*.gz=01;31:*.lrz=01;31:*.lz=01;31:*.lzo=01;31:*.xz=01;31:*.zst=01;31:*.tzst=01;31:*.bz2=01;31:*.bz=01;31:*.tbz=01;31:*.tbz2=01;31:*.tz=01;31:*.deb=01;31:*.rpm=01;31:*.jar=01;31:*.war=01;31:*.ear=01;31:*.sar=01;31:*.rar=01;31:*.alz=01;31:*.ace=01;31:*.zoo=01;31:*.cpio=01;31:*.7z=01;31:*.rz=01;31:*.cab=01;31:*.wim=01;31:*.swm=01;31:*.dwm=01;31:*.esd=01;31:*.jpg=01;35:*.jpeg=01;35:*.mjpg=01;35:*.mjpeg=01;35:*.gif=01;35:*.bmp=01;35:*.pbm=01;35:*.pgm=01;35:*.ppm=01;35:*.tga=01;35:*.xbm=01;35:*.xpm=01;35:*.tif=01;35:*.tiff=01;35:*.png=01;35:*.svg=01;35:*.svgz=01;35:*.mng=01;35:*.pcx=01;35:*.mov=01;35:*.mpg=01;35:*.mpeg=01;35:*.m2v=01;35:*.mkv=01;35:*.webm=01;35:*.webp=01;35:*.ogm=01;35:*.mp4=01;35:*.m4v=01;35:*.mp4v=01;35:*.vob=01;35:*.qt=01;35:*.nuv=01;35:*.wmv=01;35:*.asf=01;35:*.rm=01;35:*.rmvb=01;35:*.flc=01;35:*.avi=01;35:*.fli=01;35:*.flv=01;35:*.gl=01;35:*.dl=01;35:*.xcf=01;35:*.xwd=01;35:*.yuv=01;35:*.cgm=01;35:*.emf=01;35:*.ogv=01;35:*.ogx=01;35:*.aac=00;36:*.au=00;36:*.flac=00;36:*.m4a=00;36:*.mid=00;36:*.midi=00;36:*.mka=00;36:*.mp3=00;36:*.mpc=00;36:*.ogg=00;36:*.ra=00;36:*.wav=00;36:*.oga=00;36:*.opus=00;36:*.spx=00;36:*.xspf=00;36:'), ('SSH_AGENT_LAUNCHER', 'gnome-keyring'), ('SSH_AUTH_SOCK', '/run/user/1000/keyring/ssh'), ('ROS_DOMAIN_ID', '42'), ('AMENT_PREFIX_PATH', '/home/tknika/gral-iiriondo/unitree_ws/install/standing_mode:/home/tknika/gral-iiriondo/unitree_ws/install/speech_to_goal:/home/tknika/gral-iiriondo/unitree_ws/install/speech_to_goal_interfaces:/home/tknika/gral-iiriondo/unitree_ws/install/object_recognition:/home/tknika/gral-iiriondo/unitree_ws/install/object_recognition_interfaces:/home/tknika/gral-iiriondo/unitree_ws/install/mapping_configuration:/home/tknika/gral-iiriondo/unitree_ws/install/go1_description:/home/tknika/gral-iiriondo/unitree_ws/install/asr:/home/tknika/gral-iiriondo/unitree_ws/install/aruco_detector:/home/tknika/gral-iiriondo/unitree_ws/install/aruco_markers_msgs:/opt/ros/humble'), ('SHELL', '/bin/bash'), ('TERMINATOR_UUID', 'urn:uuid:ab55b7a6-d9da-4dd6-8408-f255b26e6be6'), ('QT_ACCESSIBILITY', '1'), ('GDMSESSION', 'ubuntu'), ('LESSCLOSE', '/usr/bin/lesspipe %s %s'), ('GPG_AGENT_INFO', '/run/user/1000/gnupg/S.gpg-agent:0:1'), ('GJS_DEBUG_OUTPUT', 'stderr'), ('QT_IM_MODULE', 'ibus'), ('PWD', '/home/tknika/gral-iiriondo/unitree_ws/build/speech_to_goal_interfaces'), ('XDG_CONFIG_DIRS', '/etc/xdg/xdg-ubuntu:/etc/xdg'), ('XDG_DATA_DIRS', '/usr/share/ubuntu:/usr/share/gnome:/usr/local/share/:/usr/share/:/var/lib/snapd/desktop'), ('PYTHONPATH', '/home/tknika/gral-iiriondo/unitree_ws/build/standing_mode:/home/tknika/gral-iiriondo/unitree_ws/install/standing_mode/lib/python3.10/site-packages:/home/tknika/gral-iiriondo/unitree_ws/build/speech_to_goal:/home/tknika/gral-iiriondo/unitree_ws/install/speech_to_goal/lib/python3.10/site-packages:/home/tknika/gral-iiriondo/unitree_ws/install/speech_to_goal_interfaces/local/lib/python3.10/dist-packages:/home/tknika/gral-iiriondo/unitree_ws/build/object_recognition:/home/tknika/gral-iiriondo/unitree_ws/install/object_recognition/lib/python3.10/site-packages:/home/tknika/gral-iiriondo/unitree_ws/install/object_recognition_interfaces/local/lib/python3.10/dist-packages:/home/tknika/gral-iiriondo/unitree_ws/build/mapping_configuration:/home/tknika/gral-iiriondo/unitree_ws/install/mapping_configuration/lib/python3.10/site-packages:/home/tknika/gral-iiriondo/unitree_ws/build/go1_description:/home/tknika/gral-iiriondo/unitree_ws/install/go1_description/lib/python3.10/site-packages:/home/tknika/gral-iiriondo/unitree_ws/build/asr:/home/tknika/gral-iiriondo/unitree_ws/install/asr/lib/python3.10/site-packages:/home/tknika/gral-iiriondo/unitree_ws/build/aruco_detector:/home/tknika/gral-iiriondo/unitree_ws/install/aruco_detector/lib/python3.10/site-packages:/home/tknika/gral-iiriondo/unitree_ws/install/aruco_markers_msgs/local/lib/python3.10/dist-packages:/home/tknika/gral-iiriondo-main/unitree_ws/src/unitree_legged_sdk/lib/python/arm64:/home/tknika/gral-iiriondo-main/unitree_ws/src/unitree_legged_sdk/lib/python/arm64:/opt/ros/humble/lib/python3.10/site-packages:/opt/ros/humble/local/lib/python3.10/dist-packages'), ('COLCON', '1'), ('VTE_VERSION', '6800'), ('CMAKE_PREFIX_PATH', '/home/tknika/gral-iiriondo/unitree_ws/install/speech_to_goal_interfaces:/home/tknika/gral-iiriondo/unitree_ws/install/object_recognition_interfaces:/home/tknika/gral-iiriondo/unitree_ws/install/aruco_markers_msgs:/home/tknika/gral-iiriondo/unitree_ws/install/standing_mode:/home/tknika/gral-iiriondo/unitree_ws/install/speech_to_goal:/home/tknika/gral-iiriondo/unitree_ws/install/object_recognition:/home/tknika/gral-iiriondo/unitree_ws/install/mapping_configuration:/home/tknika/gral-iiriondo/unitree_ws/install/go1_description:/home/tknika/gral-iiriondo/unitree_ws/install/asr:/home/tknika/gral-iiriondo/unitree_ws/install/aruco_detector:/opt/ros/humble')]), 'shell': False}
[0.198505] (-) TimerEvent: {}
[0.299163] (-) TimerEvent: {}
[0.399825] (-) TimerEvent: {}
[0.501206] (-) TimerEvent: {}
[0.602148] (-) TimerEvent: {}
[0.702784] (-) TimerEvent: {}
[0.803765] (-) TimerEvent: {}
[0.904416] (-) TimerEvent: {}
[1.005070] (-) TimerEvent: {}
[1.105702] (-) TimerEvent: {}
[1.206333] (-) TimerEvent: {}
[1.306977] (-) TimerEvent: {}
[1.407646] (-) TimerEvent: {}
[1.508359] (-) TimerEvent: {}
[1.609241] (-) TimerEvent: {}
[1.710139] (-) TimerEvent: {}
[1.811072] (-) TimerEvent: {}
[1.911942] (-) TimerEvent: {}
[2.012840] (-) TimerEvent: {}
[2.113708] (-) TimerEvent: {}
[2.214553] (-) TimerEvent: {}
[2.315414] (-) TimerEvent: {}
[2.416263] (-) TimerEvent: {}
[2.517166] (-) TimerEvent: {}
[2.561869] (object_recognition_interfaces) StdoutLine: {'line': b'\x1b[35m\x1b[1mConsolidate compiler generated dependencies of target object_recognition_interfaces__rosidl_generator_c\x1b[0m\n'}
[2.563307] (object_recognition_interfaces) StdoutLine: {'line': b'[  2%] Built target object_recognition_interfaces__rs\n'}
[2.564443] (object_recognition_interfaces) StdoutLine: {'line': b'[  5%] Built target object_recognition_interfaces__cpp\n'}
[2.564774] (object_recognition_interfaces) StdoutLine: {'line': b'[ 15%] Built target object_recognition_interfaces__rosidl_generator_c\n'}
[2.564953] (object_recognition_interfaces) StdoutLine: {'line': b'[ 15%] Built target ament_cmake_python_symlink_object_recognition_interfaces\n'}
[2.566284] (object_recognition_interfaces) StdoutLine: {'line': b'\x1b[35m\x1b[1mConsolidate compiler generated dependencies of target object_recognition_interfaces__rosidl_typesupport_introspection_cpp\x1b[0m\n'}
[2.566442] (object_recognition_interfaces) StdoutLine: {'line': b'\x1b[35m\x1b[1mConsolidate compiler generated dependencies of target object_recognition_interfaces__rosidl_typesupport_fastrtps_cpp\x1b[0m\n'}
[2.566601] (object_recognition_interfaces) StdoutLine: {'line': b'\x1b[35m\x1b[1mConsolidate compiler generated dependencies of target object_recognition_interfaces__rosidl_typesupport_cpp\x1b[0m\n'}
[2.566731] (object_recognition_interfaces) StdoutLine: {'line': b'\x1b[35m\x1b[1mConsolidate compiler generated dependencies of target object_recognition_interfaces__rosidl_typesupport_c\x1b[0m\n'}
[2.566858] (object_recognition_interfaces) StdoutLine: {'line': b'[ 25%] Built target object_recognition_interfaces__rosidl_typesupport_introspection_cpp\n'}
[2.566987] (object_recognition_interfaces) StdoutLine: {'line': b'\x1b[35m\x1b[1mConsolidate compiler generated dependencies of target object_recognition_interfaces__rosidl_typesupport_introspection_c\x1b[0m\n'}
[2.567111] (object_recognition_interfaces) StdoutLine: {'line': b'[ 35%] Built target object_recognition_interfaces__rosidl_typesupport_fastrtps_cpp\n'}
[2.567233] (object_recognition_interfaces) StdoutLine: {'line': b'\x1b[35m\x1b[1mConsolidate compiler generated dependencies of target object_recognition_interfaces__rosidl_typesupport_fastrtps_c\x1b[0m\n'}
[2.567353] (object_recognition_interfaces) StdoutLine: {'line': b'[ 45%] Built target object_recognition_interfaces__rosidl_typesupport_c\n'}
[2.567473] (object_recognition_interfaces) StdoutLine: {'line': b'[ 57%] Built target object_recognition_interfaces__rosidl_typesupport_introspection_c\n'}
[2.567593] (object_recognition_interfaces) StdoutLine: {'line': b'[ 65%] Built target object_recognition_interfaces__rosidl_typesupport_cpp\n'}
[2.567726] (object_recognition_interfaces) StdoutLine: {'line': b'[ 75%] Built target object_recognition_interfaces__rosidl_typesupport_fastrtps_c\n'}
[2.567851] (object_recognition_interfaces) StdoutLine: {'line': b'[ 75%] Built target object_recognition_interfaces\n'}
[2.567973] (object_recognition_interfaces) StdoutLine: {'line': b'[ 77%] Built target object_recognition_interfaces__py\n'}
[2.568092] (object_recognition_interfaces) StdoutLine: {'line': b'\x1b[35m\x1b[1mConsolidate compiler generated dependencies of target object_recognition_interfaces__rosidl_generator_py\x1b[0m\n'}
[2.568210] (object_recognition_interfaces) StdoutLine: {'line': b'[ 85%] Built target object_recognition_interfaces__rosidl_generator_py\n'}
[2.568327] (object_recognition_interfaces) StdoutLine: {'line': b'\x1b[35m\x1b[1mConsolidate compiler generated dependencies of target object_recognition_interfaces__rosidl_typesupport_c__pyext\x1b[0m\n'}
[2.568474] (object_recognition_interfaces) StdoutLine: {'line': b'\x1b[35m\x1b[1mConsolidate compiler generated dependencies of target object_recognition_interfaces__rosidl_typesupport_fastrtps_c__pyext\x1b[0m\n'}
[2.568601] (object_recognition_interfaces) StdoutLine: {'line': b'\x1b[35m\x1b[1mConsolidate compiler generated dependencies of target object_recognition_interfaces__rosidl_typesupport_introspection_c__pyext\x1b[0m\n'}
[2.568719] (object_recognition_interfaces) StdoutLine: {'line': b'[ 90%] Built target object_recognition_interfaces__rosidl_typesupport_c__pyext\n'}
[2.568835] (object_recognition_interfaces) StdoutLine: {'line': b'[ 95%] Built target object_recognition_interfaces__rosidl_typesupport_fastrtps_c__pyext\n'}
[2.568952] (object_recognition_interfaces) StdoutLine: {'line': b'[100%] Built target object_recognition_interfaces__rosidl_typesupport_introspection_c__pyext\n'}
[2.569069] (object_recognition_interfaces) StdoutLine: {'line': b'running egg_info\n'}
[2.569184] (object_recognition_interfaces) StdoutLine: {'line': b'writing object_recognition_interfaces.egg-info/PKG-INFO\n'}
[2.569297] (object_recognition_interfaces) StdoutLine: {'line': b'writing dependency_links to object_recognition_interfaces.egg-info/dependency_links.txt\n'}
[2.569408] (object_recognition_interfaces) StdoutLine: {'line': b'writing top-level names to object_recognition_interfaces.egg-info/top_level.txt\n'}
[2.569518] (object_recognition_interfaces) StdoutLine: {'line': b"reading manifest file 'object_recognition_interfaces.egg-info/SOURCES.txt'\n"}
[2.569629] (object_recognition_interfaces) StdoutLine: {'line': b"writing manifest file 'object_recognition_interfaces.egg-info/SOURCES.txt'\n"}
[2.569767] (object_recognition_interfaces) StdoutLine: {'line': b'[100%] Built target ament_cmake_python_build_object_recognition_interfaces_egg\n'}
[2.569885] (aruco_markers_msgs) StdoutLine: {'line': b'\x1b[35m\x1b[1mConsolidate compiler generated dependencies of target aruco_markers_msgs__rosidl_generator_c\x1b[0m\n'}
[2.570065] (aruco_markers_msgs) StdoutLine: {'line': b'[  2%] Built target aruco_markers_msgs__cpp\n'}
[2.570188] (aruco_markers_msgs) StdoutLine: {'line': b'[  5%] Built target aruco_markers_msgs__rs\n'}
[2.570309] (aruco_markers_msgs) StdoutLine: {'line': b'[  5%] Built target ament_cmake_python_symlink_aruco_markers_msgs\n'}
[2.570427] (aruco_markers_msgs) StdoutLine: {'line': b'\x1b[35m\x1b[1mConsolidate compiler generated dependencies of target aruco_markers_msgs__rosidl_typesupport_fastrtps_cpp\x1b[0m\n'}
[2.570546] (aruco_markers_msgs) StdoutLine: {'line': b'\x1b[35m\x1b[1mConsolidate compiler generated dependencies of target aruco_markers_msgs__rosidl_typesupport_introspection_cpp\x1b[0m\n'}
[2.570662] (aruco_markers_msgs) StdoutLine: {'line': b'\x1b[35m\x1b[1mConsolidate compiler generated dependencies of target aruco_markers_msgs__rosidl_typesupport_cpp\x1b[0m\n'}
[2.570775] (aruco_markers_msgs) StdoutLine: {'line': b'[ 15%] Built target aruco_markers_msgs__rosidl_generator_c\n'}
[2.570896] (aruco_markers_msgs) StdoutLine: {'line': b'[ 25%] Built target aruco_markers_msgs__rosidl_typesupport_introspection_cpp\n'}
[2.571020] (aruco_markers_msgs) StdoutLine: {'line': b'[ 35%] Built target aruco_markers_msgs__rosidl_typesupport_fastrtps_cpp\n'}
[2.571140] (aruco_markers_msgs) StdoutLine: {'line': b'[ 45%] Built target aruco_markers_msgs__rosidl_typesupport_cpp\n'}
[2.571261] (aruco_markers_msgs) StdoutLine: {'line': b'\x1b[35m\x1b[1mConsolidate compiler generated dependencies of target aruco_markers_msgs__rosidl_typesupport_fastrtps_c\x1b[0m\n'}
[2.571380] (aruco_markers_msgs) StdoutLine: {'line': b'\x1b[35m\x1b[1mConsolidate compiler generated dependencies of target aruco_markers_msgs__rosidl_typesupport_introspection_c\x1b[0m\n'}
[2.571497] (aruco_markers_msgs) StdoutLine: {'line': b'\x1b[35m\x1b[1mConsolidate compiler generated dependencies of target aruco_markers_msgs__rosidl_typesupport_c\x1b[0m\n'}
[2.571614] (aruco_markers_msgs) StdoutLine: {'line': b'[ 55%] Built target aruco_markers_msgs__rosidl_typesupport_fastrtps_c\n'}
[2.571732] (aruco_markers_msgs) StdoutLine: {'line': b'[ 65%] Built target aruco_markers_msgs__rosidl_typesupport_introspection_c\n'}
[2.571851] (aruco_markers_msgs) StdoutLine: {'line': b'[ 75%] Built target aruco_markers_msgs__rosidl_typesupport_c\n'}
[2.571971] (aruco_markers_msgs) StdoutLine: {'line': b'[ 75%] Built target aruco_markers_msgs\n'}
[2.572089] (aruco_markers_msgs) StdoutLine: {'line': b'[ 77%] Built target aruco_markers_msgs__py\n'}
[2.572206] (aruco_markers_msgs) StdoutLine: {'line': b'\x1b[35m\x1b[1mConsolidate compiler generated dependencies of target aruco_markers_msgs__rosidl_generator_py\x1b[0m\n'}
[2.572323] (aruco_markers_msgs) StdoutLine: {'line': b'[ 85%] Built target aruco_markers_msgs__rosidl_generator_py\n'}
[2.572455] (aruco_markers_msgs) StdoutLine: {'line': b'\x1b[35m\x1b[1mConsolidate compiler generated dependencies of target aruco_markers_msgs__rosidl_typesupport_introspection_c__pyext\x1b[0m\n'}
[2.572587] (aruco_markers_msgs) StdoutLine: {'line': b'\x1b[35m\x1b[1mConsolidate compiler generated dependencies of target aruco_markers_msgs__rosidl_typesupport_fastrtps_c__pyext\x1b[0m\n'}
[2.572709] (aruco_markers_msgs) StdoutLine: {'line': b'\x1b[35m\x1b[1mConsolidate compiler generated dependencies of target aruco_markers_msgs__rosidl_typesupport_c__pyext\x1b[0m\n'}
[2.572830] (aruco_markers_msgs) StdoutLine: {'line': b'[ 90%] Built target aruco_markers_msgs__rosidl_typesupport_fastrtps_c__pyext\n'}
[2.572952] (aruco_markers_msgs) StdoutLine: {'line': b'[ 97%] Built target aruco_markers_msgs__rosidl_typesupport_introspection_c__pyext\n'}
[2.573107] (aruco_markers_msgs) StdoutLine: {'line': b'[100%] Built target aruco_markers_msgs__rosidl_typesupport_c__pyext\n'}
[2.573238] (aruco_markers_msgs) StdoutLine: {'line': b'running egg_info\n'}
[2.573362] (aruco_markers_msgs) StdoutLine: {'line': b'writing aruco_markers_msgs.egg-info/PKG-INFO\n'}
[2.573484] (aruco_markers_msgs) StdoutLine: {'line': b'writing dependency_links to aruco_markers_msgs.egg-info/dependency_links.txt\n'}
[2.573603] (aruco_markers_msgs) StdoutLine: {'line': b'writing top-level names to aruco_markers_msgs.egg-info/top_level.txt\n'}
[2.573725] (aruco_markers_msgs) StdoutLine: {'line': b"reading manifest file 'aruco_markers_msgs.egg-info/SOURCES.txt'\n"}
[2.573846] (aruco_markers_msgs) StdoutLine: {'line': b"writing manifest file 'aruco_markers_msgs.egg-info/SOURCES.txt'\n"}
[2.573966] (aruco_markers_msgs) StdoutLine: {'line': b'[100%] Built target ament_cmake_python_build_aruco_markers_msgs_egg\n'}
[2.574088] (speech_to_goal_interfaces) StdoutLine: {'line': b'\x1b[35m\x1b[1mConsolidate compiler generated dependencies of target speech_to_goal_interfaces__rosidl_generator_c\x1b[0m\n'}
[2.574288] (speech_to_goal_interfaces) StdoutLine: {'line': b'[  2%] Built target speech_to_goal_interfaces__rs\n'}
[2.574419] (speech_to_goal_interfaces) StdoutLine: {'line': b'[  4%] Built target speech_to_goal_interfaces__cpp\n'}
[2.574545] (speech_to_goal_interfaces) StdoutLine: {'line': b'[  4%] Built target ament_cmake_python_symlink_speech_to_goal_interfaces\n'}
[2.574672] (speech_to_goal_interfaces) StdoutLine: {'line': b'\x1b[35m\x1b[1mConsolidate compiler generated dependencies of target speech_to_goal_interfaces__rosidl_typesupport_fastrtps_cpp\x1b[0m\n'}
[2.574794] (speech_to_goal_interfaces) StdoutLine: {'line': b'[ 14%] Built target speech_to_goal_interfaces__rosidl_generator_c\n'}
[2.574917] (speech_to_goal_interfaces) StdoutLine: {'line': b'\x1b[35m\x1b[1mConsolidate compiler generated dependencies of target speech_to_goal_interfaces__rosidl_typesupport_cpp\x1b[0m\n'}
[2.575040] (speech_to_goal_interfaces) StdoutLine: {'line': b'\x1b[35m\x1b[1mConsolidate compiler generated dependencies of target speech_to_goal_interfaces__rosidl_typesupport_introspection_cpp\x1b[0m\n'}
[2.575158] (speech_to_goal_interfaces) StdoutLine: {'line': b'\x1b[35m\x1b[1mConsolidate compiler generated dependencies of target speech_to_goal_interfaces__rosidl_typesupport_introspection_c\x1b[0m\n'}
[2.575273] (speech_to_goal_interfaces) StdoutLine: {'line': b'[ 25%] Built target speech_to_goal_interfaces__rosidl_typesupport_cpp\n'}
[2.575389] (speech_to_goal_interfaces) StdoutLine: {'line': b'[ 35%] Built target speech_to_goal_interfaces__rosidl_typesupport_fastrtps_cpp\n'}
[2.575504] (speech_to_goal_interfaces) StdoutLine: {'line': b'[ 45%] Built target speech_to_goal_interfaces__rosidl_typesupport_introspection_cpp\n'}
[2.575622] (speech_to_goal_interfaces) StdoutLine: {'line': b'\x1b[35m\x1b[1mConsolidate compiler generated dependencies of target speech_to_goal_interfaces__rosidl_typesupport_c\x1b[0m\n'}
[2.575737] (speech_to_goal_interfaces) StdoutLine: {'line': b'[ 56%] Built target speech_to_goal_interfaces__rosidl_typesupport_introspection_c\n'}
[2.575854] (speech_to_goal_interfaces) StdoutLine: {'line': b'[ 66%] Built target speech_to_goal_interfaces__rosidl_typesupport_c\n'}
[2.575970] (speech_to_goal_interfaces) StdoutLine: {'line': b'\x1b[35m\x1b[1mConsolidate compiler generated dependencies of target speech_to_goal_interfaces__rosidl_typesupport_fastrtps_c\x1b[0m\n'}
[2.576088] (speech_to_goal_interfaces) StdoutLine: {'line': b'[ 77%] Built target speech_to_goal_interfaces__rosidl_typesupport_fastrtps_c\n'}
[2.576204] (speech_to_goal_interfaces) StdoutLine: {'line': b'[ 77%] Built target speech_to_goal_interfaces\n'}
[2.576320] (speech_to_goal_interfaces) StdoutLine: {'line': b'[ 79%] Built target speech_to_goal_interfaces__py\n'}
[2.576459] (speech_to_goal_interfaces) StdoutLine: {'line': b'\x1b[35m\x1b[1mConsolidate compiler generated dependencies of target speech_to_goal_interfaces__rosidl_generator_py\x1b[0m\n'}
[2.576610] (speech_to_goal_interfaces) StdoutLine: {'line': b'[ 87%] Built target speech_to_goal_interfaces__rosidl_generator_py\n'}
[2.576732] (speech_to_goal_interfaces) StdoutLine: {'line': b'\x1b[35m\x1b[1mConsolidate compiler generated dependencies of target speech_to_goal_interfaces__rosidl_typesupport_fastrtps_c__pyext\x1b[0m\n'}
[2.576849] (speech_to_goal_interfaces) StdoutLine: {'line': b'\x1b[35m\x1b[1mConsolidate compiler generated dependencies of target speech_to_goal_interfaces__rosidl_typesupport_introspection_c__pyext\x1b[0m\n'}
[2.576967] (speech_to_goal_interfaces) StdoutLine: {'line': b'\x1b[35m\x1b[1mConsolidate compiler generated dependencies of target speech_to_goal_interfaces__rosidl_typesupport_c__pyext\x1b[0m\n'}
[2.577084] (speech_to_goal_interfaces) StdoutLine: {'line': b'[ 95%] Built target speech_to_goal_interfaces__rosidl_typesupport_fastrtps_c__pyext\n'}
[2.577203] (speech_to_goal_interfaces) StdoutLine: {'line': b'[ 95%] Built target speech_to_goal_interfaces__rosidl_typesupport_c__pyext\n'}
[2.577324] (speech_to_goal_interfaces) StdoutLine: {'line': b'[100%] Built target speech_to_goal_interfaces__rosidl_typesupport_introspection_c__pyext\n'}
[2.577446] (speech_to_goal_interfaces) StdoutLine: {'line': b'running egg_info\n'}
[2.577565] (speech_to_goal_interfaces) StdoutLine: {'line': b'writing speech_to_goal_interfaces.egg-info/PKG-INFO\n'}
[2.577682] (speech_to_goal_interfaces) StdoutLine: {'line': b'writing dependency_links to speech_to_goal_interfaces.egg-info/dependency_links.txt\n'}
[2.577797] (speech_to_goal_interfaces) StdoutLine: {'line': b'writing top-level names to speech_to_goal_interfaces.egg-info/top_level.txt\n'}
[2.577913] (speech_to_goal_interfaces) StdoutLine: {'line': b"reading manifest file 'speech_to_goal_interfaces.egg-info/SOURCES.txt'\n"}
[2.578026] (speech_to_goal_interfaces) StdoutLine: {'line': b"writing manifest file 'speech_to_goal_interfaces.egg-info/SOURCES.txt'\n"}
[2.578141] (speech_to_goal_interfaces) StdoutLine: {'line': b'[100%] Built target ament_cmake_python_build_speech_to_goal_interfaces_egg\n'}
[2.617263] (-) TimerEvent: {}
[2.718010] (-) TimerEvent: {}
[2.818851] (-) TimerEvent: {}
[2.919694] (-) TimerEvent: {}
[3.020562] (-) TimerEvent: {}
[3.121373] (-) TimerEvent: {}
[3.221976] (-) TimerEvent: {}
[3.322628] (-) TimerEvent: {}
[3.347382] (speech_to_goal_interfaces) CommandEnded: {'returncode': 0}
[3.350487] (speech_to_goal_interfaces) JobProgress: {'identifier': 'speech_to_goal_interfaces', 'progress': 'install'}
[3.373407] (speech_to_goal_interfaces) Command: {'cmd': ['/usr/bin/cmake', '--install', '/home/tknika/gral-iiriondo/unitree_ws/build/speech_to_goal_interfaces'], 'cwd': '/home/tknika/gral-iiriondo/unitree_ws/build/speech_to_goal_interfaces', 'env': OrderedDict([('GJS_DEBUG_TOPICS', 'JS ERROR;JS LOG'), ('LESSOPEN', '| /usr/bin/lesspipe %s'), ('USER', 'tknika'), ('OLLAMA_LLM_LIBRARY', 'cuda'), ('XDG_SESSION_TYPE', 'x11'), ('SHLVL', '2'), ('LD_LIBRARY_PATH', '/home/tknika/gral-iiriondo/unitree_ws/install/speech_to_goal_interfaces/lib:/home/tknika/gral-iiriondo/unitree_ws/install/object_recognition_interfaces/lib:/home/tknika/gral-iiriondo/unitree_ws/install/aruco_markers_msgs/lib:/usr/lib/aarch64-linux-gnu/nvidia:/usr/local/cuda/lib64:/usr/local/cuda-12.6/lib64:/usr/lib/aarch64-linux-gnu/nvidia:/usr/local/cuda/lib64:/opt/ros/humble/opt/rviz_ogre_vendor/lib:/opt/ros/humble/lib/aarch64-linux-gnu:/opt/ros/humble/lib:/usr/local/cuda-12.6/lib64:'), ('HOME', '/home/tknika'), ('DESKTOP_SESSION', 'ubuntu'), ('GIO_LAUNCHED_DESKTOP_FILE', '/usr/share/applications/terminator.desktop'), ('ROS_PYTHON_VERSION', '3'), ('GNOME_SHELL_SESSION_MODE', 'ubuntu'), ('GTK_MODULES', 'gail:atk-bridge'), ('MANAGERPID', '3222'), ('SYSTEMD_EXEC_PID', '3393'), ('DBUS_SESSION_BUS_ADDRESS', 'unix:path=/run/user/1000/bus'), ('COLORTERM', 'truecolor'), ('TERMINATOR_DBUS_NAME', 'net.tenshu.Terminator23558193cd9818af7fe4d2c2f5bd9d00f'), ('GIO_LAUNCHED_DESKTOP_FILE_PID', '4556'), ('IM_CONFIG_PHASE', '1'), ('COLCON_PREFIX_PATH', '/home/tknika/gral-iiriondo/unitree_ws/install'), ('CUDA_VISIBLE_DEVICES', '0'), ('ROS_DISTRO', 'humble'), ('GTK_IM_MODULE', 'ibus'), ('LOGNAME', 'tknika'), ('JOURNAL_STREAM', '8:56024'), ('_', '/usr/bin/colcon'), ('ROS_VERSION', '2'), ('XDG_SESSION_CLASS', 'user'), ('USERNAME', 'tknika'), ('TERM', 'xterm-256color'), ('GNOME_DESKTOP_SESSION_ID', 'this-is-deprecated'), ('ROS_LOCALHOST_ONLY', '0'), ('WINDOWPATH', '2'), ('PATH', '/usr/local/cuda-12.6/bin:/opt/ros/humble/bin:/usr/local/cuda-12.6/bin:/home/tknika/.cargo/bin:/home/tknika/.local/bin:/usr/local/sbin:/usr/local/bin:/usr/sbin:/usr/bin:/sbin:/bin:/usr/games:/usr/local/games:/snap/bin:/snap/bin'), ('SESSION_MANAGER', 'local/ubuntu:@/tmp/.ICE-unix/3369,unix/ubuntu:/tmp/.ICE-unix/3369'), ('INVOCATION_ID', 'df31e68f049648dfa24795e5eb4d730b'), ('XDG_MENU_PREFIX', 'gnome-'), ('XDG_RUNTIME_DIR', '/run/user/1000'), ('DISPLAY', ':1'), ('TERMINATOR_DBUS_PATH', '/net/tenshu/Terminator2'), ('LANG', 'en_US.UTF-8'), ('XDG_CURRENT_DESKTOP', 'ubuntu:GNOME'), ('IBUS_DISABLE_SNOOPER', '1'), ('RMW_IMPLEMENTATION', 'rmw_cyclonedds_cpp'), ('XMODIFIERS', '@im=ibus'), ('XDG_SESSION_DESKTOP', 'ubuntu'), ('XAUTHORITY', '/run/user/1000/gdm/Xauthority'), ('LS_COLORS', 'rs=0:di=01;34:ln=01;36:mh=00:pi=40;33:so=01;35:do=01;35:bd=40;33;01:cd=40;33;01:or=40;31;01:mi=00:su=37;41:sg=30;43:ca=30;41:tw=30;42:ow=34;42:st=37;44:ex=01;32:*.tar=01;31:*.tgz=01;31:*.arc=01;31:*.arj=01;31:*.taz=01;31:*.lha=01;31:*.lz4=01;31:*.lzh=01;31:*.lzma=01;31:*.tlz=01;31:*.txz=01;31:*.tzo=01;31:*.t7z=01;31:*.zip=01;31:*.z=01;31:*.dz=01;31:*.gz=01;31:*.lrz=01;31:*.lz=01;31:*.lzo=01;31:*.xz=01;31:*.zst=01;31:*.tzst=01;31:*.bz2=01;31:*.bz=01;31:*.tbz=01;31:*.tbz2=01;31:*.tz=01;31:*.deb=01;31:*.rpm=01;31:*.jar=01;31:*.war=01;31:*.ear=01;31:*.sar=01;31:*.rar=01;31:*.alz=01;31:*.ace=01;31:*.zoo=01;31:*.cpio=01;31:*.7z=01;31:*.rz=01;31:*.cab=01;31:*.wim=01;31:*.swm=01;31:*.dwm=01;31:*.esd=01;31:*.jpg=01;35:*.jpeg=01;35:*.mjpg=01;35:*.mjpeg=01;35:*.gif=01;35:*.bmp=01;35:*.pbm=01;35:*.pgm=01;35:*.ppm=01;35:*.tga=01;35:*.xbm=01;35:*.xpm=01;35:*.tif=01;35:*.tiff=01;35:*.png=01;35:*.svg=01;35:*.svgz=01;35:*.mng=01;35:*.pcx=01;35:*.mov=01;35:*.mpg=01;35:*.mpeg=01;35:*.m2v=01;35:*.mkv=01;35:*.webm=01;35:*.webp=01;35:*.ogm=01;35:*.mp4=01;35:*.m4v=01;35:*.mp4v=01;35:*.vob=01;35:*.qt=01;35:*.nuv=01;35:*.wmv=01;35:*.asf=01;35:*.rm=01;35:*.rmvb=01;35:*.flc=01;35:*.avi=01;35:*.fli=01;35:*.flv=01;35:*.gl=01;35:*.dl=01;35:*.xcf=01;35:*.xwd=01;35:*.yuv=01;35:*.cgm=01;35:*.emf=01;35:*.ogv=01;35:*.ogx=01;35:*.aac=00;36:*.au=00;36:*.flac=00;36:*.m4a=00;36:*.mid=00;36:*.midi=00;36:*.mka=00;36:*.mp3=00;36:*.mpc=00;36:*.ogg=00;36:*.ra=00;36:*.wav=00;36:*.oga=00;36:*.opus=00;36:*.spx=00;36:*.xspf=00;36:'), ('SSH_AGENT_LAUNCHER', 'gnome-keyring'), ('SSH_AUTH_SOCK', '/run/user/1000/keyring/ssh'), ('ROS_DOMAIN_ID', '42'), ('AMENT_PREFIX_PATH', '/home/tknika/gral-iiriondo/unitree_ws/install/standing_mode:/home/tknika/gral-iiriondo/unitree_ws/install/speech_to_goal:/home/tknika/gral-iiriondo/unitree_ws/install/speech_to_goal_interfaces:/home/tknika/gral-iiriondo/unitree_ws/install/object_recognition:/home/tknika/gral-iiriondo/unitree_ws/install/object_recognition_interfaces:/home/tknika/gral-iiriondo/unitree_ws/install/mapping_configuration:/home/tknika/gral-iiriondo/unitree_ws/install/go1_description:/home/tknika/gral-iiriondo/unitree_ws/install/asr:/home/tknika/gral-iiriondo/unitree_ws/install/aruco_detector:/home/tknika/gral-iiriondo/unitree_ws/install/aruco_markers_msgs:/opt/ros/humble'), ('SHELL', '/bin/bash'), ('TERMINATOR_UUID', 'urn:uuid:ab55b7a6-d9da-4dd6-8408-f255b26e6be6'), ('QT_ACCESSIBILITY', '1'), ('GDMSESSION', 'ubuntu'), ('LESSCLOSE', '/usr/bin/lesspipe %s %s'), ('GPG_AGENT_INFO', '/run/user/1000/gnupg/S.gpg-agent:0:1'), ('GJS_DEBUG_OUTPUT', 'stderr'), ('QT_IM_MODULE', 'ibus'), ('PWD', '/home/tknika/gral-iiriondo/unitree_ws/build/speech_to_goal_interfaces'), ('XDG_CONFIG_DIRS', '/etc/xdg/xdg-ubuntu:/etc/xdg'), ('XDG_DATA_DIRS', '/usr/share/ubuntu:/usr/share/gnome:/usr/local/share/:/usr/share/:/var/lib/snapd/desktop'), ('PYTHONPATH', '/home/tknika/gral-iiriondo/unitree_ws/build/standing_mode:/home/tknika/gral-iiriondo/unitree_ws/install/standing_mode/lib/python3.10/site-packages:/home/tknika/gral-iiriondo/unitree_ws/build/speech_to_goal:/home/tknika/gral-iiriondo/unitree_ws/install/speech_to_goal/lib/python3.10/site-packages:/home/tknika/gral-iiriondo/unitree_ws/install/speech_to_goal_interfaces/local/lib/python3.10/dist-packages:/home/tknika/gral-iiriondo/unitree_ws/build/object_recognition:/home/tknika/gral-iiriondo/unitree_ws/install/object_recognition/lib/python3.10/site-packages:/home/tknika/gral-iiriondo/unitree_ws/install/object_recognition_interfaces/local/lib/python3.10/dist-packages:/home/tknika/gral-iiriondo/unitree_ws/build/mapping_configuration:/home/tknika/gral-iiriondo/unitree_ws/install/mapping_configuration/lib/python3.10/site-packages:/home/tknika/gral-iiriondo/unitree_ws/build/go1_description:/home/tknika/gral-iiriondo/unitree_ws/install/go1_description/lib/python3.10/site-packages:/home/tknika/gral-iiriondo/unitree_ws/build/asr:/home/tknika/gral-iiriondo/unitree_ws/install/asr/lib/python3.10/site-packages:/home/tknika/gral-iiriondo/unitree_ws/build/aruco_detector:/home/tknika/gral-iiriondo/unitree_ws/install/aruco_detector/lib/python3.10/site-packages:/home/tknika/gral-iiriondo/unitree_ws/install/aruco_markers_msgs/local/lib/python3.10/dist-packages:/home/tknika/gral-iiriondo-main/unitree_ws/src/unitree_legged_sdk/lib/python/arm64:/home/tknika/gral-iiriondo-main/unitree_ws/src/unitree_legged_sdk/lib/python/arm64:/opt/ros/humble/lib/python3.10/site-packages:/opt/ros/humble/local/lib/python3.10/dist-packages'), ('COLCON', '1'), ('VTE_VERSION', '6800'), ('CMAKE_PREFIX_PATH', '/home/tknika/gral-iiriondo/unitree_ws/install/speech_to_goal_interfaces:/home/tknika/gral-iiriondo/unitree_ws/install/object_recognition_interfaces:/home/tknika/gral-iiriondo/unitree_ws/install/aruco_markers_msgs:/home/tknika/gral-iiriondo/unitree_ws/install/standing_mode:/home/tknika/gral-iiriondo/unitree_ws/install/speech_to_goal:/home/tknika/gral-iiriondo/unitree_ws/install/object_recognition:/home/tknika/gral-iiriondo/unitree_ws/install/mapping_configuration:/home/tknika/gral-iiriondo/unitree_ws/install/go1_description:/home/tknika/gral-iiriondo/unitree_ws/install/asr:/home/tknika/gral-iiriondo/unitree_ws/install/aruco_detector:/opt/ros/humble')]), 'shell': False}
[3.377341] (aruco_markers_msgs) CommandEnded: {'returncode': 0}
[3.381002] (aruco_markers_msgs) JobProgress: {'identifier': 'aruco_markers_msgs', 'progress': 'install'}
[3.381795] (aruco_markers_msgs) Command: {'cmd': ['/usr/bin/cmake', '--install', '/home/tknika/gral-iiriondo/unitree_ws/build/aruco_markers_msgs'], 'cwd': '/home/tknika/gral-iiriondo/unitree_ws/build/aruco_markers_msgs', 'env': OrderedDict([('GJS_DEBUG_TOPICS', 'JS ERROR;JS LOG'), ('LESSOPEN', '| /usr/bin/lesspipe %s'), ('USER', 'tknika'), ('OLLAMA_LLM_LIBRARY', 'cuda'), ('XDG_SESSION_TYPE', 'x11'), ('SHLVL', '2'), ('LD_LIBRARY_PATH', '/home/tknika/gral-iiriondo/unitree_ws/install/speech_to_goal_interfaces/lib:/home/tknika/gral-iiriondo/unitree_ws/install/object_recognition_interfaces/lib:/home/tknika/gral-iiriondo/unitree_ws/install/aruco_markers_msgs/lib:/usr/lib/aarch64-linux-gnu/nvidia:/usr/local/cuda/lib64:/usr/local/cuda-12.6/lib64:/usr/lib/aarch64-linux-gnu/nvidia:/usr/local/cuda/lib64:/opt/ros/humble/opt/rviz_ogre_vendor/lib:/opt/ros/humble/lib/aarch64-linux-gnu:/opt/ros/humble/lib:/usr/local/cuda-12.6/lib64:'), ('HOME', '/home/tknika'), ('DESKTOP_SESSION', 'ubuntu'), ('GIO_LAUNCHED_DESKTOP_FILE', '/usr/share/applications/terminator.desktop'), ('ROS_PYTHON_VERSION', '3'), ('GNOME_SHELL_SESSION_MODE', 'ubuntu'), ('GTK_MODULES', 'gail:atk-bridge'), ('MANAGERPID', '3222'), ('SYSTEMD_EXEC_PID', '3393'), ('DBUS_SESSION_BUS_ADDRESS', 'unix:path=/run/user/1000/bus'), ('COLORTERM', 'truecolor'), ('TERMINATOR_DBUS_NAME', 'net.tenshu.Terminator23558193cd9818af7fe4d2c2f5bd9d00f'), ('GIO_LAUNCHED_DESKTOP_FILE_PID', '4556'), ('IM_CONFIG_PHASE', '1'), ('COLCON_PREFIX_PATH', '/home/tknika/gral-iiriondo/unitree_ws/install'), ('CUDA_VISIBLE_DEVICES', '0'), ('ROS_DISTRO', 'humble'), ('GTK_IM_MODULE', 'ibus'), ('LOGNAME', 'tknika'), ('JOURNAL_STREAM', '8:56024'), ('_', '/usr/bin/colcon'), ('ROS_VERSION', '2'), ('XDG_SESSION_CLASS', 'user'), ('USERNAME', 'tknika'), ('TERM', 'xterm-256color'), ('GNOME_DESKTOP_SESSION_ID', 'this-is-deprecated'), ('ROS_LOCALHOST_ONLY', '0'), ('WINDOWPATH', '2'), ('PATH', '/usr/local/cuda-12.6/bin:/opt/ros/humble/bin:/usr/local/cuda-12.6/bin:/home/tknika/.cargo/bin:/home/tknika/.local/bin:/usr/local/sbin:/usr/local/bin:/usr/sbin:/usr/bin:/sbin:/bin:/usr/games:/usr/local/games:/snap/bin:/snap/bin'), ('SESSION_MANAGER', 'local/ubuntu:@/tmp/.ICE-unix/3369,unix/ubuntu:/tmp/.ICE-unix/3369'), ('INVOCATION_ID', 'df31e68f049648dfa24795e5eb4d730b'), ('XDG_MENU_PREFIX', 'gnome-'), ('XDG_RUNTIME_DIR', '/run/user/1000'), ('DISPLAY', ':1'), ('TERMINATOR_DBUS_PATH', '/net/tenshu/Terminator2'), ('LANG', 'en_US.UTF-8'), ('XDG_CURRENT_DESKTOP', 'ubuntu:GNOME'), ('IBUS_DISABLE_SNOOPER', '1'), ('RMW_IMPLEMENTATION', 'rmw_cyclonedds_cpp'), ('XMODIFIERS', '@im=ibus'), ('XDG_SESSION_DESKTOP', 'ubuntu'), ('XAUTHORITY', '/run/user/1000/gdm/Xauthority'), ('LS_COLORS', 'rs=0:di=01;34:ln=01;36:mh=00:pi=40;33:so=01;35:do=01;35:bd=40;33;01:cd=40;33;01:or=40;31;01:mi=00:su=37;41:sg=30;43:ca=30;41:tw=30;42:ow=34;42:st=37;44:ex=01;32:*.tar=01;31:*.tgz=01;31:*.arc=01;31:*.arj=01;31:*.taz=01;31:*.lha=01;31:*.lz4=01;31:*.lzh=01;31:*.lzma=01;31:*.tlz=01;31:*.txz=01;31:*.tzo=01;31:*.t7z=01;31:*.zip=01;31:*.z=01;31:*.dz=01;31:*.gz=01;31:*.lrz=01;31:*.lz=01;31:*.lzo=01;31:*.xz=01;31:*.zst=01;31:*.tzst=01;31:*.bz2=01;31:*.bz=01;31:*.tbz=01;31:*.tbz2=01;31:*.tz=01;31:*.deb=01;31:*.rpm=01;31:*.jar=01;31:*.war=01;31:*.ear=01;31:*.sar=01;31:*.rar=01;31:*.alz=01;31:*.ace=01;31:*.zoo=01;31:*.cpio=01;31:*.7z=01;31:*.rz=01;31:*.cab=01;31:*.wim=01;31:*.swm=01;31:*.dwm=01;31:*.esd=01;31:*.jpg=01;35:*.jpeg=01;35:*.mjpg=01;35:*.mjpeg=01;35:*.gif=01;35:*.bmp=01;35:*.pbm=01;35:*.pgm=01;35:*.ppm=01;35:*.tga=01;35:*.xbm=01;35:*.xpm=01;35:*.tif=01;35:*.tiff=01;35:*.png=01;35:*.svg=01;35:*.svgz=01;35:*.mng=01;35:*.pcx=01;35:*.mov=01;35:*.mpg=01;35:*.mpeg=01;35:*.m2v=01;35:*.mkv=01;35:*.webm=01;35:*.webp=01;35:*.ogm=01;35:*.mp4=01;35:*.m4v=01;35:*.mp4v=01;35:*.vob=01;35:*.qt=01;35:*.nuv=01;35:*.wmv=01;35:*.asf=01;35:*.rm=01;35:*.rmvb=01;35:*.flc=01;35:*.avi=01;35:*.fli=01;35:*.flv=01;35:*.gl=01;35:*.dl=01;35:*.xcf=01;35:*.xwd=01;35:*.yuv=01;35:*.cgm=01;35:*.emf=01;35:*.ogv=01;35:*.ogx=01;35:*.aac=00;36:*.au=00;36:*.flac=00;36:*.m4a=00;36:*.mid=00;36:*.midi=00;36:*.mka=00;36:*.mp3=00;36:*.mpc=00;36:*.ogg=00;36:*.ra=00;36:*.wav=00;36:*.oga=00;36:*.opus=00;36:*.spx=00;36:*.xspf=00;36:'), ('SSH_AGENT_LAUNCHER', 'gnome-keyring'), ('SSH_AUTH_SOCK', '/run/user/1000/keyring/ssh'), ('ROS_DOMAIN_ID', '42'), ('AMENT_PREFIX_PATH', '/home/tknika/gral-iiriondo/unitree_ws/install/standing_mode:/home/tknika/gral-iiriondo/unitree_ws/install/speech_to_goal:/home/tknika/gral-iiriondo/unitree_ws/install/speech_to_goal_interfaces:/home/tknika/gral-iiriondo/unitree_ws/install/object_recognition:/home/tknika/gral-iiriondo/unitree_ws/install/object_recognition_interfaces:/home/tknika/gral-iiriondo/unitree_ws/install/mapping_configuration:/home/tknika/gral-iiriondo/unitree_ws/install/go1_description:/home/tknika/gral-iiriondo/unitree_ws/install/asr:/home/tknika/gral-iiriondo/unitree_ws/install/aruco_detector:/home/tknika/gral-iiriondo/unitree_ws/install/aruco_markers_msgs:/opt/ros/humble'), ('SHELL', '/bin/bash'), ('TERMINATOR_UUID', 'urn:uuid:ab55b7a6-d9da-4dd6-8408-f255b26e6be6'), ('QT_ACCESSIBILITY', '1'), ('GDMSESSION', 'ubuntu'), ('LESSCLOSE', '/usr/bin/lesspipe %s %s'), ('GPG_AGENT_INFO', '/run/user/1000/gnupg/S.gpg-agent:0:1'), ('GJS_DEBUG_OUTPUT', 'stderr'), ('QT_IM_MODULE', 'ibus'), ('PWD', '/home/tknika/gral-iiriondo/unitree_ws/build/aruco_markers_msgs'), ('XDG_CONFIG_DIRS', '/etc/xdg/xdg-ubuntu:/etc/xdg'), ('XDG_DATA_DIRS', '/usr/share/ubuntu:/usr/share/gnome:/usr/local/share/:/usr/share/:/var/lib/snapd/desktop'), ('PYTHONPATH', '/home/tknika/gral-iiriondo/unitree_ws/build/standing_mode:/home/tknika/gral-iiriondo/unitree_ws/install/standing_mode/lib/python3.10/site-packages:/home/tknika/gral-iiriondo/unitree_ws/build/speech_to_goal:/home/tknika/gral-iiriondo/unitree_ws/install/speech_to_goal/lib/python3.10/site-packages:/home/tknika/gral-iiriondo/unitree_ws/install/speech_to_goal_interfaces/local/lib/python3.10/dist-packages:/home/tknika/gral-iiriondo/unitree_ws/build/object_recognition:/home/tknika/gral-iiriondo/unitree_ws/install/object_recognition/lib/python3.10/site-packages:/home/tknika/gral-iiriondo/unitree_ws/install/object_recognition_interfaces/local/lib/python3.10/dist-packages:/home/tknika/gral-iiriondo/unitree_ws/build/mapping_configuration:/home/tknika/gral-iiriondo/unitree_ws/install/mapping_configuration/lib/python3.10/site-packages:/home/tknika/gral-iiriondo/unitree_ws/build/go1_description:/home/tknika/gral-iiriondo/unitree_ws/install/go1_description/lib/python3.10/site-packages:/home/tknika/gral-iiriondo/unitree_ws/build/asr:/home/tknika/gral-iiriondo/unitree_ws/install/asr/lib/python3.10/site-packages:/home/tknika/gral-iiriondo/unitree_ws/build/aruco_detector:/home/tknika/gral-iiriondo/unitree_ws/install/aruco_detector/lib/python3.10/site-packages:/home/tknika/gral-iiriondo/unitree_ws/install/aruco_markers_msgs/local/lib/python3.10/dist-packages:/home/tknika/gral-iiriondo-main/unitree_ws/src/unitree_legged_sdk/lib/python/arm64:/home/tknika/gral-iiriondo-main/unitree_ws/src/unitree_legged_sdk/lib/python/arm64:/opt/ros/humble/lib/python3.10/site-packages:/opt/ros/humble/local/lib/python3.10/dist-packages'), ('COLCON', '1'), ('VTE_VERSION', '6800'), ('CMAKE_PREFIX_PATH', '/home/tknika/gral-iiriondo/unitree_ws/install/speech_to_goal_interfaces:/home/tknika/gral-iiriondo/unitree_ws/install/object_recognition_interfaces:/home/tknika/gral-iiriondo/unitree_ws/install/aruco_markers_msgs:/home/tknika/gral-iiriondo/unitree_ws/install/standing_mode:/home/tknika/gral-iiriondo/unitree_ws/install/speech_to_goal:/home/tknika/gral-iiriondo/unitree_ws/install/object_recognition:/home/tknika/gral-iiriondo/unitree_ws/install/mapping_configuration:/home/tknika/gral-iiriondo/unitree_ws/install/go1_description:/home/tknika/gral-iiriondo/unitree_ws/install/asr:/home/tknika/gral-iiriondo/unitree_ws/install/aruco_detector:/opt/ros/humble')]), 'shell': False}
[3.385888] (object_recognition_interfaces) CommandEnded: {'returncode': 0}
[3.388574] (object_recognition_interfaces) JobProgress: {'identifier': 'object_recognition_interfaces', 'progress': 'install'}
[3.389076] (object_recognition_interfaces) Command: {'cmd': ['/usr/bin/cmake', '--install', '/home/tknika/gral-iiriondo/unitree_ws/build/object_recognition_interfaces'], 'cwd': '/home/tknika/gral-iiriondo/unitree_ws/build/object_recognition_interfaces', 'env': OrderedDict([('GJS_DEBUG_TOPICS', 'JS ERROR;JS LOG'), ('LESSOPEN', '| /usr/bin/lesspipe %s'), ('USER', 'tknika'), ('OLLAMA_LLM_LIBRARY', 'cuda'), ('XDG_SESSION_TYPE', 'x11'), ('SHLVL', '2'), ('LD_LIBRARY_PATH', '/home/tknika/gral-iiriondo/unitree_ws/install/speech_to_goal_interfaces/lib:/home/tknika/gral-iiriondo/unitree_ws/install/object_recognition_interfaces/lib:/home/tknika/gral-iiriondo/unitree_ws/install/aruco_markers_msgs/lib:/usr/lib/aarch64-linux-gnu/nvidia:/usr/local/cuda/lib64:/usr/local/cuda-12.6/lib64:/usr/lib/aarch64-linux-gnu/nvidia:/usr/local/cuda/lib64:/opt/ros/humble/opt/rviz_ogre_vendor/lib:/opt/ros/humble/lib/aarch64-linux-gnu:/opt/ros/humble/lib:/usr/local/cuda-12.6/lib64:'), ('HOME', '/home/tknika'), ('DESKTOP_SESSION', 'ubuntu'), ('GIO_LAUNCHED_DESKTOP_FILE', '/usr/share/applications/terminator.desktop'), ('ROS_PYTHON_VERSION', '3'), ('GNOME_SHELL_SESSION_MODE', 'ubuntu'), ('GTK_MODULES', 'gail:atk-bridge'), ('MANAGERPID', '3222'), ('SYSTEMD_EXEC_PID', '3393'), ('DBUS_SESSION_BUS_ADDRESS', 'unix:path=/run/user/1000/bus'), ('COLORTERM', 'truecolor'), ('TERMINATOR_DBUS_NAME', 'net.tenshu.Terminator23558193cd9818af7fe4d2c2f5bd9d00f'), ('GIO_LAUNCHED_DESKTOP_FILE_PID', '4556'), ('IM_CONFIG_PHASE', '1'), ('COLCON_PREFIX_PATH', '/home/tknika/gral-iiriondo/unitree_ws/install'), ('CUDA_VISIBLE_DEVICES', '0'), ('ROS_DISTRO', 'humble'), ('GTK_IM_MODULE', 'ibus'), ('LOGNAME', 'tknika'), ('JOURNAL_STREAM', '8:56024'), ('_', '/usr/bin/colcon'), ('ROS_VERSION', '2'), ('XDG_SESSION_CLASS', 'user'), ('USERNAME', 'tknika'), ('TERM', 'xterm-256color'), ('GNOME_DESKTOP_SESSION_ID', 'this-is-deprecated'), ('ROS_LOCALHOST_ONLY', '0'), ('WINDOWPATH', '2'), ('PATH', '/usr/local/cuda-12.6/bin:/opt/ros/humble/bin:/usr/local/cuda-12.6/bin:/home/tknika/.cargo/bin:/home/tknika/.local/bin:/usr/local/sbin:/usr/local/bin:/usr/sbin:/usr/bin:/sbin:/bin:/usr/games:/usr/local/games:/snap/bin:/snap/bin'), ('SESSION_MANAGER', 'local/ubuntu:@/tmp/.ICE-unix/3369,unix/ubuntu:/tmp/.ICE-unix/3369'), ('INVOCATION_ID', 'df31e68f049648dfa24795e5eb4d730b'), ('XDG_MENU_PREFIX', 'gnome-'), ('XDG_RUNTIME_DIR', '/run/user/1000'), ('DISPLAY', ':1'), ('TERMINATOR_DBUS_PATH', '/net/tenshu/Terminator2'), ('LANG', 'en_US.UTF-8'), ('XDG_CURRENT_DESKTOP', 'ubuntu:GNOME'), ('IBUS_DISABLE_SNOOPER', '1'), ('RMW_IMPLEMENTATION', 'rmw_cyclonedds_cpp'), ('XMODIFIERS', '@im=ibus'), ('XDG_SESSION_DESKTOP', 'ubuntu'), ('XAUTHORITY', '/run/user/1000/gdm/Xauthority'), ('LS_COLORS', 'rs=0:di=01;34:ln=01;36:mh=00:pi=40;33:so=01;35:do=01;35:bd=40;33;01:cd=40;33;01:or=40;31;01:mi=00:su=37;41:sg=30;43:ca=30;41:tw=30;42:ow=34;42:st=37;44:ex=01;32:*.tar=01;31:*.tgz=01;31:*.arc=01;31:*.arj=01;31:*.taz=01;31:*.lha=01;31:*.lz4=01;31:*.lzh=01;31:*.lzma=01;31:*.tlz=01;31:*.txz=01;31:*.tzo=01;31:*.t7z=01;31:*.zip=01;31:*.z=01;31:*.dz=01;31:*.gz=01;31:*.lrz=01;31:*.lz=01;31:*.lzo=01;31:*.xz=01;31:*.zst=01;31:*.tzst=01;31:*.bz2=01;31:*.bz=01;31:*.tbz=01;31:*.tbz2=01;31:*.tz=01;31:*.deb=01;31:*.rpm=01;31:*.jar=01;31:*.war=01;31:*.ear=01;31:*.sar=01;31:*.rar=01;31:*.alz=01;31:*.ace=01;31:*.zoo=01;31:*.cpio=01;31:*.7z=01;31:*.rz=01;31:*.cab=01;31:*.wim=01;31:*.swm=01;31:*.dwm=01;31:*.esd=01;31:*.jpg=01;35:*.jpeg=01;35:*.mjpg=01;35:*.mjpeg=01;35:*.gif=01;35:*.bmp=01;35:*.pbm=01;35:*.pgm=01;35:*.ppm=01;35:*.tga=01;35:*.xbm=01;35:*.xpm=01;35:*.tif=01;35:*.tiff=01;35:*.png=01;35:*.svg=01;35:*.svgz=01;35:*.mng=01;35:*.pcx=01;35:*.mov=01;35:*.mpg=01;35:*.mpeg=01;35:*.m2v=01;35:*.mkv=01;35:*.webm=01;35:*.webp=01;35:*.ogm=01;35:*.mp4=01;35:*.m4v=01;35:*.mp4v=01;35:*.vob=01;35:*.qt=01;35:*.nuv=01;35:*.wmv=01;35:*.asf=01;35:*.rm=01;35:*.rmvb=01;35:*.flc=01;35:*.avi=01;35:*.fli=01;35:*.flv=01;35:*.gl=01;35:*.dl=01;35:*.xcf=01;35:*.xwd=01;35:*.yuv=01;35:*.cgm=01;35:*.emf=01;35:*.ogv=01;35:*.ogx=01;35:*.aac=00;36:*.au=00;36:*.flac=00;36:*.m4a=00;36:*.mid=00;36:*.midi=00;36:*.mka=00;36:*.mp3=00;36:*.mpc=00;36:*.ogg=00;36:*.ra=00;36:*.wav=00;36:*.oga=00;36:*.opus=00;36:*.spx=00;36:*.xspf=00;36:'), ('SSH_AGENT_LAUNCHER', 'gnome-keyring'), ('SSH_AUTH_SOCK', '/run/user/1000/keyring/ssh'), ('ROS_DOMAIN_ID', '42'), ('AMENT_PREFIX_PATH', '/home/tknika/gral-iiriondo/unitree_ws/install/standing_mode:/home/tknika/gral-iiriondo/unitree_ws/install/speech_to_goal:/home/tknika/gral-iiriondo/unitree_ws/install/speech_to_goal_interfaces:/home/tknika/gral-iiriondo/unitree_ws/install/object_recognition:/home/tknika/gral-iiriondo/unitree_ws/install/object_recognition_interfaces:/home/tknika/gral-iiriondo/unitree_ws/install/mapping_configuration:/home/tknika/gral-iiriondo/unitree_ws/install/go1_description:/home/tknika/gral-iiriondo/unitree_ws/install/asr:/home/tknika/gral-iiriondo/unitree_ws/install/aruco_detector:/home/tknika/gral-iiriondo/unitree_ws/install/aruco_markers_msgs:/opt/ros/humble'), ('SHELL', '/bin/bash'), ('TERMINATOR_UUID', 'urn:uuid:ab55b7a6-d9da-4dd6-8408-f255b26e6be6'), ('QT_ACCESSIBILITY', '1'), ('GDMSESSION', 'ubuntu'), ('LESSCLOSE', '/usr/bin/lesspipe %s %s'), ('GPG_AGENT_INFO', '/run/user/1000/gnupg/S.gpg-agent:0:1'), ('GJS_DEBUG_OUTPUT', 'stderr'), ('QT_IM_MODULE', 'ibus'), ('PWD', '/home/tknika/gral-iiriondo/unitree_ws/build/object_recognition_interfaces'), ('XDG_CONFIG_DIRS', '/etc/xdg/xdg-ubuntu:/etc/xdg'), ('XDG_DATA_DIRS', '/usr/share/ubuntu:/usr/share/gnome:/usr/local/share/:/usr/share/:/var/lib/snapd/desktop'), ('PYTHONPATH', '/home/tknika/gral-iiriondo/unitree_ws/build/standing_mode:/home/tknika/gral-iiriondo/unitree_ws/install/standing_mode/lib/python3.10/site-packages:/home/tknika/gral-iiriondo/unitree_ws/build/speech_to_goal:/home/tknika/gral-iiriondo/unitree_ws/install/speech_to_goal/lib/python3.10/site-packages:/home/tknika/gral-iiriondo/unitree_ws/install/speech_to_goal_interfaces/local/lib/python3.10/dist-packages:/home/tknika/gral-iiriondo/unitree_ws/build/object_recognition:/home/tknika/gral-iiriondo/unitree_ws/install/object_recognition/lib/python3.10/site-packages:/home/tknika/gral-iiriondo/unitree_ws/install/object_recognition_interfaces/local/lib/python3.10/dist-packages:/home/tknika/gral-iiriondo/unitree_ws/build/mapping_configuration:/home/tknika/gral-iiriondo/unitree_ws/install/mapping_configuration/lib/python3.10/site-packages:/home/tknika/gral-iiriondo/unitree_ws/build/go1_description:/home/tknika/gral-iiriondo/unitree_ws/install/go1_description/lib/python3.10/site-packages:/home/tknika/gral-iiriondo/unitree_ws/build/asr:/home/tknika/gral-iiriondo/unitree_ws/install/asr/lib/python3.10/site-packages:/home/tknika/gral-iiriondo/unitree_ws/build/aruco_detector:/home/tknika/gral-iiriondo/unitree_ws/install/aruco_detector/lib/python3.10/site-packages:/home/tknika/gral-iiriondo/unitree_ws/install/aruco_markers_msgs/local/lib/python3.10/dist-packages:/home/tknika/gral-iiriondo-main/unitree_ws/src/unitree_legged_sdk/lib/python/arm64:/home/tknika/gral-iiriondo-main/unitree_ws/src/unitree_legged_sdk/lib/python/arm64:/opt/ros/humble/lib/python3.10/site-packages:/opt/ros/humble/local/lib/python3.10/dist-packages'), ('COLCON', '1'), ('VTE_VERSION', '6800'), ('CMAKE_PREFIX_PATH', '/home/tknika/gral-iiriondo/unitree_ws/install/speech_to_goal_interfaces:/home/tknika/gral-iiriondo/unitree_ws/install/object_recognition_interfaces:/home/tknika/gral-iiriondo/unitree_ws/install/aruco_markers_msgs:/home/tknika/gral-iiriondo/unitree_ws/install/standing_mode:/home/tknika/gral-iiriondo/unitree_ws/install/speech_to_goal:/home/tknika/gral-iiriondo/unitree_ws/install/object_recognition:/home/tknika/gral-iiriondo/unitree_ws/install/mapping_configuration:/home/tknika/gral-iiriondo/unitree_ws/install/go1_description:/home/tknika/gral-iiriondo/unitree_ws/install/asr:/home/tknika/gral-iiriondo/unitree_ws/install/aruco_detector:/opt/ros/humble')]), 'shell': False}
[3.395546] (speech_to_goal_interfaces) StdoutLine: {'line': b'-- Install configuration: ""\n'}
[3.397322] (speech_to_goal_interfaces) StdoutLine: {'line': b'-- Execute custom install script\n'}
[3.398359] (speech_to_goal_interfaces) StdoutLine: {'line': b'-- Up-to-date symlink: /home/tknika/gral-iiriondo/unitree_ws/install/speech_to_goal_interfaces/share/ament_index/resource_index/rosidl_interfaces/speech_to_goal_interfaces\n'}
[3.399863] (speech_to_goal_interfaces) StdoutLine: {'line': b'-- Up-to-date symlink: /home/tknika/gral-iiriondo/unitree_ws/install/speech_to_goal_interfaces/include/speech_to_goal_interfaces/speech_to_goal_interfaces/msg/detail/waypoint__functions.h\n'}
[3.401316] (speech_to_goal_interfaces) StdoutLine: {'line': b'-- Up-to-date symlink: /home/tknika/gral-iiriondo/unitree_ws/install/speech_to_goal_interfaces/include/speech_to_goal_interfaces/speech_to_goal_interfaces/msg/detail/waypoint__struct.h\n'}
[3.402038] (speech_to_goal_interfaces) StdoutLine: {'line': b'-- Up-to-date symlink: /home/tknika/gral-iiriondo/unitree_ws/install/speech_to_goal_interfaces/include/speech_to_goal_interfaces/speech_to_goal_interfaces/msg/detail/waypoint__type_support.h\n'}
[3.402201] (speech_to_goal_interfaces) StdoutLine: {'line': b'-- Up-to-date symlink: /home/tknika/gral-iiriondo/unitree_ws/install/speech_to_goal_interfaces/include/speech_to_goal_interfaces/speech_to_goal_interfaces/msg/rosidl_generator_c__visibility_control.h\n'}
[3.402342] (speech_to_goal_interfaces) StdoutLine: {'line': b'-- Up-to-date symlink: /home/tknika/gral-iiriondo/unitree_ws/install/speech_to_goal_interfaces/include/speech_to_goal_interfaces/speech_to_goal_interfaces/msg/waypoint.h\n'}
[3.402695] (speech_to_goal_interfaces) StdoutLine: {'line': b'-- Up-to-date symlink: /home/tknika/gral-iiriondo/unitree_ws/install/speech_to_goal_interfaces/include/speech_to_goal_interfaces/speech_to_goal_interfaces/srv/detail/detect_intent__functions.h\n'}
[3.403783] (speech_to_goal_interfaces) StdoutLine: {'line': b'-- Up-to-date symlink: /home/tknika/gral-iiriondo/unitree_ws/install/speech_to_goal_interfaces/include/speech_to_goal_interfaces/speech_to_goal_interfaces/srv/detail/detect_intent__struct.h\n'}
[3.405134] (aruco_markers_msgs) StdoutLine: {'line': b'-- Install configuration: ""\n'}
[3.406060] (speech_to_goal_interfaces) StdoutLine: {'line': b'-- Up-to-date symlink: /home/tknika/gral-iiriondo/unitree_ws/install/speech_to_goal_interfaces/include/speech_to_goal_interfaces/speech_to_goal_interfaces/srv/detail/detect_intent__type_support.h\n'}
[3.406408] (speech_to_goal_interfaces) StdoutLine: {'line': b'-- Up-to-date symlink: /home/tknika/gral-iiriondo/unitree_ws/install/speech_to_goal_interfaces/include/speech_to_goal_interfaces/speech_to_goal_interfaces/srv/detail/llm_query__functions.h\n'}
[3.407115] (aruco_markers_msgs) StdoutLine: {'line': b'-- Execute custom install script\n'}
[3.407542] (speech_to_goal_interfaces) StdoutLine: {'line': b'-- Up-to-date symlink: /home/tknika/gral-iiriondo/unitree_ws/install/speech_to_goal_interfaces/include/speech_to_goal_interfaces/speech_to_goal_interfaces/srv/detail/llm_query__struct.h\n'}
[3.407724] (speech_to_goal_interfaces) StdoutLine: {'line': b'-- Up-to-date symlink: /home/tknika/gral-iiriondo/unitree_ws/install/speech_to_goal_interfaces/include/speech_to_goal_interfaces/speech_to_goal_interfaces/srv/detail/llm_query__type_support.h\n'}
[3.407874] (object_recognition_interfaces) StdoutLine: {'line': b'-- Install configuration: ""\n'}
[3.409665] (aruco_markers_msgs) StdoutLine: {'line': b'-- Up-to-date symlink: /home/tknika/gral-iiriondo/unitree_ws/install/aruco_markers_msgs/share/ament_index/resource_index/rosidl_interfaces/aruco_markers_msgs\n'}
[3.411586] (speech_to_goal_interfaces) StdoutLine: {'line': b'-- Up-to-date symlink: /home/tknika/gral-iiriondo/unitree_ws/install/speech_to_goal_interfaces/include/speech_to_goal_interfaces/speech_to_goal_interfaces/srv/detect_intent.h\n'}
[3.416884] (speech_to_goal_interfaces) StdoutLine: {'line': b'-- Up-to-date symlink: /home/tknika/gral-iiriondo/unitree_ws/install/speech_to_goal_interfaces/include/speech_to_goal_interfaces/speech_to_goal_interfaces/srv/llm_query.h\n'}
[3.417819] (aruco_markers_msgs) StdoutLine: {'line': b'-- Up-to-date symlink: /home/tknika/gral-iiriondo/unitree_ws/install/aruco_markers_msgs/include/aruco_markers_msgs/aruco_markers_msgs/msg/detail/marker__functions.h\n'}
[3.418298] (speech_to_goal_interfaces) StdoutLine: {'line': b'-- Up-to-date symlink: /home/tknika/gral-iiriondo/unitree_ws/install/speech_to_goal_interfaces/share/speech_to_goal_interfaces/environment/library_path.sh\n'}
[3.419021] (speech_to_goal_interfaces) StdoutLine: {'line': b'-- Up-to-date symlink: /home/tknika/gral-iiriondo/unitree_ws/install/speech_to_goal_interfaces/share/speech_to_goal_interfaces/environment/library_path.dsv\n'}
[3.419300] (object_recognition_interfaces) StdoutLine: {'line': b'-- Execute custom install script\n'}
[3.419604] (object_recognition_interfaces) StdoutLine: {'line': b'-- Up-to-date symlink: /home/tknika/gral-iiriondo/unitree_ws/install/object_recognition_interfaces/share/ament_index/resource_index/rosidl_interfaces/object_recognition_interfaces\n'}
[3.419821] (aruco_markers_msgs) StdoutLine: {'line': b'-- Up-to-date symlink: /home/tknika/gral-iiriondo/unitree_ws/install/aruco_markers_msgs/include/aruco_markers_msgs/aruco_markers_msgs/msg/detail/marker__struct.h\n'}
[3.419962] (aruco_markers_msgs) StdoutLine: {'line': b'-- Up-to-date symlink: /home/tknika/gral-iiriondo/unitree_ws/install/aruco_markers_msgs/include/aruco_markers_msgs/aruco_markers_msgs/msg/detail/marker__type_support.h\n'}
[3.420088] (aruco_markers_msgs) StdoutLine: {'line': b'-- Up-to-date symlink: /home/tknika/gral-iiriondo/unitree_ws/install/aruco_markers_msgs/include/aruco_markers_msgs/aruco_markers_msgs/msg/detail/marker_array__functions.h\n'}
[3.422019] (speech_to_goal_interfaces) StdoutLine: {'line': b'-- Up-to-date symlink: /home/tknika/gral-iiriondo/unitree_ws/install/speech_to_goal_interfaces/include/speech_to_goal_interfaces/speech_to_goal_interfaces/msg/detail/waypoint__rosidl_typesupport_fastrtps_c.h\n'}
[3.422941] (-) TimerEvent: {}
[3.423555] (object_recognition_interfaces) StdoutLine: {'line': b'-- Up-to-date symlink: /home/tknika/gral-iiriondo/unitree_ws/install/object_recognition_interfaces/include/object_recognition_interfaces/object_recognition_interfaces/msg/rosidl_generator_c__visibility_control.h\n'}
[3.426363] (speech_to_goal_interfaces) StdoutLine: {'line': b'-- Up-to-date symlink: /home/tknika/gral-iiriondo/unitree_ws/install/speech_to_goal_interfaces/include/speech_to_goal_interfaces/speech_to_goal_interfaces/msg/rosidl_typesupport_fastrtps_c__visibility_control.h\n'}
[3.426788] (speech_to_goal_interfaces) StdoutLine: {'line': b'-- Up-to-date symlink: /home/tknika/gral-iiriondo/unitree_ws/install/speech_to_goal_interfaces/include/speech_to_goal_interfaces/speech_to_goal_interfaces/srv/detail/detect_intent__rosidl_typesupport_fastrtps_c.h\n'}
[3.426967] (object_recognition_interfaces) StdoutLine: {'line': b'-- Up-to-date symlink: /home/tknika/gral-iiriondo/unitree_ws/install/object_recognition_interfaces/include/object_recognition_interfaces/object_recognition_interfaces/srv/add_object.h\n'}
[3.427172] (object_recognition_interfaces) StdoutLine: {'line': b'-- Up-to-date symlink: /home/tknika/gral-iiriondo/unitree_ws/install/object_recognition_interfaces/include/object_recognition_interfaces/object_recognition_interfaces/srv/detail/add_object__functions.h\n'}
[3.427320] (aruco_markers_msgs) StdoutLine: {'line': b'-- Up-to-date symlink: /home/tknika/gral-iiriondo/unitree_ws/install/aruco_markers_msgs/include/aruco_markers_msgs/aruco_markers_msgs/msg/detail/marker_array__struct.h\n'}
[3.427474] (speech_to_goal_interfaces) StdoutLine: {'line': b'-- Up-to-date symlink: /home/tknika/gral-iiriondo/unitree_ws/install/speech_to_goal_interfaces/include/speech_to_goal_interfaces/speech_to_goal_interfaces/srv/detail/llm_query__rosidl_typesupport_fastrtps_c.h\n'}
[3.427614] (aruco_markers_msgs) StdoutLine: {'line': b'-- Up-to-date symlink: /home/tknika/gral-iiriondo/unitree_ws/install/aruco_markers_msgs/include/aruco_markers_msgs/aruco_markers_msgs/msg/detail/marker_array__type_support.h\n'}
[3.427747] (object_recognition_interfaces) StdoutLine: {'line': b'-- Up-to-date symlink: /home/tknika/gral-iiriondo/unitree_ws/install/object_recognition_interfaces/include/object_recognition_interfaces/object_recognition_interfaces/srv/detail/add_object__struct.h\n'}
[3.427885] (object_recognition_interfaces) StdoutLine: {'line': b'-- Up-to-date symlink: /home/tknika/gral-iiriondo/unitree_ws/install/object_recognition_interfaces/include/object_recognition_interfaces/object_recognition_interfaces/srv/detail/add_object__type_support.h\n'}
[3.428065] (object_recognition_interfaces) StdoutLine: {'line': b'-- Up-to-date symlink: /home/tknika/gral-iiriondo/unitree_ws/install/object_recognition_interfaces/include/object_recognition_interfaces/object_recognition_interfaces/srv/detail/detect_object__functions.h\n'}
[3.428196] (speech_to_goal_interfaces) StdoutLine: {'line': b'-- Up-to-date symlink: /home/tknika/gral-iiriondo/unitree_ws/install/speech_to_goal_interfaces/include/speech_to_goal_interfaces/speech_to_goal_interfaces/msg/detail/waypoint__rosidl_typesupport_introspection_c.h\n'}
[3.428333] (object_recognition_interfaces) StdoutLine: {'line': b'-- Up-to-date symlink: /home/tknika/gral-iiriondo/unitree_ws/install/object_recognition_interfaces/include/object_recognition_interfaces/object_recognition_interfaces/srv/detail/detect_object__struct.h\n'}
[3.428492] (speech_to_goal_interfaces) StdoutLine: {'line': b'-- Up-to-date symlink: /home/tknika/gral-iiriondo/unitree_ws/install/speech_to_goal_interfaces/include/speech_to_goal_interfaces/speech_to_goal_interfaces/msg/rosidl_typesupport_introspection_c__visibility_control.h\n'}
[3.428633] (aruco_markers_msgs) StdoutLine: {'line': b'-- Up-to-date symlink: /home/tknika/gral-iiriondo/unitree_ws/install/aruco_markers_msgs/include/aruco_markers_msgs/aruco_markers_msgs/msg/marker.h\n'}
[3.428798] (aruco_markers_msgs) StdoutLine: {'line': b'-- Up-to-date symlink: /home/tknika/gral-iiriondo/unitree_ws/install/aruco_markers_msgs/include/aruco_markers_msgs/aruco_markers_msgs/msg/marker_array.h\n'}
[3.428965] (aruco_markers_msgs) StdoutLine: {'line': b'-- Up-to-date symlink: /home/tknika/gral-iiriondo/unitree_ws/install/aruco_markers_msgs/include/aruco_markers_msgs/aruco_markers_msgs/msg/rosidl_generator_c__visibility_control.h\n'}
[3.429095] (aruco_markers_msgs) StdoutLine: {'line': b'-- Up-to-date symlink: /home/tknika/gral-iiriondo/unitree_ws/install/aruco_markers_msgs/share/aruco_markers_msgs/environment/library_path.sh\n'}
[3.429224] (aruco_markers_msgs) StdoutLine: {'line': b'-- Up-to-date symlink: /home/tknika/gral-iiriondo/unitree_ws/install/aruco_markers_msgs/share/aruco_markers_msgs/environment/library_path.dsv\n'}
[3.429350] (object_recognition_interfaces) StdoutLine: {'line': b'-- Up-to-date symlink: /home/tknika/gral-iiriondo/unitree_ws/install/object_recognition_interfaces/include/object_recognition_interfaces/object_recognition_interfaces/srv/detail/detect_object__type_support.h\n'}
[3.429481] (object_recognition_interfaces) StdoutLine: {'line': b'-- Up-to-date symlink: /home/tknika/gral-iiriondo/unitree_ws/install/object_recognition_interfaces/include/object_recognition_interfaces/object_recognition_interfaces/srv/detect_object.h\n'}
[3.429605] (object_recognition_interfaces) StdoutLine: {'line': b'-- Up-to-date symlink: /home/tknika/gral-iiriondo/unitree_ws/install/object_recognition_interfaces/share/object_recognition_interfaces/environment/library_path.sh\n'}
[3.429728] (object_recognition_interfaces) StdoutLine: {'line': b'-- Up-to-date symlink: /home/tknika/gral-iiriondo/unitree_ws/install/object_recognition_interfaces/share/object_recognition_interfaces/environment/library_path.dsv\n'}
[3.429853] (speech_to_goal_interfaces) StdoutLine: {'line': b'-- Up-to-date symlink: /home/tknika/gral-iiriondo/unitree_ws/install/speech_to_goal_interfaces/include/speech_to_goal_interfaces/speech_to_goal_interfaces/srv/detail/detect_intent__rosidl_typesupport_introspection_c.h\n'}
[3.429983] (speech_to_goal_interfaces) StdoutLine: {'line': b'-- Up-to-date symlink: /home/tknika/gral-iiriondo/unitree_ws/install/speech_to_goal_interfaces/include/speech_to_goal_interfaces/speech_to_goal_interfaces/srv/detail/llm_query__rosidl_typesupport_introspection_c.h\n'}
[3.430106] (speech_to_goal_interfaces) StdoutLine: {'line': b'-- Up-to-date symlink: /home/tknika/gral-iiriondo/unitree_ws/install/speech_to_goal_interfaces/include/speech_to_goal_interfaces/speech_to_goal_interfaces/msg/detail/waypoint__builder.hpp\n'}
[3.430234] (speech_to_goal_interfaces) StdoutLine: {'line': b'-- Up-to-date symlink: /home/tknika/gral-iiriondo/unitree_ws/install/speech_to_goal_interfaces/include/speech_to_goal_interfaces/speech_to_goal_interfaces/msg/detail/waypoint__struct.hpp\n'}
[3.430354] (object_recognition_interfaces) StdoutLine: {'line': b'-- Up-to-date symlink: /home/tknika/gral-iiriondo/unitree_ws/install/object_recognition_interfaces/include/object_recognition_interfaces/object_recognition_interfaces/msg/rosidl_typesupport_fastrtps_c__visibility_control.h\n'}
[3.430489] (object_recognition_interfaces) StdoutLine: {'line': b'-- Up-to-date symlink: /home/tknika/gral-iiriondo/unitree_ws/install/object_recognition_interfaces/include/object_recognition_interfaces/object_recognition_interfaces/srv/detail/add_object__rosidl_typesupport_fastrtps_c.h\n'}
[3.430635] (aruco_markers_msgs) StdoutLine: {'line': b'-- Up-to-date symlink: /home/tknika/gral-iiriondo/unitree_ws/install/aruco_markers_msgs/include/aruco_markers_msgs/aruco_markers_msgs/msg/detail/marker__rosidl_typesupport_fastrtps_c.h\n'}
[3.430777] (speech_to_goal_interfaces) StdoutLine: {'line': b'-- Up-to-date symlink: /home/tknika/gral-iiriondo/unitree_ws/install/speech_to_goal_interfaces/include/speech_to_goal_interfaces/speech_to_goal_interfaces/msg/detail/waypoint__traits.hpp\n'}
[3.430922] (object_recognition_interfaces) StdoutLine: {'line': b'-- Up-to-date symlink: /home/tknika/gral-iiriondo/unitree_ws/install/object_recognition_interfaces/include/object_recognition_interfaces/object_recognition_interfaces/srv/detail/detect_object__rosidl_typesupport_fastrtps_c.h\n'}
[3.431057] (aruco_markers_msgs) StdoutLine: {'line': b'-- Up-to-date symlink: /home/tknika/gral-iiriondo/unitree_ws/install/aruco_markers_msgs/include/aruco_markers_msgs/aruco_markers_msgs/msg/detail/marker_array__rosidl_typesupport_fastrtps_c.h\n'}
[3.431190] (speech_to_goal_interfaces) StdoutLine: {'line': b'-- Up-to-date symlink: /home/tknika/gral-iiriondo/unitree_ws/install/speech_to_goal_interfaces/include/speech_to_goal_interfaces/speech_to_goal_interfaces/msg/detail/waypoint__type_support.hpp\n'}
[3.431357] (aruco_markers_msgs) StdoutLine: {'line': b'-- Up-to-date symlink: /home/tknika/gral-iiriondo/unitree_ws/install/aruco_markers_msgs/include/aruco_markers_msgs/aruco_markers_msgs/msg/rosidl_typesupport_fastrtps_c__visibility_control.h\n'}
[3.431493] (speech_to_goal_interfaces) StdoutLine: {'line': b'-- Up-to-date symlink: /home/tknika/gral-iiriondo/unitree_ws/install/speech_to_goal_interfaces/include/speech_to_goal_interfaces/speech_to_goal_interfaces/msg/rosidl_generator_cpp__visibility_control.hpp\n'}
[3.431620] (object_recognition_interfaces) StdoutLine: {'line': b'-- Up-to-date symlink: /home/tknika/gral-iiriondo/unitree_ws/install/object_recognition_interfaces/include/object_recognition_interfaces/object_recognition_interfaces/msg/rosidl_typesupport_introspection_c__visibility_control.h\n'}
[3.431752] (object_recognition_interfaces) StdoutLine: {'line': b'-- Up-to-date symlink: /home/tknika/gral-iiriondo/unitree_ws/install/object_recognition_interfaces/include/object_recognition_interfaces/object_recognition_interfaces/srv/detail/add_object__rosidl_typesupport_introspection_c.h\n'}
[3.431869] (aruco_markers_msgs) StdoutLine: {'line': b'-- Up-to-date symlink: /home/tknika/gral-iiriondo/unitree_ws/install/aruco_markers_msgs/include/aruco_markers_msgs/aruco_markers_msgs/msg/detail/marker__builder.hpp\n'}
[3.431998] (speech_to_goal_interfaces) StdoutLine: {'line': b'-- Up-to-date symlink: /home/tknika/gral-iiriondo/unitree_ws/install/speech_to_goal_interfaces/include/speech_to_goal_interfaces/speech_to_goal_interfaces/msg/waypoint.hpp\n'}
[3.432124] (object_recognition_interfaces) StdoutLine: {'line': b'-- Up-to-date symlink: /home/tknika/gral-iiriondo/unitree_ws/install/object_recognition_interfaces/include/object_recognition_interfaces/object_recognition_interfaces/srv/detail/detect_object__rosidl_typesupport_introspection_c.h\n'}
[3.432247] (aruco_markers_msgs) StdoutLine: {'line': b'-- Up-to-date symlink: /home/tknika/gral-iiriondo/unitree_ws/install/aruco_markers_msgs/include/aruco_markers_msgs/aruco_markers_msgs/msg/detail/marker__struct.hpp\n'}
[3.432372] (speech_to_goal_interfaces) StdoutLine: {'line': b'-- Up-to-date symlink: /home/tknika/gral-iiriondo/unitree_ws/install/speech_to_goal_interfaces/include/speech_to_goal_interfaces/speech_to_goal_interfaces/srv/detail/detect_intent__builder.hpp\n'}
[3.432523] (speech_to_goal_interfaces) StdoutLine: {'line': b'-- Up-to-date symlink: /home/tknika/gral-iiriondo/unitree_ws/install/speech_to_goal_interfaces/include/speech_to_goal_interfaces/speech_to_goal_interfaces/srv/detail/detect_intent__struct.hpp\n'}
[3.432647] (object_recognition_interfaces) StdoutLine: {'line': b'-- Up-to-date symlink: /home/tknika/gral-iiriondo/unitree_ws/install/object_recognition_interfaces/include/object_recognition_interfaces/object_recognition_interfaces/msg/rosidl_generator_cpp__visibility_control.hpp\n'}
[3.432776] (aruco_markers_msgs) StdoutLine: {'line': b'-- Up-to-date symlink: /home/tknika/gral-iiriondo/unitree_ws/install/aruco_markers_msgs/include/aruco_markers_msgs/aruco_markers_msgs/msg/detail/marker__traits.hpp\n'}
[3.432930] (speech_to_goal_interfaces) StdoutLine: {'line': b'-- Up-to-date symlink: /home/tknika/gral-iiriondo/unitree_ws/install/speech_to_goal_interfaces/include/speech_to_goal_interfaces/speech_to_goal_interfaces/srv/detail/detect_intent__traits.hpp\n'}
[3.433074] (object_recognition_interfaces) StdoutLine: {'line': b'-- Up-to-date symlink: /home/tknika/gral-iiriondo/unitree_ws/install/object_recognition_interfaces/include/object_recognition_interfaces/object_recognition_interfaces/srv/add_object.hpp\n'}
[3.433199] (speech_to_goal_interfaces) StdoutLine: {'line': b'-- Up-to-date symlink: /home/tknika/gral-iiriondo/unitree_ws/install/speech_to_goal_interfaces/include/speech_to_goal_interfaces/speech_to_goal_interfaces/srv/detail/detect_intent__type_support.hpp\n'}
[3.433325] (aruco_markers_msgs) StdoutLine: {'line': b'-- Up-to-date symlink: /home/tknika/gral-iiriondo/unitree_ws/install/aruco_markers_msgs/include/aruco_markers_msgs/aruco_markers_msgs/msg/detail/marker__type_support.hpp\n'}
[3.433452] (aruco_markers_msgs) StdoutLine: {'line': b'-- Up-to-date symlink: /home/tknika/gral-iiriondo/unitree_ws/install/aruco_markers_msgs/include/aruco_markers_msgs/aruco_markers_msgs/msg/detail/marker_array__builder.hpp\n'}
[3.433575] (object_recognition_interfaces) StdoutLine: {'line': b'-- Up-to-date symlink: /home/tknika/gral-iiriondo/unitree_ws/install/object_recognition_interfaces/include/object_recognition_interfaces/object_recognition_interfaces/srv/detail/add_object__builder.hpp\n'}
[3.433695] (speech_to_goal_interfaces) StdoutLine: {'line': b'-- Up-to-date symlink: /home/tknika/gral-iiriondo/unitree_ws/install/speech_to_goal_interfaces/include/speech_to_goal_interfaces/speech_to_goal_interfaces/srv/detail/llm_query__builder.hpp\n'}
[3.433837] (aruco_markers_msgs) StdoutLine: {'line': b'-- Up-to-date symlink: /home/tknika/gral-iiriondo/unitree_ws/install/aruco_markers_msgs/include/aruco_markers_msgs/aruco_markers_msgs/msg/detail/marker_array__struct.hpp\n'}
[3.433965] (object_recognition_interfaces) StdoutLine: {'line': b'-- Up-to-date symlink: /home/tknika/gral-iiriondo/unitree_ws/install/object_recognition_interfaces/include/object_recognition_interfaces/object_recognition_interfaces/srv/detail/add_object__struct.hpp\n'}
[3.434095] (aruco_markers_msgs) StdoutLine: {'line': b'-- Up-to-date symlink: /home/tknika/gral-iiriondo/unitree_ws/install/aruco_markers_msgs/include/aruco_markers_msgs/aruco_markers_msgs/msg/detail/marker_array__traits.hpp\n'}
[3.434219] (speech_to_goal_interfaces) StdoutLine: {'line': b'-- Up-to-date symlink: /home/tknika/gral-iiriondo/unitree_ws/install/speech_to_goal_interfaces/include/speech_to_goal_interfaces/speech_to_goal_interfaces/srv/detail/llm_query__struct.hpp\n'}
[3.434340] (object_recognition_interfaces) StdoutLine: {'line': b'-- Up-to-date symlink: /home/tknika/gral-iiriondo/unitree_ws/install/object_recognition_interfaces/include/object_recognition_interfaces/object_recognition_interfaces/srv/detail/add_object__traits.hpp\n'}
[3.434465] (speech_to_goal_interfaces) StdoutLine: {'line': b'-- Up-to-date symlink: /home/tknika/gral-iiriondo/unitree_ws/install/speech_to_goal_interfaces/include/speech_to_goal_interfaces/speech_to_goal_interfaces/srv/detail/llm_query__traits.hpp\n'}
[3.434589] (aruco_markers_msgs) StdoutLine: {'line': b'-- Up-to-date symlink: /home/tknika/gral-iiriondo/unitree_ws/install/aruco_markers_msgs/include/aruco_markers_msgs/aruco_markers_msgs/msg/detail/marker_array__type_support.hpp\n'}
[3.434717] (aruco_markers_msgs) StdoutLine: {'line': b'-- Up-to-date symlink: /home/tknika/gral-iiriondo/unitree_ws/install/aruco_markers_msgs/include/aruco_markers_msgs/aruco_markers_msgs/msg/marker.hpp\n'}
[3.434840] (speech_to_goal_interfaces) StdoutLine: {'line': b'-- Up-to-date symlink: /home/tknika/gral-iiriondo/unitree_ws/install/speech_to_goal_interfaces/include/speech_to_goal_interfaces/speech_to_goal_interfaces/srv/detail/llm_query__type_support.hpp\n'}
[3.434967] (object_recognition_interfaces) StdoutLine: {'line': b'-- Up-to-date symlink: /home/tknika/gral-iiriondo/unitree_ws/install/object_recognition_interfaces/include/object_recognition_interfaces/object_recognition_interfaces/srv/detail/add_object__type_support.hpp\n'}
[3.435950] (object_recognition_interfaces) StdoutLine: {'line': b'-- Up-to-date symlink: /home/tknika/gral-iiriondo/unitree_ws/install/object_recognition_interfaces/include/object_recognition_interfaces/object_recognition_interfaces/srv/detail/detect_object__builder.hpp\n'}
[3.437006] (object_recognition_interfaces) StdoutLine: {'line': b'-- Up-to-date symlink: /home/tknika/gral-iiriondo/unitree_ws/install/object_recognition_interfaces/include/object_recognition_interfaces/object_recognition_interfaces/srv/detail/detect_object__struct.hpp\n'}
[3.438836] (object_recognition_interfaces) StdoutLine: {'line': b'-- Up-to-date symlink: /home/tknika/gral-iiriondo/unitree_ws/install/object_recognition_interfaces/include/object_recognition_interfaces/object_recognition_interfaces/srv/detail/detect_object__traits.hpp\n'}
[3.439243] (object_recognition_interfaces) StdoutLine: {'line': b'-- Up-to-date symlink: /home/tknika/gral-iiriondo/unitree_ws/install/object_recognition_interfaces/include/object_recognition_interfaces/object_recognition_interfaces/srv/detail/detect_object__type_support.hpp\n'}
[3.439682] (object_recognition_interfaces) StdoutLine: {'line': b'-- Up-to-date symlink: /home/tknika/gral-iiriondo/unitree_ws/install/object_recognition_interfaces/include/object_recognition_interfaces/object_recognition_interfaces/srv/detect_object.hpp\n'}
[3.440076] (object_recognition_interfaces) StdoutLine: {'line': b'-- Up-to-date symlink: /home/tknika/gral-iiriondo/unitree_ws/install/object_recognition_interfaces/include/object_recognition_interfaces/object_recognition_interfaces/msg/rosidl_typesupport_fastrtps_cpp__visibility_control.h\n'}
[3.440312] (object_recognition_interfaces) StdoutLine: {'line': b'-- Up-to-date symlink: /home/tknika/gral-iiriondo/unitree_ws/install/object_recognition_interfaces/include/object_recognition_interfaces/object_recognition_interfaces/srv/detail/add_object__rosidl_typesupport_fastrtps_cpp.hpp\n'}
[3.440488] (speech_to_goal_interfaces) StdoutLine: {'line': b'-- Up-to-date symlink: /home/tknika/gral-iiriondo/unitree_ws/install/speech_to_goal_interfaces/include/speech_to_goal_interfaces/speech_to_goal_interfaces/srv/detect_intent.hpp\n'}
[3.440655] (speech_to_goal_interfaces) StdoutLine: {'line': b'-- Up-to-date symlink: /home/tknika/gral-iiriondo/unitree_ws/install/speech_to_goal_interfaces/include/speech_to_goal_interfaces/speech_to_goal_interfaces/srv/llm_query.hpp\n'}
[3.440924] (speech_to_goal_interfaces) StdoutLine: {'line': b'-- Up-to-date symlink: /home/tknika/gral-iiriondo/unitree_ws/install/speech_to_goal_interfaces/include/speech_to_goal_interfaces/speech_to_goal_interfaces/msg/detail/waypoint__rosidl_typesupport_fastrtps_cpp.hpp\n'}
[3.441066] (speech_to_goal_interfaces) StdoutLine: {'line': b'-- Up-to-date symlink: /home/tknika/gral-iiriondo/unitree_ws/install/speech_to_goal_interfaces/include/speech_to_goal_interfaces/speech_to_goal_interfaces/msg/rosidl_typesupport_fastrtps_cpp__visibility_control.h\n'}
[3.441219] (speech_to_goal_interfaces) StdoutLine: {'line': b'-- Up-to-date symlink: /home/tknika/gral-iiriondo/unitree_ws/install/speech_to_goal_interfaces/include/speech_to_goal_interfaces/speech_to_goal_interfaces/srv/detail/detect_intent__rosidl_typesupport_fastrtps_cpp.hpp\n'}
[3.441344] (speech_to_goal_interfaces) StdoutLine: {'line': b'-- Up-to-date symlink: /home/tknika/gral-iiriondo/unitree_ws/install/speech_to_goal_interfaces/include/speech_to_goal_interfaces/speech_to_goal_interfaces/srv/detail/llm_query__rosidl_typesupport_fastrtps_cpp.hpp\n'}
[3.441587] (speech_to_goal_interfaces) StdoutLine: {'line': b'-- Up-to-date symlink: /home/tknika/gral-iiriondo/unitree_ws/install/speech_to_goal_interfaces/include/speech_to_goal_interfaces/speech_to_goal_interfaces/msg/detail/waypoint__rosidl_typesupport_introspection_cpp.hpp\n'}
[3.441735] (speech_to_goal_interfaces) StdoutLine: {'line': b'-- Up-to-date symlink: /home/tknika/gral-iiriondo/unitree_ws/install/speech_to_goal_interfaces/include/speech_to_goal_interfaces/speech_to_goal_interfaces/srv/detail/detect_intent__rosidl_typesupport_introspection_cpp.hpp\n'}
[3.441901] (aruco_markers_msgs) StdoutLine: {'line': b'-- Up-to-date symlink: /home/tknika/gral-iiriondo/unitree_ws/install/aruco_markers_msgs/include/aruco_markers_msgs/aruco_markers_msgs/msg/marker_array.hpp\n'}
[3.442134] (aruco_markers_msgs) StdoutLine: {'line': b'-- Up-to-date symlink: /home/tknika/gral-iiriondo/unitree_ws/install/aruco_markers_msgs/include/aruco_markers_msgs/aruco_markers_msgs/msg/rosidl_generator_cpp__visibility_control.hpp\n'}
[3.442268] (aruco_markers_msgs) StdoutLine: {'line': b'-- Up-to-date symlink: /home/tknika/gral-iiriondo/unitree_ws/install/aruco_markers_msgs/include/aruco_markers_msgs/aruco_markers_msgs/msg/detail/marker__rosidl_typesupport_fastrtps_cpp.hpp\n'}
[3.442413] (aruco_markers_msgs) StdoutLine: {'line': b'-- Up-to-date symlink: /home/tknika/gral-iiriondo/unitree_ws/install/aruco_markers_msgs/include/aruco_markers_msgs/aruco_markers_msgs/msg/detail/marker_array__rosidl_typesupport_fastrtps_cpp.hpp\n'}
[3.442627] (aruco_markers_msgs) StdoutLine: {'line': b'-- Up-to-date symlink: /home/tknika/gral-iiriondo/unitree_ws/install/aruco_markers_msgs/include/aruco_markers_msgs/aruco_markers_msgs/msg/rosidl_typesupport_fastrtps_cpp__visibility_control.h\n'}
[3.442784] (aruco_markers_msgs) StdoutLine: {'line': b'-- Up-to-date symlink: /home/tknika/gral-iiriondo/unitree_ws/install/aruco_markers_msgs/include/aruco_markers_msgs/aruco_markers_msgs/msg/detail/marker__rosidl_typesupport_introspection_c.h\n'}
[3.443061] (aruco_markers_msgs) StdoutLine: {'line': b'-- Up-to-date symlink: /home/tknika/gral-iiriondo/unitree_ws/install/aruco_markers_msgs/include/aruco_markers_msgs/aruco_markers_msgs/msg/detail/marker_array__rosidl_typesupport_introspection_c.h\n'}
[3.443230] (aruco_markers_msgs) StdoutLine: {'line': b'-- Up-to-date symlink: /home/tknika/gral-iiriondo/unitree_ws/install/aruco_markers_msgs/include/aruco_markers_msgs/aruco_markers_msgs/msg/rosidl_typesupport_introspection_c__visibility_control.h\n'}
[3.443426] (object_recognition_interfaces) StdoutLine: {'line': b'-- Up-to-date symlink: /home/tknika/gral-iiriondo/unitree_ws/install/object_recognition_interfaces/include/object_recognition_interfaces/object_recognition_interfaces/srv/detail/detect_object__rosidl_typesupport_fastrtps_cpp.hpp\n'}
[3.444292] (aruco_markers_msgs) StdoutLine: {'line': b'-- Up-to-date symlink: /home/tknika/gral-iiriondo/unitree_ws/install/aruco_markers_msgs/include/aruco_markers_msgs/aruco_markers_msgs/msg/detail/marker__rosidl_typesupport_introspection_cpp.hpp\n'}
[3.444546] (speech_to_goal_interfaces) StdoutLine: {'line': b'-- Up-to-date symlink: /home/tknika/gral-iiriondo/unitree_ws/install/speech_to_goal_interfaces/include/speech_to_goal_interfaces/speech_to_goal_interfaces/srv/detail/llm_query__rosidl_typesupport_introspection_cpp.hpp\n'}
[3.445405] (object_recognition_interfaces) StdoutLine: {'line': b'-- Up-to-date symlink: /home/tknika/gral-iiriondo/unitree_ws/install/object_recognition_interfaces/include/object_recognition_interfaces/object_recognition_interfaces/srv/detail/add_object__rosidl_typesupport_introspection_cpp.hpp\n'}
[3.445753] (speech_to_goal_interfaces) StdoutLine: {'line': b'-- Up-to-date symlink: /home/tknika/gral-iiriondo/unitree_ws/install/speech_to_goal_interfaces/share/speech_to_goal_interfaces/environment/pythonpath.sh\n'}
[3.445934] (speech_to_goal_interfaces) StdoutLine: {'line': b'-- Up-to-date symlink: /home/tknika/gral-iiriondo/unitree_ws/install/speech_to_goal_interfaces/share/speech_to_goal_interfaces/environment/pythonpath.dsv\n'}
[3.446194] (aruco_markers_msgs) StdoutLine: {'line': b'-- Up-to-date symlink: /home/tknika/gral-iiriondo/unitree_ws/install/aruco_markers_msgs/include/aruco_markers_msgs/aruco_markers_msgs/msg/detail/marker_array__rosidl_typesupport_introspection_cpp.hpp\n'}
[3.446345] (aruco_markers_msgs) StdoutLine: {'line': b'-- Up-to-date symlink: /home/tknika/gral-iiriondo/unitree_ws/install/aruco_markers_msgs/share/aruco_markers_msgs/environment/pythonpath.sh\n'}
[3.446489] (speech_to_goal_interfaces) StdoutLine: {'line': b'-- Up-to-date symlink: /home/tknika/gral-iiriondo/unitree_ws/install/speech_to_goal_interfaces/local/lib/python3.10/dist-packages/speech_to_goal_interfaces-0.0.0-py3.10.egg-info/PKG-INFO\n'}
[3.446772] (aruco_markers_msgs) StdoutLine: {'line': b'-- Up-to-date symlink: /home/tknika/gral-iiriondo/unitree_ws/install/aruco_markers_msgs/share/aruco_markers_msgs/environment/pythonpath.dsv\n'}
[3.446908] (object_recognition_interfaces) StdoutLine: {'line': b'-- Up-to-date symlink: /home/tknika/gral-iiriondo/unitree_ws/install/object_recognition_interfaces/include/object_recognition_interfaces/object_recognition_interfaces/srv/detail/detect_object__rosidl_typesupport_introspection_cpp.hpp\n'}
[3.447100] (aruco_markers_msgs) StdoutLine: {'line': b'-- Up-to-date symlink: /home/tknika/gral-iiriondo/unitree_ws/install/aruco_markers_msgs/local/lib/python3.10/dist-packages/aruco_markers_msgs-0.0.3-py3.10.egg-info/PKG-INFO\n'}
[3.447256] (speech_to_goal_interfaces) StdoutLine: {'line': b'-- Up-to-date symlink: /home/tknika/gral-iiriondo/unitree_ws/install/speech_to_goal_interfaces/local/lib/python3.10/dist-packages/speech_to_goal_interfaces-0.0.0-py3.10.egg-info/SOURCES.txt\n'}
[3.447459] (object_recognition_interfaces) StdoutLine: {'line': b'-- Up-to-date symlink: /home/tknika/gral-iiriondo/unitree_ws/install/object_recognition_interfaces/share/object_recognition_interfaces/environment/pythonpath.sh\n'}
[3.447629] (object_recognition_interfaces) StdoutLine: {'line': b'-- Up-to-date symlink: /home/tknika/gral-iiriondo/unitree_ws/install/object_recognition_interfaces/share/object_recognition_interfaces/environment/pythonpath.dsv\n'}
[3.447788] (speech_to_goal_interfaces) StdoutLine: {'line': b'-- Up-to-date symlink: /home/tknika/gral-iiriondo/unitree_ws/install/speech_to_goal_interfaces/local/lib/python3.10/dist-packages/speech_to_goal_interfaces-0.0.0-py3.10.egg-info/dependency_links.txt\n'}
[3.448005] (object_recognition_interfaces) StdoutLine: {'line': b'-- Up-to-date symlink: /home/tknika/gral-iiriondo/unitree_ws/install/object_recognition_interfaces/local/lib/python3.10/dist-packages/object_recognition_interfaces-0.0.0-py3.10.egg-info/PKG-INFO\n'}
[3.448135] (speech_to_goal_interfaces) StdoutLine: {'line': b'-- Up-to-date symlink: /home/tknika/gral-iiriondo/unitree_ws/install/speech_to_goal_interfaces/local/lib/python3.10/dist-packages/speech_to_goal_interfaces-0.0.0-py3.10.egg-info/top_level.txt\n'}
[3.448279] (object_recognition_interfaces) StdoutLine: {'line': b'-- Up-to-date symlink: /home/tknika/gral-iiriondo/unitree_ws/install/object_recognition_interfaces/local/lib/python3.10/dist-packages/object_recognition_interfaces-0.0.0-py3.10.egg-info/SOURCES.txt\n'}
[3.448459] (object_recognition_interfaces) StdoutLine: {'line': b'-- Up-to-date symlink: /home/tknika/gral-iiriondo/unitree_ws/install/object_recognition_interfaces/local/lib/python3.10/dist-packages/object_recognition_interfaces-0.0.0-py3.10.egg-info/dependency_links.txt\n'}
[3.448666] (object_recognition_interfaces) StdoutLine: {'line': b'-- Up-to-date symlink: /home/tknika/gral-iiriondo/unitree_ws/install/object_recognition_interfaces/local/lib/python3.10/dist-packages/object_recognition_interfaces-0.0.0-py3.10.egg-info/top_level.txt\n'}
[3.448791] (speech_to_goal_interfaces) StdoutLine: {'line': b'-- Up-to-date symlink: /home/tknika/gral-iiriondo/unitree_ws/install/speech_to_goal_interfaces/local/lib/python3.10/dist-packages/speech_to_goal_interfaces/__init__.py\n'}
[3.448990] (speech_to_goal_interfaces) StdoutLine: {'line': b'-- Up-to-date symlink: /home/tknika/gral-iiriondo/unitree_ws/install/speech_to_goal_interfaces/local/lib/python3.10/dist-packages/speech_to_goal_interfaces/_speech_to_goal_interfaces_s.ep.rosidl_typesupport_c.c\n'}
[3.449274] (aruco_markers_msgs) StdoutLine: {'line': b'-- Up-to-date symlink: /home/tknika/gral-iiriondo/unitree_ws/install/aruco_markers_msgs/local/lib/python3.10/dist-packages/aruco_markers_msgs-0.0.3-py3.10.egg-info/SOURCES.txt\n'}
[3.449442] (object_recognition_interfaces) StdoutLine: {'line': b'-- Up-to-date symlink: /home/tknika/gral-iiriondo/unitree_ws/install/object_recognition_interfaces/local/lib/python3.10/dist-packages/object_recognition_interfaces/__init__.py\n'}
[3.449613] (speech_to_goal_interfaces) StdoutLine: {'line': b'-- Up-to-date symlink: /home/tknika/gral-iiriondo/unitree_ws/install/speech_to_goal_interfaces/local/lib/python3.10/dist-packages/speech_to_goal_interfaces/_speech_to_goal_interfaces_s.ep.rosidl_typesupport_fastrtps_c.c\n'}
[3.451267] (object_recognition_interfaces) StdoutLine: {'line': b'-- Up-to-date symlink: /home/tknika/gral-iiriondo/unitree_ws/install/object_recognition_interfaces/local/lib/python3.10/dist-packages/object_recognition_interfaces/_object_recognition_interfaces_s.ep.rosidl_typesupport_c.c\n'}
[3.451454] (speech_to_goal_interfaces) StdoutLine: {'line': b'-- Up-to-date symlink: /home/tknika/gral-iiriondo/unitree_ws/install/speech_to_goal_interfaces/local/lib/python3.10/dist-packages/speech_to_goal_interfaces/_speech_to_goal_interfaces_s.ep.rosidl_typesupport_introspection_c.c\n'}
[3.451603] (aruco_markers_msgs) StdoutLine: {'line': b'-- Up-to-date symlink: /home/tknika/gral-iiriondo/unitree_ws/install/aruco_markers_msgs/local/lib/python3.10/dist-packages/aruco_markers_msgs-0.0.3-py3.10.egg-info/dependency_links.txt\n'}
[3.451749] (object_recognition_interfaces) StdoutLine: {'line': b'-- Up-to-date symlink: /home/tknika/gral-iiriondo/unitree_ws/install/object_recognition_interfaces/local/lib/python3.10/dist-packages/object_recognition_interfaces/_object_recognition_interfaces_s.ep.rosidl_typesupport_fastrtps_c.c\n'}
[3.451888] (speech_to_goal_interfaces) StdoutLine: {'line': b'-- Up-to-date symlink: /home/tknika/gral-iiriondo/unitree_ws/install/speech_to_goal_interfaces/local/lib/python3.10/dist-packages/speech_to_goal_interfaces/libspeech_to_goal_interfaces__rosidl_generator_py.so\n'}
[3.454480] (object_recognition_interfaces) StdoutLine: {'line': b'-- Up-to-date symlink: /home/tknika/gral-iiriondo/unitree_ws/install/object_recognition_interfaces/local/lib/python3.10/dist-packages/object_recognition_interfaces/_object_recognition_interfaces_s.ep.rosidl_typesupport_introspection_c.c\n'}
[3.457272] (aruco_markers_msgs) StdoutLine: {'line': b'-- Up-to-date symlink: /home/tknika/gral-iiriondo/unitree_ws/install/aruco_markers_msgs/local/lib/python3.10/dist-packages/aruco_markers_msgs-0.0.3-py3.10.egg-info/top_level.txt\n'}
[3.457589] (speech_to_goal_interfaces) StdoutLine: {'line': b'-- Up-to-date symlink: /home/tknika/gral-iiriondo/unitree_ws/install/speech_to_goal_interfaces/local/lib/python3.10/dist-packages/speech_to_goal_interfaces/msg/__init__.py\n'}
[3.457803] (speech_to_goal_interfaces) StdoutLine: {'line': b'-- Up-to-date symlink: /home/tknika/gral-iiriondo/unitree_ws/install/speech_to_goal_interfaces/local/lib/python3.10/dist-packages/speech_to_goal_interfaces/msg/_waypoint.py\n'}
[3.458180] (object_recognition_interfaces) StdoutLine: {'line': b'-- Up-to-date symlink: /home/tknika/gral-iiriondo/unitree_ws/install/object_recognition_interfaces/local/lib/python3.10/dist-packages/object_recognition_interfaces/libobject_recognition_interfaces__rosidl_generator_py.so\n'}
[3.460652] (speech_to_goal_interfaces) StdoutLine: {'line': b'-- Up-to-date symlink: /home/tknika/gral-iiriondo/unitree_ws/install/speech_to_goal_interfaces/local/lib/python3.10/dist-packages/speech_to_goal_interfaces/msg/_waypoint_s.c\n'}
[3.461107] (object_recognition_interfaces) StdoutLine: {'line': b'-- Up-to-date symlink: /home/tknika/gral-iiriondo/unitree_ws/install/object_recognition_interfaces/local/lib/python3.10/dist-packages/object_recognition_interfaces/object_recognition_interfaces_s__rosidl_typesupport_c.cpython-310-aarch64-linux-gnu.so\n'}
[3.461411] (speech_to_goal_interfaces) StdoutLine: {'line': b'-- Up-to-date symlink: /home/tknika/gral-iiriondo/unitree_ws/install/speech_to_goal_interfaces/local/lib/python3.10/dist-packages/speech_to_goal_interfaces/speech_to_goal_interfaces_s__rosidl_typesupport_c.cpython-310-aarch64-linux-gnu.so\n'}
[3.461590] (object_recognition_interfaces) StdoutLine: {'line': b'-- Up-to-date symlink: /home/tknika/gral-iiriondo/unitree_ws/install/object_recognition_interfaces/local/lib/python3.10/dist-packages/object_recognition_interfaces/object_recognition_interfaces_s__rosidl_typesupport_fastrtps_c.cpython-310-aarch64-linux-gnu.so\n'}
[3.461845] (speech_to_goal_interfaces) StdoutLine: {'line': b'-- Up-to-date symlink: /home/tknika/gral-iiriondo/unitree_ws/install/speech_to_goal_interfaces/local/lib/python3.10/dist-packages/speech_to_goal_interfaces/speech_to_goal_interfaces_s__rosidl_typesupport_fastrtps_c.cpython-310-aarch64-linux-gnu.so\n'}
[3.462005] (object_recognition_interfaces) StdoutLine: {'line': b'-- Up-to-date symlink: /home/tknika/gral-iiriondo/unitree_ws/install/object_recognition_interfaces/local/lib/python3.10/dist-packages/object_recognition_interfaces/object_recognition_interfaces_s__rosidl_typesupport_introspection_c.cpython-310-aarch64-linux-gnu.so\n'}
[3.462155] (speech_to_goal_interfaces) StdoutLine: {'line': b'-- Up-to-date symlink: /home/tknika/gral-iiriondo/unitree_ws/install/speech_to_goal_interfaces/local/lib/python3.10/dist-packages/speech_to_goal_interfaces/speech_to_goal_interfaces_s__rosidl_typesupport_introspection_c.cpython-310-aarch64-linux-gnu.so\n'}
[3.462453] (object_recognition_interfaces) StdoutLine: {'line': b'-- Up-to-date symlink: /home/tknika/gral-iiriondo/unitree_ws/install/object_recognition_interfaces/local/lib/python3.10/dist-packages/object_recognition_interfaces/srv/__init__.py\n'}
[3.462605] (aruco_markers_msgs) StdoutLine: {'line': b'-- Up-to-date symlink: /home/tknika/gral-iiriondo/unitree_ws/install/aruco_markers_msgs/local/lib/python3.10/dist-packages/aruco_markers_msgs/__init__.py\n'}
[3.462830] (speech_to_goal_interfaces) StdoutLine: {'line': b'-- Up-to-date symlink: /home/tknika/gral-iiriondo/unitree_ws/install/speech_to_goal_interfaces/local/lib/python3.10/dist-packages/speech_to_goal_interfaces/srv/__init__.py\n'}
[3.462972] (object_recognition_interfaces) StdoutLine: {'line': b'-- Up-to-date symlink: /home/tknika/gral-iiriondo/unitree_ws/install/object_recognition_interfaces/local/lib/python3.10/dist-packages/object_recognition_interfaces/srv/_add_object.py\n'}
[3.463108] (speech_to_goal_interfaces) StdoutLine: {'line': b'-- Up-to-date symlink: /home/tknika/gral-iiriondo/unitree_ws/install/speech_to_goal_interfaces/local/lib/python3.10/dist-packages/speech_to_goal_interfaces/srv/_detect_intent.py\n'}
[3.463298] (speech_to_goal_interfaces) StdoutLine: {'line': b'-- Up-to-date symlink: /home/tknika/gral-iiriondo/unitree_ws/install/speech_to_goal_interfaces/local/lib/python3.10/dist-packages/speech_to_goal_interfaces/srv/_detect_intent_s.c\n'}
[3.463445] (speech_to_goal_interfaces) StdoutLine: {'line': b'-- Up-to-date symlink: /home/tknika/gral-iiriondo/unitree_ws/install/speech_to_goal_interfaces/local/lib/python3.10/dist-packages/speech_to_goal_interfaces/srv/_llm_query.py\n'}
[3.463580] (speech_to_goal_interfaces) StdoutLine: {'line': b'-- Up-to-date symlink: /home/tknika/gral-iiriondo/unitree_ws/install/speech_to_goal_interfaces/local/lib/python3.10/dist-packages/speech_to_goal_interfaces/srv/_llm_query_s.c\n'}
[3.463898] (object_recognition_interfaces) StdoutLine: {'line': b'-- Up-to-date symlink: /home/tknika/gral-iiriondo/unitree_ws/install/object_recognition_interfaces/local/lib/python3.10/dist-packages/object_recognition_interfaces/srv/_add_object_s.c\n'}
[3.464123] (object_recognition_interfaces) StdoutLine: {'line': b'-- Up-to-date symlink: /home/tknika/gral-iiriondo/unitree_ws/install/object_recognition_interfaces/local/lib/python3.10/dist-packages/object_recognition_interfaces/srv/_detect_object.py\n'}
[3.464268] (object_recognition_interfaces) StdoutLine: {'line': b'-- Up-to-date symlink: /home/tknika/gral-iiriondo/unitree_ws/install/object_recognition_interfaces/local/lib/python3.10/dist-packages/object_recognition_interfaces/srv/_detect_object_s.c\n'}
[3.464400] (object_recognition_interfaces) StdoutLine: {'line': b'-- Up-to-date symlink: /home/tknika/gral-iiriondo/unitree_ws/install/object_recognition_interfaces/local/lib/python3.10/dist-packages/object_recognition_interfaces/object_recognition_interfaces_s__rosidl_typesupport_fastrtps_c.cpython-310-aarch64-linux-gnu.so\n'}
[3.464578] (aruco_markers_msgs) StdoutLine: {'line': b'-- Up-to-date symlink: /home/tknika/gral-iiriondo/unitree_ws/install/aruco_markers_msgs/local/lib/python3.10/dist-packages/aruco_markers_msgs/_aruco_markers_msgs_s.ep.rosidl_typesupport_c.c\n'}
[3.464885] (aruco_markers_msgs) StdoutLine: {'line': b'-- Up-to-date symlink: /home/tknika/gral-iiriondo/unitree_ws/install/aruco_markers_msgs/local/lib/python3.10/dist-packages/aruco_markers_msgs/_aruco_markers_msgs_s.ep.rosidl_typesupport_fastrtps_c.c\n'}
[3.465026] (aruco_markers_msgs) StdoutLine: {'line': b'-- Up-to-date symlink: /home/tknika/gral-iiriondo/unitree_ws/install/aruco_markers_msgs/local/lib/python3.10/dist-packages/aruco_markers_msgs/_aruco_markers_msgs_s.ep.rosidl_typesupport_introspection_c.c\n'}
[3.465253] (speech_to_goal_interfaces) StdoutLine: {'line': b'-- Up-to-date symlink: /home/tknika/gral-iiriondo/unitree_ws/install/speech_to_goal_interfaces/local/lib/python3.10/dist-packages/speech_to_goal_interfaces/speech_to_goal_interfaces_s__rosidl_typesupport_fastrtps_c.cpython-310-aarch64-linux-gnu.so\n'}
[3.465478] (object_recognition_interfaces) StdoutLine: {'line': b'-- Up-to-date symlink: /home/tknika/gral-iiriondo/unitree_ws/install/object_recognition_interfaces/local/lib/python3.10/dist-packages/object_recognition_interfaces/object_recognition_interfaces_s__rosidl_typesupport_introspection_c.cpython-310-aarch64-linux-gnu.so\n'}
[3.465678] (speech_to_goal_interfaces) StdoutLine: {'line': b'-- Up-to-date symlink: /home/tknika/gral-iiriondo/unitree_ws/install/speech_to_goal_interfaces/local/lib/python3.10/dist-packages/speech_to_goal_interfaces/speech_to_goal_interfaces_s__rosidl_typesupport_introspection_c.cpython-310-aarch64-linux-gnu.so\n'}
[3.465814] (object_recognition_interfaces) StdoutLine: {'line': b'-- Up-to-date symlink: /home/tknika/gral-iiriondo/unitree_ws/install/object_recognition_interfaces/local/lib/python3.10/dist-packages/object_recognition_interfaces/object_recognition_interfaces_s__rosidl_typesupport_c.cpython-310-aarch64-linux-gnu.so\n'}
[3.465947] (aruco_markers_msgs) StdoutLine: {'line': b'-- Up-to-date symlink: /home/tknika/gral-iiriondo/unitree_ws/install/aruco_markers_msgs/local/lib/python3.10/dist-packages/aruco_markers_msgs/aruco_markers_msgs_s__rosidl_typesupport_c.cpython-310-aarch64-linux-gnu.so\n'}
[3.466186] (object_recognition_interfaces) StdoutLine: {'line': b'-- Up-to-date symlink: /home/tknika/gral-iiriondo/unitree_ws/install/object_recognition_interfaces/share/ament_index/resource_index/rust_packages/object_recognition_interfaces\n'}
[3.466315] (speech_to_goal_interfaces) StdoutLine: {'line': b'-- Up-to-date symlink: /home/tknika/gral-iiriondo/unitree_ws/install/speech_to_goal_interfaces/local/lib/python3.10/dist-packages/speech_to_goal_interfaces/speech_to_goal_interfaces_s__rosidl_typesupport_c.cpython-310-aarch64-linux-gnu.so\n'}
[3.466548] (speech_to_goal_interfaces) StdoutLine: {'line': b'-- Up-to-date symlink: /home/tknika/gral-iiriondo/unitree_ws/install/speech_to_goal_interfaces/share/ament_index/resource_index/rust_packages/speech_to_goal_interfaces\n'}
[3.466680] (speech_to_goal_interfaces) StdoutLine: {'line': b'-- Up-to-date symlink: /home/tknika/gral-iiriondo/unitree_ws/install/speech_to_goal_interfaces/share/speech_to_goal_interfaces/rust/Cargo.toml\n'}
[3.466811] (object_recognition_interfaces) StdoutLine: {'line': b'-- Up-to-date symlink: /home/tknika/gral-iiriondo/unitree_ws/install/object_recognition_interfaces/share/object_recognition_interfaces/rust/Cargo.toml\n'}
[3.467014] (object_recognition_interfaces) StdoutLine: {'line': b'-- Up-to-date symlink: /home/tknika/gral-iiriondo/unitree_ws/install/object_recognition_interfaces/share/object_recognition_interfaces/rust/build.rs\n'}
[3.467144] (object_recognition_interfaces) StdoutLine: {'line': b'-- Up-to-date symlink: /home/tknika/gral-iiriondo/unitree_ws/install/object_recognition_interfaces/share/object_recognition_interfaces/rust/src/lib.rs\n'}
[3.467356] (aruco_markers_msgs) StdoutLine: {'line': b'-- Up-to-date symlink: /home/tknika/gral-iiriondo/unitree_ws/install/aruco_markers_msgs/local/lib/python3.10/dist-packages/aruco_markers_msgs/aruco_markers_msgs_s__rosidl_typesupport_fastrtps_c.cpython-310-aarch64-linux-gnu.so\n'}
[3.467552] (speech_to_goal_interfaces) StdoutLine: {'line': b'-- Up-to-date symlink: /home/tknika/gral-iiriondo/unitree_ws/install/speech_to_goal_interfaces/share/speech_to_goal_interfaces/rust/build.rs\n'}
[3.467707] (speech_to_goal_interfaces) StdoutLine: {'line': b'-- Up-to-date symlink: /home/tknika/gral-iiriondo/unitree_ws/install/speech_to_goal_interfaces/share/speech_to_goal_interfaces/rust/src/lib.rs\n'}
[3.467835] (object_recognition_interfaces) StdoutLine: {'line': b'-- Up-to-date symlink: /home/tknika/gral-iiriondo/unitree_ws/install/object_recognition_interfaces/share/object_recognition_interfaces/rust/src/srv.rs\n'}
[3.468028] (speech_to_goal_interfaces) StdoutLine: {'line': b'-- Up-to-date symlink: /home/tknika/gral-iiriondo/unitree_ws/install/speech_to_goal_interfaces/share/speech_to_goal_interfaces/rust/src/msg.rs\n'}
[3.468157] (object_recognition_interfaces) StdoutLine: {'line': b'-- Up-to-date symlink: /home/tknika/gral-iiriondo/unitree_ws/install/object_recognition_interfaces/share/object_recognition_interfaces/rust/src/srv/rmw.rs\n'}
[3.468284] (speech_to_goal_interfaces) StdoutLine: {'line': b'-- Up-to-date symlink: /home/tknika/gral-iiriondo/unitree_ws/install/speech_to_goal_interfaces/share/speech_to_goal_interfaces/rust/src/msg/rmw.rs\n'}
[3.468506] (object_recognition_interfaces) StdoutLine: {'line': b'-- Up-to-date symlink: /home/tknika/gral-iiriondo/unitree_ws/install/object_recognition_interfaces/share/object_recognition_interfaces/srv/DetectObject.idl\n'}
[3.468649] (aruco_markers_msgs) StdoutLine: {'line': b'-- Up-to-date symlink: /home/tknika/gral-iiriondo/unitree_ws/install/aruco_markers_msgs/local/lib/python3.10/dist-packages/aruco_markers_msgs/aruco_markers_msgs_s__rosidl_typesupport_introspection_c.cpython-310-aarch64-linux-gnu.so\n'}
[3.468870] (speech_to_goal_interfaces) StdoutLine: {'line': b'-- Up-to-date symlink: /home/tknika/gral-iiriondo/unitree_ws/install/speech_to_goal_interfaces/share/speech_to_goal_interfaces/rust/src/srv.rs\n'}
[3.469099] (object_recognition_interfaces) StdoutLine: {'line': b'-- Up-to-date symlink: /home/tknika/gral-iiriondo/unitree_ws/install/object_recognition_interfaces/share/object_recognition_interfaces/srv/AddObject.idl\n'}
[3.469233] (speech_to_goal_interfaces) StdoutLine: {'line': b'-- Up-to-date symlink: /home/tknika/gral-iiriondo/unitree_ws/install/speech_to_goal_interfaces/share/speech_to_goal_interfaces/rust/src/srv/rmw.rs\n'}
[3.469442] (object_recognition_interfaces) StdoutLine: {'line': b'-- Up-to-date symlink: /home/tknika/gral-iiriondo/unitree_ws/install/object_recognition_interfaces/share/object_recognition_interfaces/srv/DetectObject.srv\n'}
[3.469573] (speech_to_goal_interfaces) StdoutLine: {'line': b'-- Up-to-date symlink: /home/tknika/gral-iiriondo/unitree_ws/install/speech_to_goal_interfaces/share/speech_to_goal_interfaces/msg/Waypoint.idl\n'}
[3.469700] (aruco_markers_msgs) StdoutLine: {'line': b'-- Up-to-date symlink: /home/tknika/gral-iiriondo/unitree_ws/install/aruco_markers_msgs/local/lib/python3.10/dist-packages/aruco_markers_msgs/libaruco_markers_msgs__rosidl_generator_py.so\n'}
[3.469891] (object_recognition_interfaces) StdoutLine: {'line': b'-- Up-to-date symlink: /home/tknika/gral-iiriondo/unitree_ws/install/object_recognition_interfaces/share/object_recognition_interfaces/srv/DetectObject_Request.msg\n'}
[3.470067] (speech_to_goal_interfaces) StdoutLine: {'line': b'-- Up-to-date symlink: /home/tknika/gral-iiriondo/unitree_ws/install/speech_to_goal_interfaces/share/speech_to_goal_interfaces/srv/LLMQuery.idl\n'}
[3.470283] (object_recognition_interfaces) StdoutLine: {'line': b'-- Up-to-date symlink: /home/tknika/gral-iiriondo/unitree_ws/install/object_recognition_interfaces/share/object_recognition_interfaces/srv/DetectObject_Response.msg\n'}
[3.470442] (speech_to_goal_interfaces) StdoutLine: {'line': b'-- Up-to-date symlink: /home/tknika/gral-iiriondo/unitree_ws/install/speech_to_goal_interfaces/share/speech_to_goal_interfaces/srv/DetectIntent.idl\n'}
[3.470699] (aruco_markers_msgs) StdoutLine: {'line': b'-- Up-to-date symlink: /home/tknika/gral-iiriondo/unitree_ws/install/aruco_markers_msgs/local/lib/python3.10/dist-packages/aruco_markers_msgs/msg/__init__.py\n'}
[3.470837] (object_recognition_interfaces) StdoutLine: {'line': b'-- Up-to-date symlink: /home/tknika/gral-iiriondo/unitree_ws/install/object_recognition_interfaces/share/object_recognition_interfaces/srv/AddObject.srv\n'}
[3.471027] (speech_to_goal_interfaces) StdoutLine: {'line': b'-- Up-to-date symlink: /home/tknika/gral-iiriondo/unitree_ws/install/speech_to_goal_interfaces/share/speech_to_goal_interfaces/msg/Waypoint.msg\n'}
[3.471157] (aruco_markers_msgs) StdoutLine: {'line': b'-- Up-to-date symlink: /home/tknika/gral-iiriondo/unitree_ws/install/aruco_markers_msgs/local/lib/python3.10/dist-packages/aruco_markers_msgs/msg/_marker.py\n'}
[3.471285] (object_recognition_interfaces) StdoutLine: {'line': b'-- Up-to-date symlink: /home/tknika/gral-iiriondo/unitree_ws/install/object_recognition_interfaces/share/object_recognition_interfaces/srv/AddObject_Request.msg\n'}
[3.471479] (aruco_markers_msgs) StdoutLine: {'line': b'-- Up-to-date symlink: /home/tknika/gral-iiriondo/unitree_ws/install/aruco_markers_msgs/local/lib/python3.10/dist-packages/aruco_markers_msgs/msg/_marker_array.py\n'}
[3.471611] (speech_to_goal_interfaces) StdoutLine: {'line': b'-- Up-to-date symlink: /home/tknika/gral-iiriondo/unitree_ws/install/speech_to_goal_interfaces/share/speech_to_goal_interfaces/srv/LLMQuery.srv\n'}
[3.471739] (object_recognition_interfaces) StdoutLine: {'line': b'-- Up-to-date symlink: /home/tknika/gral-iiriondo/unitree_ws/install/object_recognition_interfaces/share/object_recognition_interfaces/srv/AddObject_Response.msg\n'}
[3.471947] (aruco_markers_msgs) StdoutLine: {'line': b'-- Up-to-date symlink: /home/tknika/gral-iiriondo/unitree_ws/install/aruco_markers_msgs/local/lib/python3.10/dist-packages/aruco_markers_msgs/msg/_marker_array_s.c\n'}
[3.472124] (object_recognition_interfaces) StdoutLine: {'line': b'-- Up-to-date symlink: /home/tknika/gral-iiriondo/unitree_ws/install/object_recognition_interfaces/share/ament_index/resource_index/package_run_dependencies/object_recognition_interfaces\n'}
[3.472323] (speech_to_goal_interfaces) StdoutLine: {'line': b'-- Up-to-date symlink: /home/tknika/gral-iiriondo/unitree_ws/install/speech_to_goal_interfaces/share/speech_to_goal_interfaces/srv/LLMQuery_Request.msg\n'}
[3.472488] (aruco_markers_msgs) StdoutLine: {'line': b'-- Up-to-date symlink: /home/tknika/gral-iiriondo/unitree_ws/install/aruco_markers_msgs/local/lib/python3.10/dist-packages/aruco_markers_msgs/msg/_marker_s.c\n'}
[3.472628] (object_recognition_interfaces) StdoutLine: {'line': b'-- Up-to-date symlink: /home/tknika/gral-iiriondo/unitree_ws/install/object_recognition_interfaces/share/ament_index/resource_index/parent_prefix_path/object_recognition_interfaces\n'}
[3.472836] (speech_to_goal_interfaces) StdoutLine: {'line': b'-- Up-to-date symlink: /home/tknika/gral-iiriondo/unitree_ws/install/speech_to_goal_interfaces/share/speech_to_goal_interfaces/srv/LLMQuery_Response.msg\n'}
[3.472974] (object_recognition_interfaces) StdoutLine: {'line': b'-- Up-to-date symlink: /home/tknika/gral-iiriondo/unitree_ws/install/object_recognition_interfaces/share/object_recognition_interfaces/environment/ament_prefix_path.sh\n'}
[3.473164] (speech_to_goal_interfaces) StdoutLine: {'line': b'-- Up-to-date symlink: /home/tknika/gral-iiriondo/unitree_ws/install/speech_to_goal_interfaces/share/speech_to_goal_interfaces/srv/DetectIntent.srv\n'}
[3.473357] (aruco_markers_msgs) StdoutLine: {'line': b'-- Up-to-date symlink: /home/tknika/gral-iiriondo/unitree_ws/install/aruco_markers_msgs/local/lib/python3.10/dist-packages/aruco_markers_msgs/aruco_markers_msgs_s__rosidl_typesupport_fastrtps_c.cpython-310-aarch64-linux-gnu.so\n'}
[3.473513] (object_recognition_interfaces) StdoutLine: {'line': b'-- Up-to-date symlink: /home/tknika/gral-iiriondo/unitree_ws/install/object_recognition_interfaces/share/object_recognition_interfaces/environment/ament_prefix_path.dsv\n'}
[3.473701] (speech_to_goal_interfaces) StdoutLine: {'line': b'-- Up-to-date symlink: /home/tknika/gral-iiriondo/unitree_ws/install/speech_to_goal_interfaces/share/speech_to_goal_interfaces/srv/DetectIntent_Request.msg\n'}
[3.473835] (object_recognition_interfaces) StdoutLine: {'line': b'-- Up-to-date symlink: /home/tknika/gral-iiriondo/unitree_ws/install/object_recognition_interfaces/share/object_recognition_interfaces/environment/path.sh\n'}
[3.473965] (aruco_markers_msgs) StdoutLine: {'line': b'-- Up-to-date symlink: /home/tknika/gral-iiriondo/unitree_ws/install/aruco_markers_msgs/local/lib/python3.10/dist-packages/aruco_markers_msgs/aruco_markers_msgs_s__rosidl_typesupport_introspection_c.cpython-310-aarch64-linux-gnu.so\n'}
[3.474197] (object_recognition_interfaces) StdoutLine: {'line': b'-- Up-to-date symlink: /home/tknika/gral-iiriondo/unitree_ws/install/object_recognition_interfaces/share/object_recognition_interfaces/environment/path.dsv\n'}
[3.474328] (speech_to_goal_interfaces) StdoutLine: {'line': b'-- Up-to-date symlink: /home/tknika/gral-iiriondo/unitree_ws/install/speech_to_goal_interfaces/share/speech_to_goal_interfaces/srv/DetectIntent_Response.msg\n'}
[3.474531] (speech_to_goal_interfaces) StdoutLine: {'line': b'-- Up-to-date symlink: /home/tknika/gral-iiriondo/unitree_ws/install/speech_to_goal_interfaces/share/ament_index/resource_index/package_run_dependencies/speech_to_goal_interfaces\n'}
[3.474703] (object_recognition_interfaces) StdoutLine: {'line': b'-- Up-to-date symlink: /home/tknika/gral-iiriondo/unitree_ws/install/object_recognition_interfaces/share/object_recognition_interfaces/local_setup.bash\n'}
[3.474891] (aruco_markers_msgs) StdoutLine: {'line': b'-- Up-to-date symlink: /home/tknika/gral-iiriondo/unitree_ws/install/aruco_markers_msgs/local/lib/python3.10/dist-packages/aruco_markers_msgs/aruco_markers_msgs_s__rosidl_typesupport_c.cpython-310-aarch64-linux-gnu.so\n'}
[3.475028] (speech_to_goal_interfaces) StdoutLine: {'line': b'-- Up-to-date symlink: /home/tknika/gral-iiriondo/unitree_ws/install/speech_to_goal_interfaces/share/ament_index/resource_index/parent_prefix_path/speech_to_goal_interfaces\n'}
[3.475153] (object_recognition_interfaces) StdoutLine: {'line': b'-- Up-to-date symlink: /home/tknika/gral-iiriondo/unitree_ws/install/object_recognition_interfaces/share/object_recognition_interfaces/local_setup.sh\n'}
[3.475274] (aruco_markers_msgs) StdoutLine: {'line': b'-- Up-to-date symlink: /home/tknika/gral-iiriondo/unitree_ws/install/aruco_markers_msgs/share/ament_index/resource_index/rust_packages/aruco_markers_msgs\n'}
[3.475399] (speech_to_goal_interfaces) StdoutLine: {'line': b'-- Up-to-date symlink: /home/tknika/gral-iiriondo/unitree_ws/install/speech_to_goal_interfaces/share/speech_to_goal_interfaces/environment/ament_prefix_path.sh\n'}
[3.475527] (speech_to_goal_interfaces) StdoutLine: {'line': b'-- Up-to-date symlink: /home/tknika/gral-iiriondo/unitree_ws/install/speech_to_goal_interfaces/share/speech_to_goal_interfaces/environment/ament_prefix_path.dsv\n'}
[3.475737] (object_recognition_interfaces) StdoutLine: {'line': b'-- Up-to-date symlink: /home/tknika/gral-iiriondo/unitree_ws/install/object_recognition_interfaces/share/object_recognition_interfaces/local_setup.zsh\n'}
[3.475862] (object_recognition_interfaces) StdoutLine: {'line': b'-- Up-to-date symlink: /home/tknika/gral-iiriondo/unitree_ws/install/object_recognition_interfaces/share/object_recognition_interfaces/local_setup.dsv\n'}
[3.476061] (object_recognition_interfaces) StdoutLine: {'line': b'-- Symlinking: /home/tknika/gral-iiriondo/unitree_ws/install/object_recognition_interfaces/share/object_recognition_interfaces/package.dsv\n'}
[3.476186] (aruco_markers_msgs) StdoutLine: {'line': b'-- Up-to-date symlink: /home/tknika/gral-iiriondo/unitree_ws/install/aruco_markers_msgs/share/aruco_markers_msgs/rust/Cargo.toml\n'}
[3.476388] (aruco_markers_msgs) StdoutLine: {'line': b'-- Up-to-date symlink: /home/tknika/gral-iiriondo/unitree_ws/install/aruco_markers_msgs/share/aruco_markers_msgs/rust/build.rs\n'}
[3.476628] (speech_to_goal_interfaces) StdoutLine: {'line': b'-- Up-to-date symlink: /home/tknika/gral-iiriondo/unitree_ws/install/speech_to_goal_interfaces/share/speech_to_goal_interfaces/environment/path.sh\n'}
[3.476805] (speech_to_goal_interfaces) StdoutLine: {'line': b'-- Up-to-date symlink: /home/tknika/gral-iiriondo/unitree_ws/install/speech_to_goal_interfaces/share/speech_to_goal_interfaces/environment/path.dsv\n'}
[3.476994] (aruco_markers_msgs) StdoutLine: {'line': b'-- Up-to-date symlink: /home/tknika/gral-iiriondo/unitree_ws/install/aruco_markers_msgs/share/aruco_markers_msgs/rust/src/lib.rs\n'}
[3.477127] (speech_to_goal_interfaces) StdoutLine: {'line': b'-- Up-to-date symlink: /home/tknika/gral-iiriondo/unitree_ws/install/speech_to_goal_interfaces/share/speech_to_goal_interfaces/local_setup.bash\n'}
[3.477359] (aruco_markers_msgs) StdoutLine: {'line': b'-- Up-to-date symlink: /home/tknika/gral-iiriondo/unitree_ws/install/aruco_markers_msgs/share/aruco_markers_msgs/rust/src/msg.rs\n'}
[3.477690] (speech_to_goal_interfaces) StdoutLine: {'line': b'-- Up-to-date symlink: /home/tknika/gral-iiriondo/unitree_ws/install/speech_to_goal_interfaces/share/speech_to_goal_interfaces/local_setup.sh\n'}
[3.478272] (speech_to_goal_interfaces) StdoutLine: {'line': b'-- Up-to-date symlink: /home/tknika/gral-iiriondo/unitree_ws/install/speech_to_goal_interfaces/share/speech_to_goal_interfaces/local_setup.zsh\n'}
[3.478487] (aruco_markers_msgs) StdoutLine: {'line': b'-- Up-to-date symlink: /home/tknika/gral-iiriondo/unitree_ws/install/aruco_markers_msgs/share/aruco_markers_msgs/rust/src/msg/rmw.rs\n'}
[3.478692] (speech_to_goal_interfaces) StdoutLine: {'line': b'-- Up-to-date symlink: /home/tknika/gral-iiriondo/unitree_ws/install/speech_to_goal_interfaces/share/speech_to_goal_interfaces/local_setup.dsv\n'}
[3.478909] (speech_to_goal_interfaces) StdoutLine: {'line': b'-- Symlinking: /home/tknika/gral-iiriondo/unitree_ws/install/speech_to_goal_interfaces/share/speech_to_goal_interfaces/package.dsv\n'}
[3.479629] (aruco_markers_msgs) StdoutLine: {'line': b'-- Up-to-date symlink: /home/tknika/gral-iiriondo/unitree_ws/install/aruco_markers_msgs/share/aruco_markers_msgs/msg/Marker.idl\n'}
[3.480657] (aruco_markers_msgs) StdoutLine: {'line': b'-- Up-to-date symlink: /home/tknika/gral-iiriondo/unitree_ws/install/aruco_markers_msgs/share/aruco_markers_msgs/msg/MarkerArray.idl\n'}
[3.481540] (aruco_markers_msgs) StdoutLine: {'line': b'-- Up-to-date symlink: /home/tknika/gral-iiriondo/unitree_ws/install/aruco_markers_msgs/share/aruco_markers_msgs/msg/Marker.msg\n'}
[3.482454] (aruco_markers_msgs) StdoutLine: {'line': b'-- Up-to-date symlink: /home/tknika/gral-iiriondo/unitree_ws/install/aruco_markers_msgs/share/aruco_markers_msgs/msg/MarkerArray.msg\n'}
[3.483082] (aruco_markers_msgs) StdoutLine: {'line': b'-- Up-to-date symlink: /home/tknika/gral-iiriondo/unitree_ws/install/aruco_markers_msgs/share/ament_index/resource_index/package_run_dependencies/aruco_markers_msgs\n'}
[3.484236] (aruco_markers_msgs) StdoutLine: {'line': b'-- Up-to-date symlink: /home/tknika/gral-iiriondo/unitree_ws/install/aruco_markers_msgs/share/ament_index/resource_index/parent_prefix_path/aruco_markers_msgs\n'}
[3.485345] (aruco_markers_msgs) StdoutLine: {'line': b'-- Up-to-date symlink: /home/tknika/gral-iiriondo/unitree_ws/install/aruco_markers_msgs/share/aruco_markers_msgs/environment/ament_prefix_path.sh\n'}
[3.486117] (aruco_markers_msgs) StdoutLine: {'line': b'-- Up-to-date symlink: /home/tknika/gral-iiriondo/unitree_ws/install/aruco_markers_msgs/share/aruco_markers_msgs/environment/ament_prefix_path.dsv\n'}
[3.487328] (aruco_markers_msgs) StdoutLine: {'line': b'-- Up-to-date symlink: /home/tknika/gral-iiriondo/unitree_ws/install/aruco_markers_msgs/share/aruco_markers_msgs/environment/path.sh\n'}
[3.488121] (aruco_markers_msgs) StdoutLine: {'line': b'-- Up-to-date symlink: /home/tknika/gral-iiriondo/unitree_ws/install/aruco_markers_msgs/share/aruco_markers_msgs/environment/path.dsv\n'}
[3.489244] (aruco_markers_msgs) StdoutLine: {'line': b'-- Up-to-date symlink: /home/tknika/gral-iiriondo/unitree_ws/install/aruco_markers_msgs/share/aruco_markers_msgs/local_setup.bash\n'}
[3.490381] (aruco_markers_msgs) StdoutLine: {'line': b'-- Up-to-date symlink: /home/tknika/gral-iiriondo/unitree_ws/install/aruco_markers_msgs/share/aruco_markers_msgs/local_setup.sh\n'}
[3.491460] (aruco_markers_msgs) StdoutLine: {'line': b'-- Up-to-date symlink: /home/tknika/gral-iiriondo/unitree_ws/install/aruco_markers_msgs/share/aruco_markers_msgs/local_setup.zsh\n'}
[3.492188] (aruco_markers_msgs) StdoutLine: {'line': b'-- Up-to-date symlink: /home/tknika/gral-iiriondo/unitree_ws/install/aruco_markers_msgs/share/aruco_markers_msgs/local_setup.dsv\n'}
[3.492887] (aruco_markers_msgs) StdoutLine: {'line': b'-- Symlinking: /home/tknika/gral-iiriondo/unitree_ws/install/aruco_markers_msgs/share/aruco_markers_msgs/package.dsv\n'}
[3.497992] (speech_to_goal_interfaces) StdoutLine: {'line': b'-- Up-to-date symlink: /home/tknika/gral-iiriondo/unitree_ws/install/speech_to_goal_interfaces/share/ament_index/resource_index/packages/speech_to_goal_interfaces\n'}
[3.498575] (object_recognition_interfaces) StdoutLine: {'line': b'-- Up-to-date symlink: /home/tknika/gral-iiriondo/unitree_ws/install/object_recognition_interfaces/share/ament_index/resource_index/packages/object_recognition_interfaces\n'}
[3.498967] (object_recognition_interfaces) StdoutLine: {'line': b'-- Up-to-date symlink: /home/tknika/gral-iiriondo/unitree_ws/install/object_recognition_interfaces/share/object_recognition_interfaces/cmake/rosidl_cmake-extras.cmake\n'}
[3.499173] (speech_to_goal_interfaces) StdoutLine: {'line': b'-- Up-to-date symlink: /home/tknika/gral-iiriondo/unitree_ws/install/speech_to_goal_interfaces/share/speech_to_goal_interfaces/cmake/rosidl_cmake-extras.cmake\n'}
[3.499591] (speech_to_goal_interfaces) StdoutLine: {'line': b'-- Up-to-date symlink: /home/tknika/gral-iiriondo/unitree_ws/install/speech_to_goal_interfaces/share/speech_to_goal_interfaces/cmake/ament_cmake_export_include_directories-extras.cmake\n'}
[3.499915] (object_recognition_interfaces) StdoutLine: {'line': b'-- Up-to-date symlink: /home/tknika/gral-iiriondo/unitree_ws/install/object_recognition_interfaces/share/object_recognition_interfaces/cmake/ament_cmake_export_include_directories-extras.cmake\n'}
[3.500318] (speech_to_goal_interfaces) StdoutLine: {'line': b'-- Up-to-date symlink: /home/tknika/gral-iiriondo/unitree_ws/install/speech_to_goal_interfaces/share/speech_to_goal_interfaces/cmake/ament_cmake_export_libraries-extras.cmake\n'}
[3.500671] (object_recognition_interfaces) StdoutLine: {'line': b'-- Up-to-date symlink: /home/tknika/gral-iiriondo/unitree_ws/install/object_recognition_interfaces/share/object_recognition_interfaces/cmake/ament_cmake_export_libraries-extras.cmake\n'}
[3.501099] (speech_to_goal_interfaces) StdoutLine: {'line': b'-- Up-to-date symlink: /home/tknika/gral-iiriondo/unitree_ws/install/speech_to_goal_interfaces/share/speech_to_goal_interfaces/cmake/ament_cmake_export_targets-extras.cmake\n'}
[3.501387] (object_recognition_interfaces) StdoutLine: {'line': b'-- Up-to-date symlink: /home/tknika/gral-iiriondo/unitree_ws/install/object_recognition_interfaces/share/object_recognition_interfaces/cmake/ament_cmake_export_targets-extras.cmake\n'}
[3.501805] (object_recognition_interfaces) StdoutLine: {'line': b'-- Up-to-date symlink: /home/tknika/gral-iiriondo/unitree_ws/install/object_recognition_interfaces/share/object_recognition_interfaces/cmake/rosidl_cmake_export_typesupport_targets-extras.cmake\n'}
[3.502116] (speech_to_goal_interfaces) StdoutLine: {'line': b'-- Up-to-date symlink: /home/tknika/gral-iiriondo/unitree_ws/install/speech_to_goal_interfaces/share/speech_to_goal_interfaces/cmake/rosidl_cmake_export_typesupport_targets-extras.cmake\n'}
[3.502552] (speech_to_goal_interfaces) StdoutLine: {'line': b'-- Up-to-date symlink: /home/tknika/gral-iiriondo/unitree_ws/install/speech_to_goal_interfaces/share/speech_to_goal_interfaces/cmake/ament_cmake_export_dependencies-extras.cmake\n'}
[3.504320] (speech_to_goal_interfaces) StdoutLine: {'line': b'-- Up-to-date symlink: /home/tknika/gral-iiriondo/unitree_ws/install/speech_to_goal_interfaces/share/speech_to_goal_interfaces/cmake/rosidl_cmake_export_typesupport_libraries-extras.cmake\n'}
[3.504846] (speech_to_goal_interfaces) StdoutLine: {'line': b'-- Up-to-date symlink: /home/tknika/gral-iiriondo/unitree_ws/install/speech_to_goal_interfaces/share/speech_to_goal_interfaces/cmake/speech_to_goal_interfacesConfig.cmake\n'}
[3.505056] (object_recognition_interfaces) StdoutLine: {'line': b'-- Up-to-date symlink: /home/tknika/gral-iiriondo/unitree_ws/install/object_recognition_interfaces/share/object_recognition_interfaces/cmake/ament_cmake_export_dependencies-extras.cmake\n'}
[3.505572] (speech_to_goal_interfaces) StdoutLine: {'line': b'-- Up-to-date symlink: /home/tknika/gral-iiriondo/unitree_ws/install/speech_to_goal_interfaces/share/speech_to_goal_interfaces/cmake/speech_to_goal_interfacesConfig-version.cmake\n'}
[3.505782] (speech_to_goal_interfaces) StdoutLine: {'line': b'-- Up-to-date symlink: /home/tknika/gral-iiriondo/unitree_ws/install/speech_to_goal_interfaces/share/speech_to_goal_interfaces/package.xml\n'}
[3.505937] (object_recognition_interfaces) StdoutLine: {'line': b'-- Up-to-date symlink: /home/tknika/gral-iiriondo/unitree_ws/install/object_recognition_interfaces/share/object_recognition_interfaces/cmake/rosidl_cmake_export_typesupport_libraries-extras.cmake\n'}
[3.506154] (object_recognition_interfaces) StdoutLine: {'line': b'-- Up-to-date symlink: /home/tknika/gral-iiriondo/unitree_ws/install/object_recognition_interfaces/share/object_recognition_interfaces/cmake/object_recognition_interfacesConfig.cmake\n'}
[3.506899] (speech_to_goal_interfaces) StdoutLine: {'line': b'-- Up-to-date: /home/tknika/gral-iiriondo/unitree_ws/install/speech_to_goal_interfaces/lib/libspeech_to_goal_interfaces__rosidl_generator_c.so\n'}
[3.507128] (object_recognition_interfaces) StdoutLine: {'line': b'-- Up-to-date symlink: /home/tknika/gral-iiriondo/unitree_ws/install/object_recognition_interfaces/share/object_recognition_interfaces/cmake/object_recognition_interfacesConfig-version.cmake\n'}
[3.507843] (object_recognition_interfaces) StdoutLine: {'line': b'-- Up-to-date symlink: /home/tknika/gral-iiriondo/unitree_ws/install/object_recognition_interfaces/share/object_recognition_interfaces/package.xml\n'}
[3.508285] (speech_to_goal_interfaces) StdoutLine: {'line': b'-- Up-to-date: /home/tknika/gral-iiriondo/unitree_ws/install/speech_to_goal_interfaces/lib/libspeech_to_goal_interfaces__rosidl_typesupport_fastrtps_c.so\n'}
[3.509388] (speech_to_goal_interfaces) StdoutLine: {'line': b'-- Up-to-date: /home/tknika/gral-iiriondo/unitree_ws/install/speech_to_goal_interfaces/lib/libspeech_to_goal_interfaces__rosidl_typesupport_introspection_c.so\n'}
[3.509775] (object_recognition_interfaces) StdoutLine: {'line': b'-- Up-to-date: /home/tknika/gral-iiriondo/unitree_ws/install/object_recognition_interfaces/lib/libobject_recognition_interfaces__rosidl_generator_c.so\n'}
[3.510392] (speech_to_goal_interfaces) StdoutLine: {'line': b'-- Up-to-date: /home/tknika/gral-iiriondo/unitree_ws/install/speech_to_goal_interfaces/lib/libspeech_to_goal_interfaces__rosidl_typesupport_c.so\n'}
[3.510770] (object_recognition_interfaces) StdoutLine: {'line': b'-- Up-to-date: /home/tknika/gral-iiriondo/unitree_ws/install/object_recognition_interfaces/lib/libobject_recognition_interfaces__rosidl_typesupport_fastrtps_c.so\n'}
[3.512001] (object_recognition_interfaces) StdoutLine: {'line': b'-- Up-to-date: /home/tknika/gral-iiriondo/unitree_ws/install/object_recognition_interfaces/lib/libobject_recognition_interfaces__rosidl_typesupport_introspection_c.so\n'}
[3.512371] (speech_to_goal_interfaces) StdoutLine: {'line': b'-- Up-to-date: /home/tknika/gral-iiriondo/unitree_ws/install/speech_to_goal_interfaces/lib/libspeech_to_goal_interfaces__rosidl_typesupport_fastrtps_cpp.so\n'}
[3.513243] (object_recognition_interfaces) StdoutLine: {'line': b'-- Up-to-date: /home/tknika/gral-iiriondo/unitree_ws/install/object_recognition_interfaces/lib/libobject_recognition_interfaces__rosidl_typesupport_c.so\n'}
[3.514264] (speech_to_goal_interfaces) StdoutLine: {'line': b'-- Up-to-date: /home/tknika/gral-iiriondo/unitree_ws/install/speech_to_goal_interfaces/lib/libspeech_to_goal_interfaces__rosidl_typesupport_introspection_cpp.so\n'}
[3.514814] (object_recognition_interfaces) StdoutLine: {'line': b'-- Up-to-date: /home/tknika/gral-iiriondo/unitree_ws/install/object_recognition_interfaces/lib/libobject_recognition_interfaces__rosidl_typesupport_fastrtps_cpp.so\n'}
[3.515232] (speech_to_goal_interfaces) StdoutLine: {'line': b'-- Up-to-date: /home/tknika/gral-iiriondo/unitree_ws/install/speech_to_goal_interfaces/lib/libspeech_to_goal_interfaces__rosidl_typesupport_cpp.so\n'}
[3.516012] (object_recognition_interfaces) StdoutLine: {'line': b'-- Up-to-date: /home/tknika/gral-iiriondo/unitree_ws/install/object_recognition_interfaces/lib/libobject_recognition_interfaces__rosidl_typesupport_introspection_cpp.so\n'}
[3.517319] (object_recognition_interfaces) StdoutLine: {'line': b'-- Up-to-date: /home/tknika/gral-iiriondo/unitree_ws/install/object_recognition_interfaces/lib/libobject_recognition_interfaces__rosidl_typesupport_cpp.so\n'}
[3.523137] (-) TimerEvent: {}
[3.525432] (aruco_markers_msgs) StdoutLine: {'line': b'-- Up-to-date symlink: /home/tknika/gral-iiriondo/unitree_ws/install/aruco_markers_msgs/share/ament_index/resource_index/packages/aruco_markers_msgs\n'}
[3.526504] (aruco_markers_msgs) StdoutLine: {'line': b'-- Up-to-date symlink: /home/tknika/gral-iiriondo/unitree_ws/install/aruco_markers_msgs/share/aruco_markers_msgs/cmake/rosidl_cmake-extras.cmake\n'}
[3.527371] (aruco_markers_msgs) StdoutLine: {'line': b'-- Up-to-date symlink: /home/tknika/gral-iiriondo/unitree_ws/install/aruco_markers_msgs/share/aruco_markers_msgs/cmake/ament_cmake_export_dependencies-extras.cmake\n'}
[3.528248] (aruco_markers_msgs) StdoutLine: {'line': b'-- Up-to-date symlink: /home/tknika/gral-iiriondo/unitree_ws/install/aruco_markers_msgs/share/aruco_markers_msgs/cmake/ament_cmake_export_include_directories-extras.cmake\n'}
[3.529279] (aruco_markers_msgs) StdoutLine: {'line': b'-- Up-to-date symlink: /home/tknika/gral-iiriondo/unitree_ws/install/aruco_markers_msgs/share/aruco_markers_msgs/cmake/ament_cmake_export_libraries-extras.cmake\n'}
[3.530097] (aruco_markers_msgs) StdoutLine: {'line': b'-- Up-to-date symlink: /home/tknika/gral-iiriondo/unitree_ws/install/aruco_markers_msgs/share/aruco_markers_msgs/cmake/ament_cmake_export_targets-extras.cmake\n'}
[3.530917] (aruco_markers_msgs) StdoutLine: {'line': b'-- Up-to-date symlink: /home/tknika/gral-iiriondo/unitree_ws/install/aruco_markers_msgs/share/aruco_markers_msgs/cmake/rosidl_cmake_export_typesupport_targets-extras.cmake\n'}
[3.531745] (aruco_markers_msgs) StdoutLine: {'line': b'-- Up-to-date symlink: /home/tknika/gral-iiriondo/unitree_ws/install/aruco_markers_msgs/share/aruco_markers_msgs/cmake/rosidl_cmake_export_typesupport_libraries-extras.cmake\n'}
[3.532590] (aruco_markers_msgs) StdoutLine: {'line': b'-- Up-to-date symlink: /home/tknika/gral-iiriondo/unitree_ws/install/aruco_markers_msgs/share/aruco_markers_msgs/cmake/aruco_markers_msgsConfig.cmake\n'}
[3.533331] (aruco_markers_msgs) StdoutLine: {'line': b'-- Up-to-date symlink: /home/tknika/gral-iiriondo/unitree_ws/install/aruco_markers_msgs/share/aruco_markers_msgs/cmake/aruco_markers_msgsConfig-version.cmake\n'}
[3.534133] (aruco_markers_msgs) StdoutLine: {'line': b'-- Up-to-date symlink: /home/tknika/gral-iiriondo/unitree_ws/install/aruco_markers_msgs/share/aruco_markers_msgs/package.xml\n'}
[3.535465] (aruco_markers_msgs) StdoutLine: {'line': b'-- Up-to-date: /home/tknika/gral-iiriondo/unitree_ws/install/aruco_markers_msgs/lib/libaruco_markers_msgs__rosidl_generator_c.so\n'}
[3.537093] (aruco_markers_msgs) StdoutLine: {'line': b'-- Up-to-date: /home/tknika/gral-iiriondo/unitree_ws/install/aruco_markers_msgs/lib/libaruco_markers_msgs__rosidl_typesupport_fastrtps_c.so\n'}
[3.539284] (aruco_markers_msgs) StdoutLine: {'line': b'-- Up-to-date: /home/tknika/gral-iiriondo/unitree_ws/install/aruco_markers_msgs/lib/libaruco_markers_msgs__rosidl_typesupport_fastrtps_cpp.so\n'}
[3.540796] (aruco_markers_msgs) StdoutLine: {'line': b'-- Up-to-date: /home/tknika/gral-iiriondo/unitree_ws/install/aruco_markers_msgs/lib/libaruco_markers_msgs__rosidl_typesupport_introspection_c.so\n'}
[3.542280] (aruco_markers_msgs) StdoutLine: {'line': b'-- Up-to-date: /home/tknika/gral-iiriondo/unitree_ws/install/aruco_markers_msgs/lib/libaruco_markers_msgs__rosidl_typesupport_c.so\n'}
[3.544495] (aruco_markers_msgs) StdoutLine: {'line': b'-- Up-to-date: /home/tknika/gral-iiriondo/unitree_ws/install/aruco_markers_msgs/lib/libaruco_markers_msgs__rosidl_typesupport_introspection_cpp.so\n'}
[3.545998] (aruco_markers_msgs) StdoutLine: {'line': b'-- Up-to-date: /home/tknika/gral-iiriondo/unitree_ws/install/aruco_markers_msgs/lib/libaruco_markers_msgs__rosidl_typesupport_cpp.so\n'}
[3.605748] (object_recognition_interfaces) StdoutLine: {'line': b"Listing '/home/tknika/gral-iiriondo/unitree_ws/install/object_recognition_interfaces/local/lib/python3.10/dist-packages/object_recognition_interfaces'...\n"}
[3.606249] (object_recognition_interfaces) StdoutLine: {'line': b"Listing '/home/tknika/gral-iiriondo/unitree_ws/install/object_recognition_interfaces/local/lib/python3.10/dist-packages/object_recognition_interfaces/srv'...\n"}
[3.615024] (speech_to_goal_interfaces) StdoutLine: {'line': b"Listing '/home/tknika/gral-iiriondo/unitree_ws/install/speech_to_goal_interfaces/local/lib/python3.10/dist-packages/speech_to_goal_interfaces'...\n"}
[3.615474] (speech_to_goal_interfaces) StdoutLine: {'line': b"Listing '/home/tknika/gral-iiriondo/unitree_ws/install/speech_to_goal_interfaces/local/lib/python3.10/dist-packages/speech_to_goal_interfaces/msg'...\n"}
[3.615730] (speech_to_goal_interfaces) StdoutLine: {'line': b"Listing '/home/tknika/gral-iiriondo/unitree_ws/install/speech_to_goal_interfaces/local/lib/python3.10/dist-packages/speech_to_goal_interfaces/srv'...\n"}
[3.621130] (object_recognition_interfaces) StdoutLine: {'line': b'-- Up-to-date: /home/tknika/gral-iiriondo/unitree_ws/install/object_recognition_interfaces/lib/libobject_recognition_interfaces__rosidl_generator_py.so\n'}
[3.621867] (object_recognition_interfaces) StdoutLine: {'line': b'-- Up-to-date: /home/tknika/gral-iiriondo/unitree_ws/install/object_recognition_interfaces/share/object_recognition_interfaces/cmake/export_object_recognition_interfaces__rosidl_generator_cExport.cmake\n'}
[3.622271] (object_recognition_interfaces) StdoutLine: {'line': b'-- Up-to-date: /home/tknika/gral-iiriondo/unitree_ws/install/object_recognition_interfaces/share/object_recognition_interfaces/cmake/export_object_recognition_interfaces__rosidl_generator_cExport-noconfig.cmake\n'}
[3.622960] (object_recognition_interfaces) StdoutLine: {'line': b'-- Up-to-date: /home/tknika/gral-iiriondo/unitree_ws/install/object_recognition_interfaces/share/object_recognition_interfaces/cmake/export_object_recognition_interfaces__rosidl_typesupport_fastrtps_cExport.cmake\n'}
[3.623295] (-) TimerEvent: {}
[3.623591] (object_recognition_interfaces) StdoutLine: {'line': b'-- Up-to-date: /home/tknika/gral-iiriondo/unitree_ws/install/object_recognition_interfaces/share/object_recognition_interfaces/cmake/export_object_recognition_interfaces__rosidl_typesupport_fastrtps_cExport-noconfig.cmake\n'}
[3.623986] (object_recognition_interfaces) StdoutLine: {'line': b'-- Up-to-date: /home/tknika/gral-iiriondo/unitree_ws/install/object_recognition_interfaces/share/object_recognition_interfaces/cmake/object_recognition_interfaces__rosidl_typesupport_introspection_cExport.cmake\n'}
[3.624312] (object_recognition_interfaces) StdoutLine: {'line': b'-- Up-to-date: /home/tknika/gral-iiriondo/unitree_ws/install/object_recognition_interfaces/share/object_recognition_interfaces/cmake/object_recognition_interfaces__rosidl_typesupport_introspection_cExport-noconfig.cmake\n'}
[3.625178] (object_recognition_interfaces) StdoutLine: {'line': b'-- Up-to-date: /home/tknika/gral-iiriondo/unitree_ws/install/object_recognition_interfaces/share/object_recognition_interfaces/cmake/object_recognition_interfaces__rosidl_typesupport_cExport.cmake\n'}
[3.625426] (object_recognition_interfaces) StdoutLine: {'line': b'-- Up-to-date: /home/tknika/gral-iiriondo/unitree_ws/install/object_recognition_interfaces/share/object_recognition_interfaces/cmake/object_recognition_interfaces__rosidl_typesupport_cExport-noconfig.cmake\n'}
[3.626034] (object_recognition_interfaces) StdoutLine: {'line': b'-- Up-to-date: /home/tknika/gral-iiriondo/unitree_ws/install/object_recognition_interfaces/share/object_recognition_interfaces/cmake/export_object_recognition_interfaces__rosidl_generator_cppExport.cmake\n'}
[3.627037] (object_recognition_interfaces) StdoutLine: {'line': b'-- Up-to-date: /home/tknika/gral-iiriondo/unitree_ws/install/object_recognition_interfaces/share/object_recognition_interfaces/cmake/export_object_recognition_interfaces__rosidl_typesupport_fastrtps_cppExport.cmake\n'}
[3.627285] (object_recognition_interfaces) StdoutLine: {'line': b'-- Up-to-date: /home/tknika/gral-iiriondo/unitree_ws/install/object_recognition_interfaces/share/object_recognition_interfaces/cmake/export_object_recognition_interfaces__rosidl_typesupport_fastrtps_cppExport-noconfig.cmake\n'}
[3.628076] (object_recognition_interfaces) StdoutLine: {'line': b'-- Up-to-date: /home/tknika/gral-iiriondo/unitree_ws/install/object_recognition_interfaces/share/object_recognition_interfaces/cmake/object_recognition_interfaces__rosidl_typesupport_introspection_cppExport.cmake\n'}
[3.628294] (object_recognition_interfaces) StdoutLine: {'line': b'-- Up-to-date: /home/tknika/gral-iiriondo/unitree_ws/install/object_recognition_interfaces/share/object_recognition_interfaces/cmake/object_recognition_interfaces__rosidl_typesupport_introspection_cppExport-noconfig.cmake\n'}
[3.629073] (object_recognition_interfaces) StdoutLine: {'line': b'-- Up-to-date: /home/tknika/gral-iiriondo/unitree_ws/install/object_recognition_interfaces/share/object_recognition_interfaces/cmake/object_recognition_interfaces__rosidl_typesupport_cppExport.cmake\n'}
[3.629435] (object_recognition_interfaces) StdoutLine: {'line': b'-- Up-to-date: /home/tknika/gral-iiriondo/unitree_ws/install/object_recognition_interfaces/share/object_recognition_interfaces/cmake/object_recognition_interfaces__rosidl_typesupport_cppExport-noconfig.cmake\n'}
[3.630225] (object_recognition_interfaces) StdoutLine: {'line': b'-- Up-to-date: /home/tknika/gral-iiriondo/unitree_ws/install/object_recognition_interfaces/share/object_recognition_interfaces/cmake/export_object_recognition_interfaces__rosidl_generator_pyExport.cmake\n'}
[3.630767] (object_recognition_interfaces) StdoutLine: {'line': b'-- Up-to-date: /home/tknika/gral-iiriondo/unitree_ws/install/object_recognition_interfaces/share/object_recognition_interfaces/cmake/export_object_recognition_interfaces__rosidl_generator_pyExport-noconfig.cmake\n'}
[3.632372] (speech_to_goal_interfaces) StdoutLine: {'line': b'-- Up-to-date: /home/tknika/gral-iiriondo/unitree_ws/install/speech_to_goal_interfaces/lib/libspeech_to_goal_interfaces__rosidl_generator_py.so\n'}
[3.634122] (speech_to_goal_interfaces) StdoutLine: {'line': b'-- Up-to-date: /home/tknika/gral-iiriondo/unitree_ws/install/speech_to_goal_interfaces/share/speech_to_goal_interfaces/cmake/export_speech_to_goal_interfaces__rosidl_generator_cExport.cmake\n'}
[3.635194] (speech_to_goal_interfaces) StdoutLine: {'line': b'-- Up-to-date: /home/tknika/gral-iiriondo/unitree_ws/install/speech_to_goal_interfaces/share/speech_to_goal_interfaces/cmake/export_speech_to_goal_interfaces__rosidl_generator_cExport-noconfig.cmake\n'}
[3.637246] (object_recognition_interfaces) CommandEnded: {'returncode': 0}
[3.638763] (speech_to_goal_interfaces) StdoutLine: {'line': b'-- Up-to-date: /home/tknika/gral-iiriondo/unitree_ws/install/speech_to_goal_interfaces/share/speech_to_goal_interfaces/cmake/export_speech_to_goal_interfaces__rosidl_typesupport_fastrtps_cExport.cmake\n'}
[3.639651] (speech_to_goal_interfaces) StdoutLine: {'line': b'-- Up-to-date: /home/tknika/gral-iiriondo/unitree_ws/install/speech_to_goal_interfaces/share/speech_to_goal_interfaces/cmake/export_speech_to_goal_interfaces__rosidl_typesupport_fastrtps_cExport-noconfig.cmake\n'}
[3.640848] (speech_to_goal_interfaces) StdoutLine: {'line': b'-- Up-to-date: /home/tknika/gral-iiriondo/unitree_ws/install/speech_to_goal_interfaces/share/speech_to_goal_interfaces/cmake/speech_to_goal_interfaces__rosidl_typesupport_introspection_cExport.cmake\n'}
[3.641527] (speech_to_goal_interfaces) StdoutLine: {'line': b'-- Up-to-date: /home/tknika/gral-iiriondo/unitree_ws/install/speech_to_goal_interfaces/share/speech_to_goal_interfaces/cmake/speech_to_goal_interfaces__rosidl_typesupport_introspection_cExport-noconfig.cmake\n'}
[3.642276] (speech_to_goal_interfaces) StdoutLine: {'line': b'-- Up-to-date: /home/tknika/gral-iiriondo/unitree_ws/install/speech_to_goal_interfaces/share/speech_to_goal_interfaces/cmake/speech_to_goal_interfaces__rosidl_typesupport_cExport.cmake\n'}
[3.642945] (speech_to_goal_interfaces) StdoutLine: {'line': b'-- Up-to-date: /home/tknika/gral-iiriondo/unitree_ws/install/speech_to_goal_interfaces/share/speech_to_goal_interfaces/cmake/speech_to_goal_interfaces__rosidl_typesupport_cExport-noconfig.cmake\n'}
[3.644018] (aruco_markers_msgs) StdoutLine: {'line': b"Listing '/home/tknika/gral-iiriondo/unitree_ws/install/aruco_markers_msgs/local/lib/python3.10/dist-packages/aruco_markers_msgs'...\n"}
[3.644893] (aruco_markers_msgs) StdoutLine: {'line': b"Listing '/home/tknika/gral-iiriondo/unitree_ws/install/aruco_markers_msgs/local/lib/python3.10/dist-packages/aruco_markers_msgs/msg'...\n"}
[3.645937] (speech_to_goal_interfaces) StdoutLine: {'line': b'-- Up-to-date: /home/tknika/gral-iiriondo/unitree_ws/install/speech_to_goal_interfaces/share/speech_to_goal_interfaces/cmake/export_speech_to_goal_interfaces__rosidl_generator_cppExport.cmake\n'}
[3.646557] (speech_to_goal_interfaces) StdoutLine: {'line': b'-- Up-to-date: /home/tknika/gral-iiriondo/unitree_ws/install/speech_to_goal_interfaces/share/speech_to_goal_interfaces/cmake/export_speech_to_goal_interfaces__rosidl_typesupport_fastrtps_cppExport.cmake\n'}
[3.647502] (speech_to_goal_interfaces) StdoutLine: {'line': b'-- Up-to-date: /home/tknika/gral-iiriondo/unitree_ws/install/speech_to_goal_interfaces/share/speech_to_goal_interfaces/cmake/export_speech_to_goal_interfaces__rosidl_typesupport_fastrtps_cppExport-noconfig.cmake\n'}
[3.648063] (speech_to_goal_interfaces) StdoutLine: {'line': b'-- Up-to-date: /home/tknika/gral-iiriondo/unitree_ws/install/speech_to_goal_interfaces/share/speech_to_goal_interfaces/cmake/speech_to_goal_interfaces__rosidl_typesupport_introspection_cppExport.cmake\n'}
[3.648869] (speech_to_goal_interfaces) StdoutLine: {'line': b'-- Up-to-date: /home/tknika/gral-iiriondo/unitree_ws/install/speech_to_goal_interfaces/share/speech_to_goal_interfaces/cmake/speech_to_goal_interfaces__rosidl_typesupport_introspection_cppExport-noconfig.cmake\n'}
[3.649475] (speech_to_goal_interfaces) StdoutLine: {'line': b'-- Up-to-date: /home/tknika/gral-iiriondo/unitree_ws/install/speech_to_goal_interfaces/share/speech_to_goal_interfaces/cmake/speech_to_goal_interfaces__rosidl_typesupport_cppExport.cmake\n'}
[3.649970] (speech_to_goal_interfaces) StdoutLine: {'line': b'-- Up-to-date: /home/tknika/gral-iiriondo/unitree_ws/install/speech_to_goal_interfaces/share/speech_to_goal_interfaces/cmake/speech_to_goal_interfaces__rosidl_typesupport_cppExport-noconfig.cmake\n'}
[3.650624] (speech_to_goal_interfaces) StdoutLine: {'line': b'-- Up-to-date: /home/tknika/gral-iiriondo/unitree_ws/install/speech_to_goal_interfaces/share/speech_to_goal_interfaces/cmake/export_speech_to_goal_interfaces__rosidl_generator_pyExport.cmake\n'}
[3.651528] (speech_to_goal_interfaces) StdoutLine: {'line': b'-- Up-to-date: /home/tknika/gral-iiriondo/unitree_ws/install/speech_to_goal_interfaces/share/speech_to_goal_interfaces/cmake/export_speech_to_goal_interfaces__rosidl_generator_pyExport-noconfig.cmake\n'}
[3.672244] (aruco_markers_msgs) StdoutLine: {'line': b'-- Up-to-date: /home/tknika/gral-iiriondo/unitree_ws/install/aruco_markers_msgs/lib/libaruco_markers_msgs__rosidl_generator_py.so\n'}
[3.676674] (aruco_markers_msgs) StdoutLine: {'line': b'-- Up-to-date: /home/tknika/gral-iiriondo/unitree_ws/install/aruco_markers_msgs/share/aruco_markers_msgs/cmake/export_aruco_markers_msgs__rosidl_generator_cExport.cmake\n'}
[3.678453] (aruco_markers_msgs) StdoutLine: {'line': b'-- Up-to-date: /home/tknika/gral-iiriondo/unitree_ws/install/aruco_markers_msgs/share/aruco_markers_msgs/cmake/export_aruco_markers_msgs__rosidl_generator_cExport-noconfig.cmake\n'}
[3.681245] (aruco_markers_msgs) StdoutLine: {'line': b'-- Up-to-date: /home/tknika/gral-iiriondo/unitree_ws/install/aruco_markers_msgs/share/aruco_markers_msgs/cmake/export_aruco_markers_msgs__rosidl_typesupport_fastrtps_cExport.cmake\n'}
[3.682613] (aruco_markers_msgs) StdoutLine: {'line': b'-- Up-to-date: /home/tknika/gral-iiriondo/unitree_ws/install/aruco_markers_msgs/share/aruco_markers_msgs/cmake/export_aruco_markers_msgs__rosidl_typesupport_fastrtps_cExport-noconfig.cmake\n'}
[3.683191] (aruco_markers_msgs) StdoutLine: {'line': b'-- Up-to-date: /home/tknika/gral-iiriondo/unitree_ws/install/aruco_markers_msgs/share/aruco_markers_msgs/cmake/export_aruco_markers_msgs__rosidl_generator_cppExport.cmake\n'}
[3.684569] (aruco_markers_msgs) StdoutLine: {'line': b'-- Up-to-date: /home/tknika/gral-iiriondo/unitree_ws/install/aruco_markers_msgs/share/aruco_markers_msgs/cmake/export_aruco_markers_msgs__rosidl_typesupport_fastrtps_cppExport.cmake\n'}
[3.684792] (aruco_markers_msgs) StdoutLine: {'line': b'-- Up-to-date: /home/tknika/gral-iiriondo/unitree_ws/install/aruco_markers_msgs/share/aruco_markers_msgs/cmake/export_aruco_markers_msgs__rosidl_typesupport_fastrtps_cppExport-noconfig.cmake\n'}
[3.684986] (aruco_markers_msgs) StdoutLine: {'line': b'-- Up-to-date: /home/tknika/gral-iiriondo/unitree_ws/install/aruco_markers_msgs/share/aruco_markers_msgs/cmake/aruco_markers_msgs__rosidl_typesupport_introspection_cExport.cmake\n'}
[3.685308] (aruco_markers_msgs) StdoutLine: {'line': b'-- Up-to-date: /home/tknika/gral-iiriondo/unitree_ws/install/aruco_markers_msgs/share/aruco_markers_msgs/cmake/aruco_markers_msgs__rosidl_typesupport_introspection_cExport-noconfig.cmake\n'}
[3.690363] (aruco_markers_msgs) StdoutLine: {'line': b'-- Up-to-date: /home/tknika/gral-iiriondo/unitree_ws/install/aruco_markers_msgs/share/aruco_markers_msgs/cmake/aruco_markers_msgs__rosidl_typesupport_cExport.cmake\n'}
[3.691453] (aruco_markers_msgs) StdoutLine: {'line': b'-- Up-to-date: /home/tknika/gral-iiriondo/unitree_ws/install/aruco_markers_msgs/share/aruco_markers_msgs/cmake/aruco_markers_msgs__rosidl_typesupport_cExport-noconfig.cmake\n'}
[3.691708] (aruco_markers_msgs) StdoutLine: {'line': b'-- Up-to-date: /home/tknika/gral-iiriondo/unitree_ws/install/aruco_markers_msgs/share/aruco_markers_msgs/cmake/aruco_markers_msgs__rosidl_typesupport_introspection_cppExport.cmake\n'}
[3.691967] (aruco_markers_msgs) StdoutLine: {'line': b'-- Up-to-date: /home/tknika/gral-iiriondo/unitree_ws/install/aruco_markers_msgs/share/aruco_markers_msgs/cmake/aruco_markers_msgs__rosidl_typesupport_introspection_cppExport-noconfig.cmake\n'}
[3.692547] (aruco_markers_msgs) StdoutLine: {'line': b'-- Up-to-date: /home/tknika/gral-iiriondo/unitree_ws/install/aruco_markers_msgs/share/aruco_markers_msgs/cmake/aruco_markers_msgs__rosidl_typesupport_cppExport.cmake\n'}
[3.692784] (aruco_markers_msgs) StdoutLine: {'line': b'-- Up-to-date: /home/tknika/gral-iiriondo/unitree_ws/install/aruco_markers_msgs/share/aruco_markers_msgs/cmake/aruco_markers_msgs__rosidl_typesupport_cppExport-noconfig.cmake\n'}
[3.693162] (aruco_markers_msgs) StdoutLine: {'line': b'-- Up-to-date: /home/tknika/gral-iiriondo/unitree_ws/install/aruco_markers_msgs/share/aruco_markers_msgs/cmake/export_aruco_markers_msgs__rosidl_generator_pyExport.cmake\n'}
[3.693350] (aruco_markers_msgs) StdoutLine: {'line': b'-- Up-to-date: /home/tknika/gral-iiriondo/unitree_ws/install/aruco_markers_msgs/share/aruco_markers_msgs/cmake/export_aruco_markers_msgs__rosidl_generator_pyExport-noconfig.cmake\n'}
[3.712830] (object_recognition_interfaces) JobEnded: {'identifier': 'object_recognition_interfaces', 'rc': 0}
[3.715402] (object_recognition) JobStarted: {'identifier': 'object_recognition'}
[3.723411] (-) TimerEvent: {}
[3.729382] (speech_to_goal_interfaces) CommandEnded: {'returncode': 0}
[3.769125] (speech_to_goal_interfaces) JobEnded: {'identifier': 'speech_to_goal_interfaces', 'rc': 0}
[3.771363] (aruco_markers_msgs) CommandEnded: {'returncode': 0}
[3.804053] (aruco_markers_msgs) JobEnded: {'identifier': 'aruco_markers_msgs', 'rc': 0}
[3.807401] (aruco_detector) JobStarted: {'identifier': 'aruco_detector'}
[3.822366] (speech_to_goal) JobStarted: {'identifier': 'speech_to_goal'}
[3.823699] (-) TimerEvent: {}
[3.924362] (-) TimerEvent: {}
[4.025508] (-) TimerEvent: {}
[4.126140] (-) TimerEvent: {}
[4.226797] (-) TimerEvent: {}
[4.327496] (-) TimerEvent: {}
[4.428140] (-) TimerEvent: {}
[4.528829] (-) TimerEvent: {}
[4.629530] (-) TimerEvent: {}
[4.730287] (-) TimerEvent: {}
[4.831087] (-) TimerEvent: {}
[4.931785] (-) TimerEvent: {}
[5.032623] (-) TimerEvent: {}
[5.133457] (-) TimerEvent: {}
[5.234322] (-) TimerEvent: {}
[5.335185] (-) TimerEvent: {}
[5.436074] (-) TimerEvent: {}
[5.537027] (-) TimerEvent: {}
[5.637875] (-) TimerEvent: {}
[5.738749] (-) TimerEvent: {}
[5.839622] (-) TimerEvent: {}
[5.940565] (-) TimerEvent: {}
[6.041415] (-) TimerEvent: {}
[6.142268] (-) TimerEvent: {}
[6.243150] (-) TimerEvent: {}
[6.273387] (standing_mode) Command: {'cmd': ['/usr/bin/python3', '-W', 'ignore:setup.py install is deprecated', '-W', 'ignore:easy_install command is deprecated', 'setup.py', 'develop', '--editable', '--build-directory', '/home/tknika/gral-iiriondo/unitree_ws/build/standing_mode/build', '--no-deps', 'symlink_data'], 'cwd': '/home/tknika/gral-iiriondo/unitree_ws/build/standing_mode', 'env': {'GJS_DEBUG_TOPICS': 'JS ERROR;JS LOG', 'LESSOPEN': '| /usr/bin/lesspipe %s', 'USER': 'tknika', 'OLLAMA_LLM_LIBRARY': 'cuda', 'XDG_SESSION_TYPE': 'x11', 'SHLVL': '2', 'LD_LIBRARY_PATH': '/home/tknika/gral-iiriondo/unitree_ws/install/speech_to_goal_interfaces/lib:/home/tknika/gral-iiriondo/unitree_ws/install/object_recognition_interfaces/lib:/home/tknika/gral-iiriondo/unitree_ws/install/aruco_markers_msgs/lib:/usr/lib/aarch64-linux-gnu/nvidia:/usr/local/cuda/lib64:/usr/local/cuda-12.6/lib64:/usr/lib/aarch64-linux-gnu/nvidia:/usr/local/cuda/lib64:/opt/ros/humble/opt/rviz_ogre_vendor/lib:/opt/ros/humble/lib/aarch64-linux-gnu:/opt/ros/humble/lib:/usr/local/cuda-12.6/lib64:', 'HOME': '/home/tknika', 'DESKTOP_SESSION': 'ubuntu', 'GIO_LAUNCHED_DESKTOP_FILE': '/usr/share/applications/terminator.desktop', 'ROS_PYTHON_VERSION': '3', 'GNOME_SHELL_SESSION_MODE': 'ubuntu', 'GTK_MODULES': 'gail:atk-bridge', 'MANAGERPID': '3222', 'SYSTEMD_EXEC_PID': '3393', 'DBUS_SESSION_BUS_ADDRESS': 'unix:path=/run/user/1000/bus', 'COLORTERM': 'truecolor', 'TERMINATOR_DBUS_NAME': 'net.tenshu.Terminator23558193cd9818af7fe4d2c2f5bd9d00f', 'GIO_LAUNCHED_DESKTOP_FILE_PID': '4556', 'IM_CONFIG_PHASE': '1', 'COLCON_PREFIX_PATH': '/home/tknika/gral-iiriondo/unitree_ws/install', 'CUDA_VISIBLE_DEVICES': '0', 'ROS_DISTRO': 'humble', 'GTK_IM_MODULE': 'ibus', 'LOGNAME': 'tknika', 'JOURNAL_STREAM': '8:56024', '_': '/usr/bin/colcon', 'ROS_VERSION': '2', 'XDG_SESSION_CLASS': 'user', 'USERNAME': 'tknika', 'TERM': 'xterm-256color', 'GNOME_DESKTOP_SESSION_ID': 'this-is-deprecated', 'ROS_LOCALHOST_ONLY': '0', 'WINDOWPATH': '2', 'PATH': '/usr/local/cuda-12.6/bin:/opt/ros/humble/bin:/usr/local/cuda-12.6/bin:/home/tknika/.cargo/bin:/home/tknika/.local/bin:/usr/local/sbin:/usr/local/bin:/usr/sbin:/usr/bin:/sbin:/bin:/usr/games:/usr/local/games:/snap/bin:/snap/bin', 'SESSION_MANAGER': 'local/ubuntu:@/tmp/.ICE-unix/3369,unix/ubuntu:/tmp/.ICE-unix/3369', 'INVOCATION_ID': 'df31e68f049648dfa24795e5eb4d730b', 'XDG_MENU_PREFIX': 'gnome-', 'XDG_RUNTIME_DIR': '/run/user/1000', 'DISPLAY': ':1', 'TERMINATOR_DBUS_PATH': '/net/tenshu/Terminator2', 'LANG': 'en_US.UTF-8', 'XDG_CURRENT_DESKTOP': 'ubuntu:GNOME', 'IBUS_DISABLE_SNOOPER': '1', 'RMW_IMPLEMENTATION': 'rmw_cyclonedds_cpp', 'XMODIFIERS': '@im=ibus', 'XDG_SESSION_DESKTOP': 'ubuntu', 'XAUTHORITY': '/run/user/1000/gdm/Xauthority', 'LS_COLORS': 'rs=0:di=01;34:ln=01;36:mh=00:pi=40;33:so=01;35:do=01;35:bd=40;33;01:cd=40;33;01:or=40;31;01:mi=00:su=37;41:sg=30;43:ca=30;41:tw=30;42:ow=34;42:st=37;44:ex=01;32:*.tar=01;31:*.tgz=01;31:*.arc=01;31:*.arj=01;31:*.taz=01;31:*.lha=01;31:*.lz4=01;31:*.lzh=01;31:*.lzma=01;31:*.tlz=01;31:*.txz=01;31:*.tzo=01;31:*.t7z=01;31:*.zip=01;31:*.z=01;31:*.dz=01;31:*.gz=01;31:*.lrz=01;31:*.lz=01;31:*.lzo=01;31:*.xz=01;31:*.zst=01;31:*.tzst=01;31:*.bz2=01;31:*.bz=01;31:*.tbz=01;31:*.tbz2=01;31:*.tz=01;31:*.deb=01;31:*.rpm=01;31:*.jar=01;31:*.war=01;31:*.ear=01;31:*.sar=01;31:*.rar=01;31:*.alz=01;31:*.ace=01;31:*.zoo=01;31:*.cpio=01;31:*.7z=01;31:*.rz=01;31:*.cab=01;31:*.wim=01;31:*.swm=01;31:*.dwm=01;31:*.esd=01;31:*.jpg=01;35:*.jpeg=01;35:*.mjpg=01;35:*.mjpeg=01;35:*.gif=01;35:*.bmp=01;35:*.pbm=01;35:*.pgm=01;35:*.ppm=01;35:*.tga=01;35:*.xbm=01;35:*.xpm=01;35:*.tif=01;35:*.tiff=01;35:*.png=01;35:*.svg=01;35:*.svgz=01;35:*.mng=01;35:*.pcx=01;35:*.mov=01;35:*.mpg=01;35:*.mpeg=01;35:*.m2v=01;35:*.mkv=01;35:*.webm=01;35:*.webp=01;35:*.ogm=01;35:*.mp4=01;35:*.m4v=01;35:*.mp4v=01;35:*.vob=01;35:*.qt=01;35:*.nuv=01;35:*.wmv=01;35:*.asf=01;35:*.rm=01;35:*.rmvb=01;35:*.flc=01;35:*.avi=01;35:*.fli=01;35:*.flv=01;35:*.gl=01;35:*.dl=01;35:*.xcf=01;35:*.xwd=01;35:*.yuv=01;35:*.cgm=01;35:*.emf=01;35:*.ogv=01;35:*.ogx=01;35:*.aac=00;36:*.au=00;36:*.flac=00;36:*.m4a=00;36:*.mid=00;36:*.midi=00;36:*.mka=00;36:*.mp3=00;36:*.mpc=00;36:*.ogg=00;36:*.ra=00;36:*.wav=00;36:*.oga=00;36:*.opus=00;36:*.spx=00;36:*.xspf=00;36:', 'SSH_AGENT_LAUNCHER': 'gnome-keyring', 'SSH_AUTH_SOCK': '/run/user/1000/keyring/ssh', 'ROS_DOMAIN_ID': '42', 'AMENT_PREFIX_PATH': '/home/tknika/gral-iiriondo/unitree_ws/install/standing_mode:/home/tknika/gral-iiriondo/unitree_ws/install/speech_to_goal:/home/tknika/gral-iiriondo/unitree_ws/install/speech_to_goal_interfaces:/home/tknika/gral-iiriondo/unitree_ws/install/object_recognition:/home/tknika/gral-iiriondo/unitree_ws/install/object_recognition_interfaces:/home/tknika/gral-iiriondo/unitree_ws/install/mapping_configuration:/home/tknika/gral-iiriondo/unitree_ws/install/go1_description:/home/tknika/gral-iiriondo/unitree_ws/install/asr:/home/tknika/gral-iiriondo/unitree_ws/install/aruco_detector:/home/tknika/gral-iiriondo/unitree_ws/install/aruco_markers_msgs:/opt/ros/humble', 'SHELL': '/bin/bash', 'TERMINATOR_UUID': 'urn:uuid:ab55b7a6-d9da-4dd6-8408-f255b26e6be6', 'QT_ACCESSIBILITY': '1', 'GDMSESSION': 'ubuntu', 'LESSCLOSE': '/usr/bin/lesspipe %s %s', 'GPG_AGENT_INFO': '/run/user/1000/gnupg/S.gpg-agent:0:1', 'GJS_DEBUG_OUTPUT': 'stderr', 'QT_IM_MODULE': 'ibus', 'PWD': '/home/tknika/gral-iiriondo/unitree_ws/build/standing_mode', 'XDG_CONFIG_DIRS': '/etc/xdg/xdg-ubuntu:/etc/xdg', 'XDG_DATA_DIRS': '/usr/share/ubuntu:/usr/share/gnome:/usr/local/share/:/usr/share/:/var/lib/snapd/desktop', 'PYTHONPATH': '/home/tknika/gral-iiriondo/unitree_ws/build/standing_mode/prefix_override:/usr/lib/python3/dist-packages/colcon_core/task/python/colcon_distutils_commands:/home/tknika/gral-iiriondo/unitree_ws/install/standing_mode/lib/python3.10/site-packages:/home/tknika/gral-iiriondo/unitree_ws/build/standing_mode:/home/tknika/gral-iiriondo/unitree_ws/install/standing_mode/lib/python3.10/site-packages:/home/tknika/gral-iiriondo/unitree_ws/build/speech_to_goal:/home/tknika/gral-iiriondo/unitree_ws/install/speech_to_goal/lib/python3.10/site-packages:/home/tknika/gral-iiriondo/unitree_ws/install/speech_to_goal_interfaces/local/lib/python3.10/dist-packages:/home/tknika/gral-iiriondo/unitree_ws/build/object_recognition:/home/tknika/gral-iiriondo/unitree_ws/install/object_recognition/lib/python3.10/site-packages:/home/tknika/gral-iiriondo/unitree_ws/install/object_recognition_interfaces/local/lib/python3.10/dist-packages:/home/tknika/gral-iiriondo/unitree_ws/build/mapping_configuration:/home/tknika/gral-iiriondo/unitree_ws/install/mapping_configuration/lib/python3.10/site-packages:/home/tknika/gral-iiriondo/unitree_ws/build/go1_description:/home/tknika/gral-iiriondo/unitree_ws/install/go1_description/lib/python3.10/site-packages:/home/tknika/gral-iiriondo/unitree_ws/build/asr:/home/tknika/gral-iiriondo/unitree_ws/install/asr/lib/python3.10/site-packages:/home/tknika/gral-iiriondo/unitree_ws/build/aruco_detector:/home/tknika/gral-iiriondo/unitree_ws/install/aruco_detector/lib/python3.10/site-packages:/home/tknika/gral-iiriondo/unitree_ws/install/aruco_markers_msgs/local/lib/python3.10/dist-packages:/home/tknika/gral-iiriondo-main/unitree_ws/src/unitree_legged_sdk/lib/python/arm64:/home/tknika/gral-iiriondo-main/unitree_ws/src/unitree_legged_sdk/lib/python/arm64:/opt/ros/humble/lib/python3.10/site-packages:/opt/ros/humble/local/lib/python3.10/dist-packages', 'COLCON': '1', 'VTE_VERSION': '6800', 'CMAKE_PREFIX_PATH': '/home/tknika/gral-iiriondo/unitree_ws/install/speech_to_goal_interfaces:/home/tknika/gral-iiriondo/unitree_ws/install/object_recognition_interfaces:/home/tknika/gral-iiriondo/unitree_ws/install/aruco_markers_msgs'}, 'shell': False}
[6.279636] (asr) Command: {'cmd': ['/usr/bin/python3', '-W', 'ignore:setup.py install is deprecated', '-W', 'ignore:easy_install command is deprecated', 'setup.py', 'develop', '--editable', '--build-directory', '/home/tknika/gral-iiriondo/unitree_ws/build/asr/build', '--no-deps', 'symlink_data'], 'cwd': '/home/tknika/gral-iiriondo/unitree_ws/build/asr', 'env': {'GJS_DEBUG_TOPICS': 'JS ERROR;JS LOG', 'LESSOPEN': '| /usr/bin/lesspipe %s', 'USER': 'tknika', 'OLLAMA_LLM_LIBRARY': 'cuda', 'XDG_SESSION_TYPE': 'x11', 'SHLVL': '2', 'LD_LIBRARY_PATH': '/home/tknika/gral-iiriondo/unitree_ws/install/speech_to_goal_interfaces/lib:/home/tknika/gral-iiriondo/unitree_ws/install/object_recognition_interfaces/lib:/home/tknika/gral-iiriondo/unitree_ws/install/aruco_markers_msgs/lib:/usr/lib/aarch64-linux-gnu/nvidia:/usr/local/cuda/lib64:/usr/local/cuda-12.6/lib64:/usr/lib/aarch64-linux-gnu/nvidia:/usr/local/cuda/lib64:/opt/ros/humble/opt/rviz_ogre_vendor/lib:/opt/ros/humble/lib/aarch64-linux-gnu:/opt/ros/humble/lib:/usr/local/cuda-12.6/lib64:', 'HOME': '/home/tknika', 'DESKTOP_SESSION': 'ubuntu', 'GIO_LAUNCHED_DESKTOP_FILE': '/usr/share/applications/terminator.desktop', 'ROS_PYTHON_VERSION': '3', 'GNOME_SHELL_SESSION_MODE': 'ubuntu', 'GTK_MODULES': 'gail:atk-bridge', 'MANAGERPID': '3222', 'SYSTEMD_EXEC_PID': '3393', 'DBUS_SESSION_BUS_ADDRESS': 'unix:path=/run/user/1000/bus', 'COLORTERM': 'truecolor', 'TERMINATOR_DBUS_NAME': 'net.tenshu.Terminator23558193cd9818af7fe4d2c2f5bd9d00f', 'GIO_LAUNCHED_DESKTOP_FILE_PID': '4556', 'IM_CONFIG_PHASE': '1', 'COLCON_PREFIX_PATH': '/home/tknika/gral-iiriondo/unitree_ws/install', 'CUDA_VISIBLE_DEVICES': '0', 'ROS_DISTRO': 'humble', 'GTK_IM_MODULE': 'ibus', 'LOGNAME': 'tknika', 'JOURNAL_STREAM': '8:56024', '_': '/usr/bin/colcon', 'ROS_VERSION': '2', 'XDG_SESSION_CLASS': 'user', 'USERNAME': 'tknika', 'TERM': 'xterm-256color', 'GNOME_DESKTOP_SESSION_ID': 'this-is-deprecated', 'ROS_LOCALHOST_ONLY': '0', 'WINDOWPATH': '2', 'PATH': '/usr/local/cuda-12.6/bin:/opt/ros/humble/bin:/usr/local/cuda-12.6/bin:/home/tknika/.cargo/bin:/home/tknika/.local/bin:/usr/local/sbin:/usr/local/bin:/usr/sbin:/usr/bin:/sbin:/bin:/usr/games:/usr/local/games:/snap/bin:/snap/bin', 'SESSION_MANAGER': 'local/ubuntu:@/tmp/.ICE-unix/3369,unix/ubuntu:/tmp/.ICE-unix/3369', 'INVOCATION_ID': 'df31e68f049648dfa24795e5eb4d730b', 'XDG_MENU_PREFIX': 'gnome-', 'XDG_RUNTIME_DIR': '/run/user/1000', 'DISPLAY': ':1', 'TERMINATOR_DBUS_PATH': '/net/tenshu/Terminator2', 'LANG': 'en_US.UTF-8', 'XDG_CURRENT_DESKTOP': 'ubuntu:GNOME', 'IBUS_DISABLE_SNOOPER': '1', 'RMW_IMPLEMENTATION': 'rmw_cyclonedds_cpp', 'XMODIFIERS': '@im=ibus', 'XDG_SESSION_DESKTOP': 'ubuntu', 'XAUTHORITY': '/run/user/1000/gdm/Xauthority', 'LS_COLORS': 'rs=0:di=01;34:ln=01;36:mh=00:pi=40;33:so=01;35:do=01;35:bd=40;33;01:cd=40;33;01:or=40;31;01:mi=00:su=37;41:sg=30;43:ca=30;41:tw=30;42:ow=34;42:st=37;44:ex=01;32:*.tar=01;31:*.tgz=01;31:*.arc=01;31:*.arj=01;31:*.taz=01;31:*.lha=01;31:*.lz4=01;31:*.lzh=01;31:*.lzma=01;31:*.tlz=01;31:*.txz=01;31:*.tzo=01;31:*.t7z=01;31:*.zip=01;31:*.z=01;31:*.dz=01;31:*.gz=01;31:*.lrz=01;31:*.lz=01;31:*.lzo=01;31:*.xz=01;31:*.zst=01;31:*.tzst=01;31:*.bz2=01;31:*.bz=01;31:*.tbz=01;31:*.tbz2=01;31:*.tz=01;31:*.deb=01;31:*.rpm=01;31:*.jar=01;31:*.war=01;31:*.ear=01;31:*.sar=01;31:*.rar=01;31:*.alz=01;31:*.ace=01;31:*.zoo=01;31:*.cpio=01;31:*.7z=01;31:*.rz=01;31:*.cab=01;31:*.wim=01;31:*.swm=01;31:*.dwm=01;31:*.esd=01;31:*.jpg=01;35:*.jpeg=01;35:*.mjpg=01;35:*.mjpeg=01;35:*.gif=01;35:*.bmp=01;35:*.pbm=01;35:*.pgm=01;35:*.ppm=01;35:*.tga=01;35:*.xbm=01;35:*.xpm=01;35:*.tif=01;35:*.tiff=01;35:*.png=01;35:*.svg=01;35:*.svgz=01;35:*.mng=01;35:*.pcx=01;35:*.mov=01;35:*.mpg=01;35:*.mpeg=01;35:*.m2v=01;35:*.mkv=01;35:*.webm=01;35:*.webp=01;35:*.ogm=01;35:*.mp4=01;35:*.m4v=01;35:*.mp4v=01;35:*.vob=01;35:*.qt=01;35:*.nuv=01;35:*.wmv=01;35:*.asf=01;35:*.rm=01;35:*.rmvb=01;35:*.flc=01;35:*.avi=01;35:*.fli=01;35:*.flv=01;35:*.gl=01;35:*.dl=01;35:*.xcf=01;35:*.xwd=01;35:*.yuv=01;35:*.cgm=01;35:*.emf=01;35:*.ogv=01;35:*.ogx=01;35:*.aac=00;36:*.au=00;36:*.flac=00;36:*.m4a=00;36:*.mid=00;36:*.midi=00;36:*.mka=00;36:*.mp3=00;36:*.mpc=00;36:*.ogg=00;36:*.ra=00;36:*.wav=00;36:*.oga=00;36:*.opus=00;36:*.spx=00;36:*.xspf=00;36:', 'SSH_AGENT_LAUNCHER': 'gnome-keyring', 'SSH_AUTH_SOCK': '/run/user/1000/keyring/ssh', 'ROS_DOMAIN_ID': '42', 'AMENT_PREFIX_PATH': '/home/tknika/gral-iiriondo/unitree_ws/install/standing_mode:/home/tknika/gral-iiriondo/unitree_ws/install/speech_to_goal:/home/tknika/gral-iiriondo/unitree_ws/install/speech_to_goal_interfaces:/home/tknika/gral-iiriondo/unitree_ws/install/object_recognition:/home/tknika/gral-iiriondo/unitree_ws/install/object_recognition_interfaces:/home/tknika/gral-iiriondo/unitree_ws/install/mapping_configuration:/home/tknika/gral-iiriondo/unitree_ws/install/go1_description:/home/tknika/gral-iiriondo/unitree_ws/install/asr:/home/tknika/gral-iiriondo/unitree_ws/install/aruco_detector:/home/tknika/gral-iiriondo/unitree_ws/install/aruco_markers_msgs:/opt/ros/humble', 'SHELL': '/bin/bash', 'TERMINATOR_UUID': 'urn:uuid:ab55b7a6-d9da-4dd6-8408-f255b26e6be6', 'QT_ACCESSIBILITY': '1', 'GDMSESSION': 'ubuntu', 'LESSCLOSE': '/usr/bin/lesspipe %s %s', 'GPG_AGENT_INFO': '/run/user/1000/gnupg/S.gpg-agent:0:1', 'GJS_DEBUG_OUTPUT': 'stderr', 'QT_IM_MODULE': 'ibus', 'PWD': '/home/tknika/gral-iiriondo/unitree_ws/build/asr', 'XDG_CONFIG_DIRS': '/etc/xdg/xdg-ubuntu:/etc/xdg', 'XDG_DATA_DIRS': '/usr/share/ubuntu:/usr/share/gnome:/usr/local/share/:/usr/share/:/var/lib/snapd/desktop', 'PYTHONPATH': '/home/tknika/gral-iiriondo/unitree_ws/build/asr/prefix_override:/usr/lib/python3/dist-packages/colcon_core/task/python/colcon_distutils_commands:/home/tknika/gral-iiriondo/unitree_ws/install/asr/lib/python3.10/site-packages:/home/tknika/gral-iiriondo/unitree_ws/build/standing_mode:/home/tknika/gral-iiriondo/unitree_ws/install/standing_mode/lib/python3.10/site-packages:/home/tknika/gral-iiriondo/unitree_ws/build/speech_to_goal:/home/tknika/gral-iiriondo/unitree_ws/install/speech_to_goal/lib/python3.10/site-packages:/home/tknika/gral-iiriondo/unitree_ws/install/speech_to_goal_interfaces/local/lib/python3.10/dist-packages:/home/tknika/gral-iiriondo/unitree_ws/build/object_recognition:/home/tknika/gral-iiriondo/unitree_ws/install/object_recognition/lib/python3.10/site-packages:/home/tknika/gral-iiriondo/unitree_ws/install/object_recognition_interfaces/local/lib/python3.10/dist-packages:/home/tknika/gral-iiriondo/unitree_ws/build/mapping_configuration:/home/tknika/gral-iiriondo/unitree_ws/install/mapping_configuration/lib/python3.10/site-packages:/home/tknika/gral-iiriondo/unitree_ws/build/go1_description:/home/tknika/gral-iiriondo/unitree_ws/install/go1_description/lib/python3.10/site-packages:/home/tknika/gral-iiriondo/unitree_ws/build/asr:/home/tknika/gral-iiriondo/unitree_ws/install/asr/lib/python3.10/site-packages:/home/tknika/gral-iiriondo/unitree_ws/build/aruco_detector:/home/tknika/gral-iiriondo/unitree_ws/install/aruco_detector/lib/python3.10/site-packages:/home/tknika/gral-iiriondo/unitree_ws/install/aruco_markers_msgs/local/lib/python3.10/dist-packages:/home/tknika/gral-iiriondo-main/unitree_ws/src/unitree_legged_sdk/lib/python/arm64:/home/tknika/gral-iiriondo-main/unitree_ws/src/unitree_legged_sdk/lib/python/arm64:/opt/ros/humble/lib/python3.10/site-packages:/opt/ros/humble/local/lib/python3.10/dist-packages', 'COLCON': '1', 'VTE_VERSION': '6800', 'CMAKE_PREFIX_PATH': '/home/tknika/gral-iiriondo/unitree_ws/install/speech_to_goal_interfaces:/home/tknika/gral-iiriondo/unitree_ws/install/object_recognition_interfaces:/home/tknika/gral-iiriondo/unitree_ws/install/aruco_markers_msgs'}, 'shell': False}
[6.290139] (go1_description) Command: {'cmd': ['/usr/bin/python3', '-W', 'ignore:setup.py install is deprecated', '-W', 'ignore:easy_install command is deprecated', 'setup.py', 'develop', '--editable', '--build-directory', '/home/tknika/gral-iiriondo/unitree_ws/build/go1_description/build', '--no-deps', 'symlink_data'], 'cwd': '/home/tknika/gral-iiriondo/unitree_ws/build/go1_description', 'env': {'GJS_DEBUG_TOPICS': 'JS ERROR;JS LOG', 'LESSOPEN': '| /usr/bin/lesspipe %s', 'USER': 'tknika', 'OLLAMA_LLM_LIBRARY': 'cuda', 'XDG_SESSION_TYPE': 'x11', 'SHLVL': '2', 'LD_LIBRARY_PATH': '/home/tknika/gral-iiriondo/unitree_ws/install/speech_to_goal_interfaces/lib:/home/tknika/gral-iiriondo/unitree_ws/install/object_recognition_interfaces/lib:/home/tknika/gral-iiriondo/unitree_ws/install/aruco_markers_msgs/lib:/usr/lib/aarch64-linux-gnu/nvidia:/usr/local/cuda/lib64:/usr/local/cuda-12.6/lib64:/usr/lib/aarch64-linux-gnu/nvidia:/usr/local/cuda/lib64:/opt/ros/humble/opt/rviz_ogre_vendor/lib:/opt/ros/humble/lib/aarch64-linux-gnu:/opt/ros/humble/lib:/usr/local/cuda-12.6/lib64:', 'HOME': '/home/tknika', 'DESKTOP_SESSION': 'ubuntu', 'GIO_LAUNCHED_DESKTOP_FILE': '/usr/share/applications/terminator.desktop', 'ROS_PYTHON_VERSION': '3', 'GNOME_SHELL_SESSION_MODE': 'ubuntu', 'GTK_MODULES': 'gail:atk-bridge', 'MANAGERPID': '3222', 'SYSTEMD_EXEC_PID': '3393', 'DBUS_SESSION_BUS_ADDRESS': 'unix:path=/run/user/1000/bus', 'COLORTERM': 'truecolor', 'TERMINATOR_DBUS_NAME': 'net.tenshu.Terminator23558193cd9818af7fe4d2c2f5bd9d00f', 'GIO_LAUNCHED_DESKTOP_FILE_PID': '4556', 'IM_CONFIG_PHASE': '1', 'COLCON_PREFIX_PATH': '/home/tknika/gral-iiriondo/unitree_ws/install', 'CUDA_VISIBLE_DEVICES': '0', 'ROS_DISTRO': 'humble', 'GTK_IM_MODULE': 'ibus', 'LOGNAME': 'tknika', 'JOURNAL_STREAM': '8:56024', '_': '/usr/bin/colcon', 'ROS_VERSION': '2', 'XDG_SESSION_CLASS': 'user', 'USERNAME': 'tknika', 'TERM': 'xterm-256color', 'GNOME_DESKTOP_SESSION_ID': 'this-is-deprecated', 'ROS_LOCALHOST_ONLY': '0', 'WINDOWPATH': '2', 'PATH': '/usr/local/cuda-12.6/bin:/opt/ros/humble/bin:/usr/local/cuda-12.6/bin:/home/tknika/.cargo/bin:/home/tknika/.local/bin:/usr/local/sbin:/usr/local/bin:/usr/sbin:/usr/bin:/sbin:/bin:/usr/games:/usr/local/games:/snap/bin:/snap/bin', 'SESSION_MANAGER': 'local/ubuntu:@/tmp/.ICE-unix/3369,unix/ubuntu:/tmp/.ICE-unix/3369', 'INVOCATION_ID': 'df31e68f049648dfa24795e5eb4d730b', 'XDG_MENU_PREFIX': 'gnome-', 'XDG_RUNTIME_DIR': '/run/user/1000', 'DISPLAY': ':1', 'TERMINATOR_DBUS_PATH': '/net/tenshu/Terminator2', 'LANG': 'en_US.UTF-8', 'XDG_CURRENT_DESKTOP': 'ubuntu:GNOME', 'IBUS_DISABLE_SNOOPER': '1', 'RMW_IMPLEMENTATION': 'rmw_cyclonedds_cpp', 'XMODIFIERS': '@im=ibus', 'XDG_SESSION_DESKTOP': 'ubuntu', 'XAUTHORITY': '/run/user/1000/gdm/Xauthority', 'LS_COLORS': 'rs=0:di=01;34:ln=01;36:mh=00:pi=40;33:so=01;35:do=01;35:bd=40;33;01:cd=40;33;01:or=40;31;01:mi=00:su=37;41:sg=30;43:ca=30;41:tw=30;42:ow=34;42:st=37;44:ex=01;32:*.tar=01;31:*.tgz=01;31:*.arc=01;31:*.arj=01;31:*.taz=01;31:*.lha=01;31:*.lz4=01;31:*.lzh=01;31:*.lzma=01;31:*.tlz=01;31:*.txz=01;31:*.tzo=01;31:*.t7z=01;31:*.zip=01;31:*.z=01;31:*.dz=01;31:*.gz=01;31:*.lrz=01;31:*.lz=01;31:*.lzo=01;31:*.xz=01;31:*.zst=01;31:*.tzst=01;31:*.bz2=01;31:*.bz=01;31:*.tbz=01;31:*.tbz2=01;31:*.tz=01;31:*.deb=01;31:*.rpm=01;31:*.jar=01;31:*.war=01;31:*.ear=01;31:*.sar=01;31:*.rar=01;31:*.alz=01;31:*.ace=01;31:*.zoo=01;31:*.cpio=01;31:*.7z=01;31:*.rz=01;31:*.cab=01;31:*.wim=01;31:*.swm=01;31:*.dwm=01;31:*.esd=01;31:*.jpg=01;35:*.jpeg=01;35:*.mjpg=01;35:*.mjpeg=01;35:*.gif=01;35:*.bmp=01;35:*.pbm=01;35:*.pgm=01;35:*.ppm=01;35:*.tga=01;35:*.xbm=01;35:*.xpm=01;35:*.tif=01;35:*.tiff=01;35:*.png=01;35:*.svg=01;35:*.svgz=01;35:*.mng=01;35:*.pcx=01;35:*.mov=01;35:*.mpg=01;35:*.mpeg=01;35:*.m2v=01;35:*.mkv=01;35:*.webm=01;35:*.webp=01;35:*.ogm=01;35:*.mp4=01;35:*.m4v=01;35:*.mp4v=01;35:*.vob=01;35:*.qt=01;35:*.nuv=01;35:*.wmv=01;35:*.asf=01;35:*.rm=01;35:*.rmvb=01;35:*.flc=01;35:*.avi=01;35:*.fli=01;35:*.flv=01;35:*.gl=01;35:*.dl=01;35:*.xcf=01;35:*.xwd=01;35:*.yuv=01;35:*.cgm=01;35:*.emf=01;35:*.ogv=01;35:*.ogx=01;35:*.aac=00;36:*.au=00;36:*.flac=00;36:*.m4a=00;36:*.mid=00;36:*.midi=00;36:*.mka=00;36:*.mp3=00;36:*.mpc=00;36:*.ogg=00;36:*.ra=00;36:*.wav=00;36:*.oga=00;36:*.opus=00;36:*.spx=00;36:*.xspf=00;36:', 'SSH_AGENT_LAUNCHER': 'gnome-keyring', 'SSH_AUTH_SOCK': '/run/user/1000/keyring/ssh', 'ROS_DOMAIN_ID': '42', 'AMENT_PREFIX_PATH': '/home/tknika/gral-iiriondo/unitree_ws/install/standing_mode:/home/tknika/gral-iiriondo/unitree_ws/install/speech_to_goal:/home/tknika/gral-iiriondo/unitree_ws/install/speech_to_goal_interfaces:/home/tknika/gral-iiriondo/unitree_ws/install/object_recognition:/home/tknika/gral-iiriondo/unitree_ws/install/object_recognition_interfaces:/home/tknika/gral-iiriondo/unitree_ws/install/mapping_configuration:/home/tknika/gral-iiriondo/unitree_ws/install/go1_description:/home/tknika/gral-iiriondo/unitree_ws/install/asr:/home/tknika/gral-iiriondo/unitree_ws/install/aruco_detector:/home/tknika/gral-iiriondo/unitree_ws/install/aruco_markers_msgs:/opt/ros/humble', 'SHELL': '/bin/bash', 'TERMINATOR_UUID': 'urn:uuid:ab55b7a6-d9da-4dd6-8408-f255b26e6be6', 'QT_ACCESSIBILITY': '1', 'GDMSESSION': 'ubuntu', 'LESSCLOSE': '/usr/bin/lesspipe %s %s', 'GPG_AGENT_INFO': '/run/user/1000/gnupg/S.gpg-agent:0:1', 'GJS_DEBUG_OUTPUT': 'stderr', 'QT_IM_MODULE': 'ibus', 'PWD': '/home/tknika/gral-iiriondo/unitree_ws/build/go1_description', 'XDG_CONFIG_DIRS': '/etc/xdg/xdg-ubuntu:/etc/xdg', 'XDG_DATA_DIRS': '/usr/share/ubuntu:/usr/share/gnome:/usr/local/share/:/usr/share/:/var/lib/snapd/desktop', 'PYTHONPATH': '/home/tknika/gral-iiriondo/unitree_ws/build/go1_description/prefix_override:/usr/lib/python3/dist-packages/colcon_core/task/python/colcon_distutils_commands:/home/tknika/gral-iiriondo/unitree_ws/install/go1_description/lib/python3.10/site-packages:/home/tknika/gral-iiriondo/unitree_ws/build/standing_mode:/home/tknika/gral-iiriondo/unitree_ws/install/standing_mode/lib/python3.10/site-packages:/home/tknika/gral-iiriondo/unitree_ws/build/speech_to_goal:/home/tknika/gral-iiriondo/unitree_ws/install/speech_to_goal/lib/python3.10/site-packages:/home/tknika/gral-iiriondo/unitree_ws/install/speech_to_goal_interfaces/local/lib/python3.10/dist-packages:/home/tknika/gral-iiriondo/unitree_ws/build/object_recognition:/home/tknika/gral-iiriondo/unitree_ws/install/object_recognition/lib/python3.10/site-packages:/home/tknika/gral-iiriondo/unitree_ws/install/object_recognition_interfaces/local/lib/python3.10/dist-packages:/home/tknika/gral-iiriondo/unitree_ws/build/mapping_configuration:/home/tknika/gral-iiriondo/unitree_ws/install/mapping_configuration/lib/python3.10/site-packages:/home/tknika/gral-iiriondo/unitree_ws/build/go1_description:/home/tknika/gral-iiriondo/unitree_ws/install/go1_description/lib/python3.10/site-packages:/home/tknika/gral-iiriondo/unitree_ws/build/asr:/home/tknika/gral-iiriondo/unitree_ws/install/asr/lib/python3.10/site-packages:/home/tknika/gral-iiriondo/unitree_ws/build/aruco_detector:/home/tknika/gral-iiriondo/unitree_ws/install/aruco_detector/lib/python3.10/site-packages:/home/tknika/gral-iiriondo/unitree_ws/install/aruco_markers_msgs/local/lib/python3.10/dist-packages:/home/tknika/gral-iiriondo-main/unitree_ws/src/unitree_legged_sdk/lib/python/arm64:/home/tknika/gral-iiriondo-main/unitree_ws/src/unitree_legged_sdk/lib/python/arm64:/opt/ros/humble/lib/python3.10/site-packages:/opt/ros/humble/local/lib/python3.10/dist-packages', 'COLCON': '1', 'VTE_VERSION': '6800', 'CMAKE_PREFIX_PATH': '/home/tknika/gral-iiriondo/unitree_ws/install/speech_to_goal_interfaces:/home/tknika/gral-iiriondo/unitree_ws/install/object_recognition_interfaces:/home/tknika/gral-iiriondo/unitree_ws/install/aruco_markers_msgs'}, 'shell': False}
[6.295239] (mapping_configuration) Command: {'cmd': ['/usr/bin/python3', '-W', 'ignore:setup.py install is deprecated', '-W', 'ignore:easy_install command is deprecated', 'setup.py', 'develop', '--editable', '--build-directory', '/home/tknika/gral-iiriondo/unitree_ws/build/mapping_configuration/build', '--no-deps', 'symlink_data'], 'cwd': '/home/tknika/gral-iiriondo/unitree_ws/build/mapping_configuration', 'env': {'GJS_DEBUG_TOPICS': 'JS ERROR;JS LOG', 'LESSOPEN': '| /usr/bin/lesspipe %s', 'USER': 'tknika', 'OLLAMA_LLM_LIBRARY': 'cuda', 'XDG_SESSION_TYPE': 'x11', 'SHLVL': '2', 'LD_LIBRARY_PATH': '/home/tknika/gral-iiriondo/unitree_ws/install/speech_to_goal_interfaces/lib:/home/tknika/gral-iiriondo/unitree_ws/install/object_recognition_interfaces/lib:/home/tknika/gral-iiriondo/unitree_ws/install/aruco_markers_msgs/lib:/usr/lib/aarch64-linux-gnu/nvidia:/usr/local/cuda/lib64:/usr/local/cuda-12.6/lib64:/usr/lib/aarch64-linux-gnu/nvidia:/usr/local/cuda/lib64:/opt/ros/humble/opt/rviz_ogre_vendor/lib:/opt/ros/humble/lib/aarch64-linux-gnu:/opt/ros/humble/lib:/usr/local/cuda-12.6/lib64:', 'HOME': '/home/tknika', 'DESKTOP_SESSION': 'ubuntu', 'GIO_LAUNCHED_DESKTOP_FILE': '/usr/share/applications/terminator.desktop', 'ROS_PYTHON_VERSION': '3', 'GNOME_SHELL_SESSION_MODE': 'ubuntu', 'GTK_MODULES': 'gail:atk-bridge', 'MANAGERPID': '3222', 'SYSTEMD_EXEC_PID': '3393', 'DBUS_SESSION_BUS_ADDRESS': 'unix:path=/run/user/1000/bus', 'COLORTERM': 'truecolor', 'TERMINATOR_DBUS_NAME': 'net.tenshu.Terminator23558193cd9818af7fe4d2c2f5bd9d00f', 'GIO_LAUNCHED_DESKTOP_FILE_PID': '4556', 'IM_CONFIG_PHASE': '1', 'COLCON_PREFIX_PATH': '/home/tknika/gral-iiriondo/unitree_ws/install', 'CUDA_VISIBLE_DEVICES': '0', 'ROS_DISTRO': 'humble', 'GTK_IM_MODULE': 'ibus', 'LOGNAME': 'tknika', 'JOURNAL_STREAM': '8:56024', '_': '/usr/bin/colcon', 'ROS_VERSION': '2', 'XDG_SESSION_CLASS': 'user', 'USERNAME': 'tknika', 'TERM': 'xterm-256color', 'GNOME_DESKTOP_SESSION_ID': 'this-is-deprecated', 'ROS_LOCALHOST_ONLY': '0', 'WINDOWPATH': '2', 'PATH': '/usr/local/cuda-12.6/bin:/opt/ros/humble/bin:/usr/local/cuda-12.6/bin:/home/tknika/.cargo/bin:/home/tknika/.local/bin:/usr/local/sbin:/usr/local/bin:/usr/sbin:/usr/bin:/sbin:/bin:/usr/games:/usr/local/games:/snap/bin:/snap/bin', 'SESSION_MANAGER': 'local/ubuntu:@/tmp/.ICE-unix/3369,unix/ubuntu:/tmp/.ICE-unix/3369', 'INVOCATION_ID': 'df31e68f049648dfa24795e5eb4d730b', 'XDG_MENU_PREFIX': 'gnome-', 'XDG_RUNTIME_DIR': '/run/user/1000', 'DISPLAY': ':1', 'TERMINATOR_DBUS_PATH': '/net/tenshu/Terminator2', 'LANG': 'en_US.UTF-8', 'XDG_CURRENT_DESKTOP': 'ubuntu:GNOME', 'IBUS_DISABLE_SNOOPER': '1', 'RMW_IMPLEMENTATION': 'rmw_cyclonedds_cpp', 'XMODIFIERS': '@im=ibus', 'XDG_SESSION_DESKTOP': 'ubuntu', 'XAUTHORITY': '/run/user/1000/gdm/Xauthority', 'LS_COLORS': 'rs=0:di=01;34:ln=01;36:mh=00:pi=40;33:so=01;35:do=01;35:bd=40;33;01:cd=40;33;01:or=40;31;01:mi=00:su=37;41:sg=30;43:ca=30;41:tw=30;42:ow=34;42:st=37;44:ex=01;32:*.tar=01;31:*.tgz=01;31:*.arc=01;31:*.arj=01;31:*.taz=01;31:*.lha=01;31:*.lz4=01;31:*.lzh=01;31:*.lzma=01;31:*.tlz=01;31:*.txz=01;31:*.tzo=01;31:*.t7z=01;31:*.zip=01;31:*.z=01;31:*.dz=01;31:*.gz=01;31:*.lrz=01;31:*.lz=01;31:*.lzo=01;31:*.xz=01;31:*.zst=01;31:*.tzst=01;31:*.bz2=01;31:*.bz=01;31:*.tbz=01;31:*.tbz2=01;31:*.tz=01;31:*.deb=01;31:*.rpm=01;31:*.jar=01;31:*.war=01;31:*.ear=01;31:*.sar=01;31:*.rar=01;31:*.alz=01;31:*.ace=01;31:*.zoo=01;31:*.cpio=01;31:*.7z=01;31:*.rz=01;31:*.cab=01;31:*.wim=01;31:*.swm=01;31:*.dwm=01;31:*.esd=01;31:*.jpg=01;35:*.jpeg=01;35:*.mjpg=01;35:*.mjpeg=01;35:*.gif=01;35:*.bmp=01;35:*.pbm=01;35:*.pgm=01;35:*.ppm=01;35:*.tga=01;35:*.xbm=01;35:*.xpm=01;35:*.tif=01;35:*.tiff=01;35:*.png=01;35:*.svg=01;35:*.svgz=01;35:*.mng=01;35:*.pcx=01;35:*.mov=01;35:*.mpg=01;35:*.mpeg=01;35:*.m2v=01;35:*.mkv=01;35:*.webm=01;35:*.webp=01;35:*.ogm=01;35:*.mp4=01;35:*.m4v=01;35:*.mp4v=01;35:*.vob=01;35:*.qt=01;35:*.nuv=01;35:*.wmv=01;35:*.asf=01;35:*.rm=01;35:*.rmvb=01;35:*.flc=01;35:*.avi=01;35:*.fli=01;35:*.flv=01;35:*.gl=01;35:*.dl=01;35:*.xcf=01;35:*.xwd=01;35:*.yuv=01;35:*.cgm=01;35:*.emf=01;35:*.ogv=01;35:*.ogx=01;35:*.aac=00;36:*.au=00;36:*.flac=00;36:*.m4a=00;36:*.mid=00;36:*.midi=00;36:*.mka=00;36:*.mp3=00;36:*.mpc=00;36:*.ogg=00;36:*.ra=00;36:*.wav=00;36:*.oga=00;36:*.opus=00;36:*.spx=00;36:*.xspf=00;36:', 'SSH_AGENT_LAUNCHER': 'gnome-keyring', 'SSH_AUTH_SOCK': '/run/user/1000/keyring/ssh', 'ROS_DOMAIN_ID': '42', 'AMENT_PREFIX_PATH': '/home/tknika/gral-iiriondo/unitree_ws/install/standing_mode:/home/tknika/gral-iiriondo/unitree_ws/install/speech_to_goal:/home/tknika/gral-iiriondo/unitree_ws/install/speech_to_goal_interfaces:/home/tknika/gral-iiriondo/unitree_ws/install/object_recognition:/home/tknika/gral-iiriondo/unitree_ws/install/object_recognition_interfaces:/home/tknika/gral-iiriondo/unitree_ws/install/mapping_configuration:/home/tknika/gral-iiriondo/unitree_ws/install/go1_description:/home/tknika/gral-iiriondo/unitree_ws/install/asr:/home/tknika/gral-iiriondo/unitree_ws/install/aruco_detector:/home/tknika/gral-iiriondo/unitree_ws/install/aruco_markers_msgs:/opt/ros/humble', 'SHELL': '/bin/bash', 'TERMINATOR_UUID': 'urn:uuid:ab55b7a6-d9da-4dd6-8408-f255b26e6be6', 'QT_ACCESSIBILITY': '1', 'GDMSESSION': 'ubuntu', 'LESSCLOSE': '/usr/bin/lesspipe %s %s', 'GPG_AGENT_INFO': '/run/user/1000/gnupg/S.gpg-agent:0:1', 'GJS_DEBUG_OUTPUT': 'stderr', 'QT_IM_MODULE': 'ibus', 'PWD': '/home/tknika/gral-iiriondo/unitree_ws/build/mapping_configuration', 'XDG_CONFIG_DIRS': '/etc/xdg/xdg-ubuntu:/etc/xdg', 'XDG_DATA_DIRS': '/usr/share/ubuntu:/usr/share/gnome:/usr/local/share/:/usr/share/:/var/lib/snapd/desktop', 'PYTHONPATH': '/home/tknika/gral-iiriondo/unitree_ws/build/mapping_configuration/prefix_override:/usr/lib/python3/dist-packages/colcon_core/task/python/colcon_distutils_commands:/home/tknika/gral-iiriondo/unitree_ws/install/mapping_configuration/lib/python3.10/site-packages:/home/tknika/gral-iiriondo/unitree_ws/build/standing_mode:/home/tknika/gral-iiriondo/unitree_ws/install/standing_mode/lib/python3.10/site-packages:/home/tknika/gral-iiriondo/unitree_ws/build/speech_to_goal:/home/tknika/gral-iiriondo/unitree_ws/install/speech_to_goal/lib/python3.10/site-packages:/home/tknika/gral-iiriondo/unitree_ws/install/speech_to_goal_interfaces/local/lib/python3.10/dist-packages:/home/tknika/gral-iiriondo/unitree_ws/build/object_recognition:/home/tknika/gral-iiriondo/unitree_ws/install/object_recognition/lib/python3.10/site-packages:/home/tknika/gral-iiriondo/unitree_ws/install/object_recognition_interfaces/local/lib/python3.10/dist-packages:/home/tknika/gral-iiriondo/unitree_ws/build/mapping_configuration:/home/tknika/gral-iiriondo/unitree_ws/install/mapping_configuration/lib/python3.10/site-packages:/home/tknika/gral-iiriondo/unitree_ws/build/go1_description:/home/tknika/gral-iiriondo/unitree_ws/install/go1_description/lib/python3.10/site-packages:/home/tknika/gral-iiriondo/unitree_ws/build/asr:/home/tknika/gral-iiriondo/unitree_ws/install/asr/lib/python3.10/site-packages:/home/tknika/gral-iiriondo/unitree_ws/build/aruco_detector:/home/tknika/gral-iiriondo/unitree_ws/install/aruco_detector/lib/python3.10/site-packages:/home/tknika/gral-iiriondo/unitree_ws/install/aruco_markers_msgs/local/lib/python3.10/dist-packages:/home/tknika/gral-iiriondo-main/unitree_ws/src/unitree_legged_sdk/lib/python/arm64:/home/tknika/gral-iiriondo-main/unitree_ws/src/unitree_legged_sdk/lib/python/arm64:/opt/ros/humble/lib/python3.10/site-packages:/opt/ros/humble/local/lib/python3.10/dist-packages', 'COLCON': '1', 'VTE_VERSION': '6800', 'CMAKE_PREFIX_PATH': '/home/tknika/gral-iiriondo/unitree_ws/install/speech_to_goal_interfaces:/home/tknika/gral-iiriondo/unitree_ws/install/object_recognition_interfaces:/home/tknika/gral-iiriondo/unitree_ws/install/aruco_markers_msgs'}, 'shell': False}
[6.343304] (-) TimerEvent: {}
[6.444018] (-) TimerEvent: {}
[6.545086] (-) TimerEvent: {}
[6.645779] (-) TimerEvent: {}
[6.746482] (-) TimerEvent: {}
[6.847188] (-) TimerEvent: {}
[6.947921] (-) TimerEvent: {}
[7.048648] (-) TimerEvent: {}
[7.099464] (asr) StdoutLine: {'line': b'running develop\n'}
[7.100023] (go1_description) StdoutLine: {'line': b'running develop\n'}
[7.106587] (standing_mode) StdoutLine: {'line': b'running develop\n'}
[7.148793] (-) TimerEvent: {}
[7.154870] (mapping_configuration) StdoutLine: {'line': b'running develop\n'}
[7.249464] (-) TimerEvent: {}
[7.350321] (-) TimerEvent: {}
[7.451233] (-) TimerEvent: {}
[7.552139] (-) TimerEvent: {}
[7.645595] (asr) StdoutLine: {'line': b'running egg_info\n'}
[7.646471] (standing_mode) StdoutLine: {'line': b'running egg_info\n'}
[7.646775] (go1_description) StdoutLine: {'line': b'running egg_info\n'}
[7.652284] (-) TimerEvent: {}
[7.675220] (go1_description) StdoutLine: {'line': b'writing go1_description.egg-info/PKG-INFO\n'}
[7.676916] (asr) StdoutLine: {'line': b'writing asr.egg-info/PKG-INFO\n'}
[7.679009] (standing_mode) StdoutLine: {'line': b'writing standing_mode.egg-info/PKG-INFO\n'}
[7.679296] (standing_mode) StdoutLine: {'line': b'writing dependency_links to standing_mode.egg-info/dependency_links.txt\n'}
[7.679445] (asr) StdoutLine: {'line': b'writing dependency_links to asr.egg-info/dependency_links.txt\n'}
[7.679589] (go1_description) StdoutLine: {'line': b'writing dependency_links to go1_description.egg-info/dependency_links.txt\n'}
[7.679736] (standing_mode) StdoutLine: {'line': b'writing entry points to standing_mode.egg-info/entry_points.txt\n'}
[7.679860] (standing_mode) StdoutLine: {'line': b'writing requirements to standing_mode.egg-info/requires.txt\n'}
[7.679976] (standing_mode) StdoutLine: {'line': b'writing top-level names to standing_mode.egg-info/top_level.txt\n'}
[7.680132] (asr) StdoutLine: {'line': b'writing entry points to asr.egg-info/entry_points.txt\n'}
[7.680266] (asr) StdoutLine: {'line': b'writing requirements to asr.egg-info/requires.txt\n'}
[7.680406] (asr) StdoutLine: {'line': b'writing top-level names to asr.egg-info/top_level.txt\n'}
[7.680566] (go1_description) StdoutLine: {'line': b'writing requirements to go1_description.egg-info/requires.txt\n'}
[7.680697] (go1_description) StdoutLine: {'line': b'writing top-level names to go1_description.egg-info/top_level.txt\n'}
[7.722440] (mapping_configuration) StdoutLine: {'line': b'running egg_info\n'}
[7.735770] (aruco_detector) Command: {'cmd': ['/usr/bin/python3', '-W', 'ignore:setup.py install is deprecated', '-W', 'ignore:easy_install command is deprecated', 'setup.py', 'develop', '--editable', '--build-directory', '/home/tknika/gral-iiriondo/unitree_ws/build/aruco_detector/build', '--no-deps', 'symlink_data'], 'cwd': '/home/tknika/gral-iiriondo/unitree_ws/build/aruco_detector', 'env': {'GJS_DEBUG_TOPICS': 'JS ERROR;JS LOG', 'LESSOPEN': '| /usr/bin/lesspipe %s', 'USER': 'tknika', 'OLLAMA_LLM_LIBRARY': 'cuda', 'XDG_SESSION_TYPE': 'x11', 'SHLVL': '2', 'LD_LIBRARY_PATH': '/home/tknika/gral-iiriondo/unitree_ws/install/aruco_markers_msgs/lib:/home/tknika/gral-iiriondo/unitree_ws/install/speech_to_goal_interfaces/lib:/home/tknika/gral-iiriondo/unitree_ws/install/object_recognition_interfaces/lib:/usr/lib/aarch64-linux-gnu/nvidia:/usr/local/cuda/lib64:/usr/local/cuda-12.6/lib64:/usr/lib/aarch64-linux-gnu/nvidia:/usr/local/cuda/lib64:/opt/ros/humble/opt/rviz_ogre_vendor/lib:/opt/ros/humble/lib/aarch64-linux-gnu:/opt/ros/humble/lib:/usr/local/cuda-12.6/lib64', 'HOME': '/home/tknika', 'DESKTOP_SESSION': 'ubuntu', 'GIO_LAUNCHED_DESKTOP_FILE': '/usr/share/applications/terminator.desktop', 'ROS_PYTHON_VERSION': '3', 'GNOME_SHELL_SESSION_MODE': 'ubuntu', 'GTK_MODULES': 'gail:atk-bridge', 'MANAGERPID': '3222', 'SYSTEMD_EXEC_PID': '3393', 'DBUS_SESSION_BUS_ADDRESS': 'unix:path=/run/user/1000/bus', 'COLORTERM': 'truecolor', 'TERMINATOR_DBUS_NAME': 'net.tenshu.Terminator23558193cd9818af7fe4d2c2f5bd9d00f', 'GIO_LAUNCHED_DESKTOP_FILE_PID': '4556', 'IM_CONFIG_PHASE': '1', 'COLCON_PREFIX_PATH': '/home/tknika/gral-iiriondo/unitree_ws/install', 'CUDA_VISIBLE_DEVICES': '0', 'ROS_DISTRO': 'humble', 'GTK_IM_MODULE': 'ibus', 'LOGNAME': 'tknika', 'JOURNAL_STREAM': '8:56024', '_': '/usr/bin/colcon', 'ROS_VERSION': '2', 'XDG_SESSION_CLASS': 'user', 'USERNAME': 'tknika', 'TERM': 'xterm-256color', 'GNOME_DESKTOP_SESSION_ID': 'this-is-deprecated', 'ROS_LOCALHOST_ONLY': '0', 'WINDOWPATH': '2', 'PATH': '/usr/local/cuda-12.6/bin:/opt/ros/humble/bin:/usr/local/cuda-12.6/bin:/home/tknika/.cargo/bin:/home/tknika/.local/bin:/usr/local/sbin:/usr/local/bin:/usr/sbin:/usr/bin:/sbin:/bin:/usr/games:/usr/local/games:/snap/bin:/snap/bin', 'SESSION_MANAGER': 'local/ubuntu:@/tmp/.ICE-unix/3369,unix/ubuntu:/tmp/.ICE-unix/3369', 'INVOCATION_ID': 'df31e68f049648dfa24795e5eb4d730b', 'XDG_MENU_PREFIX': 'gnome-', 'XDG_RUNTIME_DIR': '/run/user/1000', 'DISPLAY': ':1', 'TERMINATOR_DBUS_PATH': '/net/tenshu/Terminator2', 'LANG': 'en_US.UTF-8', 'XDG_CURRENT_DESKTOP': 'ubuntu:GNOME', 'IBUS_DISABLE_SNOOPER': '1', 'RMW_IMPLEMENTATION': 'rmw_cyclonedds_cpp', 'XMODIFIERS': '@im=ibus', 'XDG_SESSION_DESKTOP': 'ubuntu', 'XAUTHORITY': '/run/user/1000/gdm/Xauthority', 'LS_COLORS': 'rs=0:di=01;34:ln=01;36:mh=00:pi=40;33:so=01;35:do=01;35:bd=40;33;01:cd=40;33;01:or=40;31;01:mi=00:su=37;41:sg=30;43:ca=30;41:tw=30;42:ow=34;42:st=37;44:ex=01;32:*.tar=01;31:*.tgz=01;31:*.arc=01;31:*.arj=01;31:*.taz=01;31:*.lha=01;31:*.lz4=01;31:*.lzh=01;31:*.lzma=01;31:*.tlz=01;31:*.txz=01;31:*.tzo=01;31:*.t7z=01;31:*.zip=01;31:*.z=01;31:*.dz=01;31:*.gz=01;31:*.lrz=01;31:*.lz=01;31:*.lzo=01;31:*.xz=01;31:*.zst=01;31:*.tzst=01;31:*.bz2=01;31:*.bz=01;31:*.tbz=01;31:*.tbz2=01;31:*.tz=01;31:*.deb=01;31:*.rpm=01;31:*.jar=01;31:*.war=01;31:*.ear=01;31:*.sar=01;31:*.rar=01;31:*.alz=01;31:*.ace=01;31:*.zoo=01;31:*.cpio=01;31:*.7z=01;31:*.rz=01;31:*.cab=01;31:*.wim=01;31:*.swm=01;31:*.dwm=01;31:*.esd=01;31:*.jpg=01;35:*.jpeg=01;35:*.mjpg=01;35:*.mjpeg=01;35:*.gif=01;35:*.bmp=01;35:*.pbm=01;35:*.pgm=01;35:*.ppm=01;35:*.tga=01;35:*.xbm=01;35:*.xpm=01;35:*.tif=01;35:*.tiff=01;35:*.png=01;35:*.svg=01;35:*.svgz=01;35:*.mng=01;35:*.pcx=01;35:*.mov=01;35:*.mpg=01;35:*.mpeg=01;35:*.m2v=01;35:*.mkv=01;35:*.webm=01;35:*.webp=01;35:*.ogm=01;35:*.mp4=01;35:*.m4v=01;35:*.mp4v=01;35:*.vob=01;35:*.qt=01;35:*.nuv=01;35:*.wmv=01;35:*.asf=01;35:*.rm=01;35:*.rmvb=01;35:*.flc=01;35:*.avi=01;35:*.fli=01;35:*.flv=01;35:*.gl=01;35:*.dl=01;35:*.xcf=01;35:*.xwd=01;35:*.yuv=01;35:*.cgm=01;35:*.emf=01;35:*.ogv=01;35:*.ogx=01;35:*.aac=00;36:*.au=00;36:*.flac=00;36:*.m4a=00;36:*.mid=00;36:*.midi=00;36:*.mka=00;36:*.mp3=00;36:*.mpc=00;36:*.ogg=00;36:*.ra=00;36:*.wav=00;36:*.oga=00;36:*.opus=00;36:*.spx=00;36:*.xspf=00;36:', 'SSH_AGENT_LAUNCHER': 'gnome-keyring', 'SSH_AUTH_SOCK': '/run/user/1000/keyring/ssh', 'ROS_DOMAIN_ID': '42', 'AMENT_PREFIX_PATH': '/home/tknika/gral-iiriondo/unitree_ws/install/standing_mode:/home/tknika/gral-iiriondo/unitree_ws/install/speech_to_goal:/home/tknika/gral-iiriondo/unitree_ws/install/speech_to_goal_interfaces:/home/tknika/gral-iiriondo/unitree_ws/install/object_recognition:/home/tknika/gral-iiriondo/unitree_ws/install/object_recognition_interfaces:/home/tknika/gral-iiriondo/unitree_ws/install/mapping_configuration:/home/tknika/gral-iiriondo/unitree_ws/install/go1_description:/home/tknika/gral-iiriondo/unitree_ws/install/asr:/home/tknika/gral-iiriondo/unitree_ws/install/aruco_detector:/home/tknika/gral-iiriondo/unitree_ws/install/aruco_markers_msgs:/opt/ros/humble', 'SHELL': '/bin/bash', 'TERMINATOR_UUID': 'urn:uuid:ab55b7a6-d9da-4dd6-8408-f255b26e6be6', 'QT_ACCESSIBILITY': '1', 'GDMSESSION': 'ubuntu', 'LESSCLOSE': '/usr/bin/lesspipe %s %s', 'GPG_AGENT_INFO': '/run/user/1000/gnupg/S.gpg-agent:0:1', 'GJS_DEBUG_OUTPUT': 'stderr', 'QT_IM_MODULE': 'ibus', 'PWD': '/home/tknika/gral-iiriondo/unitree_ws/build/aruco_detector', 'XDG_CONFIG_DIRS': '/etc/xdg/xdg-ubuntu:/etc/xdg', 'XDG_DATA_DIRS': '/usr/share/ubuntu:/usr/share/gnome:/usr/local/share/:/usr/share/:/var/lib/snapd/desktop', 'PYTHONPATH': '/home/tknika/gral-iiriondo/unitree_ws/build/aruco_detector/prefix_override:/usr/lib/python3/dist-packages/colcon_core/task/python/colcon_distutils_commands:/home/tknika/gral-iiriondo/unitree_ws/install/aruco_detector/lib/python3.10/site-packages:/home/tknika/gral-iiriondo/unitree_ws/build/standing_mode:/home/tknika/gral-iiriondo/unitree_ws/install/standing_mode/lib/python3.10/site-packages:/home/tknika/gral-iiriondo/unitree_ws/build/speech_to_goal:/home/tknika/gral-iiriondo/unitree_ws/install/speech_to_goal/lib/python3.10/site-packages:/home/tknika/gral-iiriondo/unitree_ws/install/speech_to_goal_interfaces/local/lib/python3.10/dist-packages:/home/tknika/gral-iiriondo/unitree_ws/build/object_recognition:/home/tknika/gral-iiriondo/unitree_ws/install/object_recognition/lib/python3.10/site-packages:/home/tknika/gral-iiriondo/unitree_ws/install/object_recognition_interfaces/local/lib/python3.10/dist-packages:/home/tknika/gral-iiriondo/unitree_ws/build/mapping_configuration:/home/tknika/gral-iiriondo/unitree_ws/install/mapping_configuration/lib/python3.10/site-packages:/home/tknika/gral-iiriondo/unitree_ws/build/go1_description:/home/tknika/gral-iiriondo/unitree_ws/install/go1_description/lib/python3.10/site-packages:/home/tknika/gral-iiriondo/unitree_ws/build/asr:/home/tknika/gral-iiriondo/unitree_ws/install/asr/lib/python3.10/site-packages:/home/tknika/gral-iiriondo/unitree_ws/build/aruco_detector:/home/tknika/gral-iiriondo/unitree_ws/install/aruco_detector/lib/python3.10/site-packages:/home/tknika/gral-iiriondo/unitree_ws/install/aruco_markers_msgs/local/lib/python3.10/dist-packages:/home/tknika/gral-iiriondo-main/unitree_ws/src/unitree_legged_sdk/lib/python/arm64:/home/tknika/gral-iiriondo-main/unitree_ws/src/unitree_legged_sdk/lib/python/arm64:/opt/ros/humble/lib/python3.10/site-packages:/opt/ros/humble/local/lib/python3.10/dist-packages', 'COLCON': '1', 'VTE_VERSION': '6800', 'CMAKE_PREFIX_PATH': '/home/tknika/gral-iiriondo/unitree_ws/install/aruco_markers_msgs:/home/tknika/gral-iiriondo/unitree_ws/install/speech_to_goal_interfaces:/home/tknika/gral-iiriondo/unitree_ws/install/object_recognition_interfaces'}, 'shell': False}
[7.740185] (go1_description) StdoutLine: {'line': b"reading manifest file 'go1_description.egg-info/SOURCES.txt'\n"}
[7.741005] (asr) StdoutLine: {'line': b"reading manifest file 'asr.egg-info/SOURCES.txt'\n"}
[7.741232] (standing_mode) StdoutLine: {'line': b"reading manifest file 'standing_mode.egg-info/SOURCES.txt'\n"}
[7.742308] (standing_mode) StdoutLine: {'line': b"writing manifest file 'standing_mode.egg-info/SOURCES.txt'\n"}
[7.742552] (asr) StdoutLine: {'line': b"writing manifest file 'asr.egg-info/SOURCES.txt'\n"}
[7.742821] (go1_description) StdoutLine: {'line': b"writing manifest file 'go1_description.egg-info/SOURCES.txt'\n"}
[7.752395] (-) TimerEvent: {}
[7.752873] (mapping_configuration) StdoutLine: {'line': b'writing mapping_configuration.egg-info/PKG-INFO\n'}
[7.753240] (mapping_configuration) StdoutLine: {'line': b'writing dependency_links to mapping_configuration.egg-info/dependency_links.txt\n'}
[7.753845] (mapping_configuration) StdoutLine: {'line': b'writing entry points to mapping_configuration.egg-info/entry_points.txt\n'}
[7.754193] (mapping_configuration) StdoutLine: {'line': b'writing requirements to mapping_configuration.egg-info/requires.txt\n'}
[7.754452] (mapping_configuration) StdoutLine: {'line': b'writing top-level names to mapping_configuration.egg-info/top_level.txt\n'}
[7.768884] (object_recognition) Command: {'cmd': ['/usr/bin/python3', '-W', 'ignore:setup.py install is deprecated', '-W', 'ignore:easy_install command is deprecated', 'setup.py', 'develop', '--editable', '--build-directory', '/home/tknika/gral-iiriondo/unitree_ws/build/object_recognition/build', '--no-deps', 'symlink_data'], 'cwd': '/home/tknika/gral-iiriondo/unitree_ws/build/object_recognition', 'env': {'GJS_DEBUG_TOPICS': 'JS ERROR;JS LOG', 'LESSOPEN': '| /usr/bin/lesspipe %s', 'USER': 'tknika', 'OLLAMA_LLM_LIBRARY': 'cuda', 'XDG_SESSION_TYPE': 'x11', 'SHLVL': '2', 'LD_LIBRARY_PATH': '/home/tknika/gral-iiriondo/unitree_ws/install/object_recognition_interfaces/lib:/home/tknika/gral-iiriondo/unitree_ws/install/speech_to_goal_interfaces/lib:/home/tknika/gral-iiriondo/unitree_ws/install/aruco_markers_msgs/lib:/usr/lib/aarch64-linux-gnu/nvidia:/usr/local/cuda/lib64:/usr/local/cuda-12.6/lib64:/usr/lib/aarch64-linux-gnu/nvidia:/usr/local/cuda/lib64:/opt/ros/humble/opt/rviz_ogre_vendor/lib:/opt/ros/humble/lib/aarch64-linux-gnu:/opt/ros/humble/lib:/usr/local/cuda-12.6/lib64', 'HOME': '/home/tknika', 'DESKTOP_SESSION': 'ubuntu', 'GIO_LAUNCHED_DESKTOP_FILE': '/usr/share/applications/terminator.desktop', 'ROS_PYTHON_VERSION': '3', 'GNOME_SHELL_SESSION_MODE': 'ubuntu', 'GTK_MODULES': 'gail:atk-bridge', 'MANAGERPID': '3222', 'SYSTEMD_EXEC_PID': '3393', 'DBUS_SESSION_BUS_ADDRESS': 'unix:path=/run/user/1000/bus', 'COLORTERM': 'truecolor', 'TERMINATOR_DBUS_NAME': 'net.tenshu.Terminator23558193cd9818af7fe4d2c2f5bd9d00f', 'GIO_LAUNCHED_DESKTOP_FILE_PID': '4556', 'IM_CONFIG_PHASE': '1', 'COLCON_PREFIX_PATH': '/home/tknika/gral-iiriondo/unitree_ws/install', 'CUDA_VISIBLE_DEVICES': '0', 'ROS_DISTRO': 'humble', 'GTK_IM_MODULE': 'ibus', 'LOGNAME': 'tknika', 'JOURNAL_STREAM': '8:56024', '_': '/usr/bin/colcon', 'ROS_VERSION': '2', 'XDG_SESSION_CLASS': 'user', 'USERNAME': 'tknika', 'TERM': 'xterm-256color', 'GNOME_DESKTOP_SESSION_ID': 'this-is-deprecated', 'ROS_LOCALHOST_ONLY': '0', 'WINDOWPATH': '2', 'PATH': '/usr/local/cuda-12.6/bin:/opt/ros/humble/bin:/usr/local/cuda-12.6/bin:/home/tknika/.cargo/bin:/home/tknika/.local/bin:/usr/local/sbin:/usr/local/bin:/usr/sbin:/usr/bin:/sbin:/bin:/usr/games:/usr/local/games:/snap/bin:/snap/bin', 'SESSION_MANAGER': 'local/ubuntu:@/tmp/.ICE-unix/3369,unix/ubuntu:/tmp/.ICE-unix/3369', 'INVOCATION_ID': 'df31e68f049648dfa24795e5eb4d730b', 'XDG_MENU_PREFIX': 'gnome-', 'XDG_RUNTIME_DIR': '/run/user/1000', 'DISPLAY': ':1', 'TERMINATOR_DBUS_PATH': '/net/tenshu/Terminator2', 'LANG': 'en_US.UTF-8', 'XDG_CURRENT_DESKTOP': 'ubuntu:GNOME', 'IBUS_DISABLE_SNOOPER': '1', 'RMW_IMPLEMENTATION': 'rmw_cyclonedds_cpp', 'XMODIFIERS': '@im=ibus', 'XDG_SESSION_DESKTOP': 'ubuntu', 'XAUTHORITY': '/run/user/1000/gdm/Xauthority', 'LS_COLORS': 'rs=0:di=01;34:ln=01;36:mh=00:pi=40;33:so=01;35:do=01;35:bd=40;33;01:cd=40;33;01:or=40;31;01:mi=00:su=37;41:sg=30;43:ca=30;41:tw=30;42:ow=34;42:st=37;44:ex=01;32:*.tar=01;31:*.tgz=01;31:*.arc=01;31:*.arj=01;31:*.taz=01;31:*.lha=01;31:*.lz4=01;31:*.lzh=01;31:*.lzma=01;31:*.tlz=01;31:*.txz=01;31:*.tzo=01;31:*.t7z=01;31:*.zip=01;31:*.z=01;31:*.dz=01;31:*.gz=01;31:*.lrz=01;31:*.lz=01;31:*.lzo=01;31:*.xz=01;31:*.zst=01;31:*.tzst=01;31:*.bz2=01;31:*.bz=01;31:*.tbz=01;31:*.tbz2=01;31:*.tz=01;31:*.deb=01;31:*.rpm=01;31:*.jar=01;31:*.war=01;31:*.ear=01;31:*.sar=01;31:*.rar=01;31:*.alz=01;31:*.ace=01;31:*.zoo=01;31:*.cpio=01;31:*.7z=01;31:*.rz=01;31:*.cab=01;31:*.wim=01;31:*.swm=01;31:*.dwm=01;31:*.esd=01;31:*.jpg=01;35:*.jpeg=01;35:*.mjpg=01;35:*.mjpeg=01;35:*.gif=01;35:*.bmp=01;35:*.pbm=01;35:*.pgm=01;35:*.ppm=01;35:*.tga=01;35:*.xbm=01;35:*.xpm=01;35:*.tif=01;35:*.tiff=01;35:*.png=01;35:*.svg=01;35:*.svgz=01;35:*.mng=01;35:*.pcx=01;35:*.mov=01;35:*.mpg=01;35:*.mpeg=01;35:*.m2v=01;35:*.mkv=01;35:*.webm=01;35:*.webp=01;35:*.ogm=01;35:*.mp4=01;35:*.m4v=01;35:*.mp4v=01;35:*.vob=01;35:*.qt=01;35:*.nuv=01;35:*.wmv=01;35:*.asf=01;35:*.rm=01;35:*.rmvb=01;35:*.flc=01;35:*.avi=01;35:*.fli=01;35:*.flv=01;35:*.gl=01;35:*.dl=01;35:*.xcf=01;35:*.xwd=01;35:*.yuv=01;35:*.cgm=01;35:*.emf=01;35:*.ogv=01;35:*.ogx=01;35:*.aac=00;36:*.au=00;36:*.flac=00;36:*.m4a=00;36:*.mid=00;36:*.midi=00;36:*.mka=00;36:*.mp3=00;36:*.mpc=00;36:*.ogg=00;36:*.ra=00;36:*.wav=00;36:*.oga=00;36:*.opus=00;36:*.spx=00;36:*.xspf=00;36:', 'SSH_AGENT_LAUNCHER': 'gnome-keyring', 'SSH_AUTH_SOCK': '/run/user/1000/keyring/ssh', 'ROS_DOMAIN_ID': '42', 'AMENT_PREFIX_PATH': '/home/tknika/gral-iiriondo/unitree_ws/install/standing_mode:/home/tknika/gral-iiriondo/unitree_ws/install/speech_to_goal:/home/tknika/gral-iiriondo/unitree_ws/install/speech_to_goal_interfaces:/home/tknika/gral-iiriondo/unitree_ws/install/object_recognition:/home/tknika/gral-iiriondo/unitree_ws/install/object_recognition_interfaces:/home/tknika/gral-iiriondo/unitree_ws/install/mapping_configuration:/home/tknika/gral-iiriondo/unitree_ws/install/go1_description:/home/tknika/gral-iiriondo/unitree_ws/install/asr:/home/tknika/gral-iiriondo/unitree_ws/install/aruco_detector:/home/tknika/gral-iiriondo/unitree_ws/install/aruco_markers_msgs:/opt/ros/humble', 'SHELL': '/bin/bash', 'TERMINATOR_UUID': 'urn:uuid:ab55b7a6-d9da-4dd6-8408-f255b26e6be6', 'QT_ACCESSIBILITY': '1', 'GDMSESSION': 'ubuntu', 'LESSCLOSE': '/usr/bin/lesspipe %s %s', 'GPG_AGENT_INFO': '/run/user/1000/gnupg/S.gpg-agent:0:1', 'GJS_DEBUG_OUTPUT': 'stderr', 'QT_IM_MODULE': 'ibus', 'PWD': '/home/tknika/gral-iiriondo/unitree_ws/build/object_recognition', 'XDG_CONFIG_DIRS': '/etc/xdg/xdg-ubuntu:/etc/xdg', 'XDG_DATA_DIRS': '/usr/share/ubuntu:/usr/share/gnome:/usr/local/share/:/usr/share/:/var/lib/snapd/desktop', 'PYTHONPATH': '/home/tknika/gral-iiriondo/unitree_ws/build/object_recognition/prefix_override:/usr/lib/python3/dist-packages/colcon_core/task/python/colcon_distutils_commands:/home/tknika/gral-iiriondo/unitree_ws/install/object_recognition/lib/python3.10/site-packages:/home/tknika/gral-iiriondo/unitree_ws/build/standing_mode:/home/tknika/gral-iiriondo/unitree_ws/install/standing_mode/lib/python3.10/site-packages:/home/tknika/gral-iiriondo/unitree_ws/build/speech_to_goal:/home/tknika/gral-iiriondo/unitree_ws/install/speech_to_goal/lib/python3.10/site-packages:/home/tknika/gral-iiriondo/unitree_ws/install/speech_to_goal_interfaces/local/lib/python3.10/dist-packages:/home/tknika/gral-iiriondo/unitree_ws/build/object_recognition:/home/tknika/gral-iiriondo/unitree_ws/install/object_recognition/lib/python3.10/site-packages:/home/tknika/gral-iiriondo/unitree_ws/install/object_recognition_interfaces/local/lib/python3.10/dist-packages:/home/tknika/gral-iiriondo/unitree_ws/build/mapping_configuration:/home/tknika/gral-iiriondo/unitree_ws/install/mapping_configuration/lib/python3.10/site-packages:/home/tknika/gral-iiriondo/unitree_ws/build/go1_description:/home/tknika/gral-iiriondo/unitree_ws/install/go1_description/lib/python3.10/site-packages:/home/tknika/gral-iiriondo/unitree_ws/build/asr:/home/tknika/gral-iiriondo/unitree_ws/install/asr/lib/python3.10/site-packages:/home/tknika/gral-iiriondo/unitree_ws/build/aruco_detector:/home/tknika/gral-iiriondo/unitree_ws/install/aruco_detector/lib/python3.10/site-packages:/home/tknika/gral-iiriondo/unitree_ws/install/aruco_markers_msgs/local/lib/python3.10/dist-packages:/home/tknika/gral-iiriondo-main/unitree_ws/src/unitree_legged_sdk/lib/python/arm64:/home/tknika/gral-iiriondo-main/unitree_ws/src/unitree_legged_sdk/lib/python/arm64:/opt/ros/humble/lib/python3.10/site-packages:/opt/ros/humble/local/lib/python3.10/dist-packages', 'COLCON': '1', 'VTE_VERSION': '6800', 'CMAKE_PREFIX_PATH': '/home/tknika/gral-iiriondo/unitree_ws/install/object_recognition_interfaces:/home/tknika/gral-iiriondo/unitree_ws/install/speech_to_goal_interfaces:/home/tknika/gral-iiriondo/unitree_ws/install/aruco_markers_msgs'}, 'shell': False}
[7.775675] (asr) StdoutLine: {'line': b'running build_ext\n'}
[7.776181] (standing_mode) StdoutLine: {'line': b'running build_ext\n'}
[7.776480] (asr) StdoutLine: {'line': b'Creating /home/tknika/gral-iiriondo/unitree_ws/install/asr/lib/python3.10/site-packages/asr.egg-link (link to .)\n'}
[7.776732] (standing_mode) StdoutLine: {'line': b'Creating /home/tknika/gral-iiriondo/unitree_ws/install/standing_mode/lib/python3.10/site-packages/standing-mode.egg-link (link to .)\n'}
[7.776974] (go1_description) StdoutLine: {'line': b'running build_ext\n'}
[7.777137] (go1_description) StdoutLine: {'line': b'Creating /home/tknika/gral-iiriondo/unitree_ws/install/go1_description/lib/python3.10/site-packages/go1-description.egg-link (link to .)\n'}
[7.777838] (standing_mode) StdoutLine: {'line': b'Installing standing_mode script to /home/tknika/gral-iiriondo/unitree_ws/install/standing_mode/lib/standing_mode\n'}
[7.778364] (asr) StdoutLine: {'line': b'Installing vosk_node script to /home/tknika/gral-iiriondo/unitree_ws/install/asr/lib/asr\n'}
[7.778688] (standing_mode) StdoutLine: {'line': b'\n'}
[7.778953] (standing_mode) StdoutLine: {'line': b'Installed /home/tknika/gral-iiriondo/unitree_ws/build/standing_mode\n'}
[7.779097] (standing_mode) StdoutLine: {'line': b'running symlink_data\n'}
[7.779233] (go1_description) StdoutLine: {'line': b'\n'}
[7.779442] (go1_description) StdoutLine: {'line': b'Installed /home/tknika/gral-iiriondo/unitree_ws/build/go1_description\n'}
[7.779569] (go1_description) StdoutLine: {'line': b'running symlink_data\n'}
[7.779693] (asr) StdoutLine: {'line': b'Installing whisper_medium_node script to /home/tknika/gral-iiriondo/unitree_ws/install/asr/lib/asr\n'}
[7.780013] (asr) StdoutLine: {'line': b'\n'}
[7.780155] (asr) StdoutLine: {'line': b'Installed /home/tknika/gral-iiriondo/unitree_ws/build/asr\n'}
[7.780344] (asr) StdoutLine: {'line': b'running symlink_data\n'}
[7.807774] (speech_to_goal) Command: {'cmd': ['/usr/bin/python3', '-W', 'ignore:setup.py install is deprecated', '-W', 'ignore:easy_install command is deprecated', 'setup.py', 'develop', '--editable', '--build-directory', '/home/tknika/gral-iiriondo/unitree_ws/build/speech_to_goal/build', '--no-deps', 'symlink_data'], 'cwd': '/home/tknika/gral-iiriondo/unitree_ws/build/speech_to_goal', 'env': {'GJS_DEBUG_TOPICS': 'JS ERROR;JS LOG', 'LESSOPEN': '| /usr/bin/lesspipe %s', 'USER': 'tknika', 'OLLAMA_LLM_LIBRARY': 'cuda', 'XDG_SESSION_TYPE': 'x11', 'SHLVL': '2', 'LD_LIBRARY_PATH': '/home/tknika/gral-iiriondo/unitree_ws/install/speech_to_goal_interfaces/lib:/home/tknika/gral-iiriondo/unitree_ws/install/object_recognition_interfaces/lib:/home/tknika/gral-iiriondo/unitree_ws/install/aruco_markers_msgs/lib:/usr/lib/aarch64-linux-gnu/nvidia:/usr/local/cuda/lib64:/usr/local/cuda-12.6/lib64:/usr/lib/aarch64-linux-gnu/nvidia:/usr/local/cuda/lib64:/opt/ros/humble/opt/rviz_ogre_vendor/lib:/opt/ros/humble/lib/aarch64-linux-gnu:/opt/ros/humble/lib:/usr/local/cuda-12.6/lib64', 'HOME': '/home/tknika', 'DESKTOP_SESSION': 'ubuntu', 'GIO_LAUNCHED_DESKTOP_FILE': '/usr/share/applications/terminator.desktop', 'ROS_PYTHON_VERSION': '3', 'GNOME_SHELL_SESSION_MODE': 'ubuntu', 'GTK_MODULES': 'gail:atk-bridge', 'MANAGERPID': '3222', 'SYSTEMD_EXEC_PID': '3393', 'DBUS_SESSION_BUS_ADDRESS': 'unix:path=/run/user/1000/bus', 'COLORTERM': 'truecolor', 'TERMINATOR_DBUS_NAME': 'net.tenshu.Terminator23558193cd9818af7fe4d2c2f5bd9d00f', 'GIO_LAUNCHED_DESKTOP_FILE_PID': '4556', 'IM_CONFIG_PHASE': '1', 'COLCON_PREFIX_PATH': '/home/tknika/gral-iiriondo/unitree_ws/install', 'CUDA_VISIBLE_DEVICES': '0', 'ROS_DISTRO': 'humble', 'GTK_IM_MODULE': 'ibus', 'LOGNAME': 'tknika', 'JOURNAL_STREAM': '8:56024', '_': '/usr/bin/colcon', 'ROS_VERSION': '2', 'XDG_SESSION_CLASS': 'user', 'USERNAME': 'tknika', 'TERM': 'xterm-256color', 'GNOME_DESKTOP_SESSION_ID': 'this-is-deprecated', 'ROS_LOCALHOST_ONLY': '0', 'WINDOWPATH': '2', 'PATH': '/usr/local/cuda-12.6/bin:/opt/ros/humble/bin:/usr/local/cuda-12.6/bin:/home/tknika/.cargo/bin:/home/tknika/.local/bin:/usr/local/sbin:/usr/local/bin:/usr/sbin:/usr/bin:/sbin:/bin:/usr/games:/usr/local/games:/snap/bin:/snap/bin', 'SESSION_MANAGER': 'local/ubuntu:@/tmp/.ICE-unix/3369,unix/ubuntu:/tmp/.ICE-unix/3369', 'INVOCATION_ID': 'df31e68f049648dfa24795e5eb4d730b', 'XDG_MENU_PREFIX': 'gnome-', 'XDG_RUNTIME_DIR': '/run/user/1000', 'DISPLAY': ':1', 'TERMINATOR_DBUS_PATH': '/net/tenshu/Terminator2', 'LANG': 'en_US.UTF-8', 'XDG_CURRENT_DESKTOP': 'ubuntu:GNOME', 'IBUS_DISABLE_SNOOPER': '1', 'RMW_IMPLEMENTATION': 'rmw_cyclonedds_cpp', 'XMODIFIERS': '@im=ibus', 'XDG_SESSION_DESKTOP': 'ubuntu', 'XAUTHORITY': '/run/user/1000/gdm/Xauthority', 'LS_COLORS': 'rs=0:di=01;34:ln=01;36:mh=00:pi=40;33:so=01;35:do=01;35:bd=40;33;01:cd=40;33;01:or=40;31;01:mi=00:su=37;41:sg=30;43:ca=30;41:tw=30;42:ow=34;42:st=37;44:ex=01;32:*.tar=01;31:*.tgz=01;31:*.arc=01;31:*.arj=01;31:*.taz=01;31:*.lha=01;31:*.lz4=01;31:*.lzh=01;31:*.lzma=01;31:*.tlz=01;31:*.txz=01;31:*.tzo=01;31:*.t7z=01;31:*.zip=01;31:*.z=01;31:*.dz=01;31:*.gz=01;31:*.lrz=01;31:*.lz=01;31:*.lzo=01;31:*.xz=01;31:*.zst=01;31:*.tzst=01;31:*.bz2=01;31:*.bz=01;31:*.tbz=01;31:*.tbz2=01;31:*.tz=01;31:*.deb=01;31:*.rpm=01;31:*.jar=01;31:*.war=01;31:*.ear=01;31:*.sar=01;31:*.rar=01;31:*.alz=01;31:*.ace=01;31:*.zoo=01;31:*.cpio=01;31:*.7z=01;31:*.rz=01;31:*.cab=01;31:*.wim=01;31:*.swm=01;31:*.dwm=01;31:*.esd=01;31:*.jpg=01;35:*.jpeg=01;35:*.mjpg=01;35:*.mjpeg=01;35:*.gif=01;35:*.bmp=01;35:*.pbm=01;35:*.pgm=01;35:*.ppm=01;35:*.tga=01;35:*.xbm=01;35:*.xpm=01;35:*.tif=01;35:*.tiff=01;35:*.png=01;35:*.svg=01;35:*.svgz=01;35:*.mng=01;35:*.pcx=01;35:*.mov=01;35:*.mpg=01;35:*.mpeg=01;35:*.m2v=01;35:*.mkv=01;35:*.webm=01;35:*.webp=01;35:*.ogm=01;35:*.mp4=01;35:*.m4v=01;35:*.mp4v=01;35:*.vob=01;35:*.qt=01;35:*.nuv=01;35:*.wmv=01;35:*.asf=01;35:*.rm=01;35:*.rmvb=01;35:*.flc=01;35:*.avi=01;35:*.fli=01;35:*.flv=01;35:*.gl=01;35:*.dl=01;35:*.xcf=01;35:*.xwd=01;35:*.yuv=01;35:*.cgm=01;35:*.emf=01;35:*.ogv=01;35:*.ogx=01;35:*.aac=00;36:*.au=00;36:*.flac=00;36:*.m4a=00;36:*.mid=00;36:*.midi=00;36:*.mka=00;36:*.mp3=00;36:*.mpc=00;36:*.ogg=00;36:*.ra=00;36:*.wav=00;36:*.oga=00;36:*.opus=00;36:*.spx=00;36:*.xspf=00;36:', 'SSH_AGENT_LAUNCHER': 'gnome-keyring', 'SSH_AUTH_SOCK': '/run/user/1000/keyring/ssh', 'ROS_DOMAIN_ID': '42', 'AMENT_PREFIX_PATH': '/home/tknika/gral-iiriondo/unitree_ws/install/standing_mode:/home/tknika/gral-iiriondo/unitree_ws/install/speech_to_goal:/home/tknika/gral-iiriondo/unitree_ws/install/speech_to_goal_interfaces:/home/tknika/gral-iiriondo/unitree_ws/install/object_recognition:/home/tknika/gral-iiriondo/unitree_ws/install/object_recognition_interfaces:/home/tknika/gral-iiriondo/unitree_ws/install/mapping_configuration:/home/tknika/gral-iiriondo/unitree_ws/install/go1_description:/home/tknika/gral-iiriondo/unitree_ws/install/asr:/home/tknika/gral-iiriondo/unitree_ws/install/aruco_detector:/home/tknika/gral-iiriondo/unitree_ws/install/aruco_markers_msgs:/opt/ros/humble', 'SHELL': '/bin/bash', 'TERMINATOR_UUID': 'urn:uuid:ab55b7a6-d9da-4dd6-8408-f255b26e6be6', 'QT_ACCESSIBILITY': '1', 'GDMSESSION': 'ubuntu', 'LESSCLOSE': '/usr/bin/lesspipe %s %s', 'GPG_AGENT_INFO': '/run/user/1000/gnupg/S.gpg-agent:0:1', 'GJS_DEBUG_OUTPUT': 'stderr', 'QT_IM_MODULE': 'ibus', 'PWD': '/home/tknika/gral-iiriondo/unitree_ws/build/speech_to_goal', 'XDG_CONFIG_DIRS': '/etc/xdg/xdg-ubuntu:/etc/xdg', 'XDG_DATA_DIRS': '/usr/share/ubuntu:/usr/share/gnome:/usr/local/share/:/usr/share/:/var/lib/snapd/desktop', 'PYTHONPATH': '/home/tknika/gral-iiriondo/unitree_ws/build/speech_to_goal/prefix_override:/usr/lib/python3/dist-packages/colcon_core/task/python/colcon_distutils_commands:/home/tknika/gral-iiriondo/unitree_ws/install/speech_to_goal/lib/python3.10/site-packages:/home/tknika/gral-iiriondo/unitree_ws/build/standing_mode:/home/tknika/gral-iiriondo/unitree_ws/install/standing_mode/lib/python3.10/site-packages:/home/tknika/gral-iiriondo/unitree_ws/build/speech_to_goal:/home/tknika/gral-iiriondo/unitree_ws/install/speech_to_goal/lib/python3.10/site-packages:/home/tknika/gral-iiriondo/unitree_ws/install/speech_to_goal_interfaces/local/lib/python3.10/dist-packages:/home/tknika/gral-iiriondo/unitree_ws/build/object_recognition:/home/tknika/gral-iiriondo/unitree_ws/install/object_recognition/lib/python3.10/site-packages:/home/tknika/gral-iiriondo/unitree_ws/install/object_recognition_interfaces/local/lib/python3.10/dist-packages:/home/tknika/gral-iiriondo/unitree_ws/build/mapping_configuration:/home/tknika/gral-iiriondo/unitree_ws/install/mapping_configuration/lib/python3.10/site-packages:/home/tknika/gral-iiriondo/unitree_ws/build/go1_description:/home/tknika/gral-iiriondo/unitree_ws/install/go1_description/lib/python3.10/site-packages:/home/tknika/gral-iiriondo/unitree_ws/build/asr:/home/tknika/gral-iiriondo/unitree_ws/install/asr/lib/python3.10/site-packages:/home/tknika/gral-iiriondo/unitree_ws/build/aruco_detector:/home/tknika/gral-iiriondo/unitree_ws/install/aruco_detector/lib/python3.10/site-packages:/home/tknika/gral-iiriondo/unitree_ws/install/aruco_markers_msgs/local/lib/python3.10/dist-packages:/home/tknika/gral-iiriondo-main/unitree_ws/src/unitree_legged_sdk/lib/python/arm64:/home/tknika/gral-iiriondo-main/unitree_ws/src/unitree_legged_sdk/lib/python/arm64:/opt/ros/humble/lib/python3.10/site-packages:/opt/ros/humble/local/lib/python3.10/dist-packages', 'COLCON': '1', 'VTE_VERSION': '6800', 'CMAKE_PREFIX_PATH': '/home/tknika/gral-iiriondo/unitree_ws/install/speech_to_goal_interfaces:/home/tknika/gral-iiriondo/unitree_ws/install/object_recognition_interfaces:/home/tknika/gral-iiriondo/unitree_ws/install/aruco_markers_msgs'}, 'shell': False}
[7.823726] (mapping_configuration) StdoutLine: {'line': b"reading manifest file 'mapping_configuration.egg-info/SOURCES.txt'\n"}
[7.825800] (mapping_configuration) StdoutLine: {'line': b"writing manifest file 'mapping_configuration.egg-info/SOURCES.txt'\n"}
[7.852561] (-) TimerEvent: {}
[7.860053] (mapping_configuration) StdoutLine: {'line': b'running build_ext\n'}
[7.860587] (mapping_configuration) StdoutLine: {'line': b'Creating /home/tknika/gral-iiriondo/unitree_ws/install/mapping_configuration/lib/python3.10/site-packages/mapping-configuration.egg-link (link to .)\n'}
[7.862242] (mapping_configuration) StdoutLine: {'line': b'Installing mapping_publishers script to /home/tknika/gral-iiriondo/unitree_ws/install/mapping_configuration/lib/mapping_configuration\n'}
[7.862893] (mapping_configuration) StdoutLine: {'line': b'\n'}
[7.863125] (mapping_configuration) StdoutLine: {'line': b'Installed /home/tknika/gral-iiriondo/unitree_ws/build/mapping_configuration\n'}
[7.863281] (mapping_configuration) StdoutLine: {'line': b'running symlink_data\n'}
[7.952714] (-) TimerEvent: {}
[7.985426] (go1_description) CommandEnded: {'returncode': 0}
[8.009197] (go1_description) JobEnded: {'identifier': 'go1_description', 'rc': 0}
[8.012168] (standing_mode) CommandEnded: {'returncode': 0}
[8.031599] (standing_mode) JobEnded: {'identifier': 'standing_mode', 'rc': 0}
[8.033545] (asr) CommandEnded: {'returncode': 0}
[8.052614] (asr) JobEnded: {'identifier': 'asr', 'rc': 0}
[8.053470] (-) TimerEvent: {}
[8.080256] (mapping_configuration) CommandEnded: {'returncode': 0}
[8.097890] (mapping_configuration) JobEnded: {'identifier': 'mapping_configuration', 'rc': 0}
[8.153638] (-) TimerEvent: {}
[8.254246] (-) TimerEvent: {}
[8.354868] (-) TimerEvent: {}
[8.455505] (-) TimerEvent: {}
[8.549721] (aruco_detector) StdoutLine: {'line': b'running develop\n'}
[8.555599] (-) TimerEvent: {}
[8.573959] (object_recognition) StdoutLine: {'line': b'running develop\n'}
[8.608412] (speech_to_goal) StdoutLine: {'line': b'running develop\n'}
[8.655759] (-) TimerEvent: {}
[8.756349] (-) TimerEvent: {}
[8.856952] (-) TimerEvent: {}
[8.957544] (-) TimerEvent: {}
[9.044365] (aruco_detector) StdoutLine: {'line': b'running egg_info\n'}
[9.057627] (-) TimerEvent: {}
[9.071707] (object_recognition) StdoutLine: {'line': b'running egg_info\n'}
[9.072127] (aruco_detector) StdoutLine: {'line': b'writing aruco_detector.egg-info/PKG-INFO\n'}
[9.072461] (aruco_detector) StdoutLine: {'line': b'writing dependency_links to aruco_detector.egg-info/dependency_links.txt\n'}
[9.073174] (aruco_detector) StdoutLine: {'line': b'writing entry points to aruco_detector.egg-info/entry_points.txt\n'}
[9.073525] (aruco_detector) StdoutLine: {'line': b'writing requirements to aruco_detector.egg-info/requires.txt\n'}
[9.073701] (aruco_detector) StdoutLine: {'line': b'writing top-level names to aruco_detector.egg-info/top_level.txt\n'}
[9.100006] (object_recognition) StdoutLine: {'line': b'writing object_recognition.egg-info/PKG-INFO\n'}
[9.100639] (object_recognition) StdoutLine: {'line': b'writing dependency_links to object_recognition.egg-info/dependency_links.txt\n'}
[9.101197] (object_recognition) StdoutLine: {'line': b'writing entry points to object_recognition.egg-info/entry_points.txt\n'}
[9.101515] (object_recognition) StdoutLine: {'line': b'writing requirements to object_recognition.egg-info/requires.txt\n'}
[9.101754] (object_recognition) StdoutLine: {'line': b'writing top-level names to object_recognition.egg-info/top_level.txt\n'}
[9.105760] (speech_to_goal) StdoutLine: {'line': b'running egg_info\n'}
[9.131338] (aruco_detector) StdoutLine: {'line': b"reading manifest file 'aruco_detector.egg-info/SOURCES.txt'\n"}
[9.133494] (speech_to_goal) StdoutLine: {'line': b'writing speech_to_goal.egg-info/PKG-INFO\n'}
[9.133913] (aruco_detector) StdoutLine: {'line': b"writing manifest file 'aruco_detector.egg-info/SOURCES.txt'\n"}
[9.134124] (speech_to_goal) StdoutLine: {'line': b'writing dependency_links to speech_to_goal.egg-info/dependency_links.txt\n'}
[9.134714] (speech_to_goal) StdoutLine: {'line': b'writing entry points to speech_to_goal.egg-info/entry_points.txt\n'}
[9.135077] (speech_to_goal) StdoutLine: {'line': b'writing requirements to speech_to_goal.egg-info/requires.txt\n'}
[9.135336] (speech_to_goal) StdoutLine: {'line': b'writing top-level names to speech_to_goal.egg-info/top_level.txt\n'}
[9.157706] (-) TimerEvent: {}
[9.161002] (object_recognition) StdoutLine: {'line': b"reading manifest file 'object_recognition.egg-info/SOURCES.txt'\n"}
[9.162901] (object_recognition) StdoutLine: {'line': b"writing manifest file 'object_recognition.egg-info/SOURCES.txt'\n"}
[9.164118] (aruco_detector) StdoutLine: {'line': b'running build_ext\n'}
[9.164347] (aruco_detector) StdoutLine: {'line': b'Creating /home/tknika/gral-iiriondo/unitree_ws/install/aruco_detector/lib/python3.10/site-packages/aruco-detector.egg-link (link to .)\n'}
[9.165965] (aruco_detector) StdoutLine: {'line': b'Installing aruco_detector_node script to /home/tknika/gral-iiriondo/unitree_ws/install/aruco_detector/lib/aruco_detector\n'}
[9.166345] (aruco_detector) StdoutLine: {'line': b'Installing aruco_mapper_node script to /home/tknika/gral-iiriondo/unitree_ws/install/aruco_detector/lib/aruco_detector\n'}
[9.166758] (aruco_detector) StdoutLine: {'line': b'\n'}
[9.166940] (aruco_detector) StdoutLine: {'line': b'Installed /home/tknika/gral-iiriondo/unitree_ws/build/aruco_detector\n'}
[9.167075] (aruco_detector) StdoutLine: {'line': b'running symlink_data\n'}
[9.194984] (speech_to_goal) StdoutLine: {'line': b"reading manifest file 'speech_to_goal.egg-info/SOURCES.txt'\n"}
[9.195599] (object_recognition) StdoutLine: {'line': b'running build_ext\n'}
[9.195897] (object_recognition) StdoutLine: {'line': b'Creating /home/tknika/gral-iiriondo/unitree_ws/install/object_recognition/lib/python3.10/site-packages/object-recognition.egg-link (link to .)\n'}
[9.196252] (speech_to_goal) StdoutLine: {'line': b"writing manifest file 'speech_to_goal.egg-info/SOURCES.txt'\n"}
[9.197713] (object_recognition) StdoutLine: {'line': b'Installing object_recognition_vit_node script to /home/tknika/gral-iiriondo/unitree_ws/install/object_recognition/lib/object_recognition\n'}
[9.198101] (object_recognition) StdoutLine: {'line': b'Installing object_recognition_yolo_cls_node script to /home/tknika/gral-iiriondo/unitree_ws/install/object_recognition/lib/object_recognition\n'}
[9.198372] (object_recognition) StdoutLine: {'line': b'Installing object_recognition_yolo_node script to /home/tknika/gral-iiriondo/unitree_ws/install/object_recognition/lib/object_recognition\n'}
[9.198815] (object_recognition) StdoutLine: {'line': b'\n'}
[9.199011] (object_recognition) StdoutLine: {'line': b'Installed /home/tknika/gral-iiriondo/unitree_ws/build/object_recognition\n'}
[9.199148] (object_recognition) StdoutLine: {'line': b'running symlink_data\n'}
[9.229869] (speech_to_goal) StdoutLine: {'line': b'running build_ext\n'}
[9.230316] (speech_to_goal) StdoutLine: {'line': b'Creating /home/tknika/gral-iiriondo/unitree_ws/install/speech_to_goal/lib/python3.10/site-packages/speech-to-goal.egg-link (link to .)\n'}
[9.232014] (speech_to_goal) StdoutLine: {'line': b'Installing intent_classifier_node script to /home/tknika/gral-iiriondo/unitree_ws/install/speech_to_goal/lib/speech_to_goal\n'}
[9.232444] (speech_to_goal) StdoutLine: {'line': b'Installing speech_to_goal_llm_node script to /home/tknika/gral-iiriondo/unitree_ws/install/speech_to_goal/lib/speech_to_goal\n'}
[9.232710] (speech_to_goal) StdoutLine: {'line': b'Installing speech_to_goal_main_planner_node script to /home/tknika/gral-iiriondo/unitree_ws/install/speech_to_goal/lib/speech_to_goal\n'}
[9.232954] (speech_to_goal) StdoutLine: {'line': b'Installing speech_to_goal_main_planner_node_logs script to /home/tknika/gral-iiriondo/unitree_ws/install/speech_to_goal/lib/speech_to_goal\n'}
[9.233192] (speech_to_goal) StdoutLine: {'line': b'Installing speech_to_goal_node script to /home/tknika/gral-iiriondo/unitree_ws/install/speech_to_goal/lib/speech_to_goal\n'}
[9.233643] (speech_to_goal) StdoutLine: {'line': b'\n'}
[9.233825] (speech_to_goal) StdoutLine: {'line': b'Installed /home/tknika/gral-iiriondo/unitree_ws/build/speech_to_goal\n'}
[9.233959] (speech_to_goal) StdoutLine: {'line': b'running symlink_data\n'}
[9.234350] (speech_to_goal) StdoutLine: {'line': b'symbolically linking /home/tknika/gral-iiriondo/unitree_ws/build/speech_to_goal/launch/speech_to_goal_logs.launch.py -> /home/tknika/gral-iiriondo/unitree_ws/install/speech_to_goal/share/speech_to_goal/launch\n'}
[9.257885] (-) TimerEvent: {}
[9.324022] (aruco_detector) CommandEnded: {'returncode': 0}
[9.355470] (aruco_detector) JobEnded: {'identifier': 'aruco_detector', 'rc': 0}
[9.357962] (-) TimerEvent: {}
[9.369433] (object_recognition) CommandEnded: {'returncode': 0}
[9.394055] (object_recognition) JobEnded: {'identifier': 'object_recognition', 'rc': 0}
[9.406732] (speech_to_goal) CommandEnded: {'returncode': 0}
[9.435429] (speech_to_goal) JobEnded: {'identifier': 'speech_to_goal', 'rc': 0}
[9.437595] (-) EventReactorShutdown: {}
