[0.000000] (-) TimerEvent: {}
[0.000675] (aruco_markers_msgs) JobQueued: {'identifier': 'aruco_markers_msgs', 'dependencies': OrderedDict()}
[0.001346] (asr) JobQueued: {'identifier': 'asr', 'dependencies': OrderedDict()}
[0.001557] (go1_description) JobQueued: {'identifier': 'go1_description', 'dependencies': OrderedDict()}
[0.001807] (mapping_configuration) JobQueued: {'identifier': 'mapping_configuration', 'dependencies': OrderedDict()}
[0.001905] (object_recognition_interfaces) JobQueued: {'identifier': 'object_recognition_interfaces', 'dependencies': OrderedDict()}
[0.002082] (speech_to_goal_interfaces) JobQueued: {'identifier': 'speech_to_goal_interfaces', 'dependencies': OrderedDict()}
[0.002166] (standing_mode) JobQueued: {'identifier': 'standing_mode', 'dependencies': OrderedDict()}
[0.002212] (aruco_detector) JobQueued: {'identifier': 'aruco_detector', 'dependencies': OrderedDict([('aruco_markers_msgs', '/home/tknika/gral-iiriondo-main/unitree_ws/install/aruco_markers_msgs')])}
[0.002306] (object_recognition) JobQueued: {'identifier': 'object_recognition', 'dependencies': OrderedDict([('object_recognition_interfaces', '/home/tknika/gral-iiriondo-main/unitree_ws/install/object_recognition_interfaces')])}
[0.002356] (speech_to_goal) JobQueued: {'identifier': 'speech_to_goal', 'dependencies': OrderedDict([('object_recognition_interfaces', '/home/tknika/gral-iiriondo-main/unitree_ws/install/object_recognition_interfaces'), ('speech_to_goal_interfaces', '/home/tknika/gral-iiriondo-main/unitree_ws/install/speech_to_goal_interfaces')])}
[0.002421] (object_recognition_interfaces) JobStarted: {'identifier': 'object_recognition_interfaces'}
[0.012236] (aruco_markers_msgs) JobStarted: {'identifier': 'aruco_markers_msgs'}
[0.017525] (speech_to_goal_interfaces) JobStarted: {'identifier': 'speech_to_goal_interfaces'}
[0.023155] (asr) JobStarted: {'identifier': 'asr'}
[0.033690] (go1_description) JobStarted: {'identifier': 'go1_description'}
[0.042579] (mapping_configuration) JobStarted: {'identifier': 'mapping_configuration'}
[0.052539] (standing_mode) JobStarted: {'identifier': 'standing_mode'}
[0.065702] (object_recognition_interfaces) JobProgress: {'identifier': 'object_recognition_interfaces', 'progress': 'cmake'}
[0.067128] (object_recognition_interfaces) JobProgress: {'identifier': 'object_recognition_interfaces', 'progress': 'build'}
[0.068438] (object_recognition_interfaces) Command: {'cmd': ['/usr/bin/cmake', '--build', '/home/tknika/gral-iiriondo-main/unitree_ws/build/object_recognition_interfaces', '--', '-j8', '-l8'], 'cwd': '/home/tknika/gral-iiriondo-main/unitree_ws/build/object_recognition_interfaces', 'env': OrderedDict([('GJS_DEBUG_TOPICS', 'JS ERROR;JS LOG'), ('LESSOPEN', '| /usr/bin/lesspipe %s'), ('USER', 'tknika'), ('OLLAMA_LLM_LIBRARY', 'cuda'), ('XDG_SESSION_TYPE', 'x11'), ('SHLVL', '1'), ('LD_LIBRARY_PATH', '/usr/lib/aarch64-linux-gnu/nvidia:/usr/local/cuda/lib64:/opt/ros/humble/opt/rviz_ogre_vendor/lib:/opt/ros/humble/lib/aarch64-linux-gnu:/opt/ros/humble/lib:/usr/local/cuda-12.6/lib64:'), ('HOME', '/home/tknika'), ('DESKTOP_SESSION', 'ubuntu'), ('GIO_LAUNCHED_DESKTOP_FILE', '/usr/share/applications/terminator.desktop'), ('ROS_PYTHON_VERSION', '3'), ('GNOME_SHELL_SESSION_MODE', 'ubuntu'), ('GTK_MODULES', 'gail:atk-bridge'), ('MANAGERPID', '2504'), ('SYSTEMD_EXEC_PID', '2680'), ('DBUS_SESSION_BUS_ADDRESS', 'unix:path=/run/user/1000/bus'), ('COLORTERM', 'truecolor'), ('TERMINATOR_DBUS_NAME', 'net.tenshu.Terminator23558193cd9818af7fe4d2c2f5bd9d00f'), ('GIO_LAUNCHED_DESKTOP_FILE_PID', '4209'), ('IM_CONFIG_PHASE', '1'), ('CUDA_VISIBLE_DEVICES', '0'), ('ROS_DISTRO', 'humble'), ('GTK_IM_MODULE', 'ibus'), ('LOGNAME', 'tknika'), ('JOURNAL_STREAM', '8:50749'), ('_', '/usr/bin/colcon'), ('ROS_VERSION', '2'), ('XDG_SESSION_CLASS', 'user'), ('USERNAME', 'tknika'), ('TERM', 'xterm-256color'), ('GNOME_DESKTOP_SESSION_ID', 'this-is-deprecated'), ('ROS_LOCALHOST_ONLY', '0'), ('WINDOWPATH', '2'), ('PATH', '/opt/ros/humble/bin:/usr/local/cuda-12.6/bin:/home/tknika/.cargo/bin:/home/tknika/.local/bin:/usr/local/sbin:/usr/local/bin:/usr/sbin:/usr/bin:/sbin:/bin:/usr/games:/usr/local/games:/snap/bin:/snap/bin'), ('SESSION_MANAGER', 'local/ubuntu:@/tmp/.ICE-unix/2653,unix/ubuntu:/tmp/.ICE-unix/2653'), ('INVOCATION_ID', '23499d00eeb9404d9453ff310186aa72'), ('XDG_MENU_PREFIX', 'gnome-'), ('XDG_RUNTIME_DIR', '/run/user/1000'), ('DISPLAY', ':1'), ('TERMINATOR_DBUS_PATH', '/net/tenshu/Terminator2'), ('LANG', 'en_US.UTF-8'), ('XDG_CURRENT_DESKTOP', 'ubuntu:GNOME'), ('IBUS_DISABLE_SNOOPER', '1'), ('XMODIFIERS', '@im=ibus'), ('XDG_SESSION_DESKTOP', 'ubuntu'), ('XAUTHORITY', '/run/user/1000/gdm/Xauthority'), ('LS_COLORS', 'rs=0:di=01;34:ln=01;36:mh=00:pi=40;33:so=01;35:do=01;35:bd=40;33;01:cd=40;33;01:or=40;31;01:mi=00:su=37;41:sg=30;43:ca=30;41:tw=30;42:ow=34;42:st=37;44:ex=01;32:*.tar=01;31:*.tgz=01;31:*.arc=01;31:*.arj=01;31:*.taz=01;31:*.lha=01;31:*.lz4=01;31:*.lzh=01;31:*.lzma=01;31:*.tlz=01;31:*.txz=01;31:*.tzo=01;31:*.t7z=01;31:*.zip=01;31:*.z=01;31:*.dz=01;31:*.gz=01;31:*.lrz=01;31:*.lz=01;31:*.lzo=01;31:*.xz=01;31:*.zst=01;31:*.tzst=01;31:*.bz2=01;31:*.bz=01;31:*.tbz=01;31:*.tbz2=01;31:*.tz=01;31:*.deb=01;31:*.rpm=01;31:*.jar=01;31:*.war=01;31:*.ear=01;31:*.sar=01;31:*.rar=01;31:*.alz=01;31:*.ace=01;31:*.zoo=01;31:*.cpio=01;31:*.7z=01;31:*.rz=01;31:*.cab=01;31:*.wim=01;31:*.swm=01;31:*.dwm=01;31:*.esd=01;31:*.jpg=01;35:*.jpeg=01;35:*.mjpg=01;35:*.mjpeg=01;35:*.gif=01;35:*.bmp=01;35:*.pbm=01;35:*.pgm=01;35:*.ppm=01;35:*.tga=01;35:*.xbm=01;35:*.xpm=01;35:*.tif=01;35:*.tiff=01;35:*.png=01;35:*.svg=01;35:*.svgz=01;35:*.mng=01;35:*.pcx=01;35:*.mov=01;35:*.mpg=01;35:*.mpeg=01;35:*.m2v=01;35:*.mkv=01;35:*.webm=01;35:*.webp=01;35:*.ogm=01;35:*.mp4=01;35:*.m4v=01;35:*.mp4v=01;35:*.vob=01;35:*.qt=01;35:*.nuv=01;35:*.wmv=01;35:*.asf=01;35:*.rm=01;35:*.rmvb=01;35:*.flc=01;35:*.avi=01;35:*.fli=01;35:*.flv=01;35:*.gl=01;35:*.dl=01;35:*.xcf=01;35:*.xwd=01;35:*.yuv=01;35:*.cgm=01;35:*.emf=01;35:*.ogv=01;35:*.ogx=01;35:*.aac=00;36:*.au=00;36:*.flac=00;36:*.m4a=00;36:*.mid=00;36:*.midi=00;36:*.mka=00;36:*.mp3=00;36:*.mpc=00;36:*.ogg=00;36:*.ra=00;36:*.wav=00;36:*.oga=00;36:*.opus=00;36:*.spx=00;36:*.xspf=00;36:'), ('SSH_AGENT_LAUNCHER', 'gnome-keyring'), ('SSH_AUTH_SOCK', '/run/user/1000/keyring/ssh'), ('AMENT_PREFIX_PATH', '/opt/ros/humble'), ('SHELL', '/bin/bash'), ('TERMINATOR_UUID', 'urn:uuid:f0a7838f-55bf-43f6-be6e-78df5f9a939a'), ('QT_ACCESSIBILITY', '1'), ('GDMSESSION', 'ubuntu'), ('LESSCLOSE', '/usr/bin/lesspipe %s %s'), ('GPG_AGENT_INFO', '/run/user/1000/gnupg/S.gpg-agent:0:1'), ('GJS_DEBUG_OUTPUT', 'stderr'), ('QT_IM_MODULE', 'ibus'), ('PWD', '/home/tknika/gral-iiriondo-main/unitree_ws/build/object_recognition_interfaces'), ('XDG_CONFIG_DIRS', '/etc/xdg/xdg-ubuntu:/etc/xdg'), ('XDG_DATA_DIRS', '/usr/share/ubuntu:/usr/share/gnome:/usr/local/share/:/usr/share/:/var/lib/snapd/desktop'), ('PYTHONPATH', '/home/tknika/gral-iiriondo-main/unitree_ws/src/unitree_legged_sdk/lib/python/arm64:/opt/ros/humble/lib/python3.10/site-packages:/opt/ros/humble/local/lib/python3.10/dist-packages'), ('COLCON', '1'), ('VTE_VERSION', '6800'), ('CMAKE_PREFIX_PATH', '/opt/ros/humble')]), 'shell': False}
[0.073914] (aruco_markers_msgs) JobProgress: {'identifier': 'aruco_markers_msgs', 'progress': 'cmake'}
[0.075081] (aruco_markers_msgs) JobProgress: {'identifier': 'aruco_markers_msgs', 'progress': 'build'}
[0.075577] (aruco_markers_msgs) Command: {'cmd': ['/usr/bin/cmake', '--build', '/home/tknika/gral-iiriondo-main/unitree_ws/build/aruco_markers_msgs', '--', '-j8', '-l8'], 'cwd': '/home/tknika/gral-iiriondo-main/unitree_ws/build/aruco_markers_msgs', 'env': OrderedDict([('GJS_DEBUG_TOPICS', 'JS ERROR;JS LOG'), ('LESSOPEN', '| /usr/bin/lesspipe %s'), ('USER', 'tknika'), ('OLLAMA_LLM_LIBRARY', 'cuda'), ('XDG_SESSION_TYPE', 'x11'), ('SHLVL', '1'), ('LD_LIBRARY_PATH', '/usr/lib/aarch64-linux-gnu/nvidia:/usr/local/cuda/lib64:/opt/ros/humble/opt/rviz_ogre_vendor/lib:/opt/ros/humble/lib/aarch64-linux-gnu:/opt/ros/humble/lib:/usr/local/cuda-12.6/lib64:'), ('HOME', '/home/tknika'), ('DESKTOP_SESSION', 'ubuntu'), ('GIO_LAUNCHED_DESKTOP_FILE', '/usr/share/applications/terminator.desktop'), ('ROS_PYTHON_VERSION', '3'), ('GNOME_SHELL_SESSION_MODE', 'ubuntu'), ('GTK_MODULES', 'gail:atk-bridge'), ('MANAGERPID', '2504'), ('SYSTEMD_EXEC_PID', '2680'), ('DBUS_SESSION_BUS_ADDRESS', 'unix:path=/run/user/1000/bus'), ('COLORTERM', 'truecolor'), ('TERMINATOR_DBUS_NAME', 'net.tenshu.Terminator23558193cd9818af7fe4d2c2f5bd9d00f'), ('GIO_LAUNCHED_DESKTOP_FILE_PID', '4209'), ('IM_CONFIG_PHASE', '1'), ('CUDA_VISIBLE_DEVICES', '0'), ('ROS_DISTRO', 'humble'), ('GTK_IM_MODULE', 'ibus'), ('LOGNAME', 'tknika'), ('JOURNAL_STREAM', '8:50749'), ('_', '/usr/bin/colcon'), ('ROS_VERSION', '2'), ('XDG_SESSION_CLASS', 'user'), ('USERNAME', 'tknika'), ('TERM', 'xterm-256color'), ('GNOME_DESKTOP_SESSION_ID', 'this-is-deprecated'), ('ROS_LOCALHOST_ONLY', '0'), ('WINDOWPATH', '2'), ('PATH', '/opt/ros/humble/bin:/usr/local/cuda-12.6/bin:/home/tknika/.cargo/bin:/home/tknika/.local/bin:/usr/local/sbin:/usr/local/bin:/usr/sbin:/usr/bin:/sbin:/bin:/usr/games:/usr/local/games:/snap/bin:/snap/bin'), ('SESSION_MANAGER', 'local/ubuntu:@/tmp/.ICE-unix/2653,unix/ubuntu:/tmp/.ICE-unix/2653'), ('INVOCATION_ID', '23499d00eeb9404d9453ff310186aa72'), ('XDG_MENU_PREFIX', 'gnome-'), ('XDG_RUNTIME_DIR', '/run/user/1000'), ('DISPLAY', ':1'), ('TERMINATOR_DBUS_PATH', '/net/tenshu/Terminator2'), ('LANG', 'en_US.UTF-8'), ('XDG_CURRENT_DESKTOP', 'ubuntu:GNOME'), ('IBUS_DISABLE_SNOOPER', '1'), ('XMODIFIERS', '@im=ibus'), ('XDG_SESSION_DESKTOP', 'ubuntu'), ('XAUTHORITY', '/run/user/1000/gdm/Xauthority'), ('LS_COLORS', 'rs=0:di=01;34:ln=01;36:mh=00:pi=40;33:so=01;35:do=01;35:bd=40;33;01:cd=40;33;01:or=40;31;01:mi=00:su=37;41:sg=30;43:ca=30;41:tw=30;42:ow=34;42:st=37;44:ex=01;32:*.tar=01;31:*.tgz=01;31:*.arc=01;31:*.arj=01;31:*.taz=01;31:*.lha=01;31:*.lz4=01;31:*.lzh=01;31:*.lzma=01;31:*.tlz=01;31:*.txz=01;31:*.tzo=01;31:*.t7z=01;31:*.zip=01;31:*.z=01;31:*.dz=01;31:*.gz=01;31:*.lrz=01;31:*.lz=01;31:*.lzo=01;31:*.xz=01;31:*.zst=01;31:*.tzst=01;31:*.bz2=01;31:*.bz=01;31:*.tbz=01;31:*.tbz2=01;31:*.tz=01;31:*.deb=01;31:*.rpm=01;31:*.jar=01;31:*.war=01;31:*.ear=01;31:*.sar=01;31:*.rar=01;31:*.alz=01;31:*.ace=01;31:*.zoo=01;31:*.cpio=01;31:*.7z=01;31:*.rz=01;31:*.cab=01;31:*.wim=01;31:*.swm=01;31:*.dwm=01;31:*.esd=01;31:*.jpg=01;35:*.jpeg=01;35:*.mjpg=01;35:*.mjpeg=01;35:*.gif=01;35:*.bmp=01;35:*.pbm=01;35:*.pgm=01;35:*.ppm=01;35:*.tga=01;35:*.xbm=01;35:*.xpm=01;35:*.tif=01;35:*.tiff=01;35:*.png=01;35:*.svg=01;35:*.svgz=01;35:*.mng=01;35:*.pcx=01;35:*.mov=01;35:*.mpg=01;35:*.mpeg=01;35:*.m2v=01;35:*.mkv=01;35:*.webm=01;35:*.webp=01;35:*.ogm=01;35:*.mp4=01;35:*.m4v=01;35:*.mp4v=01;35:*.vob=01;35:*.qt=01;35:*.nuv=01;35:*.wmv=01;35:*.asf=01;35:*.rm=01;35:*.rmvb=01;35:*.flc=01;35:*.avi=01;35:*.fli=01;35:*.flv=01;35:*.gl=01;35:*.dl=01;35:*.xcf=01;35:*.xwd=01;35:*.yuv=01;35:*.cgm=01;35:*.emf=01;35:*.ogv=01;35:*.ogx=01;35:*.aac=00;36:*.au=00;36:*.flac=00;36:*.m4a=00;36:*.mid=00;36:*.midi=00;36:*.mka=00;36:*.mp3=00;36:*.mpc=00;36:*.ogg=00;36:*.ra=00;36:*.wav=00;36:*.oga=00;36:*.opus=00;36:*.spx=00;36:*.xspf=00;36:'), ('SSH_AGENT_LAUNCHER', 'gnome-keyring'), ('SSH_AUTH_SOCK', '/run/user/1000/keyring/ssh'), ('AMENT_PREFIX_PATH', '/opt/ros/humble'), ('SHELL', '/bin/bash'), ('TERMINATOR_UUID', 'urn:uuid:f0a7838f-55bf-43f6-be6e-78df5f9a939a'), ('QT_ACCESSIBILITY', '1'), ('GDMSESSION', 'ubuntu'), ('LESSCLOSE', '/usr/bin/lesspipe %s %s'), ('GPG_AGENT_INFO', '/run/user/1000/gnupg/S.gpg-agent:0:1'), ('GJS_DEBUG_OUTPUT', 'stderr'), ('QT_IM_MODULE', 'ibus'), ('PWD', '/home/tknika/gral-iiriondo-main/unitree_ws/build/aruco_markers_msgs'), ('XDG_CONFIG_DIRS', '/etc/xdg/xdg-ubuntu:/etc/xdg'), ('XDG_DATA_DIRS', '/usr/share/ubuntu:/usr/share/gnome:/usr/local/share/:/usr/share/:/var/lib/snapd/desktop'), ('PYTHONPATH', '/home/tknika/gral-iiriondo-main/unitree_ws/src/unitree_legged_sdk/lib/python/arm64:/opt/ros/humble/lib/python3.10/site-packages:/opt/ros/humble/local/lib/python3.10/dist-packages'), ('COLCON', '1'), ('VTE_VERSION', '6800'), ('CMAKE_PREFIX_PATH', '/opt/ros/humble')]), 'shell': False}
[0.079552] (speech_to_goal_interfaces) JobProgress: {'identifier': 'speech_to_goal_interfaces', 'progress': 'cmake'}
[0.080586] (speech_to_goal_interfaces) JobProgress: {'identifier': 'speech_to_goal_interfaces', 'progress': 'build'}
[0.081045] (speech_to_goal_interfaces) Command: {'cmd': ['/usr/bin/cmake', '--build', '/home/tknika/gral-iiriondo-main/unitree_ws/build/speech_to_goal_interfaces', '--', '-j8', '-l8'], 'cwd': '/home/tknika/gral-iiriondo-main/unitree_ws/build/speech_to_goal_interfaces', 'env': OrderedDict([('GJS_DEBUG_TOPICS', 'JS ERROR;JS LOG'), ('LESSOPEN', '| /usr/bin/lesspipe %s'), ('USER', 'tknika'), ('OLLAMA_LLM_LIBRARY', 'cuda'), ('XDG_SESSION_TYPE', 'x11'), ('SHLVL', '1'), ('LD_LIBRARY_PATH', '/usr/lib/aarch64-linux-gnu/nvidia:/usr/local/cuda/lib64:/opt/ros/humble/opt/rviz_ogre_vendor/lib:/opt/ros/humble/lib/aarch64-linux-gnu:/opt/ros/humble/lib:/usr/local/cuda-12.6/lib64:'), ('HOME', '/home/tknika'), ('DESKTOP_SESSION', 'ubuntu'), ('GIO_LAUNCHED_DESKTOP_FILE', '/usr/share/applications/terminator.desktop'), ('ROS_PYTHON_VERSION', '3'), ('GNOME_SHELL_SESSION_MODE', 'ubuntu'), ('GTK_MODULES', 'gail:atk-bridge'), ('MANAGERPID', '2504'), ('SYSTEMD_EXEC_PID', '2680'), ('DBUS_SESSION_BUS_ADDRESS', 'unix:path=/run/user/1000/bus'), ('COLORTERM', 'truecolor'), ('TERMINATOR_DBUS_NAME', 'net.tenshu.Terminator23558193cd9818af7fe4d2c2f5bd9d00f'), ('GIO_LAUNCHED_DESKTOP_FILE_PID', '4209'), ('IM_CONFIG_PHASE', '1'), ('CUDA_VISIBLE_DEVICES', '0'), ('ROS_DISTRO', 'humble'), ('GTK_IM_MODULE', 'ibus'), ('LOGNAME', 'tknika'), ('JOURNAL_STREAM', '8:50749'), ('_', '/usr/bin/colcon'), ('ROS_VERSION', '2'), ('XDG_SESSION_CLASS', 'user'), ('USERNAME', 'tknika'), ('TERM', 'xterm-256color'), ('GNOME_DESKTOP_SESSION_ID', 'this-is-deprecated'), ('ROS_LOCALHOST_ONLY', '0'), ('WINDOWPATH', '2'), ('PATH', '/opt/ros/humble/bin:/usr/local/cuda-12.6/bin:/home/tknika/.cargo/bin:/home/tknika/.local/bin:/usr/local/sbin:/usr/local/bin:/usr/sbin:/usr/bin:/sbin:/bin:/usr/games:/usr/local/games:/snap/bin:/snap/bin'), ('SESSION_MANAGER', 'local/ubuntu:@/tmp/.ICE-unix/2653,unix/ubuntu:/tmp/.ICE-unix/2653'), ('INVOCATION_ID', '23499d00eeb9404d9453ff310186aa72'), ('XDG_MENU_PREFIX', 'gnome-'), ('XDG_RUNTIME_DIR', '/run/user/1000'), ('DISPLAY', ':1'), ('TERMINATOR_DBUS_PATH', '/net/tenshu/Terminator2'), ('LANG', 'en_US.UTF-8'), ('XDG_CURRENT_DESKTOP', 'ubuntu:GNOME'), ('IBUS_DISABLE_SNOOPER', '1'), ('XMODIFIERS', '@im=ibus'), ('XDG_SESSION_DESKTOP', 'ubuntu'), ('XAUTHORITY', '/run/user/1000/gdm/Xauthority'), ('LS_COLORS', 'rs=0:di=01;34:ln=01;36:mh=00:pi=40;33:so=01;35:do=01;35:bd=40;33;01:cd=40;33;01:or=40;31;01:mi=00:su=37;41:sg=30;43:ca=30;41:tw=30;42:ow=34;42:st=37;44:ex=01;32:*.tar=01;31:*.tgz=01;31:*.arc=01;31:*.arj=01;31:*.taz=01;31:*.lha=01;31:*.lz4=01;31:*.lzh=01;31:*.lzma=01;31:*.tlz=01;31:*.txz=01;31:*.tzo=01;31:*.t7z=01;31:*.zip=01;31:*.z=01;31:*.dz=01;31:*.gz=01;31:*.lrz=01;31:*.lz=01;31:*.lzo=01;31:*.xz=01;31:*.zst=01;31:*.tzst=01;31:*.bz2=01;31:*.bz=01;31:*.tbz=01;31:*.tbz2=01;31:*.tz=01;31:*.deb=01;31:*.rpm=01;31:*.jar=01;31:*.war=01;31:*.ear=01;31:*.sar=01;31:*.rar=01;31:*.alz=01;31:*.ace=01;31:*.zoo=01;31:*.cpio=01;31:*.7z=01;31:*.rz=01;31:*.cab=01;31:*.wim=01;31:*.swm=01;31:*.dwm=01;31:*.esd=01;31:*.jpg=01;35:*.jpeg=01;35:*.mjpg=01;35:*.mjpeg=01;35:*.gif=01;35:*.bmp=01;35:*.pbm=01;35:*.pgm=01;35:*.ppm=01;35:*.tga=01;35:*.xbm=01;35:*.xpm=01;35:*.tif=01;35:*.tiff=01;35:*.png=01;35:*.svg=01;35:*.svgz=01;35:*.mng=01;35:*.pcx=01;35:*.mov=01;35:*.mpg=01;35:*.mpeg=01;35:*.m2v=01;35:*.mkv=01;35:*.webm=01;35:*.webp=01;35:*.ogm=01;35:*.mp4=01;35:*.m4v=01;35:*.mp4v=01;35:*.vob=01;35:*.qt=01;35:*.nuv=01;35:*.wmv=01;35:*.asf=01;35:*.rm=01;35:*.rmvb=01;35:*.flc=01;35:*.avi=01;35:*.fli=01;35:*.flv=01;35:*.gl=01;35:*.dl=01;35:*.xcf=01;35:*.xwd=01;35:*.yuv=01;35:*.cgm=01;35:*.emf=01;35:*.ogv=01;35:*.ogx=01;35:*.aac=00;36:*.au=00;36:*.flac=00;36:*.m4a=00;36:*.mid=00;36:*.midi=00;36:*.mka=00;36:*.mp3=00;36:*.mpc=00;36:*.ogg=00;36:*.ra=00;36:*.wav=00;36:*.oga=00;36:*.opus=00;36:*.spx=00;36:*.xspf=00;36:'), ('SSH_AGENT_LAUNCHER', 'gnome-keyring'), ('SSH_AUTH_SOCK', '/run/user/1000/keyring/ssh'), ('AMENT_PREFIX_PATH', '/opt/ros/humble'), ('SHELL', '/bin/bash'), ('TERMINATOR_UUID', 'urn:uuid:f0a7838f-55bf-43f6-be6e-78df5f9a939a'), ('QT_ACCESSIBILITY', '1'), ('GDMSESSION', 'ubuntu'), ('LESSCLOSE', '/usr/bin/lesspipe %s %s'), ('GPG_AGENT_INFO', '/run/user/1000/gnupg/S.gpg-agent:0:1'), ('GJS_DEBUG_OUTPUT', 'stderr'), ('QT_IM_MODULE', 'ibus'), ('PWD', '/home/tknika/gral-iiriondo-main/unitree_ws/build/speech_to_goal_interfaces'), ('XDG_CONFIG_DIRS', '/etc/xdg/xdg-ubuntu:/etc/xdg'), ('XDG_DATA_DIRS', '/usr/share/ubuntu:/usr/share/gnome:/usr/local/share/:/usr/share/:/var/lib/snapd/desktop'), ('PYTHONPATH', '/home/tknika/gral-iiriondo-main/unitree_ws/src/unitree_legged_sdk/lib/python/arm64:/opt/ros/humble/lib/python3.10/site-packages:/opt/ros/humble/local/lib/python3.10/dist-packages'), ('COLCON', '1'), ('VTE_VERSION', '6800'), ('CMAKE_PREFIX_PATH', '/opt/ros/humble')]), 'shell': False}
[0.099299] (-) TimerEvent: {}
[0.199969] (-) TimerEvent: {}
[0.300663] (-) TimerEvent: {}
[0.401603] (-) TimerEvent: {}
[0.502418] (-) TimerEvent: {}
[0.603345] (-) TimerEvent: {}
[0.704251] (-) TimerEvent: {}
[0.805631] (-) TimerEvent: {}
[0.906435] (-) TimerEvent: {}
[1.007330] (-) TimerEvent: {}
[1.108248] (-) TimerEvent: {}
[1.209178] (-) TimerEvent: {}
[1.309941] (-) TimerEvent: {}
[1.410928] (-) TimerEvent: {}
[1.511661] (-) TimerEvent: {}
[1.612457] (-) TimerEvent: {}
[1.713129] (-) TimerEvent: {}
[1.813780] (-) TimerEvent: {}
[1.914406] (-) TimerEvent: {}
[2.015059] (-) TimerEvent: {}
[2.115821] (-) TimerEvent: {}
[2.216494] (-) TimerEvent: {}
[2.317136] (-) TimerEvent: {}
[2.417783] (-) TimerEvent: {}
[2.518436] (-) TimerEvent: {}
[2.619073] (-) TimerEvent: {}
[2.719750] (-) TimerEvent: {}
[2.820413] (-) TimerEvent: {}
[2.921139] (-) TimerEvent: {}
[3.021922] (-) TimerEvent: {}
[3.122721] (-) TimerEvent: {}
[3.223459] (-) TimerEvent: {}
[3.324084] (-) TimerEvent: {}
[3.424744] (-) TimerEvent: {}
[3.525516] (-) TimerEvent: {}
[3.626230] (-) TimerEvent: {}
[3.726929] (-) TimerEvent: {}
[3.827628] (-) TimerEvent: {}
[3.928322] (-) TimerEvent: {}
[4.029172] (-) TimerEvent: {}
[4.035993] (object_recognition_interfaces) StdoutLine: {'line': b'[  2%] Built target object_recognition_interfaces__cpp\n'}
[4.037943] (object_recognition_interfaces) StdoutLine: {'line': b'[  5%] Built target object_recognition_interfaces__rs\n'}
[4.038871] (object_recognition_interfaces) StdoutLine: {'line': b'[ 15%] Built target object_recognition_interfaces__rosidl_generator_c\n'}
[4.039569] (object_recognition_interfaces) StdoutLine: {'line': b'[ 15%] Built target ament_cmake_python_symlink_object_recognition_interfaces\n'}
[4.040119] (object_recognition_interfaces) StdoutLine: {'line': b'[ 25%] Built target object_recognition_interfaces__rosidl_typesupport_fastrtps_cpp\n'}
[4.040388] (object_recognition_interfaces) StdoutLine: {'line': b'[ 35%] Built target object_recognition_interfaces__rosidl_typesupport_introspection_cpp\n'}
[4.040557] (object_recognition_interfaces) StdoutLine: {'line': b'[ 45%] Built target object_recognition_interfaces__rosidl_typesupport_cpp\n'}
[4.040712] (object_recognition_interfaces) StdoutLine: {'line': b'[ 55%] Built target object_recognition_interfaces__rosidl_typesupport_fastrtps_c\n'}
[4.041017] (object_recognition_interfaces) StdoutLine: {'line': b'[ 65%] Built target object_recognition_interfaces__rosidl_typesupport_introspection_c\n'}
[4.041349] (object_recognition_interfaces) StdoutLine: {'line': b'[ 75%] Built target object_recognition_interfaces__rosidl_typesupport_c\n'}
[4.041521] (object_recognition_interfaces) StdoutLine: {'line': b'[ 75%] Built target object_recognition_interfaces\n'}
[4.041728] (object_recognition_interfaces) StdoutLine: {'line': b'[ 77%] Built target object_recognition_interfaces__py\n'}
[4.042112] (object_recognition_interfaces) StdoutLine: {'line': b'[ 85%] Built target object_recognition_interfaces__rosidl_generator_py\n'}
[4.042385] (object_recognition_interfaces) StdoutLine: {'line': b'[ 90%] Built target object_recognition_interfaces__rosidl_typesupport_fastrtps_c__pyext\n'}
[4.042572] (object_recognition_interfaces) StdoutLine: {'line': b'[ 95%] Built target object_recognition_interfaces__rosidl_typesupport_c__pyext\n'}
[4.042791] (object_recognition_interfaces) StdoutLine: {'line': b'[100%] Built target object_recognition_interfaces__rosidl_typesupport_introspection_c__pyext\n'}
[4.042923] (object_recognition_interfaces) StdoutLine: {'line': b'running egg_info\n'}
[4.043044] (object_recognition_interfaces) StdoutLine: {'line': b'writing object_recognition_interfaces.egg-info/PKG-INFO\n'}
[4.043169] (object_recognition_interfaces) StdoutLine: {'line': b'writing dependency_links to object_recognition_interfaces.egg-info/dependency_links.txt\n'}
[4.043289] (object_recognition_interfaces) StdoutLine: {'line': b'writing top-level names to object_recognition_interfaces.egg-info/top_level.txt\n'}
[4.043445] (object_recognition_interfaces) StdoutLine: {'line': b"reading manifest file 'object_recognition_interfaces.egg-info/SOURCES.txt'\n"}
[4.043582] (object_recognition_interfaces) StdoutLine: {'line': b"writing manifest file 'object_recognition_interfaces.egg-info/SOURCES.txt'\n"}
[4.043704] (object_recognition_interfaces) StdoutLine: {'line': b'[100%] Built target ament_cmake_python_build_object_recognition_interfaces_egg\n'}
[4.043825] (aruco_markers_msgs) StdoutLine: {'line': b'[  2%] Built target aruco_markers_msgs__rs\n'}
[4.044052] (aruco_markers_msgs) StdoutLine: {'line': b'[ 12%] Built target aruco_markers_msgs__rosidl_generator_c\n'}
[4.044178] (aruco_markers_msgs) StdoutLine: {'line': b'[ 15%] Built target aruco_markers_msgs__cpp\n'}
[4.044294] (aruco_markers_msgs) StdoutLine: {'line': b'[ 15%] Built target ament_cmake_python_symlink_aruco_markers_msgs\n'}
[4.044409] (aruco_markers_msgs) StdoutLine: {'line': b'[ 25%] Built target aruco_markers_msgs__rosidl_typesupport_introspection_cpp\n'}
[4.044524] (aruco_markers_msgs) StdoutLine: {'line': b'[ 35%] Built target aruco_markers_msgs__rosidl_typesupport_fastrtps_c\n'}
[4.044640] (aruco_markers_msgs) StdoutLine: {'line': b'[ 45%] Built target aruco_markers_msgs__rosidl_typesupport_introspection_c\n'}
[4.044757] (aruco_markers_msgs) StdoutLine: {'line': b'[ 55%] Built target aruco_markers_msgs__rosidl_typesupport_c\n'}
[4.044871] (aruco_markers_msgs) StdoutLine: {'line': b'[ 65%] Built target aruco_markers_msgs__rosidl_typesupport_cpp\n'}
[4.044992] (aruco_markers_msgs) StdoutLine: {'line': b'[ 75%] Built target aruco_markers_msgs__rosidl_typesupport_fastrtps_cpp\n'}
[4.045734] (aruco_markers_msgs) StdoutLine: {'line': b'[ 75%] Built target aruco_markers_msgs\n'}
[4.046821] (aruco_markers_msgs) StdoutLine: {'line': b'[ 77%] Built target aruco_markers_msgs__py\n'}
[4.047761] (aruco_markers_msgs) StdoutLine: {'line': b'[ 85%] Built target aruco_markers_msgs__rosidl_generator_py\n'}
[4.049188] (aruco_markers_msgs) StdoutLine: {'line': b'[ 90%] Built target aruco_markers_msgs__rosidl_typesupport_introspection_c__pyext\n'}
[4.051247] (aruco_markers_msgs) StdoutLine: {'line': b'[ 95%] Built target aruco_markers_msgs__rosidl_typesupport_c__pyext\n'}
[4.052136] (aruco_markers_msgs) StdoutLine: {'line': b'[100%] Built target aruco_markers_msgs__rosidl_typesupport_fastrtps_c__pyext\n'}
[4.052368] (aruco_markers_msgs) StdoutLine: {'line': b'running egg_info\n'}
[4.052710] (aruco_markers_msgs) StdoutLine: {'line': b'writing aruco_markers_msgs.egg-info/PKG-INFO\n'}
[4.052846] (aruco_markers_msgs) StdoutLine: {'line': b'writing dependency_links to aruco_markers_msgs.egg-info/dependency_links.txt\n'}
[4.054089] (aruco_markers_msgs) StdoutLine: {'line': b'writing top-level names to aruco_markers_msgs.egg-info/top_level.txt\n'}
[4.054271] (aruco_markers_msgs) StdoutLine: {'line': b"reading manifest file 'aruco_markers_msgs.egg-info/SOURCES.txt'\n"}
[4.054408] (aruco_markers_msgs) StdoutLine: {'line': b"writing manifest file 'aruco_markers_msgs.egg-info/SOURCES.txt'\n"}
[4.054535] (aruco_markers_msgs) StdoutLine: {'line': b'[100%] Built target ament_cmake_python_build_aruco_markers_msgs_egg\n'}
[4.054667] (speech_to_goal_interfaces) StdoutLine: {'line': b'[  2%] Built target speech_to_goal_interfaces__cpp\n'}
[4.054903] (speech_to_goal_interfaces) StdoutLine: {'line': b'[  4%] Built target speech_to_goal_interfaces__rs\n'}
[4.055053] (speech_to_goal_interfaces) StdoutLine: {'line': b'[  4%] Built target ament_cmake_python_symlink_speech_to_goal_interfaces\n'}
[4.055190] (speech_to_goal_interfaces) StdoutLine: {'line': b'[ 14%] Built target speech_to_goal_interfaces__rosidl_generator_c\n'}
[4.055312] (speech_to_goal_interfaces) StdoutLine: {'line': b'[ 25%] Built target speech_to_goal_interfaces__rosidl_typesupport_introspection_cpp\n'}
[4.056068] (speech_to_goal_interfaces) StdoutLine: {'line': b'[ 35%] Built target speech_to_goal_interfaces__rosidl_typesupport_fastrtps_cpp\n'}
[4.056934] (speech_to_goal_interfaces) StdoutLine: {'line': b'[ 45%] Built target speech_to_goal_interfaces__rosidl_typesupport_cpp\n'}
[4.057118] (speech_to_goal_interfaces) StdoutLine: {'line': b'[ 56%] Built target speech_to_goal_interfaces__rosidl_typesupport_c\n'}
[4.057241] (speech_to_goal_interfaces) StdoutLine: {'line': b'[ 66%] Built target speech_to_goal_interfaces__rosidl_typesupport_fastrtps_c\n'}
[4.057363] (speech_to_goal_interfaces) StdoutLine: {'line': b'[ 77%] Built target speech_to_goal_interfaces__rosidl_typesupport_introspection_c\n'}
[4.057480] (speech_to_goal_interfaces) StdoutLine: {'line': b'[ 77%] Built target speech_to_goal_interfaces\n'}
[4.057600] (speech_to_goal_interfaces) StdoutLine: {'line': b'[ 79%] Built target speech_to_goal_interfaces__py\n'}
[4.057718] (speech_to_goal_interfaces) StdoutLine: {'line': b'[ 87%] Built target speech_to_goal_interfaces__rosidl_generator_py\n'}
[4.057830] (speech_to_goal_interfaces) StdoutLine: {'line': b'[ 91%] Built target speech_to_goal_interfaces__rosidl_typesupport_fastrtps_c__pyext\n'}
[4.057943] (speech_to_goal_interfaces) StdoutLine: {'line': b'[ 95%] Built target speech_to_goal_interfaces__rosidl_typesupport_introspection_c__pyext\n'}
[4.058056] (speech_to_goal_interfaces) StdoutLine: {'line': b'[100%] Built target speech_to_goal_interfaces__rosidl_typesupport_c__pyext\n'}
[4.058166] (speech_to_goal_interfaces) StdoutLine: {'line': b'running egg_info\n'}
[4.058279] (speech_to_goal_interfaces) StdoutLine: {'line': b'writing speech_to_goal_interfaces.egg-info/PKG-INFO\n'}
[4.058388] (speech_to_goal_interfaces) StdoutLine: {'line': b'writing dependency_links to speech_to_goal_interfaces.egg-info/dependency_links.txt\n'}
[4.058499] (speech_to_goal_interfaces) StdoutLine: {'line': b'writing top-level names to speech_to_goal_interfaces.egg-info/top_level.txt\n'}
[4.058619] (speech_to_goal_interfaces) StdoutLine: {'line': b"reading manifest file 'speech_to_goal_interfaces.egg-info/SOURCES.txt'\n"}
[4.058735] (speech_to_goal_interfaces) StdoutLine: {'line': b"writing manifest file 'speech_to_goal_interfaces.egg-info/SOURCES.txt'\n"}
[4.058847] (speech_to_goal_interfaces) StdoutLine: {'line': b'[100%] Built target ament_cmake_python_build_speech_to_goal_interfaces_egg\n'}
[4.058974] (speech_to_goal_interfaces) CommandEnded: {'returncode': 0}
[4.059825] (speech_to_goal_interfaces) JobProgress: {'identifier': 'speech_to_goal_interfaces', 'progress': 'install'}
[4.072860] (speech_to_goal_interfaces) Command: {'cmd': ['/usr/bin/cmake', '--install', '/home/tknika/gral-iiriondo-main/unitree_ws/build/speech_to_goal_interfaces'], 'cwd': '/home/tknika/gral-iiriondo-main/unitree_ws/build/speech_to_goal_interfaces', 'env': OrderedDict([('GJS_DEBUG_TOPICS', 'JS ERROR;JS LOG'), ('LESSOPEN', '| /usr/bin/lesspipe %s'), ('USER', 'tknika'), ('OLLAMA_LLM_LIBRARY', 'cuda'), ('XDG_SESSION_TYPE', 'x11'), ('SHLVL', '1'), ('LD_LIBRARY_PATH', '/usr/lib/aarch64-linux-gnu/nvidia:/usr/local/cuda/lib64:/opt/ros/humble/opt/rviz_ogre_vendor/lib:/opt/ros/humble/lib/aarch64-linux-gnu:/opt/ros/humble/lib:/usr/local/cuda-12.6/lib64:'), ('HOME', '/home/tknika'), ('DESKTOP_SESSION', 'ubuntu'), ('GIO_LAUNCHED_DESKTOP_FILE', '/usr/share/applications/terminator.desktop'), ('ROS_PYTHON_VERSION', '3'), ('GNOME_SHELL_SESSION_MODE', 'ubuntu'), ('GTK_MODULES', 'gail:atk-bridge'), ('MANAGERPID', '2504'), ('SYSTEMD_EXEC_PID', '2680'), ('DBUS_SESSION_BUS_ADDRESS', 'unix:path=/run/user/1000/bus'), ('COLORTERM', 'truecolor'), ('TERMINATOR_DBUS_NAME', 'net.tenshu.Terminator23558193cd9818af7fe4d2c2f5bd9d00f'), ('GIO_LAUNCHED_DESKTOP_FILE_PID', '4209'), ('IM_CONFIG_PHASE', '1'), ('CUDA_VISIBLE_DEVICES', '0'), ('ROS_DISTRO', 'humble'), ('GTK_IM_MODULE', 'ibus'), ('LOGNAME', 'tknika'), ('JOURNAL_STREAM', '8:50749'), ('_', '/usr/bin/colcon'), ('ROS_VERSION', '2'), ('XDG_SESSION_CLASS', 'user'), ('USERNAME', 'tknika'), ('TERM', 'xterm-256color'), ('GNOME_DESKTOP_SESSION_ID', 'this-is-deprecated'), ('ROS_LOCALHOST_ONLY', '0'), ('WINDOWPATH', '2'), ('PATH', '/opt/ros/humble/bin:/usr/local/cuda-12.6/bin:/home/tknika/.cargo/bin:/home/tknika/.local/bin:/usr/local/sbin:/usr/local/bin:/usr/sbin:/usr/bin:/sbin:/bin:/usr/games:/usr/local/games:/snap/bin:/snap/bin'), ('SESSION_MANAGER', 'local/ubuntu:@/tmp/.ICE-unix/2653,unix/ubuntu:/tmp/.ICE-unix/2653'), ('INVOCATION_ID', '23499d00eeb9404d9453ff310186aa72'), ('XDG_MENU_PREFIX', 'gnome-'), ('XDG_RUNTIME_DIR', '/run/user/1000'), ('DISPLAY', ':1'), ('TERMINATOR_DBUS_PATH', '/net/tenshu/Terminator2'), ('LANG', 'en_US.UTF-8'), ('XDG_CURRENT_DESKTOP', 'ubuntu:GNOME'), ('IBUS_DISABLE_SNOOPER', '1'), ('XMODIFIERS', '@im=ibus'), ('XDG_SESSION_DESKTOP', 'ubuntu'), ('XAUTHORITY', '/run/user/1000/gdm/Xauthority'), ('LS_COLORS', 'rs=0:di=01;34:ln=01;36:mh=00:pi=40;33:so=01;35:do=01;35:bd=40;33;01:cd=40;33;01:or=40;31;01:mi=00:su=37;41:sg=30;43:ca=30;41:tw=30;42:ow=34;42:st=37;44:ex=01;32:*.tar=01;31:*.tgz=01;31:*.arc=01;31:*.arj=01;31:*.taz=01;31:*.lha=01;31:*.lz4=01;31:*.lzh=01;31:*.lzma=01;31:*.tlz=01;31:*.txz=01;31:*.tzo=01;31:*.t7z=01;31:*.zip=01;31:*.z=01;31:*.dz=01;31:*.gz=01;31:*.lrz=01;31:*.lz=01;31:*.lzo=01;31:*.xz=01;31:*.zst=01;31:*.tzst=01;31:*.bz2=01;31:*.bz=01;31:*.tbz=01;31:*.tbz2=01;31:*.tz=01;31:*.deb=01;31:*.rpm=01;31:*.jar=01;31:*.war=01;31:*.ear=01;31:*.sar=01;31:*.rar=01;31:*.alz=01;31:*.ace=01;31:*.zoo=01;31:*.cpio=01;31:*.7z=01;31:*.rz=01;31:*.cab=01;31:*.wim=01;31:*.swm=01;31:*.dwm=01;31:*.esd=01;31:*.jpg=01;35:*.jpeg=01;35:*.mjpg=01;35:*.mjpeg=01;35:*.gif=01;35:*.bmp=01;35:*.pbm=01;35:*.pgm=01;35:*.ppm=01;35:*.tga=01;35:*.xbm=01;35:*.xpm=01;35:*.tif=01;35:*.tiff=01;35:*.png=01;35:*.svg=01;35:*.svgz=01;35:*.mng=01;35:*.pcx=01;35:*.mov=01;35:*.mpg=01;35:*.mpeg=01;35:*.m2v=01;35:*.mkv=01;35:*.webm=01;35:*.webp=01;35:*.ogm=01;35:*.mp4=01;35:*.m4v=01;35:*.mp4v=01;35:*.vob=01;35:*.qt=01;35:*.nuv=01;35:*.wmv=01;35:*.asf=01;35:*.rm=01;35:*.rmvb=01;35:*.flc=01;35:*.avi=01;35:*.fli=01;35:*.flv=01;35:*.gl=01;35:*.dl=01;35:*.xcf=01;35:*.xwd=01;35:*.yuv=01;35:*.cgm=01;35:*.emf=01;35:*.ogv=01;35:*.ogx=01;35:*.aac=00;36:*.au=00;36:*.flac=00;36:*.m4a=00;36:*.mid=00;36:*.midi=00;36:*.mka=00;36:*.mp3=00;36:*.mpc=00;36:*.ogg=00;36:*.ra=00;36:*.wav=00;36:*.oga=00;36:*.opus=00;36:*.spx=00;36:*.xspf=00;36:'), ('SSH_AGENT_LAUNCHER', 'gnome-keyring'), ('SSH_AUTH_SOCK', '/run/user/1000/keyring/ssh'), ('AMENT_PREFIX_PATH', '/opt/ros/humble'), ('SHELL', '/bin/bash'), ('TERMINATOR_UUID', 'urn:uuid:f0a7838f-55bf-43f6-be6e-78df5f9a939a'), ('QT_ACCESSIBILITY', '1'), ('GDMSESSION', 'ubuntu'), ('LESSCLOSE', '/usr/bin/lesspipe %s %s'), ('GPG_AGENT_INFO', '/run/user/1000/gnupg/S.gpg-agent:0:1'), ('GJS_DEBUG_OUTPUT', 'stderr'), ('QT_IM_MODULE', 'ibus'), ('PWD', '/home/tknika/gral-iiriondo-main/unitree_ws/build/speech_to_goal_interfaces'), ('XDG_CONFIG_DIRS', '/etc/xdg/xdg-ubuntu:/etc/xdg'), ('XDG_DATA_DIRS', '/usr/share/ubuntu:/usr/share/gnome:/usr/local/share/:/usr/share/:/var/lib/snapd/desktop'), ('PYTHONPATH', '/home/tknika/gral-iiriondo-main/unitree_ws/src/unitree_legged_sdk/lib/python/arm64:/opt/ros/humble/lib/python3.10/site-packages:/opt/ros/humble/local/lib/python3.10/dist-packages'), ('COLCON', '1'), ('VTE_VERSION', '6800'), ('CMAKE_PREFIX_PATH', '/opt/ros/humble')]), 'shell': False}
[4.076417] (object_recognition_interfaces) CommandEnded: {'returncode': 0}
[4.080473] (object_recognition_interfaces) JobProgress: {'identifier': 'object_recognition_interfaces', 'progress': 'install'}
[4.080708] (object_recognition_interfaces) Command: {'cmd': ['/usr/bin/cmake', '--install', '/home/tknika/gral-iiriondo-main/unitree_ws/build/object_recognition_interfaces'], 'cwd': '/home/tknika/gral-iiriondo-main/unitree_ws/build/object_recognition_interfaces', 'env': OrderedDict([('GJS_DEBUG_TOPICS', 'JS ERROR;JS LOG'), ('LESSOPEN', '| /usr/bin/lesspipe %s'), ('USER', 'tknika'), ('OLLAMA_LLM_LIBRARY', 'cuda'), ('XDG_SESSION_TYPE', 'x11'), ('SHLVL', '1'), ('LD_LIBRARY_PATH', '/usr/lib/aarch64-linux-gnu/nvidia:/usr/local/cuda/lib64:/opt/ros/humble/opt/rviz_ogre_vendor/lib:/opt/ros/humble/lib/aarch64-linux-gnu:/opt/ros/humble/lib:/usr/local/cuda-12.6/lib64:'), ('HOME', '/home/tknika'), ('DESKTOP_SESSION', 'ubuntu'), ('GIO_LAUNCHED_DESKTOP_FILE', '/usr/share/applications/terminator.desktop'), ('ROS_PYTHON_VERSION', '3'), ('GNOME_SHELL_SESSION_MODE', 'ubuntu'), ('GTK_MODULES', 'gail:atk-bridge'), ('MANAGERPID', '2504'), ('SYSTEMD_EXEC_PID', '2680'), ('DBUS_SESSION_BUS_ADDRESS', 'unix:path=/run/user/1000/bus'), ('COLORTERM', 'truecolor'), ('TERMINATOR_DBUS_NAME', 'net.tenshu.Terminator23558193cd9818af7fe4d2c2f5bd9d00f'), ('GIO_LAUNCHED_DESKTOP_FILE_PID', '4209'), ('IM_CONFIG_PHASE', '1'), ('CUDA_VISIBLE_DEVICES', '0'), ('ROS_DISTRO', 'humble'), ('GTK_IM_MODULE', 'ibus'), ('LOGNAME', 'tknika'), ('JOURNAL_STREAM', '8:50749'), ('_', '/usr/bin/colcon'), ('ROS_VERSION', '2'), ('XDG_SESSION_CLASS', 'user'), ('USERNAME', 'tknika'), ('TERM', 'xterm-256color'), ('GNOME_DESKTOP_SESSION_ID', 'this-is-deprecated'), ('ROS_LOCALHOST_ONLY', '0'), ('WINDOWPATH', '2'), ('PATH', '/opt/ros/humble/bin:/usr/local/cuda-12.6/bin:/home/tknika/.cargo/bin:/home/tknika/.local/bin:/usr/local/sbin:/usr/local/bin:/usr/sbin:/usr/bin:/sbin:/bin:/usr/games:/usr/local/games:/snap/bin:/snap/bin'), ('SESSION_MANAGER', 'local/ubuntu:@/tmp/.ICE-unix/2653,unix/ubuntu:/tmp/.ICE-unix/2653'), ('INVOCATION_ID', '23499d00eeb9404d9453ff310186aa72'), ('XDG_MENU_PREFIX', 'gnome-'), ('XDG_RUNTIME_DIR', '/run/user/1000'), ('DISPLAY', ':1'), ('TERMINATOR_DBUS_PATH', '/net/tenshu/Terminator2'), ('LANG', 'en_US.UTF-8'), ('XDG_CURRENT_DESKTOP', 'ubuntu:GNOME'), ('IBUS_DISABLE_SNOOPER', '1'), ('XMODIFIERS', '@im=ibus'), ('XDG_SESSION_DESKTOP', 'ubuntu'), ('XAUTHORITY', '/run/user/1000/gdm/Xauthority'), ('LS_COLORS', 'rs=0:di=01;34:ln=01;36:mh=00:pi=40;33:so=01;35:do=01;35:bd=40;33;01:cd=40;33;01:or=40;31;01:mi=00:su=37;41:sg=30;43:ca=30;41:tw=30;42:ow=34;42:st=37;44:ex=01;32:*.tar=01;31:*.tgz=01;31:*.arc=01;31:*.arj=01;31:*.taz=01;31:*.lha=01;31:*.lz4=01;31:*.lzh=01;31:*.lzma=01;31:*.tlz=01;31:*.txz=01;31:*.tzo=01;31:*.t7z=01;31:*.zip=01;31:*.z=01;31:*.dz=01;31:*.gz=01;31:*.lrz=01;31:*.lz=01;31:*.lzo=01;31:*.xz=01;31:*.zst=01;31:*.tzst=01;31:*.bz2=01;31:*.bz=01;31:*.tbz=01;31:*.tbz2=01;31:*.tz=01;31:*.deb=01;31:*.rpm=01;31:*.jar=01;31:*.war=01;31:*.ear=01;31:*.sar=01;31:*.rar=01;31:*.alz=01;31:*.ace=01;31:*.zoo=01;31:*.cpio=01;31:*.7z=01;31:*.rz=01;31:*.cab=01;31:*.wim=01;31:*.swm=01;31:*.dwm=01;31:*.esd=01;31:*.jpg=01;35:*.jpeg=01;35:*.mjpg=01;35:*.mjpeg=01;35:*.gif=01;35:*.bmp=01;35:*.pbm=01;35:*.pgm=01;35:*.ppm=01;35:*.tga=01;35:*.xbm=01;35:*.xpm=01;35:*.tif=01;35:*.tiff=01;35:*.png=01;35:*.svg=01;35:*.svgz=01;35:*.mng=01;35:*.pcx=01;35:*.mov=01;35:*.mpg=01;35:*.mpeg=01;35:*.m2v=01;35:*.mkv=01;35:*.webm=01;35:*.webp=01;35:*.ogm=01;35:*.mp4=01;35:*.m4v=01;35:*.mp4v=01;35:*.vob=01;35:*.qt=01;35:*.nuv=01;35:*.wmv=01;35:*.asf=01;35:*.rm=01;35:*.rmvb=01;35:*.flc=01;35:*.avi=01;35:*.fli=01;35:*.flv=01;35:*.gl=01;35:*.dl=01;35:*.xcf=01;35:*.xwd=01;35:*.yuv=01;35:*.cgm=01;35:*.emf=01;35:*.ogv=01;35:*.ogx=01;35:*.aac=00;36:*.au=00;36:*.flac=00;36:*.m4a=00;36:*.mid=00;36:*.midi=00;36:*.mka=00;36:*.mp3=00;36:*.mpc=00;36:*.ogg=00;36:*.ra=00;36:*.wav=00;36:*.oga=00;36:*.opus=00;36:*.spx=00;36:*.xspf=00;36:'), ('SSH_AGENT_LAUNCHER', 'gnome-keyring'), ('SSH_AUTH_SOCK', '/run/user/1000/keyring/ssh'), ('AMENT_PREFIX_PATH', '/opt/ros/humble'), ('SHELL', '/bin/bash'), ('TERMINATOR_UUID', 'urn:uuid:f0a7838f-55bf-43f6-be6e-78df5f9a939a'), ('QT_ACCESSIBILITY', '1'), ('GDMSESSION', 'ubuntu'), ('LESSCLOSE', '/usr/bin/lesspipe %s %s'), ('GPG_AGENT_INFO', '/run/user/1000/gnupg/S.gpg-agent:0:1'), ('GJS_DEBUG_OUTPUT', 'stderr'), ('QT_IM_MODULE', 'ibus'), ('PWD', '/home/tknika/gral-iiriondo-main/unitree_ws/build/object_recognition_interfaces'), ('XDG_CONFIG_DIRS', '/etc/xdg/xdg-ubuntu:/etc/xdg'), ('XDG_DATA_DIRS', '/usr/share/ubuntu:/usr/share/gnome:/usr/local/share/:/usr/share/:/var/lib/snapd/desktop'), ('PYTHONPATH', '/home/tknika/gral-iiriondo-main/unitree_ws/src/unitree_legged_sdk/lib/python/arm64:/opt/ros/humble/lib/python3.10/site-packages:/opt/ros/humble/local/lib/python3.10/dist-packages'), ('COLCON', '1'), ('VTE_VERSION', '6800'), ('CMAKE_PREFIX_PATH', '/opt/ros/humble')]), 'shell': False}
[4.082597] (aruco_markers_msgs) CommandEnded: {'returncode': 0}
[4.084333] (aruco_markers_msgs) JobProgress: {'identifier': 'aruco_markers_msgs', 'progress': 'install'}
[4.084798] (aruco_markers_msgs) Command: {'cmd': ['/usr/bin/cmake', '--install', '/home/tknika/gral-iiriondo-main/unitree_ws/build/aruco_markers_msgs'], 'cwd': '/home/tknika/gral-iiriondo-main/unitree_ws/build/aruco_markers_msgs', 'env': OrderedDict([('GJS_DEBUG_TOPICS', 'JS ERROR;JS LOG'), ('LESSOPEN', '| /usr/bin/lesspipe %s'), ('USER', 'tknika'), ('OLLAMA_LLM_LIBRARY', 'cuda'), ('XDG_SESSION_TYPE', 'x11'), ('SHLVL', '1'), ('LD_LIBRARY_PATH', '/usr/lib/aarch64-linux-gnu/nvidia:/usr/local/cuda/lib64:/opt/ros/humble/opt/rviz_ogre_vendor/lib:/opt/ros/humble/lib/aarch64-linux-gnu:/opt/ros/humble/lib:/usr/local/cuda-12.6/lib64:'), ('HOME', '/home/tknika'), ('DESKTOP_SESSION', 'ubuntu'), ('GIO_LAUNCHED_DESKTOP_FILE', '/usr/share/applications/terminator.desktop'), ('ROS_PYTHON_VERSION', '3'), ('GNOME_SHELL_SESSION_MODE', 'ubuntu'), ('GTK_MODULES', 'gail:atk-bridge'), ('MANAGERPID', '2504'), ('SYSTEMD_EXEC_PID', '2680'), ('DBUS_SESSION_BUS_ADDRESS', 'unix:path=/run/user/1000/bus'), ('COLORTERM', 'truecolor'), ('TERMINATOR_DBUS_NAME', 'net.tenshu.Terminator23558193cd9818af7fe4d2c2f5bd9d00f'), ('GIO_LAUNCHED_DESKTOP_FILE_PID', '4209'), ('IM_CONFIG_PHASE', '1'), ('CUDA_VISIBLE_DEVICES', '0'), ('ROS_DISTRO', 'humble'), ('GTK_IM_MODULE', 'ibus'), ('LOGNAME', 'tknika'), ('JOURNAL_STREAM', '8:50749'), ('_', '/usr/bin/colcon'), ('ROS_VERSION', '2'), ('XDG_SESSION_CLASS', 'user'), ('USERNAME', 'tknika'), ('TERM', 'xterm-256color'), ('GNOME_DESKTOP_SESSION_ID', 'this-is-deprecated'), ('ROS_LOCALHOST_ONLY', '0'), ('WINDOWPATH', '2'), ('PATH', '/opt/ros/humble/bin:/usr/local/cuda-12.6/bin:/home/tknika/.cargo/bin:/home/tknika/.local/bin:/usr/local/sbin:/usr/local/bin:/usr/sbin:/usr/bin:/sbin:/bin:/usr/games:/usr/local/games:/snap/bin:/snap/bin'), ('SESSION_MANAGER', 'local/ubuntu:@/tmp/.ICE-unix/2653,unix/ubuntu:/tmp/.ICE-unix/2653'), ('INVOCATION_ID', '23499d00eeb9404d9453ff310186aa72'), ('XDG_MENU_PREFIX', 'gnome-'), ('XDG_RUNTIME_DIR', '/run/user/1000'), ('DISPLAY', ':1'), ('TERMINATOR_DBUS_PATH', '/net/tenshu/Terminator2'), ('LANG', 'en_US.UTF-8'), ('XDG_CURRENT_DESKTOP', 'ubuntu:GNOME'), ('IBUS_DISABLE_SNOOPER', '1'), ('XMODIFIERS', '@im=ibus'), ('XDG_SESSION_DESKTOP', 'ubuntu'), ('XAUTHORITY', '/run/user/1000/gdm/Xauthority'), ('LS_COLORS', 'rs=0:di=01;34:ln=01;36:mh=00:pi=40;33:so=01;35:do=01;35:bd=40;33;01:cd=40;33;01:or=40;31;01:mi=00:su=37;41:sg=30;43:ca=30;41:tw=30;42:ow=34;42:st=37;44:ex=01;32:*.tar=01;31:*.tgz=01;31:*.arc=01;31:*.arj=01;31:*.taz=01;31:*.lha=01;31:*.lz4=01;31:*.lzh=01;31:*.lzma=01;31:*.tlz=01;31:*.txz=01;31:*.tzo=01;31:*.t7z=01;31:*.zip=01;31:*.z=01;31:*.dz=01;31:*.gz=01;31:*.lrz=01;31:*.lz=01;31:*.lzo=01;31:*.xz=01;31:*.zst=01;31:*.tzst=01;31:*.bz2=01;31:*.bz=01;31:*.tbz=01;31:*.tbz2=01;31:*.tz=01;31:*.deb=01;31:*.rpm=01;31:*.jar=01;31:*.war=01;31:*.ear=01;31:*.sar=01;31:*.rar=01;31:*.alz=01;31:*.ace=01;31:*.zoo=01;31:*.cpio=01;31:*.7z=01;31:*.rz=01;31:*.cab=01;31:*.wim=01;31:*.swm=01;31:*.dwm=01;31:*.esd=01;31:*.jpg=01;35:*.jpeg=01;35:*.mjpg=01;35:*.mjpeg=01;35:*.gif=01;35:*.bmp=01;35:*.pbm=01;35:*.pgm=01;35:*.ppm=01;35:*.tga=01;35:*.xbm=01;35:*.xpm=01;35:*.tif=01;35:*.tiff=01;35:*.png=01;35:*.svg=01;35:*.svgz=01;35:*.mng=01;35:*.pcx=01;35:*.mov=01;35:*.mpg=01;35:*.mpeg=01;35:*.m2v=01;35:*.mkv=01;35:*.webm=01;35:*.webp=01;35:*.ogm=01;35:*.mp4=01;35:*.m4v=01;35:*.mp4v=01;35:*.vob=01;35:*.qt=01;35:*.nuv=01;35:*.wmv=01;35:*.asf=01;35:*.rm=01;35:*.rmvb=01;35:*.flc=01;35:*.avi=01;35:*.fli=01;35:*.flv=01;35:*.gl=01;35:*.dl=01;35:*.xcf=01;35:*.xwd=01;35:*.yuv=01;35:*.cgm=01;35:*.emf=01;35:*.ogv=01;35:*.ogx=01;35:*.aac=00;36:*.au=00;36:*.flac=00;36:*.m4a=00;36:*.mid=00;36:*.midi=00;36:*.mka=00;36:*.mp3=00;36:*.mpc=00;36:*.ogg=00;36:*.ra=00;36:*.wav=00;36:*.oga=00;36:*.opus=00;36:*.spx=00;36:*.xspf=00;36:'), ('SSH_AGENT_LAUNCHER', 'gnome-keyring'), ('SSH_AUTH_SOCK', '/run/user/1000/keyring/ssh'), ('AMENT_PREFIX_PATH', '/opt/ros/humble'), ('SHELL', '/bin/bash'), ('TERMINATOR_UUID', 'urn:uuid:f0a7838f-55bf-43f6-be6e-78df5f9a939a'), ('QT_ACCESSIBILITY', '1'), ('GDMSESSION', 'ubuntu'), ('LESSCLOSE', '/usr/bin/lesspipe %s %s'), ('GPG_AGENT_INFO', '/run/user/1000/gnupg/S.gpg-agent:0:1'), ('GJS_DEBUG_OUTPUT', 'stderr'), ('QT_IM_MODULE', 'ibus'), ('PWD', '/home/tknika/gral-iiriondo-main/unitree_ws/build/aruco_markers_msgs'), ('XDG_CONFIG_DIRS', '/etc/xdg/xdg-ubuntu:/etc/xdg'), ('XDG_DATA_DIRS', '/usr/share/ubuntu:/usr/share/gnome:/usr/local/share/:/usr/share/:/var/lib/snapd/desktop'), ('PYTHONPATH', '/home/tknika/gral-iiriondo-main/unitree_ws/src/unitree_legged_sdk/lib/python/arm64:/opt/ros/humble/lib/python3.10/site-packages:/opt/ros/humble/local/lib/python3.10/dist-packages'), ('COLCON', '1'), ('VTE_VERSION', '6800'), ('CMAKE_PREFIX_PATH', '/opt/ros/humble')]), 'shell': False}
[4.098775] (speech_to_goal_interfaces) StdoutLine: {'line': b'-- Install configuration: ""\n'}
[4.101640] (speech_to_goal_interfaces) StdoutLine: {'line': b'-- Execute custom install script\n'}
[4.101923] (speech_to_goal_interfaces) StdoutLine: {'line': b'-- Up-to-date symlink: /home/tknika/gral-iiriondo-main/unitree_ws/install/speech_to_goal_interfaces/share/ament_index/resource_index/rosidl_interfaces/speech_to_goal_interfaces\n'}
[4.102144] (speech_to_goal_interfaces) StdoutLine: {'line': b'-- Up-to-date symlink: /home/tknika/gral-iiriondo-main/unitree_ws/install/speech_to_goal_interfaces/include/speech_to_goal_interfaces/speech_to_goal_interfaces/msg/detail/waypoint__functions.h\n'}
[4.102325] (speech_to_goal_interfaces) StdoutLine: {'line': b'-- Up-to-date symlink: /home/tknika/gral-iiriondo-main/unitree_ws/install/speech_to_goal_interfaces/include/speech_to_goal_interfaces/speech_to_goal_interfaces/msg/detail/waypoint__struct.h\n'}
[4.102576] (speech_to_goal_interfaces) StdoutLine: {'line': b'-- Up-to-date symlink: /home/tknika/gral-iiriondo-main/unitree_ws/install/speech_to_goal_interfaces/include/speech_to_goal_interfaces/speech_to_goal_interfaces/msg/detail/waypoint__type_support.h\n'}
[4.103543] (speech_to_goal_interfaces) StdoutLine: {'line': b'-- Up-to-date symlink: /home/tknika/gral-iiriondo-main/unitree_ws/install/speech_to_goal_interfaces/include/speech_to_goal_interfaces/speech_to_goal_interfaces/msg/rosidl_generator_c__visibility_control.h\n'}
[4.103963] (object_recognition_interfaces) StdoutLine: {'line': b'-- Install configuration: ""\n'}
[4.105904] (speech_to_goal_interfaces) StdoutLine: {'line': b'-- Up-to-date symlink: /home/tknika/gral-iiriondo-main/unitree_ws/install/speech_to_goal_interfaces/include/speech_to_goal_interfaces/speech_to_goal_interfaces/msg/waypoint.h\n'}
[4.106313] (speech_to_goal_interfaces) StdoutLine: {'line': b'-- Up-to-date symlink: /home/tknika/gral-iiriondo-main/unitree_ws/install/speech_to_goal_interfaces/include/speech_to_goal_interfaces/speech_to_goal_interfaces/srv/detail/detect_intent__functions.h\n'}
[4.106756] (speech_to_goal_interfaces) StdoutLine: {'line': b'-- Up-to-date symlink: /home/tknika/gral-iiriondo-main/unitree_ws/install/speech_to_goal_interfaces/include/speech_to_goal_interfaces/speech_to_goal_interfaces/srv/detail/detect_intent__struct.h\n'}
[4.108702] (speech_to_goal_interfaces) StdoutLine: {'line': b'-- Up-to-date symlink: /home/tknika/gral-iiriondo-main/unitree_ws/install/speech_to_goal_interfaces/include/speech_to_goal_interfaces/speech_to_goal_interfaces/srv/detail/detect_intent__type_support.h\n'}
[4.111522] (speech_to_goal_interfaces) StdoutLine: {'line': b'-- Up-to-date symlink: /home/tknika/gral-iiriondo-main/unitree_ws/install/speech_to_goal_interfaces/include/speech_to_goal_interfaces/speech_to_goal_interfaces/srv/detail/llm_query__functions.h\n'}
[4.112711] (speech_to_goal_interfaces) StdoutLine: {'line': b'-- Up-to-date symlink: /home/tknika/gral-iiriondo-main/unitree_ws/install/speech_to_goal_interfaces/include/speech_to_goal_interfaces/speech_to_goal_interfaces/srv/detail/llm_query__struct.h\n'}
[4.119660] (object_recognition_interfaces) StdoutLine: {'line': b'-- Execute custom install script\n'}
[4.124295] (object_recognition_interfaces) StdoutLine: {'line': b'-- Up-to-date symlink: /home/tknika/gral-iiriondo-main/unitree_ws/install/object_recognition_interfaces/share/ament_index/resource_index/rosidl_interfaces/object_recognition_interfaces\n'}
[4.133006] (-) TimerEvent: {}
[4.133474] (speech_to_goal_interfaces) StdoutLine: {'line': b'-- Up-to-date symlink: /home/tknika/gral-iiriondo-main/unitree_ws/install/speech_to_goal_interfaces/include/speech_to_goal_interfaces/speech_to_goal_interfaces/srv/detail/llm_query__type_support.h\n'}
[4.133922] (speech_to_goal_interfaces) StdoutLine: {'line': b'-- Up-to-date symlink: /home/tknika/gral-iiriondo-main/unitree_ws/install/speech_to_goal_interfaces/include/speech_to_goal_interfaces/speech_to_goal_interfaces/srv/detect_intent.h\n'}
[4.134201] (speech_to_goal_interfaces) StdoutLine: {'line': b'-- Up-to-date symlink: /home/tknika/gral-iiriondo-main/unitree_ws/install/speech_to_goal_interfaces/include/speech_to_goal_interfaces/speech_to_goal_interfaces/srv/llm_query.h\n'}
[4.134416] (speech_to_goal_interfaces) StdoutLine: {'line': b'-- Up-to-date symlink: /home/tknika/gral-iiriondo-main/unitree_ws/install/speech_to_goal_interfaces/share/speech_to_goal_interfaces/environment/library_path.sh\n'}
[4.134569] (speech_to_goal_interfaces) StdoutLine: {'line': b'-- Up-to-date symlink: /home/tknika/gral-iiriondo-main/unitree_ws/install/speech_to_goal_interfaces/share/speech_to_goal_interfaces/environment/library_path.dsv\n'}
[4.134702] (object_recognition_interfaces) StdoutLine: {'line': b'-- Up-to-date symlink: /home/tknika/gral-iiriondo-main/unitree_ws/install/object_recognition_interfaces/include/object_recognition_interfaces/object_recognition_interfaces/msg/rosidl_generator_c__visibility_control.h\n'}
[4.134941] (object_recognition_interfaces) StdoutLine: {'line': b'-- Up-to-date symlink: /home/tknika/gral-iiriondo-main/unitree_ws/install/object_recognition_interfaces/include/object_recognition_interfaces/object_recognition_interfaces/srv/add_object.h\n'}
[4.135082] (object_recognition_interfaces) StdoutLine: {'line': b'-- Up-to-date symlink: /home/tknika/gral-iiriondo-main/unitree_ws/install/object_recognition_interfaces/include/object_recognition_interfaces/object_recognition_interfaces/srv/detail/add_object__functions.h\n'}
[4.135274] (speech_to_goal_interfaces) StdoutLine: {'line': b'-- Up-to-date symlink: /home/tknika/gral-iiriondo-main/unitree_ws/install/speech_to_goal_interfaces/include/speech_to_goal_interfaces/speech_to_goal_interfaces/msg/detail/waypoint__rosidl_typesupport_fastrtps_c.h\n'}
[4.135477] (speech_to_goal_interfaces) StdoutLine: {'line': b'-- Up-to-date symlink: /home/tknika/gral-iiriondo-main/unitree_ws/install/speech_to_goal_interfaces/include/speech_to_goal_interfaces/speech_to_goal_interfaces/msg/rosidl_typesupport_fastrtps_c__visibility_control.h\n'}
[4.135614] (speech_to_goal_interfaces) StdoutLine: {'line': b'-- Up-to-date symlink: /home/tknika/gral-iiriondo-main/unitree_ws/install/speech_to_goal_interfaces/include/speech_to_goal_interfaces/speech_to_goal_interfaces/srv/detail/detect_intent__rosidl_typesupport_fastrtps_c.h\n'}
[4.135744] (speech_to_goal_interfaces) StdoutLine: {'line': b'-- Up-to-date symlink: /home/tknika/gral-iiriondo-main/unitree_ws/install/speech_to_goal_interfaces/include/speech_to_goal_interfaces/speech_to_goal_interfaces/srv/detail/llm_query__rosidl_typesupport_fastrtps_c.h\n'}
[4.135964] (object_recognition_interfaces) StdoutLine: {'line': b'-- Up-to-date symlink: /home/tknika/gral-iiriondo-main/unitree_ws/install/object_recognition_interfaces/include/object_recognition_interfaces/object_recognition_interfaces/srv/detail/add_object__struct.h\n'}
[4.136143] (object_recognition_interfaces) StdoutLine: {'line': b'-- Up-to-date symlink: /home/tknika/gral-iiriondo-main/unitree_ws/install/object_recognition_interfaces/include/object_recognition_interfaces/object_recognition_interfaces/srv/detail/add_object__type_support.h\n'}
[4.136367] (object_recognition_interfaces) StdoutLine: {'line': b'-- Up-to-date symlink: /home/tknika/gral-iiriondo-main/unitree_ws/install/object_recognition_interfaces/include/object_recognition_interfaces/object_recognition_interfaces/srv/detail/detect_object__functions.h\n'}
[4.136534] (object_recognition_interfaces) StdoutLine: {'line': b'-- Up-to-date symlink: /home/tknika/gral-iiriondo-main/unitree_ws/install/object_recognition_interfaces/include/object_recognition_interfaces/object_recognition_interfaces/srv/detail/detect_object__struct.h\n'}
[4.136742] (object_recognition_interfaces) StdoutLine: {'line': b'-- Up-to-date symlink: /home/tknika/gral-iiriondo-main/unitree_ws/install/object_recognition_interfaces/include/object_recognition_interfaces/object_recognition_interfaces/srv/detail/detect_object__type_support.h\n'}
[4.136916] (object_recognition_interfaces) StdoutLine: {'line': b'-- Up-to-date symlink: /home/tknika/gral-iiriondo-main/unitree_ws/install/object_recognition_interfaces/include/object_recognition_interfaces/object_recognition_interfaces/srv/detect_object.h\n'}
[4.137047] (object_recognition_interfaces) StdoutLine: {'line': b'-- Up-to-date symlink: /home/tknika/gral-iiriondo-main/unitree_ws/install/object_recognition_interfaces/share/object_recognition_interfaces/environment/library_path.sh\n'}
[4.137272] (object_recognition_interfaces) StdoutLine: {'line': b'-- Up-to-date symlink: /home/tknika/gral-iiriondo-main/unitree_ws/install/object_recognition_interfaces/share/object_recognition_interfaces/environment/library_path.dsv\n'}
[4.137425] (speech_to_goal_interfaces) StdoutLine: {'line': b'-- Up-to-date symlink: /home/tknika/gral-iiriondo-main/unitree_ws/install/speech_to_goal_interfaces/include/speech_to_goal_interfaces/speech_to_goal_interfaces/msg/detail/waypoint__rosidl_typesupport_introspection_c.h\n'}
[4.137566] (speech_to_goal_interfaces) StdoutLine: {'line': b'-- Up-to-date symlink: /home/tknika/gral-iiriondo-main/unitree_ws/install/speech_to_goal_interfaces/include/speech_to_goal_interfaces/speech_to_goal_interfaces/msg/rosidl_typesupport_introspection_c__visibility_control.h\n'}
[4.137776] (speech_to_goal_interfaces) StdoutLine: {'line': b'-- Up-to-date symlink: /home/tknika/gral-iiriondo-main/unitree_ws/install/speech_to_goal_interfaces/include/speech_to_goal_interfaces/speech_to_goal_interfaces/srv/detail/detect_intent__rosidl_typesupport_introspection_c.h\n'}
[4.137908] (speech_to_goal_interfaces) StdoutLine: {'line': b'-- Up-to-date symlink: /home/tknika/gral-iiriondo-main/unitree_ws/install/speech_to_goal_interfaces/include/speech_to_goal_interfaces/speech_to_goal_interfaces/srv/detail/llm_query__rosidl_typesupport_introspection_c.h\n'}
[4.138110] (object_recognition_interfaces) StdoutLine: {'line': b'-- Up-to-date symlink: /home/tknika/gral-iiriondo-main/unitree_ws/install/object_recognition_interfaces/include/object_recognition_interfaces/object_recognition_interfaces/msg/rosidl_typesupport_fastrtps_c__visibility_control.h\n'}
[4.138316] (object_recognition_interfaces) StdoutLine: {'line': b'-- Up-to-date symlink: /home/tknika/gral-iiriondo-main/unitree_ws/install/object_recognition_interfaces/include/object_recognition_interfaces/object_recognition_interfaces/srv/detail/add_object__rosidl_typesupport_fastrtps_c.h\n'}
[4.138527] (speech_to_goal_interfaces) StdoutLine: {'line': b'-- Up-to-date symlink: /home/tknika/gral-iiriondo-main/unitree_ws/install/speech_to_goal_interfaces/include/speech_to_goal_interfaces/speech_to_goal_interfaces/msg/detail/waypoint__builder.hpp\n'}
[4.138692] (object_recognition_interfaces) StdoutLine: {'line': b'-- Up-to-date symlink: /home/tknika/gral-iiriondo-main/unitree_ws/install/object_recognition_interfaces/include/object_recognition_interfaces/object_recognition_interfaces/srv/detail/detect_object__rosidl_typesupport_fastrtps_c.h\n'}
[4.142291] (speech_to_goal_interfaces) StdoutLine: {'line': b'-- Up-to-date symlink: /home/tknika/gral-iiriondo-main/unitree_ws/install/speech_to_goal_interfaces/include/speech_to_goal_interfaces/speech_to_goal_interfaces/msg/detail/waypoint__struct.hpp\n'}
[4.142868] (speech_to_goal_interfaces) StdoutLine: {'line': b'-- Up-to-date symlink: /home/tknika/gral-iiriondo-main/unitree_ws/install/speech_to_goal_interfaces/include/speech_to_goal_interfaces/speech_to_goal_interfaces/msg/detail/waypoint__traits.hpp\n'}
[4.143047] (object_recognition_interfaces) StdoutLine: {'line': b'-- Up-to-date symlink: /home/tknika/gral-iiriondo-main/unitree_ws/install/object_recognition_interfaces/include/object_recognition_interfaces/object_recognition_interfaces/msg/rosidl_typesupport_introspection_c__visibility_control.h\n'}
[4.143233] (speech_to_goal_interfaces) StdoutLine: {'line': b'-- Up-to-date symlink: /home/tknika/gral-iiriondo-main/unitree_ws/install/speech_to_goal_interfaces/include/speech_to_goal_interfaces/speech_to_goal_interfaces/msg/detail/waypoint__type_support.hpp\n'}
[4.143454] (object_recognition_interfaces) StdoutLine: {'line': b'-- Up-to-date symlink: /home/tknika/gral-iiriondo-main/unitree_ws/install/object_recognition_interfaces/include/object_recognition_interfaces/object_recognition_interfaces/srv/detail/add_object__rosidl_typesupport_introspection_c.h\n'}
[4.143607] (object_recognition_interfaces) StdoutLine: {'line': b'-- Up-to-date symlink: /home/tknika/gral-iiriondo-main/unitree_ws/install/object_recognition_interfaces/include/object_recognition_interfaces/object_recognition_interfaces/srv/detail/detect_object__rosidl_typesupport_introspection_c.h\n'}
[4.143736] (speech_to_goal_interfaces) StdoutLine: {'line': b'-- Up-to-date symlink: /home/tknika/gral-iiriondo-main/unitree_ws/install/speech_to_goal_interfaces/include/speech_to_goal_interfaces/speech_to_goal_interfaces/msg/rosidl_generator_cpp__visibility_control.hpp\n'}
[4.143865] (speech_to_goal_interfaces) StdoutLine: {'line': b'-- Up-to-date symlink: /home/tknika/gral-iiriondo-main/unitree_ws/install/speech_to_goal_interfaces/include/speech_to_goal_interfaces/speech_to_goal_interfaces/msg/waypoint.hpp\n'}
[4.143983] (speech_to_goal_interfaces) StdoutLine: {'line': b'-- Up-to-date symlink: /home/tknika/gral-iiriondo-main/unitree_ws/install/speech_to_goal_interfaces/include/speech_to_goal_interfaces/speech_to_goal_interfaces/srv/detail/detect_intent__builder.hpp\n'}
[4.144105] (object_recognition_interfaces) StdoutLine: {'line': b'-- Up-to-date symlink: /home/tknika/gral-iiriondo-main/unitree_ws/install/object_recognition_interfaces/include/object_recognition_interfaces/object_recognition_interfaces/msg/rosidl_generator_cpp__visibility_control.hpp\n'}
[4.144225] (object_recognition_interfaces) StdoutLine: {'line': b'-- Up-to-date symlink: /home/tknika/gral-iiriondo-main/unitree_ws/install/object_recognition_interfaces/include/object_recognition_interfaces/object_recognition_interfaces/srv/add_object.hpp\n'}
[4.144338] (speech_to_goal_interfaces) StdoutLine: {'line': b'-- Up-to-date symlink: /home/tknika/gral-iiriondo-main/unitree_ws/install/speech_to_goal_interfaces/include/speech_to_goal_interfaces/speech_to_goal_interfaces/srv/detail/detect_intent__struct.hpp\n'}
[4.144457] (object_recognition_interfaces) StdoutLine: {'line': b'-- Up-to-date symlink: /home/tknika/gral-iiriondo-main/unitree_ws/install/object_recognition_interfaces/include/object_recognition_interfaces/object_recognition_interfaces/srv/detail/add_object__builder.hpp\n'}
[4.144574] (speech_to_goal_interfaces) StdoutLine: {'line': b'-- Up-to-date symlink: /home/tknika/gral-iiriondo-main/unitree_ws/install/speech_to_goal_interfaces/include/speech_to_goal_interfaces/speech_to_goal_interfaces/srv/detail/detect_intent__traits.hpp\n'}
[4.144731] (object_recognition_interfaces) StdoutLine: {'line': b'-- Up-to-date symlink: /home/tknika/gral-iiriondo-main/unitree_ws/install/object_recognition_interfaces/include/object_recognition_interfaces/object_recognition_interfaces/srv/detail/add_object__struct.hpp\n'}
[4.144851] (aruco_markers_msgs) StdoutLine: {'line': b'-- Install configuration: ""\n'}
[4.144994] (object_recognition_interfaces) StdoutLine: {'line': b'-- Up-to-date symlink: /home/tknika/gral-iiriondo-main/unitree_ws/install/object_recognition_interfaces/include/object_recognition_interfaces/object_recognition_interfaces/srv/detail/add_object__traits.hpp\n'}
[4.145115] (speech_to_goal_interfaces) StdoutLine: {'line': b'-- Up-to-date symlink: /home/tknika/gral-iiriondo-main/unitree_ws/install/speech_to_goal_interfaces/include/speech_to_goal_interfaces/speech_to_goal_interfaces/srv/detail/detect_intent__type_support.hpp\n'}
[4.152476] (object_recognition_interfaces) StdoutLine: {'line': b'-- Up-to-date symlink: /home/tknika/gral-iiriondo-main/unitree_ws/install/object_recognition_interfaces/include/object_recognition_interfaces/object_recognition_interfaces/srv/detail/add_object__type_support.hpp\n'}
[4.152751] (object_recognition_interfaces) StdoutLine: {'line': b'-- Up-to-date symlink: /home/tknika/gral-iiriondo-main/unitree_ws/install/object_recognition_interfaces/include/object_recognition_interfaces/object_recognition_interfaces/srv/detail/detect_object__builder.hpp\n'}
[4.152916] (speech_to_goal_interfaces) StdoutLine: {'line': b'-- Up-to-date symlink: /home/tknika/gral-iiriondo-main/unitree_ws/install/speech_to_goal_interfaces/include/speech_to_goal_interfaces/speech_to_goal_interfaces/srv/detail/llm_query__builder.hpp\n'}
[4.153079] (object_recognition_interfaces) StdoutLine: {'line': b'-- Up-to-date symlink: /home/tknika/gral-iiriondo-main/unitree_ws/install/object_recognition_interfaces/include/object_recognition_interfaces/object_recognition_interfaces/srv/detail/detect_object__struct.hpp\n'}
[4.153246] (object_recognition_interfaces) StdoutLine: {'line': b'-- Up-to-date symlink: /home/tknika/gral-iiriondo-main/unitree_ws/install/object_recognition_interfaces/include/object_recognition_interfaces/object_recognition_interfaces/srv/detail/detect_object__traits.hpp\n'}
[4.153377] (aruco_markers_msgs) StdoutLine: {'line': b'-- Execute custom install script\n'}
[4.153524] (object_recognition_interfaces) StdoutLine: {'line': b'-- Up-to-date symlink: /home/tknika/gral-iiriondo-main/unitree_ws/install/object_recognition_interfaces/include/object_recognition_interfaces/object_recognition_interfaces/srv/detail/detect_object__type_support.hpp\n'}
[4.154037] (speech_to_goal_interfaces) StdoutLine: {'line': b'-- Up-to-date symlink: /home/tknika/gral-iiriondo-main/unitree_ws/install/speech_to_goal_interfaces/include/speech_to_goal_interfaces/speech_to_goal_interfaces/srv/detail/llm_query__struct.hpp\n'}
[4.154225] (object_recognition_interfaces) StdoutLine: {'line': b'-- Up-to-date symlink: /home/tknika/gral-iiriondo-main/unitree_ws/install/object_recognition_interfaces/include/object_recognition_interfaces/object_recognition_interfaces/srv/detect_object.hpp\n'}
[4.154550] (aruco_markers_msgs) StdoutLine: {'line': b'-- Up-to-date symlink: /home/tknika/gral-iiriondo-main/unitree_ws/install/aruco_markers_msgs/share/ament_index/resource_index/rosidl_interfaces/aruco_markers_msgs\n'}
[4.154809] (speech_to_goal_interfaces) StdoutLine: {'line': b'-- Up-to-date symlink: /home/tknika/gral-iiriondo-main/unitree_ws/install/speech_to_goal_interfaces/include/speech_to_goal_interfaces/speech_to_goal_interfaces/srv/detail/llm_query__traits.hpp\n'}
[4.155039] (speech_to_goal_interfaces) StdoutLine: {'line': b'-- Up-to-date symlink: /home/tknika/gral-iiriondo-main/unitree_ws/install/speech_to_goal_interfaces/include/speech_to_goal_interfaces/speech_to_goal_interfaces/srv/detail/llm_query__type_support.hpp\n'}
[4.155238] (object_recognition_interfaces) StdoutLine: {'line': b'-- Up-to-date symlink: /home/tknika/gral-iiriondo-main/unitree_ws/install/object_recognition_interfaces/include/object_recognition_interfaces/object_recognition_interfaces/msg/rosidl_typesupport_fastrtps_cpp__visibility_control.h\n'}
[4.155583] (aruco_markers_msgs) StdoutLine: {'line': b'-- Up-to-date symlink: /home/tknika/gral-iiriondo-main/unitree_ws/install/aruco_markers_msgs/include/aruco_markers_msgs/aruco_markers_msgs/msg/detail/marker__functions.h\n'}
[4.155743] (speech_to_goal_interfaces) StdoutLine: {'line': b'-- Up-to-date symlink: /home/tknika/gral-iiriondo-main/unitree_ws/install/speech_to_goal_interfaces/include/speech_to_goal_interfaces/speech_to_goal_interfaces/srv/detect_intent.hpp\n'}
[4.156787] (object_recognition_interfaces) StdoutLine: {'line': b'-- Up-to-date symlink: /home/tknika/gral-iiriondo-main/unitree_ws/install/object_recognition_interfaces/include/object_recognition_interfaces/object_recognition_interfaces/srv/detail/add_object__rosidl_typesupport_fastrtps_cpp.hpp\n'}
[4.157002] (aruco_markers_msgs) StdoutLine: {'line': b'-- Up-to-date symlink: /home/tknika/gral-iiriondo-main/unitree_ws/install/aruco_markers_msgs/include/aruco_markers_msgs/aruco_markers_msgs/msg/detail/marker__struct.h\n'}
[4.157274] (object_recognition_interfaces) StdoutLine: {'line': b'-- Up-to-date symlink: /home/tknika/gral-iiriondo-main/unitree_ws/install/object_recognition_interfaces/include/object_recognition_interfaces/object_recognition_interfaces/srv/detail/detect_object__rosidl_typesupport_fastrtps_cpp.hpp\n'}
[4.157410] (aruco_markers_msgs) StdoutLine: {'line': b'-- Up-to-date symlink: /home/tknika/gral-iiriondo-main/unitree_ws/install/aruco_markers_msgs/include/aruco_markers_msgs/aruco_markers_msgs/msg/detail/marker__type_support.h\n'}
[4.157662] (aruco_markers_msgs) StdoutLine: {'line': b'-- Up-to-date symlink: /home/tknika/gral-iiriondo-main/unitree_ws/install/aruco_markers_msgs/include/aruco_markers_msgs/aruco_markers_msgs/msg/detail/marker_array__functions.h\n'}
[4.157811] (aruco_markers_msgs) StdoutLine: {'line': b'-- Up-to-date symlink: /home/tknika/gral-iiriondo-main/unitree_ws/install/aruco_markers_msgs/include/aruco_markers_msgs/aruco_markers_msgs/msg/detail/marker_array__struct.h\n'}
[4.157932] (speech_to_goal_interfaces) StdoutLine: {'line': b'-- Up-to-date symlink: /home/tknika/gral-iiriondo-main/unitree_ws/install/speech_to_goal_interfaces/include/speech_to_goal_interfaces/speech_to_goal_interfaces/srv/llm_query.hpp\n'}
[4.158162] (aruco_markers_msgs) StdoutLine: {'line': b'-- Up-to-date symlink: /home/tknika/gral-iiriondo-main/unitree_ws/install/aruco_markers_msgs/include/aruco_markers_msgs/aruco_markers_msgs/msg/detail/marker_array__type_support.h\n'}
[4.158298] (aruco_markers_msgs) StdoutLine: {'line': b'-- Up-to-date symlink: /home/tknika/gral-iiriondo-main/unitree_ws/install/aruco_markers_msgs/include/aruco_markers_msgs/aruco_markers_msgs/msg/marker.h\n'}
[4.158420] (aruco_markers_msgs) StdoutLine: {'line': b'-- Up-to-date symlink: /home/tknika/gral-iiriondo-main/unitree_ws/install/aruco_markers_msgs/include/aruco_markers_msgs/aruco_markers_msgs/msg/marker_array.h\n'}
[4.158767] (object_recognition_interfaces) StdoutLine: {'line': b'-- Up-to-date symlink: /home/tknika/gral-iiriondo-main/unitree_ws/install/object_recognition_interfaces/include/object_recognition_interfaces/object_recognition_interfaces/srv/detail/add_object__rosidl_typesupport_introspection_cpp.hpp\n'}
[4.158914] (speech_to_goal_interfaces) StdoutLine: {'line': b'-- Up-to-date symlink: /home/tknika/gral-iiriondo-main/unitree_ws/install/speech_to_goal_interfaces/include/speech_to_goal_interfaces/speech_to_goal_interfaces/msg/detail/waypoint__rosidl_typesupport_fastrtps_cpp.hpp\n'}
[4.159117] (aruco_markers_msgs) StdoutLine: {'line': b'-- Up-to-date symlink: /home/tknika/gral-iiriondo-main/unitree_ws/install/aruco_markers_msgs/include/aruco_markers_msgs/aruco_markers_msgs/msg/rosidl_generator_c__visibility_control.h\n'}
[4.159289] (aruco_markers_msgs) StdoutLine: {'line': b'-- Up-to-date symlink: /home/tknika/gral-iiriondo-main/unitree_ws/install/aruco_markers_msgs/share/aruco_markers_msgs/environment/library_path.sh\n'}
[4.159450] (object_recognition_interfaces) StdoutLine: {'line': b'-- Up-to-date symlink: /home/tknika/gral-iiriondo-main/unitree_ws/install/object_recognition_interfaces/include/object_recognition_interfaces/object_recognition_interfaces/srv/detail/detect_object__rosidl_typesupport_introspection_cpp.hpp\n'}
[4.159635] (speech_to_goal_interfaces) StdoutLine: {'line': b'-- Up-to-date symlink: /home/tknika/gral-iiriondo-main/unitree_ws/install/speech_to_goal_interfaces/include/speech_to_goal_interfaces/speech_to_goal_interfaces/msg/rosidl_typesupport_fastrtps_cpp__visibility_control.h\n'}
[4.159763] (aruco_markers_msgs) StdoutLine: {'line': b'-- Up-to-date symlink: /home/tknika/gral-iiriondo-main/unitree_ws/install/aruco_markers_msgs/share/aruco_markers_msgs/environment/library_path.dsv\n'}
[4.159879] (object_recognition_interfaces) StdoutLine: {'line': b'-- Up-to-date symlink: /home/tknika/gral-iiriondo-main/unitree_ws/install/object_recognition_interfaces/share/object_recognition_interfaces/environment/pythonpath.sh\n'}
[4.160010] (speech_to_goal_interfaces) StdoutLine: {'line': b'-- Up-to-date symlink: /home/tknika/gral-iiriondo-main/unitree_ws/install/speech_to_goal_interfaces/include/speech_to_goal_interfaces/speech_to_goal_interfaces/srv/detail/detect_intent__rosidl_typesupport_fastrtps_cpp.hpp\n'}
[4.160173] (object_recognition_interfaces) StdoutLine: {'line': b'-- Up-to-date symlink: /home/tknika/gral-iiriondo-main/unitree_ws/install/object_recognition_interfaces/share/object_recognition_interfaces/environment/pythonpath.dsv\n'}
[4.160291] (speech_to_goal_interfaces) StdoutLine: {'line': b'-- Up-to-date symlink: /home/tknika/gral-iiriondo-main/unitree_ws/install/speech_to_goal_interfaces/include/speech_to_goal_interfaces/speech_to_goal_interfaces/srv/detail/llm_query__rosidl_typesupport_fastrtps_cpp.hpp\n'}
[4.160408] (aruco_markers_msgs) StdoutLine: {'line': b'-- Up-to-date symlink: /home/tknika/gral-iiriondo-main/unitree_ws/install/aruco_markers_msgs/include/aruco_markers_msgs/aruco_markers_msgs/msg/detail/marker__rosidl_typesupport_fastrtps_c.h\n'}
[4.160521] (aruco_markers_msgs) StdoutLine: {'line': b'-- Up-to-date symlink: /home/tknika/gral-iiriondo-main/unitree_ws/install/aruco_markers_msgs/include/aruco_markers_msgs/aruco_markers_msgs/msg/detail/marker_array__rosidl_typesupport_fastrtps_c.h\n'}
[4.160635] (object_recognition_interfaces) StdoutLine: {'line': b'-- Up-to-date symlink: /home/tknika/gral-iiriondo-main/unitree_ws/install/object_recognition_interfaces/local/lib/python3.10/dist-packages/object_recognition_interfaces-0.0.0-py3.10.egg-info/PKG-INFO\n'}
[4.160751] (aruco_markers_msgs) StdoutLine: {'line': b'-- Up-to-date symlink: /home/tknika/gral-iiriondo-main/unitree_ws/install/aruco_markers_msgs/include/aruco_markers_msgs/aruco_markers_msgs/msg/rosidl_typesupport_fastrtps_c__visibility_control.h\n'}
[4.160861] (object_recognition_interfaces) StdoutLine: {'line': b'-- Up-to-date symlink: /home/tknika/gral-iiriondo-main/unitree_ws/install/object_recognition_interfaces/local/lib/python3.10/dist-packages/object_recognition_interfaces-0.0.0-py3.10.egg-info/SOURCES.txt\n'}
[4.160971] (object_recognition_interfaces) StdoutLine: {'line': b'-- Up-to-date symlink: /home/tknika/gral-iiriondo-main/unitree_ws/install/object_recognition_interfaces/local/lib/python3.10/dist-packages/object_recognition_interfaces-0.0.0-py3.10.egg-info/dependency_links.txt\n'}
[4.161084] (speech_to_goal_interfaces) StdoutLine: {'line': b'-- Up-to-date symlink: /home/tknika/gral-iiriondo-main/unitree_ws/install/speech_to_goal_interfaces/include/speech_to_goal_interfaces/speech_to_goal_interfaces/msg/detail/waypoint__rosidl_typesupport_introspection_cpp.hpp\n'}
[4.161194] (speech_to_goal_interfaces) StdoutLine: {'line': b'-- Up-to-date symlink: /home/tknika/gral-iiriondo-main/unitree_ws/install/speech_to_goal_interfaces/include/speech_to_goal_interfaces/speech_to_goal_interfaces/srv/detail/detect_intent__rosidl_typesupport_introspection_cpp.hpp\n'}
[4.161309] (aruco_markers_msgs) StdoutLine: {'line': b'-- Up-to-date symlink: /home/tknika/gral-iiriondo-main/unitree_ws/install/aruco_markers_msgs/include/aruco_markers_msgs/aruco_markers_msgs/msg/detail/marker__builder.hpp\n'}
[4.161483] (aruco_markers_msgs) StdoutLine: {'line': b'-- Up-to-date symlink: /home/tknika/gral-iiriondo-main/unitree_ws/install/aruco_markers_msgs/include/aruco_markers_msgs/aruco_markers_msgs/msg/detail/marker__struct.hpp\n'}
[4.161601] (aruco_markers_msgs) StdoutLine: {'line': b'-- Up-to-date symlink: /home/tknika/gral-iiriondo-main/unitree_ws/install/aruco_markers_msgs/include/aruco_markers_msgs/aruco_markers_msgs/msg/detail/marker__traits.hpp\n'}
[4.161711] (object_recognition_interfaces) StdoutLine: {'line': b'-- Up-to-date symlink: /home/tknika/gral-iiriondo-main/unitree_ws/install/object_recognition_interfaces/local/lib/python3.10/dist-packages/object_recognition_interfaces-0.0.0-py3.10.egg-info/top_level.txt\n'}
[4.161824] (aruco_markers_msgs) StdoutLine: {'line': b'-- Up-to-date symlink: /home/tknika/gral-iiriondo-main/unitree_ws/install/aruco_markers_msgs/include/aruco_markers_msgs/aruco_markers_msgs/msg/detail/marker__type_support.hpp\n'}
[4.161935] (aruco_markers_msgs) StdoutLine: {'line': b'-- Up-to-date symlink: /home/tknika/gral-iiriondo-main/unitree_ws/install/aruco_markers_msgs/include/aruco_markers_msgs/aruco_markers_msgs/msg/detail/marker_array__builder.hpp\n'}
[4.162045] (aruco_markers_msgs) StdoutLine: {'line': b'-- Up-to-date symlink: /home/tknika/gral-iiriondo-main/unitree_ws/install/aruco_markers_msgs/include/aruco_markers_msgs/aruco_markers_msgs/msg/detail/marker_array__struct.hpp\n'}
[4.162156] (aruco_markers_msgs) StdoutLine: {'line': b'-- Up-to-date symlink: /home/tknika/gral-iiriondo-main/unitree_ws/install/aruco_markers_msgs/include/aruco_markers_msgs/aruco_markers_msgs/msg/detail/marker_array__traits.hpp\n'}
[4.162265] (aruco_markers_msgs) StdoutLine: {'line': b'-- Up-to-date symlink: /home/tknika/gral-iiriondo-main/unitree_ws/install/aruco_markers_msgs/include/aruco_markers_msgs/aruco_markers_msgs/msg/detail/marker_array__type_support.hpp\n'}
[4.162374] (aruco_markers_msgs) StdoutLine: {'line': b'-- Up-to-date symlink: /home/tknika/gral-iiriondo-main/unitree_ws/install/aruco_markers_msgs/include/aruco_markers_msgs/aruco_markers_msgs/msg/marker.hpp\n'}
[4.162485] (aruco_markers_msgs) StdoutLine: {'line': b'-- Up-to-date symlink: /home/tknika/gral-iiriondo-main/unitree_ws/install/aruco_markers_msgs/include/aruco_markers_msgs/aruco_markers_msgs/msg/marker_array.hpp\n'}
[4.162599] (aruco_markers_msgs) StdoutLine: {'line': b'-- Up-to-date symlink: /home/tknika/gral-iiriondo-main/unitree_ws/install/aruco_markers_msgs/include/aruco_markers_msgs/aruco_markers_msgs/msg/rosidl_generator_cpp__visibility_control.hpp\n'}
[4.162710] (aruco_markers_msgs) StdoutLine: {'line': b'-- Up-to-date symlink: /home/tknika/gral-iiriondo-main/unitree_ws/install/aruco_markers_msgs/include/aruco_markers_msgs/aruco_markers_msgs/msg/detail/marker__rosidl_typesupport_fastrtps_cpp.hpp\n'}
[4.162822] (aruco_markers_msgs) StdoutLine: {'line': b'-- Up-to-date symlink: /home/tknika/gral-iiriondo-main/unitree_ws/install/aruco_markers_msgs/include/aruco_markers_msgs/aruco_markers_msgs/msg/detail/marker_array__rosidl_typesupport_fastrtps_cpp.hpp\n'}
[4.162937] (aruco_markers_msgs) StdoutLine: {'line': b'-- Up-to-date symlink: /home/tknika/gral-iiriondo-main/unitree_ws/install/aruco_markers_msgs/include/aruco_markers_msgs/aruco_markers_msgs/msg/rosidl_typesupport_fastrtps_cpp__visibility_control.h\n'}
[4.163055] (aruco_markers_msgs) StdoutLine: {'line': b'-- Up-to-date symlink: /home/tknika/gral-iiriondo-main/unitree_ws/install/aruco_markers_msgs/include/aruco_markers_msgs/aruco_markers_msgs/msg/detail/marker__rosidl_typesupport_introspection_c.h\n'}
[4.163168] (speech_to_goal_interfaces) StdoutLine: {'line': b'-- Up-to-date symlink: /home/tknika/gral-iiriondo-main/unitree_ws/install/speech_to_goal_interfaces/include/speech_to_goal_interfaces/speech_to_goal_interfaces/srv/detail/llm_query__rosidl_typesupport_introspection_cpp.hpp\n'}
[4.163311] (object_recognition_interfaces) StdoutLine: {'line': b'-- Up-to-date symlink: /home/tknika/gral-iiriondo-main/unitree_ws/install/object_recognition_interfaces/local/lib/python3.10/dist-packages/object_recognition_interfaces/__init__.py\n'}
[4.163484] (object_recognition_interfaces) StdoutLine: {'line': b'-- Up-to-date symlink: /home/tknika/gral-iiriondo-main/unitree_ws/install/object_recognition_interfaces/local/lib/python3.10/dist-packages/object_recognition_interfaces/_object_recognition_interfaces_s.ep.rosidl_typesupport_c.c\n'}
[4.163600] (object_recognition_interfaces) StdoutLine: {'line': b'-- Up-to-date symlink: /home/tknika/gral-iiriondo-main/unitree_ws/install/object_recognition_interfaces/local/lib/python3.10/dist-packages/object_recognition_interfaces/_object_recognition_interfaces_s.ep.rosidl_typesupport_fastrtps_c.c\n'}
[4.163713] (object_recognition_interfaces) StdoutLine: {'line': b'-- Up-to-date symlink: /home/tknika/gral-iiriondo-main/unitree_ws/install/object_recognition_interfaces/local/lib/python3.10/dist-packages/object_recognition_interfaces/_object_recognition_interfaces_s.ep.rosidl_typesupport_introspection_c.c\n'}
[4.163843] (object_recognition_interfaces) StdoutLine: {'line': b'-- Up-to-date symlink: /home/tknika/gral-iiriondo-main/unitree_ws/install/object_recognition_interfaces/local/lib/python3.10/dist-packages/object_recognition_interfaces/libobject_recognition_interfaces__rosidl_generator_py.so\n'}
[4.163968] (object_recognition_interfaces) StdoutLine: {'line': b'-- Up-to-date symlink: /home/tknika/gral-iiriondo-main/unitree_ws/install/object_recognition_interfaces/local/lib/python3.10/dist-packages/object_recognition_interfaces/object_recognition_interfaces_s__rosidl_typesupport_c.cpython-310-aarch64-linux-gnu.so\n'}
[4.164080] (object_recognition_interfaces) StdoutLine: {'line': b'-- Up-to-date symlink: /home/tknika/gral-iiriondo-main/unitree_ws/install/object_recognition_interfaces/local/lib/python3.10/dist-packages/object_recognition_interfaces/object_recognition_interfaces_s__rosidl_typesupport_fastrtps_c.cpython-310-aarch64-linux-gnu.so\n'}
[4.164190] (object_recognition_interfaces) StdoutLine: {'line': b'-- Up-to-date symlink: /home/tknika/gral-iiriondo-main/unitree_ws/install/object_recognition_interfaces/local/lib/python3.10/dist-packages/object_recognition_interfaces/object_recognition_interfaces_s__rosidl_typesupport_introspection_c.cpython-310-aarch64-linux-gnu.so\n'}
[4.164302] (object_recognition_interfaces) StdoutLine: {'line': b'-- Up-to-date symlink: /home/tknika/gral-iiriondo-main/unitree_ws/install/object_recognition_interfaces/local/lib/python3.10/dist-packages/object_recognition_interfaces/srv/__init__.py\n'}
[4.164411] (object_recognition_interfaces) StdoutLine: {'line': b'-- Up-to-date symlink: /home/tknika/gral-iiriondo-main/unitree_ws/install/object_recognition_interfaces/local/lib/python3.10/dist-packages/object_recognition_interfaces/srv/_add_object.py\n'}
[4.164562] (object_recognition_interfaces) StdoutLine: {'line': b'-- Up-to-date symlink: /home/tknika/gral-iiriondo-main/unitree_ws/install/object_recognition_interfaces/local/lib/python3.10/dist-packages/object_recognition_interfaces/srv/_add_object_s.c\n'}
[4.164677] (object_recognition_interfaces) StdoutLine: {'line': b'-- Up-to-date symlink: /home/tknika/gral-iiriondo-main/unitree_ws/install/object_recognition_interfaces/local/lib/python3.10/dist-packages/object_recognition_interfaces/srv/_detect_object.py\n'}
[4.164790] (object_recognition_interfaces) StdoutLine: {'line': b'-- Up-to-date symlink: /home/tknika/gral-iiriondo-main/unitree_ws/install/object_recognition_interfaces/local/lib/python3.10/dist-packages/object_recognition_interfaces/srv/_detect_object_s.c\n'}
[4.164901] (object_recognition_interfaces) StdoutLine: {'line': b'-- Up-to-date symlink: /home/tknika/gral-iiriondo-main/unitree_ws/install/object_recognition_interfaces/local/lib/python3.10/dist-packages/object_recognition_interfaces/object_recognition_interfaces_s__rosidl_typesupport_fastrtps_c.cpython-310-aarch64-linux-gnu.so\n'}
[4.165015] (object_recognition_interfaces) StdoutLine: {'line': b'-- Up-to-date symlink: /home/tknika/gral-iiriondo-main/unitree_ws/install/object_recognition_interfaces/local/lib/python3.10/dist-packages/object_recognition_interfaces/object_recognition_interfaces_s__rosidl_typesupport_introspection_c.cpython-310-aarch64-linux-gnu.so\n'}
[4.165150] (object_recognition_interfaces) StdoutLine: {'line': b'-- Up-to-date symlink: /home/tknika/gral-iiriondo-main/unitree_ws/install/object_recognition_interfaces/local/lib/python3.10/dist-packages/object_recognition_interfaces/object_recognition_interfaces_s__rosidl_typesupport_c.cpython-310-aarch64-linux-gnu.so\n'}
[4.165263] (object_recognition_interfaces) StdoutLine: {'line': b'-- Up-to-date symlink: /home/tknika/gral-iiriondo-main/unitree_ws/install/object_recognition_interfaces/share/ament_index/resource_index/rust_packages/object_recognition_interfaces\n'}
[4.165381] (aruco_markers_msgs) StdoutLine: {'line': b'-- Up-to-date symlink: /home/tknika/gral-iiriondo-main/unitree_ws/install/aruco_markers_msgs/include/aruco_markers_msgs/aruco_markers_msgs/msg/detail/marker_array__rosidl_typesupport_introspection_c.h\n'}
[4.165506] (speech_to_goal_interfaces) StdoutLine: {'line': b'-- Up-to-date symlink: /home/tknika/gral-iiriondo-main/unitree_ws/install/speech_to_goal_interfaces/share/speech_to_goal_interfaces/environment/pythonpath.sh\n'}
[4.165633] (speech_to_goal_interfaces) StdoutLine: {'line': b'-- Up-to-date symlink: /home/tknika/gral-iiriondo-main/unitree_ws/install/speech_to_goal_interfaces/share/speech_to_goal_interfaces/environment/pythonpath.dsv\n'}
[4.165747] (speech_to_goal_interfaces) StdoutLine: {'line': b'-- Up-to-date symlink: /home/tknika/gral-iiriondo-main/unitree_ws/install/speech_to_goal_interfaces/local/lib/python3.10/dist-packages/speech_to_goal_interfaces-0.0.0-py3.10.egg-info/PKG-INFO\n'}
[4.165866] (speech_to_goal_interfaces) StdoutLine: {'line': b'-- Up-to-date symlink: /home/tknika/gral-iiriondo-main/unitree_ws/install/speech_to_goal_interfaces/local/lib/python3.10/dist-packages/speech_to_goal_interfaces-0.0.0-py3.10.egg-info/SOURCES.txt\n'}
[4.165980] (speech_to_goal_interfaces) StdoutLine: {'line': b'-- Up-to-date symlink: /home/tknika/gral-iiriondo-main/unitree_ws/install/speech_to_goal_interfaces/local/lib/python3.10/dist-packages/speech_to_goal_interfaces-0.0.0-py3.10.egg-info/dependency_links.txt\n'}
[4.166094] (speech_to_goal_interfaces) StdoutLine: {'line': b'-- Up-to-date symlink: /home/tknika/gral-iiriondo-main/unitree_ws/install/speech_to_goal_interfaces/local/lib/python3.10/dist-packages/speech_to_goal_interfaces-0.0.0-py3.10.egg-info/top_level.txt\n'}
[4.166206] (speech_to_goal_interfaces) StdoutLine: {'line': b'-- Up-to-date symlink: /home/tknika/gral-iiriondo-main/unitree_ws/install/speech_to_goal_interfaces/local/lib/python3.10/dist-packages/speech_to_goal_interfaces/__init__.py\n'}
[4.166316] (speech_to_goal_interfaces) StdoutLine: {'line': b'-- Up-to-date symlink: /home/tknika/gral-iiriondo-main/unitree_ws/install/speech_to_goal_interfaces/local/lib/python3.10/dist-packages/speech_to_goal_interfaces/_speech_to_goal_interfaces_s.ep.rosidl_typesupport_c.c\n'}
[4.176898] (speech_to_goal_interfaces) StdoutLine: {'line': b'-- Up-to-date symlink: /home/tknika/gral-iiriondo-main/unitree_ws/install/speech_to_goal_interfaces/local/lib/python3.10/dist-packages/speech_to_goal_interfaces/_speech_to_goal_interfaces_s.ep.rosidl_typesupport_fastrtps_c.c\n'}
[4.177180] (speech_to_goal_interfaces) StdoutLine: {'line': b'-- Up-to-date symlink: /home/tknika/gral-iiriondo-main/unitree_ws/install/speech_to_goal_interfaces/local/lib/python3.10/dist-packages/speech_to_goal_interfaces/_speech_to_goal_interfaces_s.ep.rosidl_typesupport_introspection_c.c\n'}
[4.177339] (speech_to_goal_interfaces) StdoutLine: {'line': b'-- Up-to-date symlink: /home/tknika/gral-iiriondo-main/unitree_ws/install/speech_to_goal_interfaces/local/lib/python3.10/dist-packages/speech_to_goal_interfaces/libspeech_to_goal_interfaces__rosidl_generator_py.so\n'}
[4.177483] (speech_to_goal_interfaces) StdoutLine: {'line': b'-- Up-to-date symlink: /home/tknika/gral-iiriondo-main/unitree_ws/install/speech_to_goal_interfaces/local/lib/python3.10/dist-packages/speech_to_goal_interfaces/msg/__init__.py\n'}
[4.177653] (speech_to_goal_interfaces) StdoutLine: {'line': b'-- Up-to-date symlink: /home/tknika/gral-iiriondo-main/unitree_ws/install/speech_to_goal_interfaces/local/lib/python3.10/dist-packages/speech_to_goal_interfaces/msg/_waypoint.py\n'}
[4.177787] (speech_to_goal_interfaces) StdoutLine: {'line': b'-- Up-to-date symlink: /home/tknika/gral-iiriondo-main/unitree_ws/install/speech_to_goal_interfaces/local/lib/python3.10/dist-packages/speech_to_goal_interfaces/msg/_waypoint_s.c\n'}
[4.177920] (aruco_markers_msgs) StdoutLine: {'line': b'-- Up-to-date symlink: /home/tknika/gral-iiriondo-main/unitree_ws/install/aruco_markers_msgs/include/aruco_markers_msgs/aruco_markers_msgs/msg/rosidl_typesupport_introspection_c__visibility_control.h\n'}
[4.178097] (aruco_markers_msgs) StdoutLine: {'line': b'-- Up-to-date symlink: /home/tknika/gral-iiriondo-main/unitree_ws/install/aruco_markers_msgs/include/aruco_markers_msgs/aruco_markers_msgs/msg/detail/marker__rosidl_typesupport_introspection_cpp.hpp\n'}
[4.178224] (aruco_markers_msgs) StdoutLine: {'line': b'-- Up-to-date symlink: /home/tknika/gral-iiriondo-main/unitree_ws/install/aruco_markers_msgs/include/aruco_markers_msgs/aruco_markers_msgs/msg/detail/marker_array__rosidl_typesupport_introspection_cpp.hpp\n'}
[4.178351] (speech_to_goal_interfaces) StdoutLine: {'line': b'-- Up-to-date symlink: /home/tknika/gral-iiriondo-main/unitree_ws/install/speech_to_goal_interfaces/local/lib/python3.10/dist-packages/speech_to_goal_interfaces/speech_to_goal_interfaces_s__rosidl_typesupport_c.cpython-310-aarch64-linux-gnu.so\n'}
[4.178481] (object_recognition_interfaces) StdoutLine: {'line': b'-- Up-to-date symlink: /home/tknika/gral-iiriondo-main/unitree_ws/install/object_recognition_interfaces/share/object_recognition_interfaces/rust/Cargo.toml\n'}
[4.178627] (object_recognition_interfaces) StdoutLine: {'line': b'-- Up-to-date symlink: /home/tknika/gral-iiriondo-main/unitree_ws/install/object_recognition_interfaces/share/object_recognition_interfaces/rust/build.rs\n'}
[4.178753] (speech_to_goal_interfaces) StdoutLine: {'line': b'-- Up-to-date symlink: /home/tknika/gral-iiriondo-main/unitree_ws/install/speech_to_goal_interfaces/local/lib/python3.10/dist-packages/speech_to_goal_interfaces/speech_to_goal_interfaces_s__rosidl_typesupport_fastrtps_c.cpython-310-aarch64-linux-gnu.so\n'}
[4.178876] (aruco_markers_msgs) StdoutLine: {'line': b'-- Up-to-date symlink: /home/tknika/gral-iiriondo-main/unitree_ws/install/aruco_markers_msgs/share/aruco_markers_msgs/environment/pythonpath.sh\n'}
[4.178993] (object_recognition_interfaces) StdoutLine: {'line': b'-- Up-to-date symlink: /home/tknika/gral-iiriondo-main/unitree_ws/install/object_recognition_interfaces/share/object_recognition_interfaces/rust/src/lib.rs\n'}
[4.179110] (aruco_markers_msgs) StdoutLine: {'line': b'-- Up-to-date symlink: /home/tknika/gral-iiriondo-main/unitree_ws/install/aruco_markers_msgs/share/aruco_markers_msgs/environment/pythonpath.dsv\n'}
[4.179223] (speech_to_goal_interfaces) StdoutLine: {'line': b'-- Up-to-date symlink: /home/tknika/gral-iiriondo-main/unitree_ws/install/speech_to_goal_interfaces/local/lib/python3.10/dist-packages/speech_to_goal_interfaces/speech_to_goal_interfaces_s__rosidl_typesupport_introspection_c.cpython-310-aarch64-linux-gnu.so\n'}
[4.179339] (speech_to_goal_interfaces) StdoutLine: {'line': b'-- Up-to-date symlink: /home/tknika/gral-iiriondo-main/unitree_ws/install/speech_to_goal_interfaces/local/lib/python3.10/dist-packages/speech_to_goal_interfaces/srv/__init__.py\n'}
[4.179483] (object_recognition_interfaces) StdoutLine: {'line': b'-- Up-to-date symlink: /home/tknika/gral-iiriondo-main/unitree_ws/install/object_recognition_interfaces/share/object_recognition_interfaces/rust/src/srv.rs\n'}
[4.183242] (aruco_markers_msgs) StdoutLine: {'line': b'-- Up-to-date symlink: /home/tknika/gral-iiriondo-main/unitree_ws/install/aruco_markers_msgs/local/lib/python3.10/dist-packages/aruco_markers_msgs-0.0.3-py3.10.egg-info/PKG-INFO\n'}
[4.183586] (aruco_markers_msgs) StdoutLine: {'line': b'-- Up-to-date symlink: /home/tknika/gral-iiriondo-main/unitree_ws/install/aruco_markers_msgs/local/lib/python3.10/dist-packages/aruco_markers_msgs-0.0.3-py3.10.egg-info/SOURCES.txt\n'}
[4.183744] (aruco_markers_msgs) StdoutLine: {'line': b'-- Up-to-date symlink: /home/tknika/gral-iiriondo-main/unitree_ws/install/aruco_markers_msgs/local/lib/python3.10/dist-packages/aruco_markers_msgs-0.0.3-py3.10.egg-info/dependency_links.txt\n'}
[4.183921] (speech_to_goal_interfaces) StdoutLine: {'line': b'-- Up-to-date symlink: /home/tknika/gral-iiriondo-main/unitree_ws/install/speech_to_goal_interfaces/local/lib/python3.10/dist-packages/speech_to_goal_interfaces/srv/_detect_intent.py\n'}
[4.184083] (object_recognition_interfaces) StdoutLine: {'line': b'-- Up-to-date symlink: /home/tknika/gral-iiriondo-main/unitree_ws/install/object_recognition_interfaces/share/object_recognition_interfaces/rust/src/srv/rmw.rs\n'}
[4.184233] (object_recognition_interfaces) StdoutLine: {'line': b'-- Up-to-date symlink: /home/tknika/gral-iiriondo-main/unitree_ws/install/object_recognition_interfaces/share/object_recognition_interfaces/srv/DetectObject.idl\n'}
[4.184377] (aruco_markers_msgs) StdoutLine: {'line': b'-- Up-to-date symlink: /home/tknika/gral-iiriondo-main/unitree_ws/install/aruco_markers_msgs/local/lib/python3.10/dist-packages/aruco_markers_msgs-0.0.3-py3.10.egg-info/top_level.txt\n'}
[4.184511] (object_recognition_interfaces) StdoutLine: {'line': b'-- Up-to-date symlink: /home/tknika/gral-iiriondo-main/unitree_ws/install/object_recognition_interfaces/share/object_recognition_interfaces/srv/AddObject.idl\n'}
[4.184633] (speech_to_goal_interfaces) StdoutLine: {'line': b'-- Up-to-date symlink: /home/tknika/gral-iiriondo-main/unitree_ws/install/speech_to_goal_interfaces/local/lib/python3.10/dist-packages/speech_to_goal_interfaces/srv/_detect_intent_s.c\n'}
[4.184782] (speech_to_goal_interfaces) StdoutLine: {'line': b'-- Up-to-date symlink: /home/tknika/gral-iiriondo-main/unitree_ws/install/speech_to_goal_interfaces/local/lib/python3.10/dist-packages/speech_to_goal_interfaces/srv/_llm_query.py\n'}
[4.184910] (speech_to_goal_interfaces) StdoutLine: {'line': b'-- Up-to-date symlink: /home/tknika/gral-iiriondo-main/unitree_ws/install/speech_to_goal_interfaces/local/lib/python3.10/dist-packages/speech_to_goal_interfaces/srv/_llm_query_s.c\n'}
[4.185029] (aruco_markers_msgs) StdoutLine: {'line': b'-- Up-to-date symlink: /home/tknika/gral-iiriondo-main/unitree_ws/install/aruco_markers_msgs/local/lib/python3.10/dist-packages/aruco_markers_msgs/__init__.py\n'}
[4.185154] (aruco_markers_msgs) StdoutLine: {'line': b'-- Up-to-date symlink: /home/tknika/gral-iiriondo-main/unitree_ws/install/aruco_markers_msgs/local/lib/python3.10/dist-packages/aruco_markers_msgs/_aruco_markers_msgs_s.ep.rosidl_typesupport_c.c\n'}
[4.185275] (aruco_markers_msgs) StdoutLine: {'line': b'-- Up-to-date symlink: /home/tknika/gral-iiriondo-main/unitree_ws/install/aruco_markers_msgs/local/lib/python3.10/dist-packages/aruco_markers_msgs/_aruco_markers_msgs_s.ep.rosidl_typesupport_fastrtps_c.c\n'}
[4.185399] (object_recognition_interfaces) StdoutLine: {'line': b'-- Up-to-date symlink: /home/tknika/gral-iiriondo-main/unitree_ws/install/object_recognition_interfaces/share/object_recognition_interfaces/srv/DetectObject.srv\n'}
[4.185521] (aruco_markers_msgs) StdoutLine: {'line': b'-- Up-to-date symlink: /home/tknika/gral-iiriondo-main/unitree_ws/install/aruco_markers_msgs/local/lib/python3.10/dist-packages/aruco_markers_msgs/_aruco_markers_msgs_s.ep.rosidl_typesupport_introspection_c.c\n'}
[4.185648] (speech_to_goal_interfaces) StdoutLine: {'line': b'-- Up-to-date symlink: /home/tknika/gral-iiriondo-main/unitree_ws/install/speech_to_goal_interfaces/local/lib/python3.10/dist-packages/speech_to_goal_interfaces/speech_to_goal_interfaces_s__rosidl_typesupport_fastrtps_c.cpython-310-aarch64-linux-gnu.so\n'}
[4.185777] (aruco_markers_msgs) StdoutLine: {'line': b'-- Up-to-date symlink: /home/tknika/gral-iiriondo-main/unitree_ws/install/aruco_markers_msgs/local/lib/python3.10/dist-packages/aruco_markers_msgs/aruco_markers_msgs_s__rosidl_typesupport_c.cpython-310-aarch64-linux-gnu.so\n'}
[4.185932] (aruco_markers_msgs) StdoutLine: {'line': b'-- Up-to-date symlink: /home/tknika/gral-iiriondo-main/unitree_ws/install/aruco_markers_msgs/local/lib/python3.10/dist-packages/aruco_markers_msgs/aruco_markers_msgs_s__rosidl_typesupport_fastrtps_c.cpython-310-aarch64-linux-gnu.so\n'}
[4.186055] (object_recognition_interfaces) StdoutLine: {'line': b'-- Up-to-date symlink: /home/tknika/gral-iiriondo-main/unitree_ws/install/object_recognition_interfaces/share/object_recognition_interfaces/srv/DetectObject_Request.msg\n'}
[4.186184] (aruco_markers_msgs) StdoutLine: {'line': b'-- Up-to-date symlink: /home/tknika/gral-iiriondo-main/unitree_ws/install/aruco_markers_msgs/local/lib/python3.10/dist-packages/aruco_markers_msgs/aruco_markers_msgs_s__rosidl_typesupport_introspection_c.cpython-310-aarch64-linux-gnu.so\n'}
[4.186300] (aruco_markers_msgs) StdoutLine: {'line': b'-- Up-to-date symlink: /home/tknika/gral-iiriondo-main/unitree_ws/install/aruco_markers_msgs/local/lib/python3.10/dist-packages/aruco_markers_msgs/libaruco_markers_msgs__rosidl_generator_py.so\n'}
[4.186415] (aruco_markers_msgs) StdoutLine: {'line': b'-- Up-to-date symlink: /home/tknika/gral-iiriondo-main/unitree_ws/install/aruco_markers_msgs/local/lib/python3.10/dist-packages/aruco_markers_msgs/msg/__init__.py\n'}
[4.186531] (aruco_markers_msgs) StdoutLine: {'line': b'-- Up-to-date symlink: /home/tknika/gral-iiriondo-main/unitree_ws/install/aruco_markers_msgs/local/lib/python3.10/dist-packages/aruco_markers_msgs/msg/_marker.py\n'}
[4.186654] (aruco_markers_msgs) StdoutLine: {'line': b'-- Up-to-date symlink: /home/tknika/gral-iiriondo-main/unitree_ws/install/aruco_markers_msgs/local/lib/python3.10/dist-packages/aruco_markers_msgs/msg/_marker_array.py\n'}
[4.186778] (aruco_markers_msgs) StdoutLine: {'line': b'-- Up-to-date symlink: /home/tknika/gral-iiriondo-main/unitree_ws/install/aruco_markers_msgs/local/lib/python3.10/dist-packages/aruco_markers_msgs/msg/_marker_array_s.c\n'}
[4.187327] (aruco_markers_msgs) StdoutLine: {'line': b'-- Up-to-date symlink: /home/tknika/gral-iiriondo-main/unitree_ws/install/aruco_markers_msgs/local/lib/python3.10/dist-packages/aruco_markers_msgs/msg/_marker_s.c\n'}
[4.188042] (aruco_markers_msgs) StdoutLine: {'line': b'-- Up-to-date symlink: /home/tknika/gral-iiriondo-main/unitree_ws/install/aruco_markers_msgs/local/lib/python3.10/dist-packages/aruco_markers_msgs/aruco_markers_msgs_s__rosidl_typesupport_fastrtps_c.cpython-310-aarch64-linux-gnu.so\n'}
[4.188218] (aruco_markers_msgs) StdoutLine: {'line': b'-- Up-to-date symlink: /home/tknika/gral-iiriondo-main/unitree_ws/install/aruco_markers_msgs/local/lib/python3.10/dist-packages/aruco_markers_msgs/aruco_markers_msgs_s__rosidl_typesupport_introspection_c.cpython-310-aarch64-linux-gnu.so\n'}
[4.188355] (aruco_markers_msgs) StdoutLine: {'line': b'-- Up-to-date symlink: /home/tknika/gral-iiriondo-main/unitree_ws/install/aruco_markers_msgs/local/lib/python3.10/dist-packages/aruco_markers_msgs/aruco_markers_msgs_s__rosidl_typesupport_c.cpython-310-aarch64-linux-gnu.so\n'}
[4.188479] (aruco_markers_msgs) StdoutLine: {'line': b'-- Up-to-date symlink: /home/tknika/gral-iiriondo-main/unitree_ws/install/aruco_markers_msgs/share/ament_index/resource_index/rust_packages/aruco_markers_msgs\n'}
[4.188593] (aruco_markers_msgs) StdoutLine: {'line': b'-- Up-to-date symlink: /home/tknika/gral-iiriondo-main/unitree_ws/install/aruco_markers_msgs/share/aruco_markers_msgs/rust/Cargo.toml\n'}
[4.189354] (aruco_markers_msgs) StdoutLine: {'line': b'-- Up-to-date symlink: /home/tknika/gral-iiriondo-main/unitree_ws/install/aruco_markers_msgs/share/aruco_markers_msgs/rust/build.rs\n'}
[4.189504] (aruco_markers_msgs) StdoutLine: {'line': b'-- Up-to-date symlink: /home/tknika/gral-iiriondo-main/unitree_ws/install/aruco_markers_msgs/share/aruco_markers_msgs/rust/src/lib.rs\n'}
[4.189699] (aruco_markers_msgs) StdoutLine: {'line': b'-- Up-to-date symlink: /home/tknika/gral-iiriondo-main/unitree_ws/install/aruco_markers_msgs/share/aruco_markers_msgs/rust/src/msg.rs\n'}
[4.189866] (aruco_markers_msgs) StdoutLine: {'line': b'-- Up-to-date symlink: /home/tknika/gral-iiriondo-main/unitree_ws/install/aruco_markers_msgs/share/aruco_markers_msgs/rust/src/msg/rmw.rs\n'}
[4.189993] (aruco_markers_msgs) StdoutLine: {'line': b'-- Up-to-date symlink: /home/tknika/gral-iiriondo-main/unitree_ws/install/aruco_markers_msgs/share/aruco_markers_msgs/msg/Marker.idl\n'}
[4.190118] (aruco_markers_msgs) StdoutLine: {'line': b'-- Up-to-date symlink: /home/tknika/gral-iiriondo-main/unitree_ws/install/aruco_markers_msgs/share/aruco_markers_msgs/msg/MarkerArray.idl\n'}
[4.190244] (aruco_markers_msgs) StdoutLine: {'line': b'-- Up-to-date symlink: /home/tknika/gral-iiriondo-main/unitree_ws/install/aruco_markers_msgs/share/aruco_markers_msgs/msg/Marker.msg\n'}
[4.190360] (aruco_markers_msgs) StdoutLine: {'line': b'-- Up-to-date symlink: /home/tknika/gral-iiriondo-main/unitree_ws/install/aruco_markers_msgs/share/aruco_markers_msgs/msg/MarkerArray.msg\n'}
[4.190785] (object_recognition_interfaces) StdoutLine: {'line': b'-- Up-to-date symlink: /home/tknika/gral-iiriondo-main/unitree_ws/install/object_recognition_interfaces/share/object_recognition_interfaces/srv/DetectObject_Response.msg\n'}
[4.191084] (object_recognition_interfaces) StdoutLine: {'line': b'-- Up-to-date symlink: /home/tknika/gral-iiriondo-main/unitree_ws/install/object_recognition_interfaces/share/object_recognition_interfaces/srv/AddObject.srv\n'}
[4.191280] (object_recognition_interfaces) StdoutLine: {'line': b'-- Up-to-date symlink: /home/tknika/gral-iiriondo-main/unitree_ws/install/object_recognition_interfaces/share/object_recognition_interfaces/srv/AddObject_Request.msg\n'}
[4.191532] (object_recognition_interfaces) StdoutLine: {'line': b'-- Up-to-date symlink: /home/tknika/gral-iiriondo-main/unitree_ws/install/object_recognition_interfaces/share/object_recognition_interfaces/srv/AddObject_Response.msg\n'}
[4.191719] (object_recognition_interfaces) StdoutLine: {'line': b'-- Up-to-date symlink: /home/tknika/gral-iiriondo-main/unitree_ws/install/object_recognition_interfaces/share/ament_index/resource_index/package_run_dependencies/object_recognition_interfaces\n'}
[4.192187] (object_recognition_interfaces) StdoutLine: {'line': b'-- Up-to-date symlink: /home/tknika/gral-iiriondo-main/unitree_ws/install/object_recognition_interfaces/share/ament_index/resource_index/parent_prefix_path/object_recognition_interfaces\n'}
[4.192352] (object_recognition_interfaces) StdoutLine: {'line': b'-- Up-to-date symlink: /home/tknika/gral-iiriondo-main/unitree_ws/install/object_recognition_interfaces/share/object_recognition_interfaces/environment/ament_prefix_path.sh\n'}
[4.192535] (object_recognition_interfaces) StdoutLine: {'line': b'-- Up-to-date symlink: /home/tknika/gral-iiriondo-main/unitree_ws/install/object_recognition_interfaces/share/object_recognition_interfaces/environment/ament_prefix_path.dsv\n'}
[4.192664] (object_recognition_interfaces) StdoutLine: {'line': b'-- Up-to-date symlink: /home/tknika/gral-iiriondo-main/unitree_ws/install/object_recognition_interfaces/share/object_recognition_interfaces/environment/path.sh\n'}
[4.192784] (object_recognition_interfaces) StdoutLine: {'line': b'-- Up-to-date symlink: /home/tknika/gral-iiriondo-main/unitree_ws/install/object_recognition_interfaces/share/object_recognition_interfaces/environment/path.dsv\n'}
[4.192900] (object_recognition_interfaces) StdoutLine: {'line': b'-- Up-to-date symlink: /home/tknika/gral-iiriondo-main/unitree_ws/install/object_recognition_interfaces/share/object_recognition_interfaces/local_setup.bash\n'}
[4.193014] (object_recognition_interfaces) StdoutLine: {'line': b'-- Up-to-date symlink: /home/tknika/gral-iiriondo-main/unitree_ws/install/object_recognition_interfaces/share/object_recognition_interfaces/local_setup.sh\n'}
[4.193127] (object_recognition_interfaces) StdoutLine: {'line': b'-- Up-to-date symlink: /home/tknika/gral-iiriondo-main/unitree_ws/install/object_recognition_interfaces/share/object_recognition_interfaces/local_setup.zsh\n'}
[4.193286] (object_recognition_interfaces) StdoutLine: {'line': b'-- Up-to-date symlink: /home/tknika/gral-iiriondo-main/unitree_ws/install/object_recognition_interfaces/share/object_recognition_interfaces/local_setup.dsv\n'}
[4.193405] (object_recognition_interfaces) StdoutLine: {'line': b'-- Symlinking: /home/tknika/gral-iiriondo-main/unitree_ws/install/object_recognition_interfaces/share/object_recognition_interfaces/package.dsv\n'}
[4.193520] (speech_to_goal_interfaces) StdoutLine: {'line': b'-- Up-to-date symlink: /home/tknika/gral-iiriondo-main/unitree_ws/install/speech_to_goal_interfaces/local/lib/python3.10/dist-packages/speech_to_goal_interfaces/speech_to_goal_interfaces_s__rosidl_typesupport_introspection_c.cpython-310-aarch64-linux-gnu.so\n'}
[4.193918] (speech_to_goal_interfaces) StdoutLine: {'line': b'-- Up-to-date symlink: /home/tknika/gral-iiriondo-main/unitree_ws/install/speech_to_goal_interfaces/local/lib/python3.10/dist-packages/speech_to_goal_interfaces/speech_to_goal_interfaces_s__rosidl_typesupport_c.cpython-310-aarch64-linux-gnu.so\n'}
[4.194091] (speech_to_goal_interfaces) StdoutLine: {'line': b'-- Up-to-date symlink: /home/tknika/gral-iiriondo-main/unitree_ws/install/speech_to_goal_interfaces/share/ament_index/resource_index/rust_packages/speech_to_goal_interfaces\n'}
[4.194220] (speech_to_goal_interfaces) StdoutLine: {'line': b'-- Up-to-date symlink: /home/tknika/gral-iiriondo-main/unitree_ws/install/speech_to_goal_interfaces/share/speech_to_goal_interfaces/rust/Cargo.toml\n'}
[4.194387] (speech_to_goal_interfaces) StdoutLine: {'line': b'-- Up-to-date symlink: /home/tknika/gral-iiriondo-main/unitree_ws/install/speech_to_goal_interfaces/share/speech_to_goal_interfaces/rust/build.rs\n'}
[4.194508] (speech_to_goal_interfaces) StdoutLine: {'line': b'-- Up-to-date symlink: /home/tknika/gral-iiriondo-main/unitree_ws/install/speech_to_goal_interfaces/share/speech_to_goal_interfaces/rust/src/lib.rs\n'}
[4.194794] (speech_to_goal_interfaces) StdoutLine: {'line': b'-- Up-to-date symlink: /home/tknika/gral-iiriondo-main/unitree_ws/install/speech_to_goal_interfaces/share/speech_to_goal_interfaces/rust/src/msg.rs\n'}
[4.194969] (speech_to_goal_interfaces) StdoutLine: {'line': b'-- Up-to-date symlink: /home/tknika/gral-iiriondo-main/unitree_ws/install/speech_to_goal_interfaces/share/speech_to_goal_interfaces/rust/src/msg/rmw.rs\n'}
[4.195100] (speech_to_goal_interfaces) StdoutLine: {'line': b'-- Up-to-date symlink: /home/tknika/gral-iiriondo-main/unitree_ws/install/speech_to_goal_interfaces/share/speech_to_goal_interfaces/rust/src/srv.rs\n'}
[4.195217] (speech_to_goal_interfaces) StdoutLine: {'line': b'-- Up-to-date symlink: /home/tknika/gral-iiriondo-main/unitree_ws/install/speech_to_goal_interfaces/share/speech_to_goal_interfaces/rust/src/srv/rmw.rs\n'}
[4.195607] (speech_to_goal_interfaces) StdoutLine: {'line': b'-- Up-to-date symlink: /home/tknika/gral-iiriondo-main/unitree_ws/install/speech_to_goal_interfaces/share/speech_to_goal_interfaces/msg/Waypoint.idl\n'}
[4.195792] (speech_to_goal_interfaces) StdoutLine: {'line': b'-- Up-to-date symlink: /home/tknika/gral-iiriondo-main/unitree_ws/install/speech_to_goal_interfaces/share/speech_to_goal_interfaces/srv/LLMQuery.idl\n'}
[4.195918] (speech_to_goal_interfaces) StdoutLine: {'line': b'-- Up-to-date symlink: /home/tknika/gral-iiriondo-main/unitree_ws/install/speech_to_goal_interfaces/share/speech_to_goal_interfaces/srv/DetectIntent.idl\n'}
[4.196043] (speech_to_goal_interfaces) StdoutLine: {'line': b'-- Up-to-date symlink: /home/tknika/gral-iiriondo-main/unitree_ws/install/speech_to_goal_interfaces/share/speech_to_goal_interfaces/msg/Waypoint.msg\n'}
[4.196163] (speech_to_goal_interfaces) StdoutLine: {'line': b'-- Up-to-date symlink: /home/tknika/gral-iiriondo-main/unitree_ws/install/speech_to_goal_interfaces/share/speech_to_goal_interfaces/srv/LLMQuery.srv\n'}
[4.196277] (speech_to_goal_interfaces) StdoutLine: {'line': b'-- Up-to-date symlink: /home/tknika/gral-iiriondo-main/unitree_ws/install/speech_to_goal_interfaces/share/speech_to_goal_interfaces/srv/LLMQuery_Request.msg\n'}
[4.196548] (aruco_markers_msgs) StdoutLine: {'line': b'-- Up-to-date symlink: /home/tknika/gral-iiriondo-main/unitree_ws/install/aruco_markers_msgs/share/ament_index/resource_index/package_run_dependencies/aruco_markers_msgs\n'}
[4.196723] (speech_to_goal_interfaces) StdoutLine: {'line': b'-- Up-to-date symlink: /home/tknika/gral-iiriondo-main/unitree_ws/install/speech_to_goal_interfaces/share/speech_to_goal_interfaces/srv/LLMQuery_Response.msg\n'}
[4.196847] (aruco_markers_msgs) StdoutLine: {'line': b'-- Up-to-date symlink: /home/tknika/gral-iiriondo-main/unitree_ws/install/aruco_markers_msgs/share/ament_index/resource_index/parent_prefix_path/aruco_markers_msgs\n'}
[4.196974] (aruco_markers_msgs) StdoutLine: {'line': b'-- Up-to-date symlink: /home/tknika/gral-iiriondo-main/unitree_ws/install/aruco_markers_msgs/share/aruco_markers_msgs/environment/ament_prefix_path.sh\n'}
[4.197098] (aruco_markers_msgs) StdoutLine: {'line': b'-- Up-to-date symlink: /home/tknika/gral-iiriondo-main/unitree_ws/install/aruco_markers_msgs/share/aruco_markers_msgs/environment/ament_prefix_path.dsv\n'}
[4.197215] (aruco_markers_msgs) StdoutLine: {'line': b'-- Up-to-date symlink: /home/tknika/gral-iiriondo-main/unitree_ws/install/aruco_markers_msgs/share/aruco_markers_msgs/environment/path.sh\n'}
[4.197330] (aruco_markers_msgs) StdoutLine: {'line': b'-- Up-to-date symlink: /home/tknika/gral-iiriondo-main/unitree_ws/install/aruco_markers_msgs/share/aruco_markers_msgs/environment/path.dsv\n'}
[4.197445] (aruco_markers_msgs) StdoutLine: {'line': b'-- Up-to-date symlink: /home/tknika/gral-iiriondo-main/unitree_ws/install/aruco_markers_msgs/share/aruco_markers_msgs/local_setup.bash\n'}
[4.197557] (aruco_markers_msgs) StdoutLine: {'line': b'-- Up-to-date symlink: /home/tknika/gral-iiriondo-main/unitree_ws/install/aruco_markers_msgs/share/aruco_markers_msgs/local_setup.sh\n'}
[4.197674] (aruco_markers_msgs) StdoutLine: {'line': b'-- Up-to-date symlink: /home/tknika/gral-iiriondo-main/unitree_ws/install/aruco_markers_msgs/share/aruco_markers_msgs/local_setup.zsh\n'}
[4.197784] (speech_to_goal_interfaces) StdoutLine: {'line': b'-- Up-to-date symlink: /home/tknika/gral-iiriondo-main/unitree_ws/install/speech_to_goal_interfaces/share/speech_to_goal_interfaces/srv/DetectIntent.srv\n'}
[4.197906] (aruco_markers_msgs) StdoutLine: {'line': b'-- Up-to-date symlink: /home/tknika/gral-iiriondo-main/unitree_ws/install/aruco_markers_msgs/share/aruco_markers_msgs/local_setup.dsv\n'}
[4.198018] (aruco_markers_msgs) StdoutLine: {'line': b'-- Symlinking: /home/tknika/gral-iiriondo-main/unitree_ws/install/aruco_markers_msgs/share/aruco_markers_msgs/package.dsv\n'}
[4.198131] (speech_to_goal_interfaces) StdoutLine: {'line': b'-- Up-to-date symlink: /home/tknika/gral-iiriondo-main/unitree_ws/install/speech_to_goal_interfaces/share/speech_to_goal_interfaces/srv/DetectIntent_Request.msg\n'}
[4.198248] (speech_to_goal_interfaces) StdoutLine: {'line': b'-- Up-to-date symlink: /home/tknika/gral-iiriondo-main/unitree_ws/install/speech_to_goal_interfaces/share/speech_to_goal_interfaces/srv/DetectIntent_Response.msg\n'}
[4.198842] (speech_to_goal_interfaces) StdoutLine: {'line': b'-- Up-to-date symlink: /home/tknika/gral-iiriondo-main/unitree_ws/install/speech_to_goal_interfaces/share/ament_index/resource_index/package_run_dependencies/speech_to_goal_interfaces\n'}
[4.199141] (speech_to_goal_interfaces) StdoutLine: {'line': b'-- Up-to-date symlink: /home/tknika/gral-iiriondo-main/unitree_ws/install/speech_to_goal_interfaces/share/ament_index/resource_index/parent_prefix_path/speech_to_goal_interfaces\n'}
[4.199420] (speech_to_goal_interfaces) StdoutLine: {'line': b'-- Up-to-date symlink: /home/tknika/gral-iiriondo-main/unitree_ws/install/speech_to_goal_interfaces/share/speech_to_goal_interfaces/environment/ament_prefix_path.sh\n'}
[4.199616] (speech_to_goal_interfaces) StdoutLine: {'line': b'-- Up-to-date symlink: /home/tknika/gral-iiriondo-main/unitree_ws/install/speech_to_goal_interfaces/share/speech_to_goal_interfaces/environment/ament_prefix_path.dsv\n'}
[4.199844] (speech_to_goal_interfaces) StdoutLine: {'line': b'-- Up-to-date symlink: /home/tknika/gral-iiriondo-main/unitree_ws/install/speech_to_goal_interfaces/share/speech_to_goal_interfaces/environment/path.sh\n'}
[4.200072] (speech_to_goal_interfaces) StdoutLine: {'line': b'-- Up-to-date symlink: /home/tknika/gral-iiriondo-main/unitree_ws/install/speech_to_goal_interfaces/share/speech_to_goal_interfaces/environment/path.dsv\n'}
[4.200262] (speech_to_goal_interfaces) StdoutLine: {'line': b'-- Up-to-date symlink: /home/tknika/gral-iiriondo-main/unitree_ws/install/speech_to_goal_interfaces/share/speech_to_goal_interfaces/local_setup.bash\n'}
[4.200449] (speech_to_goal_interfaces) StdoutLine: {'line': b'-- Up-to-date symlink: /home/tknika/gral-iiriondo-main/unitree_ws/install/speech_to_goal_interfaces/share/speech_to_goal_interfaces/local_setup.sh\n'}
[4.200622] (speech_to_goal_interfaces) StdoutLine: {'line': b'-- Up-to-date symlink: /home/tknika/gral-iiriondo-main/unitree_ws/install/speech_to_goal_interfaces/share/speech_to_goal_interfaces/local_setup.zsh\n'}
[4.200800] (speech_to_goal_interfaces) StdoutLine: {'line': b'-- Up-to-date symlink: /home/tknika/gral-iiriondo-main/unitree_ws/install/speech_to_goal_interfaces/share/speech_to_goal_interfaces/local_setup.dsv\n'}
[4.200973] (speech_to_goal_interfaces) StdoutLine: {'line': b'-- Symlinking: /home/tknika/gral-iiriondo-main/unitree_ws/install/speech_to_goal_interfaces/share/speech_to_goal_interfaces/package.dsv\n'}
[4.201218] (object_recognition_interfaces) StdoutLine: {'line': b'-- Up-to-date symlink: /home/tknika/gral-iiriondo-main/unitree_ws/install/object_recognition_interfaces/share/ament_index/resource_index/packages/object_recognition_interfaces\n'}
[4.201479] (object_recognition_interfaces) StdoutLine: {'line': b'-- Up-to-date symlink: /home/tknika/gral-iiriondo-main/unitree_ws/install/object_recognition_interfaces/share/object_recognition_interfaces/cmake/rosidl_cmake-extras.cmake\n'}
[4.201672] (object_recognition_interfaces) StdoutLine: {'line': b'-- Up-to-date symlink: /home/tknika/gral-iiriondo-main/unitree_ws/install/object_recognition_interfaces/share/object_recognition_interfaces/cmake/ament_cmake_export_include_directories-extras.cmake\n'}
[4.201854] (object_recognition_interfaces) StdoutLine: {'line': b'-- Up-to-date symlink: /home/tknika/gral-iiriondo-main/unitree_ws/install/object_recognition_interfaces/share/object_recognition_interfaces/cmake/ament_cmake_export_libraries-extras.cmake\n'}
[4.202073] (object_recognition_interfaces) StdoutLine: {'line': b'-- Up-to-date symlink: /home/tknika/gral-iiriondo-main/unitree_ws/install/object_recognition_interfaces/share/object_recognition_interfaces/cmake/ament_cmake_export_targets-extras.cmake\n'}
[4.202301] (object_recognition_interfaces) StdoutLine: {'line': b'-- Up-to-date symlink: /home/tknika/gral-iiriondo-main/unitree_ws/install/object_recognition_interfaces/share/object_recognition_interfaces/cmake/rosidl_cmake_export_typesupport_targets-extras.cmake\n'}
[4.202738] (object_recognition_interfaces) StdoutLine: {'line': b'-- Up-to-date symlink: /home/tknika/gral-iiriondo-main/unitree_ws/install/object_recognition_interfaces/share/object_recognition_interfaces/cmake/ament_cmake_export_dependencies-extras.cmake\n'}
[4.202886] (object_recognition_interfaces) StdoutLine: {'line': b'-- Up-to-date symlink: /home/tknika/gral-iiriondo-main/unitree_ws/install/object_recognition_interfaces/share/object_recognition_interfaces/cmake/rosidl_cmake_export_typesupport_libraries-extras.cmake\n'}
[4.203021] (object_recognition_interfaces) StdoutLine: {'line': b'-- Up-to-date symlink: /home/tknika/gral-iiriondo-main/unitree_ws/install/object_recognition_interfaces/share/object_recognition_interfaces/cmake/object_recognition_interfacesConfig.cmake\n'}
[4.203142] (object_recognition_interfaces) StdoutLine: {'line': b'-- Up-to-date symlink: /home/tknika/gral-iiriondo-main/unitree_ws/install/object_recognition_interfaces/share/object_recognition_interfaces/cmake/object_recognition_interfacesConfig-version.cmake\n'}
[4.203288] (object_recognition_interfaces) StdoutLine: {'line': b'-- Up-to-date symlink: /home/tknika/gral-iiriondo-main/unitree_ws/install/object_recognition_interfaces/share/object_recognition_interfaces/package.xml\n'}
[4.203451] (aruco_markers_msgs) StdoutLine: {'line': b'-- Up-to-date symlink: /home/tknika/gral-iiriondo-main/unitree_ws/install/aruco_markers_msgs/share/ament_index/resource_index/packages/aruco_markers_msgs\n'}
[4.203618] (object_recognition_interfaces) StdoutLine: {'line': b'-- Up-to-date: /home/tknika/gral-iiriondo-main/unitree_ws/install/object_recognition_interfaces/lib/libobject_recognition_interfaces__rosidl_generator_c.so\n'}
[4.203741] (object_recognition_interfaces) StdoutLine: {'line': b'-- Up-to-date: /home/tknika/gral-iiriondo-main/unitree_ws/install/object_recognition_interfaces/lib/libobject_recognition_interfaces__rosidl_typesupport_fastrtps_c.so\n'}
[4.203858] (object_recognition_interfaces) StdoutLine: {'line': b'-- Up-to-date: /home/tknika/gral-iiriondo-main/unitree_ws/install/object_recognition_interfaces/lib/libobject_recognition_interfaces__rosidl_typesupport_introspection_c.so\n'}
[4.203969] (aruco_markers_msgs) StdoutLine: {'line': b'-- Up-to-date symlink: /home/tknika/gral-iiriondo-main/unitree_ws/install/aruco_markers_msgs/share/aruco_markers_msgs/cmake/rosidl_cmake-extras.cmake\n'}
[4.204087] (aruco_markers_msgs) StdoutLine: {'line': b'-- Up-to-date symlink: /home/tknika/gral-iiriondo-main/unitree_ws/install/aruco_markers_msgs/share/aruco_markers_msgs/cmake/ament_cmake_export_dependencies-extras.cmake\n'}
[4.204202] (object_recognition_interfaces) StdoutLine: {'line': b'-- Up-to-date: /home/tknika/gral-iiriondo-main/unitree_ws/install/object_recognition_interfaces/lib/libobject_recognition_interfaces__rosidl_typesupport_c.so\n'}
[4.204348] (aruco_markers_msgs) StdoutLine: {'line': b'-- Up-to-date symlink: /home/tknika/gral-iiriondo-main/unitree_ws/install/aruco_markers_msgs/share/aruco_markers_msgs/cmake/ament_cmake_export_include_directories-extras.cmake\n'}
[4.204585] (aruco_markers_msgs) StdoutLine: {'line': b'-- Up-to-date symlink: /home/tknika/gral-iiriondo-main/unitree_ws/install/aruco_markers_msgs/share/aruco_markers_msgs/cmake/ament_cmake_export_libraries-extras.cmake\n'}
[4.204744] (aruco_markers_msgs) StdoutLine: {'line': b'-- Up-to-date symlink: /home/tknika/gral-iiriondo-main/unitree_ws/install/aruco_markers_msgs/share/aruco_markers_msgs/cmake/ament_cmake_export_targets-extras.cmake\n'}
[4.204866] (object_recognition_interfaces) StdoutLine: {'line': b'-- Up-to-date: /home/tknika/gral-iiriondo-main/unitree_ws/install/object_recognition_interfaces/lib/libobject_recognition_interfaces__rosidl_typesupport_fastrtps_cpp.so\n'}
[4.204982] (aruco_markers_msgs) StdoutLine: {'line': b'-- Up-to-date symlink: /home/tknika/gral-iiriondo-main/unitree_ws/install/aruco_markers_msgs/share/aruco_markers_msgs/cmake/rosidl_cmake_export_typesupport_targets-extras.cmake\n'}
[4.205099] (aruco_markers_msgs) StdoutLine: {'line': b'-- Up-to-date symlink: /home/tknika/gral-iiriondo-main/unitree_ws/install/aruco_markers_msgs/share/aruco_markers_msgs/cmake/rosidl_cmake_export_typesupport_libraries-extras.cmake\n'}
[4.205214] (aruco_markers_msgs) StdoutLine: {'line': b'-- Up-to-date symlink: /home/tknika/gral-iiriondo-main/unitree_ws/install/aruco_markers_msgs/share/aruco_markers_msgs/cmake/aruco_markers_msgsConfig.cmake\n'}
[4.205326] (aruco_markers_msgs) StdoutLine: {'line': b'-- Up-to-date symlink: /home/tknika/gral-iiriondo-main/unitree_ws/install/aruco_markers_msgs/share/aruco_markers_msgs/cmake/aruco_markers_msgsConfig-version.cmake\n'}
[4.205436] (object_recognition_interfaces) StdoutLine: {'line': b'-- Up-to-date: /home/tknika/gral-iiriondo-main/unitree_ws/install/object_recognition_interfaces/lib/libobject_recognition_interfaces__rosidl_typesupport_introspection_cpp.so\n'}
[4.205550] (aruco_markers_msgs) StdoutLine: {'line': b'-- Up-to-date symlink: /home/tknika/gral-iiriondo-main/unitree_ws/install/aruco_markers_msgs/share/aruco_markers_msgs/package.xml\n'}
[4.205725] (object_recognition_interfaces) StdoutLine: {'line': b'-- Up-to-date: /home/tknika/gral-iiriondo-main/unitree_ws/install/object_recognition_interfaces/lib/libobject_recognition_interfaces__rosidl_typesupport_cpp.so\n'}
[4.206043] (aruco_markers_msgs) StdoutLine: {'line': b'-- Up-to-date: /home/tknika/gral-iiriondo-main/unitree_ws/install/aruco_markers_msgs/lib/libaruco_markers_msgs__rosidl_generator_c.so\n'}
[4.206195] (aruco_markers_msgs) StdoutLine: {'line': b'-- Up-to-date: /home/tknika/gral-iiriondo-main/unitree_ws/install/aruco_markers_msgs/lib/libaruco_markers_msgs__rosidl_typesupport_fastrtps_c.so\n'}
[4.206324] (aruco_markers_msgs) StdoutLine: {'line': b'-- Up-to-date: /home/tknika/gral-iiriondo-main/unitree_ws/install/aruco_markers_msgs/lib/libaruco_markers_msgs__rosidl_typesupport_fastrtps_cpp.so\n'}
[4.206441] (aruco_markers_msgs) StdoutLine: {'line': b'-- Up-to-date: /home/tknika/gral-iiriondo-main/unitree_ws/install/aruco_markers_msgs/lib/libaruco_markers_msgs__rosidl_typesupport_introspection_c.so\n'}
[4.206556] (aruco_markers_msgs) StdoutLine: {'line': b'-- Up-to-date: /home/tknika/gral-iiriondo-main/unitree_ws/install/aruco_markers_msgs/lib/libaruco_markers_msgs__rosidl_typesupport_c.so\n'}
[4.206668] (aruco_markers_msgs) StdoutLine: {'line': b'-- Up-to-date: /home/tknika/gral-iiriondo-main/unitree_ws/install/aruco_markers_msgs/lib/libaruco_markers_msgs__rosidl_typesupport_introspection_cpp.so\n'}
[4.206781] (aruco_markers_msgs) StdoutLine: {'line': b'-- Up-to-date: /home/tknika/gral-iiriondo-main/unitree_ws/install/aruco_markers_msgs/lib/libaruco_markers_msgs__rosidl_typesupport_cpp.so\n'}
[4.206892] (speech_to_goal_interfaces) StdoutLine: {'line': b'-- Up-to-date symlink: /home/tknika/gral-iiriondo-main/unitree_ws/install/speech_to_goal_interfaces/share/ament_index/resource_index/packages/speech_to_goal_interfaces\n'}
[4.207032] (speech_to_goal_interfaces) StdoutLine: {'line': b'-- Up-to-date symlink: /home/tknika/gral-iiriondo-main/unitree_ws/install/speech_to_goal_interfaces/share/speech_to_goal_interfaces/cmake/rosidl_cmake-extras.cmake\n'}
[4.207146] (speech_to_goal_interfaces) StdoutLine: {'line': b'-- Up-to-date symlink: /home/tknika/gral-iiriondo-main/unitree_ws/install/speech_to_goal_interfaces/share/speech_to_goal_interfaces/cmake/ament_cmake_export_include_directories-extras.cmake\n'}
[4.207261] (speech_to_goal_interfaces) StdoutLine: {'line': b'-- Up-to-date symlink: /home/tknika/gral-iiriondo-main/unitree_ws/install/speech_to_goal_interfaces/share/speech_to_goal_interfaces/cmake/ament_cmake_export_libraries-extras.cmake\n'}
[4.207532] (speech_to_goal_interfaces) StdoutLine: {'line': b'-- Up-to-date symlink: /home/tknika/gral-iiriondo-main/unitree_ws/install/speech_to_goal_interfaces/share/speech_to_goal_interfaces/cmake/ament_cmake_export_targets-extras.cmake\n'}
[4.207888] (speech_to_goal_interfaces) StdoutLine: {'line': b'-- Up-to-date symlink: /home/tknika/gral-iiriondo-main/unitree_ws/install/speech_to_goal_interfaces/share/speech_to_goal_interfaces/cmake/rosidl_cmake_export_typesupport_targets-extras.cmake\n'}
[4.208043] (speech_to_goal_interfaces) StdoutLine: {'line': b'-- Up-to-date symlink: /home/tknika/gral-iiriondo-main/unitree_ws/install/speech_to_goal_interfaces/share/speech_to_goal_interfaces/cmake/ament_cmake_export_dependencies-extras.cmake\n'}
[4.208170] (speech_to_goal_interfaces) StdoutLine: {'line': b'-- Up-to-date symlink: /home/tknika/gral-iiriondo-main/unitree_ws/install/speech_to_goal_interfaces/share/speech_to_goal_interfaces/cmake/rosidl_cmake_export_typesupport_libraries-extras.cmake\n'}
[4.208290] (speech_to_goal_interfaces) StdoutLine: {'line': b'-- Up-to-date symlink: /home/tknika/gral-iiriondo-main/unitree_ws/install/speech_to_goal_interfaces/share/speech_to_goal_interfaces/cmake/speech_to_goal_interfacesConfig.cmake\n'}
[4.208404] (speech_to_goal_interfaces) StdoutLine: {'line': b'-- Up-to-date symlink: /home/tknika/gral-iiriondo-main/unitree_ws/install/speech_to_goal_interfaces/share/speech_to_goal_interfaces/cmake/speech_to_goal_interfacesConfig-version.cmake\n'}
[4.208549] (speech_to_goal_interfaces) StdoutLine: {'line': b'-- Up-to-date symlink: /home/tknika/gral-iiriondo-main/unitree_ws/install/speech_to_goal_interfaces/share/speech_to_goal_interfaces/package.xml\n'}
[4.208668] (speech_to_goal_interfaces) StdoutLine: {'line': b'-- Up-to-date: /home/tknika/gral-iiriondo-main/unitree_ws/install/speech_to_goal_interfaces/lib/libspeech_to_goal_interfaces__rosidl_generator_c.so\n'}
[4.208801] (speech_to_goal_interfaces) StdoutLine: {'line': b'-- Up-to-date: /home/tknika/gral-iiriondo-main/unitree_ws/install/speech_to_goal_interfaces/lib/libspeech_to_goal_interfaces__rosidl_typesupport_fastrtps_c.so\n'}
[4.208917] (speech_to_goal_interfaces) StdoutLine: {'line': b'-- Up-to-date: /home/tknika/gral-iiriondo-main/unitree_ws/install/speech_to_goal_interfaces/lib/libspeech_to_goal_interfaces__rosidl_typesupport_introspection_c.so\n'}
[4.209028] (speech_to_goal_interfaces) StdoutLine: {'line': b'-- Up-to-date: /home/tknika/gral-iiriondo-main/unitree_ws/install/speech_to_goal_interfaces/lib/libspeech_to_goal_interfaces__rosidl_typesupport_c.so\n'}
[4.209139] (speech_to_goal_interfaces) StdoutLine: {'line': b'-- Up-to-date: /home/tknika/gral-iiriondo-main/unitree_ws/install/speech_to_goal_interfaces/lib/libspeech_to_goal_interfaces__rosidl_typesupport_fastrtps_cpp.so\n'}
[4.209251] (speech_to_goal_interfaces) StdoutLine: {'line': b'-- Up-to-date: /home/tknika/gral-iiriondo-main/unitree_ws/install/speech_to_goal_interfaces/lib/libspeech_to_goal_interfaces__rosidl_typesupport_introspection_cpp.so\n'}
[4.209363] (speech_to_goal_interfaces) StdoutLine: {'line': b'-- Up-to-date: /home/tknika/gral-iiriondo-main/unitree_ws/install/speech_to_goal_interfaces/lib/libspeech_to_goal_interfaces__rosidl_typesupport_cpp.so\n'}
[4.233212] (-) TimerEvent: {}
[4.236451] (object_recognition_interfaces) StdoutLine: {'line': b"Listing '/home/tknika/gral-iiriondo-main/unitree_ws/install/object_recognition_interfaces/local/lib/python3.10/dist-packages/object_recognition_interfaces'...\n"}
[4.236903] (object_recognition_interfaces) StdoutLine: {'line': b"Listing '/home/tknika/gral-iiriondo-main/unitree_ws/install/object_recognition_interfaces/local/lib/python3.10/dist-packages/object_recognition_interfaces/srv'...\n"}
[4.252430] (object_recognition_interfaces) StdoutLine: {'line': b'-- Up-to-date: /home/tknika/gral-iiriondo-main/unitree_ws/install/object_recognition_interfaces/lib/libobject_recognition_interfaces__rosidl_generator_py.so\n'}
[4.253176] (object_recognition_interfaces) StdoutLine: {'line': b'-- Up-to-date: /home/tknika/gral-iiriondo-main/unitree_ws/install/object_recognition_interfaces/share/object_recognition_interfaces/cmake/export_object_recognition_interfaces__rosidl_generator_cExport.cmake\n'}
[4.253559] (object_recognition_interfaces) StdoutLine: {'line': b'-- Up-to-date: /home/tknika/gral-iiriondo-main/unitree_ws/install/object_recognition_interfaces/share/object_recognition_interfaces/cmake/export_object_recognition_interfaces__rosidl_generator_cExport-noconfig.cmake\n'}
[4.253806] (object_recognition_interfaces) StdoutLine: {'line': b'-- Up-to-date: /home/tknika/gral-iiriondo-main/unitree_ws/install/object_recognition_interfaces/share/object_recognition_interfaces/cmake/export_object_recognition_interfaces__rosidl_typesupport_fastrtps_cExport.cmake\n'}
[4.254190] (object_recognition_interfaces) StdoutLine: {'line': b'-- Up-to-date: /home/tknika/gral-iiriondo-main/unitree_ws/install/object_recognition_interfaces/share/object_recognition_interfaces/cmake/export_object_recognition_interfaces__rosidl_typesupport_fastrtps_cExport-noconfig.cmake\n'}
[4.254391] (object_recognition_interfaces) StdoutLine: {'line': b'-- Up-to-date: /home/tknika/gral-iiriondo-main/unitree_ws/install/object_recognition_interfaces/share/object_recognition_interfaces/cmake/object_recognition_interfaces__rosidl_typesupport_introspection_cExport.cmake\n'}
[4.254591] (object_recognition_interfaces) StdoutLine: {'line': b'-- Up-to-date: /home/tknika/gral-iiriondo-main/unitree_ws/install/object_recognition_interfaces/share/object_recognition_interfaces/cmake/object_recognition_interfaces__rosidl_typesupport_introspection_cExport-noconfig.cmake\n'}
[4.254863] (object_recognition_interfaces) StdoutLine: {'line': b'-- Up-to-date: /home/tknika/gral-iiriondo-main/unitree_ws/install/object_recognition_interfaces/share/object_recognition_interfaces/cmake/object_recognition_interfaces__rosidl_typesupport_cExport.cmake\n'}
[4.255052] (object_recognition_interfaces) StdoutLine: {'line': b'-- Up-to-date: /home/tknika/gral-iiriondo-main/unitree_ws/install/object_recognition_interfaces/share/object_recognition_interfaces/cmake/object_recognition_interfaces__rosidl_typesupport_cExport-noconfig.cmake\n'}
[4.255221] (object_recognition_interfaces) StdoutLine: {'line': b'-- Up-to-date: /home/tknika/gral-iiriondo-main/unitree_ws/install/object_recognition_interfaces/share/object_recognition_interfaces/cmake/export_object_recognition_interfaces__rosidl_generator_cppExport.cmake\n'}
[4.255353] (object_recognition_interfaces) StdoutLine: {'line': b'-- Up-to-date: /home/tknika/gral-iiriondo-main/unitree_ws/install/object_recognition_interfaces/share/object_recognition_interfaces/cmake/export_object_recognition_interfaces__rosidl_typesupport_fastrtps_cppExport.cmake\n'}
[4.255505] (object_recognition_interfaces) StdoutLine: {'line': b'-- Up-to-date: /home/tknika/gral-iiriondo-main/unitree_ws/install/object_recognition_interfaces/share/object_recognition_interfaces/cmake/export_object_recognition_interfaces__rosidl_typesupport_fastrtps_cppExport-noconfig.cmake\n'}
[4.255635] (object_recognition_interfaces) StdoutLine: {'line': b'-- Up-to-date: /home/tknika/gral-iiriondo-main/unitree_ws/install/object_recognition_interfaces/share/object_recognition_interfaces/cmake/object_recognition_interfaces__rosidl_typesupport_introspection_cppExport.cmake\n'}
[4.255760] (object_recognition_interfaces) StdoutLine: {'line': b'-- Up-to-date: /home/tknika/gral-iiriondo-main/unitree_ws/install/object_recognition_interfaces/share/object_recognition_interfaces/cmake/object_recognition_interfaces__rosidl_typesupport_introspection_cppExport-noconfig.cmake\n'}
[4.255882] (object_recognition_interfaces) StdoutLine: {'line': b'-- Up-to-date: /home/tknika/gral-iiriondo-main/unitree_ws/install/object_recognition_interfaces/share/object_recognition_interfaces/cmake/object_recognition_interfaces__rosidl_typesupport_cppExport.cmake\n'}
[4.256007] (object_recognition_interfaces) StdoutLine: {'line': b'-- Up-to-date: /home/tknika/gral-iiriondo-main/unitree_ws/install/object_recognition_interfaces/share/object_recognition_interfaces/cmake/object_recognition_interfaces__rosidl_typesupport_cppExport-noconfig.cmake\n'}
[4.256178] (object_recognition_interfaces) StdoutLine: {'line': b'-- Up-to-date: /home/tknika/gral-iiriondo-main/unitree_ws/install/object_recognition_interfaces/share/object_recognition_interfaces/cmake/export_object_recognition_interfaces__rosidl_generator_pyExport.cmake\n'}
[4.256305] (object_recognition_interfaces) StdoutLine: {'line': b'-- Up-to-date: /home/tknika/gral-iiriondo-main/unitree_ws/install/object_recognition_interfaces/share/object_recognition_interfaces/cmake/export_object_recognition_interfaces__rosidl_generator_pyExport-noconfig.cmake\n'}
[4.271198] (object_recognition_interfaces) CommandEnded: {'returncode': 0}
[4.274650] (aruco_markers_msgs) StdoutLine: {'line': b"Listing '/home/tknika/gral-iiriondo-main/unitree_ws/install/aruco_markers_msgs/local/lib/python3.10/dist-packages/aruco_markers_msgs'...\n"}
[4.274998] (aruco_markers_msgs) StdoutLine: {'line': b"Listing '/home/tknika/gral-iiriondo-main/unitree_ws/install/aruco_markers_msgs/local/lib/python3.10/dist-packages/aruco_markers_msgs/msg'...\n"}
[4.275251] (speech_to_goal_interfaces) StdoutLine: {'line': b"Listing '/home/tknika/gral-iiriondo-main/unitree_ws/install/speech_to_goal_interfaces/local/lib/python3.10/dist-packages/speech_to_goal_interfaces'...\n"}
[4.275488] (speech_to_goal_interfaces) StdoutLine: {'line': b"Listing '/home/tknika/gral-iiriondo-main/unitree_ws/install/speech_to_goal_interfaces/local/lib/python3.10/dist-packages/speech_to_goal_interfaces/msg'...\n"}
[4.275630] (speech_to_goal_interfaces) StdoutLine: {'line': b"Listing '/home/tknika/gral-iiriondo-main/unitree_ws/install/speech_to_goal_interfaces/local/lib/python3.10/dist-packages/speech_to_goal_interfaces/srv'...\n"}
[4.291011] (speech_to_goal_interfaces) StdoutLine: {'line': b'-- Up-to-date: /home/tknika/gral-iiriondo-main/unitree_ws/install/speech_to_goal_interfaces/lib/libspeech_to_goal_interfaces__rosidl_generator_py.so\n'}
[4.291966] (speech_to_goal_interfaces) StdoutLine: {'line': b'-- Up-to-date: /home/tknika/gral-iiriondo-main/unitree_ws/install/speech_to_goal_interfaces/share/speech_to_goal_interfaces/cmake/export_speech_to_goal_interfaces__rosidl_generator_cExport.cmake\n'}
[4.292391] (speech_to_goal_interfaces) StdoutLine: {'line': b'-- Up-to-date: /home/tknika/gral-iiriondo-main/unitree_ws/install/speech_to_goal_interfaces/share/speech_to_goal_interfaces/cmake/export_speech_to_goal_interfaces__rosidl_generator_cExport-noconfig.cmake\n'}
[4.292669] (speech_to_goal_interfaces) StdoutLine: {'line': b'-- Up-to-date: /home/tknika/gral-iiriondo-main/unitree_ws/install/speech_to_goal_interfaces/share/speech_to_goal_interfaces/cmake/export_speech_to_goal_interfaces__rosidl_typesupport_fastrtps_cExport.cmake\n'}
[4.292821] (speech_to_goal_interfaces) StdoutLine: {'line': b'-- Up-to-date: /home/tknika/gral-iiriondo-main/unitree_ws/install/speech_to_goal_interfaces/share/speech_to_goal_interfaces/cmake/export_speech_to_goal_interfaces__rosidl_typesupport_fastrtps_cExport-noconfig.cmake\n'}
[4.293044] (speech_to_goal_interfaces) StdoutLine: {'line': b'-- Up-to-date: /home/tknika/gral-iiriondo-main/unitree_ws/install/speech_to_goal_interfaces/share/speech_to_goal_interfaces/cmake/speech_to_goal_interfaces__rosidl_typesupport_introspection_cExport.cmake\n'}
[4.293197] (speech_to_goal_interfaces) StdoutLine: {'line': b'-- Up-to-date: /home/tknika/gral-iiriondo-main/unitree_ws/install/speech_to_goal_interfaces/share/speech_to_goal_interfaces/cmake/speech_to_goal_interfaces__rosidl_typesupport_introspection_cExport-noconfig.cmake\n'}
[4.293375] (speech_to_goal_interfaces) StdoutLine: {'line': b'-- Up-to-date: /home/tknika/gral-iiriondo-main/unitree_ws/install/speech_to_goal_interfaces/share/speech_to_goal_interfaces/cmake/speech_to_goal_interfaces__rosidl_typesupport_cExport.cmake\n'}
[4.294839] (speech_to_goal_interfaces) StdoutLine: {'line': b'-- Up-to-date: /home/tknika/gral-iiriondo-main/unitree_ws/install/speech_to_goal_interfaces/share/speech_to_goal_interfaces/cmake/speech_to_goal_interfaces__rosidl_typesupport_cExport-noconfig.cmake\n'}
[4.295214] (aruco_markers_msgs) StdoutLine: {'line': b'-- Up-to-date: /home/tknika/gral-iiriondo-main/unitree_ws/install/aruco_markers_msgs/lib/libaruco_markers_msgs__rosidl_generator_py.so\n'}
[4.296509] (speech_to_goal_interfaces) StdoutLine: {'line': b'-- Up-to-date: /home/tknika/gral-iiriondo-main/unitree_ws/install/speech_to_goal_interfaces/share/speech_to_goal_interfaces/cmake/export_speech_to_goal_interfaces__rosidl_generator_cppExport.cmake\n'}
[4.296814] (speech_to_goal_interfaces) StdoutLine: {'line': b'-- Up-to-date: /home/tknika/gral-iiriondo-main/unitree_ws/install/speech_to_goal_interfaces/share/speech_to_goal_interfaces/cmake/export_speech_to_goal_interfaces__rosidl_typesupport_fastrtps_cppExport.cmake\n'}
[4.297100] (speech_to_goal_interfaces) StdoutLine: {'line': b'-- Up-to-date: /home/tknika/gral-iiriondo-main/unitree_ws/install/speech_to_goal_interfaces/share/speech_to_goal_interfaces/cmake/export_speech_to_goal_interfaces__rosidl_typesupport_fastrtps_cppExport-noconfig.cmake\n'}
[4.297299] (speech_to_goal_interfaces) StdoutLine: {'line': b'-- Up-to-date: /home/tknika/gral-iiriondo-main/unitree_ws/install/speech_to_goal_interfaces/share/speech_to_goal_interfaces/cmake/speech_to_goal_interfaces__rosidl_typesupport_introspection_cppExport.cmake\n'}
[4.297596] (speech_to_goal_interfaces) StdoutLine: {'line': b'-- Up-to-date: /home/tknika/gral-iiriondo-main/unitree_ws/install/speech_to_goal_interfaces/share/speech_to_goal_interfaces/cmake/speech_to_goal_interfaces__rosidl_typesupport_introspection_cppExport-noconfig.cmake\n'}
[4.297741] (speech_to_goal_interfaces) StdoutLine: {'line': b'-- Up-to-date: /home/tknika/gral-iiriondo-main/unitree_ws/install/speech_to_goal_interfaces/share/speech_to_goal_interfaces/cmake/speech_to_goal_interfaces__rosidl_typesupport_cppExport.cmake\n'}
[4.297877] (speech_to_goal_interfaces) StdoutLine: {'line': b'-- Up-to-date: /home/tknika/gral-iiriondo-main/unitree_ws/install/speech_to_goal_interfaces/share/speech_to_goal_interfaces/cmake/speech_to_goal_interfaces__rosidl_typesupport_cppExport-noconfig.cmake\n'}
[4.298016] (speech_to_goal_interfaces) StdoutLine: {'line': b'-- Up-to-date: /home/tknika/gral-iiriondo-main/unitree_ws/install/speech_to_goal_interfaces/share/speech_to_goal_interfaces/cmake/export_speech_to_goal_interfaces__rosidl_generator_pyExport.cmake\n'}
[4.298147] (speech_to_goal_interfaces) StdoutLine: {'line': b'-- Up-to-date: /home/tknika/gral-iiriondo-main/unitree_ws/install/speech_to_goal_interfaces/share/speech_to_goal_interfaces/cmake/export_speech_to_goal_interfaces__rosidl_generator_pyExport-noconfig.cmake\n'}
[4.298278] (aruco_markers_msgs) StdoutLine: {'line': b'-- Up-to-date: /home/tknika/gral-iiriondo-main/unitree_ws/install/aruco_markers_msgs/share/aruco_markers_msgs/cmake/export_aruco_markers_msgs__rosidl_generator_cExport.cmake\n'}
[4.298526] (aruco_markers_msgs) StdoutLine: {'line': b'-- Up-to-date: /home/tknika/gral-iiriondo-main/unitree_ws/install/aruco_markers_msgs/share/aruco_markers_msgs/cmake/export_aruco_markers_msgs__rosidl_generator_cExport-noconfig.cmake\n'}
[4.298663] (aruco_markers_msgs) StdoutLine: {'line': b'-- Up-to-date: /home/tknika/gral-iiriondo-main/unitree_ws/install/aruco_markers_msgs/share/aruco_markers_msgs/cmake/export_aruco_markers_msgs__rosidl_typesupport_fastrtps_cExport.cmake\n'}
[4.298785] (aruco_markers_msgs) StdoutLine: {'line': b'-- Up-to-date: /home/tknika/gral-iiriondo-main/unitree_ws/install/aruco_markers_msgs/share/aruco_markers_msgs/cmake/export_aruco_markers_msgs__rosidl_typesupport_fastrtps_cExport-noconfig.cmake\n'}
[4.298905] (aruco_markers_msgs) StdoutLine: {'line': b'-- Up-to-date: /home/tknika/gral-iiriondo-main/unitree_ws/install/aruco_markers_msgs/share/aruco_markers_msgs/cmake/export_aruco_markers_msgs__rosidl_generator_cppExport.cmake\n'}
[4.299054] (aruco_markers_msgs) StdoutLine: {'line': b'-- Up-to-date: /home/tknika/gral-iiriondo-main/unitree_ws/install/aruco_markers_msgs/share/aruco_markers_msgs/cmake/export_aruco_markers_msgs__rosidl_typesupport_fastrtps_cppExport.cmake\n'}
[4.299179] (aruco_markers_msgs) StdoutLine: {'line': b'-- Up-to-date: /home/tknika/gral-iiriondo-main/unitree_ws/install/aruco_markers_msgs/share/aruco_markers_msgs/cmake/export_aruco_markers_msgs__rosidl_typesupport_fastrtps_cppExport-noconfig.cmake\n'}
[4.299335] (aruco_markers_msgs) StdoutLine: {'line': b'-- Up-to-date: /home/tknika/gral-iiriondo-main/unitree_ws/install/aruco_markers_msgs/share/aruco_markers_msgs/cmake/aruco_markers_msgs__rosidl_typesupport_introspection_cExport.cmake\n'}
[4.299687] (aruco_markers_msgs) StdoutLine: {'line': b'-- Up-to-date: /home/tknika/gral-iiriondo-main/unitree_ws/install/aruco_markers_msgs/share/aruco_markers_msgs/cmake/aruco_markers_msgs__rosidl_typesupport_introspection_cExport-noconfig.cmake\n'}
[4.299833] (aruco_markers_msgs) StdoutLine: {'line': b'-- Up-to-date: /home/tknika/gral-iiriondo-main/unitree_ws/install/aruco_markers_msgs/share/aruco_markers_msgs/cmake/aruco_markers_msgs__rosidl_typesupport_cExport.cmake\n'}
[4.302413] (aruco_markers_msgs) StdoutLine: {'line': b'-- Up-to-date: /home/tknika/gral-iiriondo-main/unitree_ws/install/aruco_markers_msgs/share/aruco_markers_msgs/cmake/aruco_markers_msgs__rosidl_typesupport_cExport-noconfig.cmake\n'}
[4.302576] (aruco_markers_msgs) StdoutLine: {'line': b'-- Up-to-date: /home/tknika/gral-iiriondo-main/unitree_ws/install/aruco_markers_msgs/share/aruco_markers_msgs/cmake/aruco_markers_msgs__rosidl_typesupport_introspection_cppExport.cmake\n'}
[4.302762] (aruco_markers_msgs) StdoutLine: {'line': b'-- Up-to-date: /home/tknika/gral-iiriondo-main/unitree_ws/install/aruco_markers_msgs/share/aruco_markers_msgs/cmake/aruco_markers_msgs__rosidl_typesupport_introspection_cppExport-noconfig.cmake\n'}
[4.304434] (aruco_markers_msgs) StdoutLine: {'line': b'-- Up-to-date: /home/tknika/gral-iiriondo-main/unitree_ws/install/aruco_markers_msgs/share/aruco_markers_msgs/cmake/aruco_markers_msgs__rosidl_typesupport_cppExport.cmake\n'}
[4.305105] (aruco_markers_msgs) StdoutLine: {'line': b'-- Up-to-date: /home/tknika/gral-iiriondo-main/unitree_ws/install/aruco_markers_msgs/share/aruco_markers_msgs/cmake/aruco_markers_msgs__rosidl_typesupport_cppExport-noconfig.cmake\n'}
[4.305333] (aruco_markers_msgs) StdoutLine: {'line': b'-- Up-to-date: /home/tknika/gral-iiriondo-main/unitree_ws/install/aruco_markers_msgs/share/aruco_markers_msgs/cmake/export_aruco_markers_msgs__rosidl_generator_pyExport.cmake\n'}
[4.305480] (aruco_markers_msgs) StdoutLine: {'line': b'-- Up-to-date: /home/tknika/gral-iiriondo-main/unitree_ws/install/aruco_markers_msgs/share/aruco_markers_msgs/cmake/export_aruco_markers_msgs__rosidl_generator_pyExport-noconfig.cmake\n'}
[4.333432] (-) TimerEvent: {}
[4.337053] (object_recognition_interfaces) JobEnded: {'identifier': 'object_recognition_interfaces', 'rc': 0}
[4.340719] (object_recognition) JobStarted: {'identifier': 'object_recognition'}
[4.351525] (aruco_markers_msgs) CommandEnded: {'returncode': 0}
[4.408758] (aruco_markers_msgs) JobEnded: {'identifier': 'aruco_markers_msgs', 'rc': 0}
[4.409760] (speech_to_goal_interfaces) CommandEnded: {'returncode': 0}
[4.433555] (-) TimerEvent: {}
[4.454027] (speech_to_goal_interfaces) JobEnded: {'identifier': 'speech_to_goal_interfaces', 'rc': 0}
[4.456241] (aruco_detector) JobStarted: {'identifier': 'aruco_detector'}
[4.472490] (speech_to_goal) JobStarted: {'identifier': 'speech_to_goal'}
[4.533754] (-) TimerEvent: {}
[4.634434] (-) TimerEvent: {}
[4.735224] (-) TimerEvent: {}
[4.835906] (-) TimerEvent: {}
[4.936581] (-) TimerEvent: {}
[5.037305] (-) TimerEvent: {}
[5.138006] (-) TimerEvent: {}
[5.238655] (-) TimerEvent: {}
[5.339321] (-) TimerEvent: {}
[5.440002] (-) TimerEvent: {}
[5.540776] (-) TimerEvent: {}
[5.641474] (-) TimerEvent: {}
[5.742434] (-) TimerEvent: {}
[5.843419] (-) TimerEvent: {}
[5.944189] (-) TimerEvent: {}
[6.044886] (-) TimerEvent: {}
[6.145569] (-) TimerEvent: {}
[6.246227] (-) TimerEvent: {}
[6.346886] (-) TimerEvent: {}
[6.447799] (-) TimerEvent: {}
[6.548725] (-) TimerEvent: {}
[6.649622] (-) TimerEvent: {}
[6.750483] (-) TimerEvent: {}
[6.851162] (-) TimerEvent: {}
[6.951871] (-) TimerEvent: {}
[7.052766] (-) TimerEvent: {}
[7.153593] (-) TimerEvent: {}
[7.254285] (-) TimerEvent: {}
[7.355013] (-) TimerEvent: {}
[7.455987] (-) TimerEvent: {}
[7.490068] (go1_description) Command: {'cmd': ['/usr/bin/python3', '-W', 'ignore:setup.py install is deprecated', '-W', 'ignore:easy_install command is deprecated', 'setup.py', 'develop', '--editable', '--build-directory', '/home/tknika/gral-iiriondo-main/unitree_ws/build/go1_description/build', '--no-deps', 'symlink_data'], 'cwd': '/home/tknika/gral-iiriondo-main/unitree_ws/build/go1_description', 'env': {'GJS_DEBUG_TOPICS': 'JS ERROR;JS LOG', 'LESSOPEN': '| /usr/bin/lesspipe %s', 'USER': 'tknika', 'OLLAMA_LLM_LIBRARY': 'cuda', 'XDG_SESSION_TYPE': 'x11', 'SHLVL': '1', 'LD_LIBRARY_PATH': '/usr/lib/aarch64-linux-gnu/nvidia:/usr/local/cuda/lib64:/opt/ros/humble/opt/rviz_ogre_vendor/lib:/opt/ros/humble/lib/aarch64-linux-gnu:/opt/ros/humble/lib:/usr/local/cuda-12.6/lib64:', 'HOME': '/home/tknika', 'DESKTOP_SESSION': 'ubuntu', 'GIO_LAUNCHED_DESKTOP_FILE': '/usr/share/applications/terminator.desktop', 'ROS_PYTHON_VERSION': '3', 'GNOME_SHELL_SESSION_MODE': 'ubuntu', 'GTK_MODULES': 'gail:atk-bridge', 'MANAGERPID': '2504', 'SYSTEMD_EXEC_PID': '2680', 'DBUS_SESSION_BUS_ADDRESS': 'unix:path=/run/user/1000/bus', 'COLORTERM': 'truecolor', 'TERMINATOR_DBUS_NAME': 'net.tenshu.Terminator23558193cd9818af7fe4d2c2f5bd9d00f', 'GIO_LAUNCHED_DESKTOP_FILE_PID': '4209', 'IM_CONFIG_PHASE': '1', 'CUDA_VISIBLE_DEVICES': '0', 'ROS_DISTRO': 'humble', 'GTK_IM_MODULE': 'ibus', 'LOGNAME': 'tknika', 'JOURNAL_STREAM': '8:50749', '_': '/usr/bin/colcon', 'ROS_VERSION': '2', 'XDG_SESSION_CLASS': 'user', 'USERNAME': 'tknika', 'TERM': 'xterm-256color', 'GNOME_DESKTOP_SESSION_ID': 'this-is-deprecated', 'ROS_LOCALHOST_ONLY': '0', 'WINDOWPATH': '2', 'PATH': '/opt/ros/humble/bin:/usr/local/cuda-12.6/bin:/home/tknika/.cargo/bin:/home/tknika/.local/bin:/usr/local/sbin:/usr/local/bin:/usr/sbin:/usr/bin:/sbin:/bin:/usr/games:/usr/local/games:/snap/bin:/snap/bin', 'SESSION_MANAGER': 'local/ubuntu:@/tmp/.ICE-unix/2653,unix/ubuntu:/tmp/.ICE-unix/2653', 'INVOCATION_ID': '23499d00eeb9404d9453ff310186aa72', 'XDG_MENU_PREFIX': 'gnome-', 'XDG_RUNTIME_DIR': '/run/user/1000', 'DISPLAY': ':1', 'TERMINATOR_DBUS_PATH': '/net/tenshu/Terminator2', 'LANG': 'en_US.UTF-8', 'XDG_CURRENT_DESKTOP': 'ubuntu:GNOME', 'IBUS_DISABLE_SNOOPER': '1', 'XMODIFIERS': '@im=ibus', 'XDG_SESSION_DESKTOP': 'ubuntu', 'XAUTHORITY': '/run/user/1000/gdm/Xauthority', 'LS_COLORS': 'rs=0:di=01;34:ln=01;36:mh=00:pi=40;33:so=01;35:do=01;35:bd=40;33;01:cd=40;33;01:or=40;31;01:mi=00:su=37;41:sg=30;43:ca=30;41:tw=30;42:ow=34;42:st=37;44:ex=01;32:*.tar=01;31:*.tgz=01;31:*.arc=01;31:*.arj=01;31:*.taz=01;31:*.lha=01;31:*.lz4=01;31:*.lzh=01;31:*.lzma=01;31:*.tlz=01;31:*.txz=01;31:*.tzo=01;31:*.t7z=01;31:*.zip=01;31:*.z=01;31:*.dz=01;31:*.gz=01;31:*.lrz=01;31:*.lz=01;31:*.lzo=01;31:*.xz=01;31:*.zst=01;31:*.tzst=01;31:*.bz2=01;31:*.bz=01;31:*.tbz=01;31:*.tbz2=01;31:*.tz=01;31:*.deb=01;31:*.rpm=01;31:*.jar=01;31:*.war=01;31:*.ear=01;31:*.sar=01;31:*.rar=01;31:*.alz=01;31:*.ace=01;31:*.zoo=01;31:*.cpio=01;31:*.7z=01;31:*.rz=01;31:*.cab=01;31:*.wim=01;31:*.swm=01;31:*.dwm=01;31:*.esd=01;31:*.jpg=01;35:*.jpeg=01;35:*.mjpg=01;35:*.mjpeg=01;35:*.gif=01;35:*.bmp=01;35:*.pbm=01;35:*.pgm=01;35:*.ppm=01;35:*.tga=01;35:*.xbm=01;35:*.xpm=01;35:*.tif=01;35:*.tiff=01;35:*.png=01;35:*.svg=01;35:*.svgz=01;35:*.mng=01;35:*.pcx=01;35:*.mov=01;35:*.mpg=01;35:*.mpeg=01;35:*.m2v=01;35:*.mkv=01;35:*.webm=01;35:*.webp=01;35:*.ogm=01;35:*.mp4=01;35:*.m4v=01;35:*.mp4v=01;35:*.vob=01;35:*.qt=01;35:*.nuv=01;35:*.wmv=01;35:*.asf=01;35:*.rm=01;35:*.rmvb=01;35:*.flc=01;35:*.avi=01;35:*.fli=01;35:*.flv=01;35:*.gl=01;35:*.dl=01;35:*.xcf=01;35:*.xwd=01;35:*.yuv=01;35:*.cgm=01;35:*.emf=01;35:*.ogv=01;35:*.ogx=01;35:*.aac=00;36:*.au=00;36:*.flac=00;36:*.m4a=00;36:*.mid=00;36:*.midi=00;36:*.mka=00;36:*.mp3=00;36:*.mpc=00;36:*.ogg=00;36:*.ra=00;36:*.wav=00;36:*.oga=00;36:*.opus=00;36:*.spx=00;36:*.xspf=00;36:', 'SSH_AGENT_LAUNCHER': 'gnome-keyring', 'SSH_AUTH_SOCK': '/run/user/1000/keyring/ssh', 'AMENT_PREFIX_PATH': '/opt/ros/humble', 'SHELL': '/bin/bash', 'TERMINATOR_UUID': 'urn:uuid:f0a7838f-55bf-43f6-be6e-78df5f9a939a', 'QT_ACCESSIBILITY': '1', 'GDMSESSION': 'ubuntu', 'LESSCLOSE': '/usr/bin/lesspipe %s %s', 'GPG_AGENT_INFO': '/run/user/1000/gnupg/S.gpg-agent:0:1', 'GJS_DEBUG_OUTPUT': 'stderr', 'QT_IM_MODULE': 'ibus', 'PWD': '/home/tknika/gral-iiriondo-main/unitree_ws/build/go1_description', 'XDG_CONFIG_DIRS': '/etc/xdg/xdg-ubuntu:/etc/xdg', 'XDG_DATA_DIRS': '/usr/share/ubuntu:/usr/share/gnome:/usr/local/share/:/usr/share/:/var/lib/snapd/desktop', 'PYTHONPATH': '/home/tknika/gral-iiriondo-main/unitree_ws/build/go1_description/prefix_override:/usr/lib/python3/dist-packages/colcon_core/task/python/colcon_distutils_commands:/home/tknika/gral-iiriondo-main/unitree_ws/install/go1_description/lib/python3.10/site-packages:/home/tknika/gral-iiriondo-main/unitree_ws/src/unitree_legged_sdk/lib/python/arm64:/opt/ros/humble/lib/python3.10/site-packages:/opt/ros/humble/local/lib/python3.10/dist-packages', 'COLCON': '1', 'VTE_VERSION': '6800'}, 'shell': False}
[7.494946] (asr) Command: {'cmd': ['/usr/bin/python3', '-W', 'ignore:setup.py install is deprecated', '-W', 'ignore:easy_install command is deprecated', 'setup.py', 'develop', '--editable', '--build-directory', '/home/tknika/gral-iiriondo-main/unitree_ws/build/asr/build', '--no-deps', 'symlink_data'], 'cwd': '/home/tknika/gral-iiriondo-main/unitree_ws/build/asr', 'env': {'GJS_DEBUG_TOPICS': 'JS ERROR;JS LOG', 'LESSOPEN': '| /usr/bin/lesspipe %s', 'USER': 'tknika', 'OLLAMA_LLM_LIBRARY': 'cuda', 'XDG_SESSION_TYPE': 'x11', 'SHLVL': '1', 'LD_LIBRARY_PATH': '/usr/lib/aarch64-linux-gnu/nvidia:/usr/local/cuda/lib64:/opt/ros/humble/opt/rviz_ogre_vendor/lib:/opt/ros/humble/lib/aarch64-linux-gnu:/opt/ros/humble/lib:/usr/local/cuda-12.6/lib64:', 'HOME': '/home/tknika', 'DESKTOP_SESSION': 'ubuntu', 'GIO_LAUNCHED_DESKTOP_FILE': '/usr/share/applications/terminator.desktop', 'ROS_PYTHON_VERSION': '3', 'GNOME_SHELL_SESSION_MODE': 'ubuntu', 'GTK_MODULES': 'gail:atk-bridge', 'MANAGERPID': '2504', 'SYSTEMD_EXEC_PID': '2680', 'DBUS_SESSION_BUS_ADDRESS': 'unix:path=/run/user/1000/bus', 'COLORTERM': 'truecolor', 'TERMINATOR_DBUS_NAME': 'net.tenshu.Terminator23558193cd9818af7fe4d2c2f5bd9d00f', 'GIO_LAUNCHED_DESKTOP_FILE_PID': '4209', 'IM_CONFIG_PHASE': '1', 'CUDA_VISIBLE_DEVICES': '0', 'ROS_DISTRO': 'humble', 'GTK_IM_MODULE': 'ibus', 'LOGNAME': 'tknika', 'JOURNAL_STREAM': '8:50749', '_': '/usr/bin/colcon', 'ROS_VERSION': '2', 'XDG_SESSION_CLASS': 'user', 'USERNAME': 'tknika', 'TERM': 'xterm-256color', 'GNOME_DESKTOP_SESSION_ID': 'this-is-deprecated', 'ROS_LOCALHOST_ONLY': '0', 'WINDOWPATH': '2', 'PATH': '/opt/ros/humble/bin:/usr/local/cuda-12.6/bin:/home/tknika/.cargo/bin:/home/tknika/.local/bin:/usr/local/sbin:/usr/local/bin:/usr/sbin:/usr/bin:/sbin:/bin:/usr/games:/usr/local/games:/snap/bin:/snap/bin', 'SESSION_MANAGER': 'local/ubuntu:@/tmp/.ICE-unix/2653,unix/ubuntu:/tmp/.ICE-unix/2653', 'INVOCATION_ID': '23499d00eeb9404d9453ff310186aa72', 'XDG_MENU_PREFIX': 'gnome-', 'XDG_RUNTIME_DIR': '/run/user/1000', 'DISPLAY': ':1', 'TERMINATOR_DBUS_PATH': '/net/tenshu/Terminator2', 'LANG': 'en_US.UTF-8', 'XDG_CURRENT_DESKTOP': 'ubuntu:GNOME', 'IBUS_DISABLE_SNOOPER': '1', 'XMODIFIERS': '@im=ibus', 'XDG_SESSION_DESKTOP': 'ubuntu', 'XAUTHORITY': '/run/user/1000/gdm/Xauthority', 'LS_COLORS': 'rs=0:di=01;34:ln=01;36:mh=00:pi=40;33:so=01;35:do=01;35:bd=40;33;01:cd=40;33;01:or=40;31;01:mi=00:su=37;41:sg=30;43:ca=30;41:tw=30;42:ow=34;42:st=37;44:ex=01;32:*.tar=01;31:*.tgz=01;31:*.arc=01;31:*.arj=01;31:*.taz=01;31:*.lha=01;31:*.lz4=01;31:*.lzh=01;31:*.lzma=01;31:*.tlz=01;31:*.txz=01;31:*.tzo=01;31:*.t7z=01;31:*.zip=01;31:*.z=01;31:*.dz=01;31:*.gz=01;31:*.lrz=01;31:*.lz=01;31:*.lzo=01;31:*.xz=01;31:*.zst=01;31:*.tzst=01;31:*.bz2=01;31:*.bz=01;31:*.tbz=01;31:*.tbz2=01;31:*.tz=01;31:*.deb=01;31:*.rpm=01;31:*.jar=01;31:*.war=01;31:*.ear=01;31:*.sar=01;31:*.rar=01;31:*.alz=01;31:*.ace=01;31:*.zoo=01;31:*.cpio=01;31:*.7z=01;31:*.rz=01;31:*.cab=01;31:*.wim=01;31:*.swm=01;31:*.dwm=01;31:*.esd=01;31:*.jpg=01;35:*.jpeg=01;35:*.mjpg=01;35:*.mjpeg=01;35:*.gif=01;35:*.bmp=01;35:*.pbm=01;35:*.pgm=01;35:*.ppm=01;35:*.tga=01;35:*.xbm=01;35:*.xpm=01;35:*.tif=01;35:*.tiff=01;35:*.png=01;35:*.svg=01;35:*.svgz=01;35:*.mng=01;35:*.pcx=01;35:*.mov=01;35:*.mpg=01;35:*.mpeg=01;35:*.m2v=01;35:*.mkv=01;35:*.webm=01;35:*.webp=01;35:*.ogm=01;35:*.mp4=01;35:*.m4v=01;35:*.mp4v=01;35:*.vob=01;35:*.qt=01;35:*.nuv=01;35:*.wmv=01;35:*.asf=01;35:*.rm=01;35:*.rmvb=01;35:*.flc=01;35:*.avi=01;35:*.fli=01;35:*.flv=01;35:*.gl=01;35:*.dl=01;35:*.xcf=01;35:*.xwd=01;35:*.yuv=01;35:*.cgm=01;35:*.emf=01;35:*.ogv=01;35:*.ogx=01;35:*.aac=00;36:*.au=00;36:*.flac=00;36:*.m4a=00;36:*.mid=00;36:*.midi=00;36:*.mka=00;36:*.mp3=00;36:*.mpc=00;36:*.ogg=00;36:*.ra=00;36:*.wav=00;36:*.oga=00;36:*.opus=00;36:*.spx=00;36:*.xspf=00;36:', 'SSH_AGENT_LAUNCHER': 'gnome-keyring', 'SSH_AUTH_SOCK': '/run/user/1000/keyring/ssh', 'AMENT_PREFIX_PATH': '/opt/ros/humble', 'SHELL': '/bin/bash', 'TERMINATOR_UUID': 'urn:uuid:f0a7838f-55bf-43f6-be6e-78df5f9a939a', 'QT_ACCESSIBILITY': '1', 'GDMSESSION': 'ubuntu', 'LESSCLOSE': '/usr/bin/lesspipe %s %s', 'GPG_AGENT_INFO': '/run/user/1000/gnupg/S.gpg-agent:0:1', 'GJS_DEBUG_OUTPUT': 'stderr', 'QT_IM_MODULE': 'ibus', 'PWD': '/home/tknika/gral-iiriondo-main/unitree_ws/build/asr', 'XDG_CONFIG_DIRS': '/etc/xdg/xdg-ubuntu:/etc/xdg', 'XDG_DATA_DIRS': '/usr/share/ubuntu:/usr/share/gnome:/usr/local/share/:/usr/share/:/var/lib/snapd/desktop', 'PYTHONPATH': '/home/tknika/gral-iiriondo-main/unitree_ws/build/asr/prefix_override:/usr/lib/python3/dist-packages/colcon_core/task/python/colcon_distutils_commands:/home/tknika/gral-iiriondo-main/unitree_ws/install/asr/lib/python3.10/site-packages:/home/tknika/gral-iiriondo-main/unitree_ws/src/unitree_legged_sdk/lib/python/arm64:/opt/ros/humble/lib/python3.10/site-packages:/opt/ros/humble/local/lib/python3.10/dist-packages', 'COLCON': '1', 'VTE_VERSION': '6800'}, 'shell': False}
[7.497814] (standing_mode) Command: {'cmd': ['/usr/bin/python3', '-W', 'ignore:setup.py install is deprecated', '-W', 'ignore:easy_install command is deprecated', 'setup.py', 'develop', '--editable', '--build-directory', '/home/tknika/gral-iiriondo-main/unitree_ws/build/standing_mode/build', '--no-deps', 'symlink_data'], 'cwd': '/home/tknika/gral-iiriondo-main/unitree_ws/build/standing_mode', 'env': {'GJS_DEBUG_TOPICS': 'JS ERROR;JS LOG', 'LESSOPEN': '| /usr/bin/lesspipe %s', 'USER': 'tknika', 'OLLAMA_LLM_LIBRARY': 'cuda', 'XDG_SESSION_TYPE': 'x11', 'SHLVL': '1', 'LD_LIBRARY_PATH': '/usr/lib/aarch64-linux-gnu/nvidia:/usr/local/cuda/lib64:/opt/ros/humble/opt/rviz_ogre_vendor/lib:/opt/ros/humble/lib/aarch64-linux-gnu:/opt/ros/humble/lib:/usr/local/cuda-12.6/lib64:', 'HOME': '/home/tknika', 'DESKTOP_SESSION': 'ubuntu', 'GIO_LAUNCHED_DESKTOP_FILE': '/usr/share/applications/terminator.desktop', 'ROS_PYTHON_VERSION': '3', 'GNOME_SHELL_SESSION_MODE': 'ubuntu', 'GTK_MODULES': 'gail:atk-bridge', 'MANAGERPID': '2504', 'SYSTEMD_EXEC_PID': '2680', 'DBUS_SESSION_BUS_ADDRESS': 'unix:path=/run/user/1000/bus', 'COLORTERM': 'truecolor', 'TERMINATOR_DBUS_NAME': 'net.tenshu.Terminator23558193cd9818af7fe4d2c2f5bd9d00f', 'GIO_LAUNCHED_DESKTOP_FILE_PID': '4209', 'IM_CONFIG_PHASE': '1', 'CUDA_VISIBLE_DEVICES': '0', 'ROS_DISTRO': 'humble', 'GTK_IM_MODULE': 'ibus', 'LOGNAME': 'tknika', 'JOURNAL_STREAM': '8:50749', '_': '/usr/bin/colcon', 'ROS_VERSION': '2', 'XDG_SESSION_CLASS': 'user', 'USERNAME': 'tknika', 'TERM': 'xterm-256color', 'GNOME_DESKTOP_SESSION_ID': 'this-is-deprecated', 'ROS_LOCALHOST_ONLY': '0', 'WINDOWPATH': '2', 'PATH': '/opt/ros/humble/bin:/usr/local/cuda-12.6/bin:/home/tknika/.cargo/bin:/home/tknika/.local/bin:/usr/local/sbin:/usr/local/bin:/usr/sbin:/usr/bin:/sbin:/bin:/usr/games:/usr/local/games:/snap/bin:/snap/bin', 'SESSION_MANAGER': 'local/ubuntu:@/tmp/.ICE-unix/2653,unix/ubuntu:/tmp/.ICE-unix/2653', 'INVOCATION_ID': '23499d00eeb9404d9453ff310186aa72', 'XDG_MENU_PREFIX': 'gnome-', 'XDG_RUNTIME_DIR': '/run/user/1000', 'DISPLAY': ':1', 'TERMINATOR_DBUS_PATH': '/net/tenshu/Terminator2', 'LANG': 'en_US.UTF-8', 'XDG_CURRENT_DESKTOP': 'ubuntu:GNOME', 'IBUS_DISABLE_SNOOPER': '1', 'XMODIFIERS': '@im=ibus', 'XDG_SESSION_DESKTOP': 'ubuntu', 'XAUTHORITY': '/run/user/1000/gdm/Xauthority', 'LS_COLORS': 'rs=0:di=01;34:ln=01;36:mh=00:pi=40;33:so=01;35:do=01;35:bd=40;33;01:cd=40;33;01:or=40;31;01:mi=00:su=37;41:sg=30;43:ca=30;41:tw=30;42:ow=34;42:st=37;44:ex=01;32:*.tar=01;31:*.tgz=01;31:*.arc=01;31:*.arj=01;31:*.taz=01;31:*.lha=01;31:*.lz4=01;31:*.lzh=01;31:*.lzma=01;31:*.tlz=01;31:*.txz=01;31:*.tzo=01;31:*.t7z=01;31:*.zip=01;31:*.z=01;31:*.dz=01;31:*.gz=01;31:*.lrz=01;31:*.lz=01;31:*.lzo=01;31:*.xz=01;31:*.zst=01;31:*.tzst=01;31:*.bz2=01;31:*.bz=01;31:*.tbz=01;31:*.tbz2=01;31:*.tz=01;31:*.deb=01;31:*.rpm=01;31:*.jar=01;31:*.war=01;31:*.ear=01;31:*.sar=01;31:*.rar=01;31:*.alz=01;31:*.ace=01;31:*.zoo=01;31:*.cpio=01;31:*.7z=01;31:*.rz=01;31:*.cab=01;31:*.wim=01;31:*.swm=01;31:*.dwm=01;31:*.esd=01;31:*.jpg=01;35:*.jpeg=01;35:*.mjpg=01;35:*.mjpeg=01;35:*.gif=01;35:*.bmp=01;35:*.pbm=01;35:*.pgm=01;35:*.ppm=01;35:*.tga=01;35:*.xbm=01;35:*.xpm=01;35:*.tif=01;35:*.tiff=01;35:*.png=01;35:*.svg=01;35:*.svgz=01;35:*.mng=01;35:*.pcx=01;35:*.mov=01;35:*.mpg=01;35:*.mpeg=01;35:*.m2v=01;35:*.mkv=01;35:*.webm=01;35:*.webp=01;35:*.ogm=01;35:*.mp4=01;35:*.m4v=01;35:*.mp4v=01;35:*.vob=01;35:*.qt=01;35:*.nuv=01;35:*.wmv=01;35:*.asf=01;35:*.rm=01;35:*.rmvb=01;35:*.flc=01;35:*.avi=01;35:*.fli=01;35:*.flv=01;35:*.gl=01;35:*.dl=01;35:*.xcf=01;35:*.xwd=01;35:*.yuv=01;35:*.cgm=01;35:*.emf=01;35:*.ogv=01;35:*.ogx=01;35:*.aac=00;36:*.au=00;36:*.flac=00;36:*.m4a=00;36:*.mid=00;36:*.midi=00;36:*.mka=00;36:*.mp3=00;36:*.mpc=00;36:*.ogg=00;36:*.ra=00;36:*.wav=00;36:*.oga=00;36:*.opus=00;36:*.spx=00;36:*.xspf=00;36:', 'SSH_AGENT_LAUNCHER': 'gnome-keyring', 'SSH_AUTH_SOCK': '/run/user/1000/keyring/ssh', 'AMENT_PREFIX_PATH': '/opt/ros/humble', 'SHELL': '/bin/bash', 'TERMINATOR_UUID': 'urn:uuid:f0a7838f-55bf-43f6-be6e-78df5f9a939a', 'QT_ACCESSIBILITY': '1', 'GDMSESSION': 'ubuntu', 'LESSCLOSE': '/usr/bin/lesspipe %s %s', 'GPG_AGENT_INFO': '/run/user/1000/gnupg/S.gpg-agent:0:1', 'GJS_DEBUG_OUTPUT': 'stderr', 'QT_IM_MODULE': 'ibus', 'PWD': '/home/tknika/gral-iiriondo-main/unitree_ws/build/standing_mode', 'XDG_CONFIG_DIRS': '/etc/xdg/xdg-ubuntu:/etc/xdg', 'XDG_DATA_DIRS': '/usr/share/ubuntu:/usr/share/gnome:/usr/local/share/:/usr/share/:/var/lib/snapd/desktop', 'PYTHONPATH': '/home/tknika/gral-iiriondo-main/unitree_ws/build/standing_mode/prefix_override:/usr/lib/python3/dist-packages/colcon_core/task/python/colcon_distutils_commands:/home/tknika/gral-iiriondo-main/unitree_ws/install/standing_mode/lib/python3.10/site-packages:/home/tknika/gral-iiriondo-main/unitree_ws/src/unitree_legged_sdk/lib/python/arm64:/opt/ros/humble/lib/python3.10/site-packages:/opt/ros/humble/local/lib/python3.10/dist-packages', 'COLCON': '1', 'VTE_VERSION': '6800'}, 'shell': False}
[7.501520] (mapping_configuration) Command: {'cmd': ['/usr/bin/python3', '-W', 'ignore:setup.py install is deprecated', '-W', 'ignore:easy_install command is deprecated', 'setup.py', 'develop', '--editable', '--build-directory', '/home/tknika/gral-iiriondo-main/unitree_ws/build/mapping_configuration/build', '--no-deps', 'symlink_data'], 'cwd': '/home/tknika/gral-iiriondo-main/unitree_ws/build/mapping_configuration', 'env': {'GJS_DEBUG_TOPICS': 'JS ERROR;JS LOG', 'LESSOPEN': '| /usr/bin/lesspipe %s', 'USER': 'tknika', 'OLLAMA_LLM_LIBRARY': 'cuda', 'XDG_SESSION_TYPE': 'x11', 'SHLVL': '1', 'LD_LIBRARY_PATH': '/usr/lib/aarch64-linux-gnu/nvidia:/usr/local/cuda/lib64:/opt/ros/humble/opt/rviz_ogre_vendor/lib:/opt/ros/humble/lib/aarch64-linux-gnu:/opt/ros/humble/lib:/usr/local/cuda-12.6/lib64:', 'HOME': '/home/tknika', 'DESKTOP_SESSION': 'ubuntu', 'GIO_LAUNCHED_DESKTOP_FILE': '/usr/share/applications/terminator.desktop', 'ROS_PYTHON_VERSION': '3', 'GNOME_SHELL_SESSION_MODE': 'ubuntu', 'GTK_MODULES': 'gail:atk-bridge', 'MANAGERPID': '2504', 'SYSTEMD_EXEC_PID': '2680', 'DBUS_SESSION_BUS_ADDRESS': 'unix:path=/run/user/1000/bus', 'COLORTERM': 'truecolor', 'TERMINATOR_DBUS_NAME': 'net.tenshu.Terminator23558193cd9818af7fe4d2c2f5bd9d00f', 'GIO_LAUNCHED_DESKTOP_FILE_PID': '4209', 'IM_CONFIG_PHASE': '1', 'CUDA_VISIBLE_DEVICES': '0', 'ROS_DISTRO': 'humble', 'GTK_IM_MODULE': 'ibus', 'LOGNAME': 'tknika', 'JOURNAL_STREAM': '8:50749', '_': '/usr/bin/colcon', 'ROS_VERSION': '2', 'XDG_SESSION_CLASS': 'user', 'USERNAME': 'tknika', 'TERM': 'xterm-256color', 'GNOME_DESKTOP_SESSION_ID': 'this-is-deprecated', 'ROS_LOCALHOST_ONLY': '0', 'WINDOWPATH': '2', 'PATH': '/opt/ros/humble/bin:/usr/local/cuda-12.6/bin:/home/tknika/.cargo/bin:/home/tknika/.local/bin:/usr/local/sbin:/usr/local/bin:/usr/sbin:/usr/bin:/sbin:/bin:/usr/games:/usr/local/games:/snap/bin:/snap/bin', 'SESSION_MANAGER': 'local/ubuntu:@/tmp/.ICE-unix/2653,unix/ubuntu:/tmp/.ICE-unix/2653', 'INVOCATION_ID': '23499d00eeb9404d9453ff310186aa72', 'XDG_MENU_PREFIX': 'gnome-', 'XDG_RUNTIME_DIR': '/run/user/1000', 'DISPLAY': ':1', 'TERMINATOR_DBUS_PATH': '/net/tenshu/Terminator2', 'LANG': 'en_US.UTF-8', 'XDG_CURRENT_DESKTOP': 'ubuntu:GNOME', 'IBUS_DISABLE_SNOOPER': '1', 'XMODIFIERS': '@im=ibus', 'XDG_SESSION_DESKTOP': 'ubuntu', 'XAUTHORITY': '/run/user/1000/gdm/Xauthority', 'LS_COLORS': 'rs=0:di=01;34:ln=01;36:mh=00:pi=40;33:so=01;35:do=01;35:bd=40;33;01:cd=40;33;01:or=40;31;01:mi=00:su=37;41:sg=30;43:ca=30;41:tw=30;42:ow=34;42:st=37;44:ex=01;32:*.tar=01;31:*.tgz=01;31:*.arc=01;31:*.arj=01;31:*.taz=01;31:*.lha=01;31:*.lz4=01;31:*.lzh=01;31:*.lzma=01;31:*.tlz=01;31:*.txz=01;31:*.tzo=01;31:*.t7z=01;31:*.zip=01;31:*.z=01;31:*.dz=01;31:*.gz=01;31:*.lrz=01;31:*.lz=01;31:*.lzo=01;31:*.xz=01;31:*.zst=01;31:*.tzst=01;31:*.bz2=01;31:*.bz=01;31:*.tbz=01;31:*.tbz2=01;31:*.tz=01;31:*.deb=01;31:*.rpm=01;31:*.jar=01;31:*.war=01;31:*.ear=01;31:*.sar=01;31:*.rar=01;31:*.alz=01;31:*.ace=01;31:*.zoo=01;31:*.cpio=01;31:*.7z=01;31:*.rz=01;31:*.cab=01;31:*.wim=01;31:*.swm=01;31:*.dwm=01;31:*.esd=01;31:*.jpg=01;35:*.jpeg=01;35:*.mjpg=01;35:*.mjpeg=01;35:*.gif=01;35:*.bmp=01;35:*.pbm=01;35:*.pgm=01;35:*.ppm=01;35:*.tga=01;35:*.xbm=01;35:*.xpm=01;35:*.tif=01;35:*.tiff=01;35:*.png=01;35:*.svg=01;35:*.svgz=01;35:*.mng=01;35:*.pcx=01;35:*.mov=01;35:*.mpg=01;35:*.mpeg=01;35:*.m2v=01;35:*.mkv=01;35:*.webm=01;35:*.webp=01;35:*.ogm=01;35:*.mp4=01;35:*.m4v=01;35:*.mp4v=01;35:*.vob=01;35:*.qt=01;35:*.nuv=01;35:*.wmv=01;35:*.asf=01;35:*.rm=01;35:*.rmvb=01;35:*.flc=01;35:*.avi=01;35:*.fli=01;35:*.flv=01;35:*.gl=01;35:*.dl=01;35:*.xcf=01;35:*.xwd=01;35:*.yuv=01;35:*.cgm=01;35:*.emf=01;35:*.ogv=01;35:*.ogx=01;35:*.aac=00;36:*.au=00;36:*.flac=00;36:*.m4a=00;36:*.mid=00;36:*.midi=00;36:*.mka=00;36:*.mp3=00;36:*.mpc=00;36:*.ogg=00;36:*.ra=00;36:*.wav=00;36:*.oga=00;36:*.opus=00;36:*.spx=00;36:*.xspf=00;36:', 'SSH_AGENT_LAUNCHER': 'gnome-keyring', 'SSH_AUTH_SOCK': '/run/user/1000/keyring/ssh', 'AMENT_PREFIX_PATH': '/opt/ros/humble', 'SHELL': '/bin/bash', 'TERMINATOR_UUID': 'urn:uuid:f0a7838f-55bf-43f6-be6e-78df5f9a939a', 'QT_ACCESSIBILITY': '1', 'GDMSESSION': 'ubuntu', 'LESSCLOSE': '/usr/bin/lesspipe %s %s', 'GPG_AGENT_INFO': '/run/user/1000/gnupg/S.gpg-agent:0:1', 'GJS_DEBUG_OUTPUT': 'stderr', 'QT_IM_MODULE': 'ibus', 'PWD': '/home/tknika/gral-iiriondo-main/unitree_ws/build/mapping_configuration', 'XDG_CONFIG_DIRS': '/etc/xdg/xdg-ubuntu:/etc/xdg', 'XDG_DATA_DIRS': '/usr/share/ubuntu:/usr/share/gnome:/usr/local/share/:/usr/share/:/var/lib/snapd/desktop', 'PYTHONPATH': '/home/tknika/gral-iiriondo-main/unitree_ws/build/mapping_configuration/prefix_override:/usr/lib/python3/dist-packages/colcon_core/task/python/colcon_distutils_commands:/home/tknika/gral-iiriondo-main/unitree_ws/install/mapping_configuration/lib/python3.10/site-packages:/home/tknika/gral-iiriondo-main/unitree_ws/src/unitree_legged_sdk/lib/python/arm64:/opt/ros/humble/lib/python3.10/site-packages:/opt/ros/humble/local/lib/python3.10/dist-packages', 'COLCON': '1', 'VTE_VERSION': '6800'}, 'shell': False}
[7.556114] (-) TimerEvent: {}
[7.656786] (-) TimerEvent: {}
[7.757442] (-) TimerEvent: {}
[7.858085] (-) TimerEvent: {}
[7.958761] (-) TimerEvent: {}
[8.059444] (-) TimerEvent: {}
[8.160159] (-) TimerEvent: {}
[8.260830] (-) TimerEvent: {}
[8.361510] (-) TimerEvent: {}
[8.462172] (-) TimerEvent: {}
[8.484951] (go1_description) StdoutLine: {'line': b'running develop\n'}
[8.511939] (asr) StdoutLine: {'line': b'running develop\n'}
[8.549487] (standing_mode) StdoutLine: {'line': b'running develop\n'}
[8.562334] (-) TimerEvent: {}
[8.565072] (mapping_configuration) StdoutLine: {'line': b'running develop\n'}
[8.662502] (-) TimerEvent: {}
[8.763149] (-) TimerEvent: {}
[8.863947] (-) TimerEvent: {}
[8.964615] (-) TimerEvent: {}
[9.065292] (-) TimerEvent: {}
[9.155896] (go1_description) StdoutLine: {'line': b'running egg_info\n'}
[9.165474] (-) TimerEvent: {}
[9.201650] (go1_description) StdoutLine: {'line': b'writing go1_description.egg-info/PKG-INFO\n'}
[9.202827] (go1_description) StdoutLine: {'line': b'writing dependency_links to go1_description.egg-info/dependency_links.txt\n'}
[9.204422] (go1_description) StdoutLine: {'line': b'writing requirements to go1_description.egg-info/requires.txt\n'}
[9.204948] (go1_description) StdoutLine: {'line': b'writing top-level names to go1_description.egg-info/top_level.txt\n'}
[9.265643] (-) TimerEvent: {}
[9.269334] (mapping_configuration) StdoutLine: {'line': b'running egg_info\n'}
[9.283613] (object_recognition) Command: {'cmd': ['/usr/bin/python3', '-W', 'ignore:setup.py install is deprecated', '-W', 'ignore:easy_install command is deprecated', 'setup.py', 'develop', '--editable', '--build-directory', '/home/tknika/gral-iiriondo-main/unitree_ws/build/object_recognition/build', '--no-deps', 'symlink_data'], 'cwd': '/home/tknika/gral-iiriondo-main/unitree_ws/build/object_recognition', 'env': {'GJS_DEBUG_TOPICS': 'JS ERROR;JS LOG', 'LESSOPEN': '| /usr/bin/lesspipe %s', 'USER': 'tknika', 'OLLAMA_LLM_LIBRARY': 'cuda', 'XDG_SESSION_TYPE': 'x11', 'SHLVL': '1', 'LD_LIBRARY_PATH': '/home/tknika/gral-iiriondo-main/unitree_ws/install/object_recognition_interfaces/lib:/usr/lib/aarch64-linux-gnu/nvidia:/usr/local/cuda/lib64:/opt/ros/humble/opt/rviz_ogre_vendor/lib:/opt/ros/humble/lib/aarch64-linux-gnu:/opt/ros/humble/lib:/usr/local/cuda-12.6/lib64', 'HOME': '/home/tknika', 'DESKTOP_SESSION': 'ubuntu', 'GIO_LAUNCHED_DESKTOP_FILE': '/usr/share/applications/terminator.desktop', 'ROS_PYTHON_VERSION': '3', 'GNOME_SHELL_SESSION_MODE': 'ubuntu', 'GTK_MODULES': 'gail:atk-bridge', 'MANAGERPID': '2504', 'SYSTEMD_EXEC_PID': '2680', 'DBUS_SESSION_BUS_ADDRESS': 'unix:path=/run/user/1000/bus', 'COLORTERM': 'truecolor', 'TERMINATOR_DBUS_NAME': 'net.tenshu.Terminator23558193cd9818af7fe4d2c2f5bd9d00f', 'GIO_LAUNCHED_DESKTOP_FILE_PID': '4209', 'IM_CONFIG_PHASE': '1', 'CUDA_VISIBLE_DEVICES': '0', 'ROS_DISTRO': 'humble', 'GTK_IM_MODULE': 'ibus', 'LOGNAME': 'tknika', 'JOURNAL_STREAM': '8:50749', '_': '/usr/bin/colcon', 'ROS_VERSION': '2', 'XDG_SESSION_CLASS': 'user', 'USERNAME': 'tknika', 'TERM': 'xterm-256color', 'GNOME_DESKTOP_SESSION_ID': 'this-is-deprecated', 'ROS_LOCALHOST_ONLY': '0', 'WINDOWPATH': '2', 'PATH': '/opt/ros/humble/bin:/usr/local/cuda-12.6/bin:/home/tknika/.cargo/bin:/home/tknika/.local/bin:/usr/local/sbin:/usr/local/bin:/usr/sbin:/usr/bin:/sbin:/bin:/usr/games:/usr/local/games:/snap/bin:/snap/bin', 'SESSION_MANAGER': 'local/ubuntu:@/tmp/.ICE-unix/2653,unix/ubuntu:/tmp/.ICE-unix/2653', 'INVOCATION_ID': '23499d00eeb9404d9453ff310186aa72', 'XDG_MENU_PREFIX': 'gnome-', 'XDG_RUNTIME_DIR': '/run/user/1000', 'DISPLAY': ':1', 'TERMINATOR_DBUS_PATH': '/net/tenshu/Terminator2', 'LANG': 'en_US.UTF-8', 'XDG_CURRENT_DESKTOP': 'ubuntu:GNOME', 'IBUS_DISABLE_SNOOPER': '1', 'XMODIFIERS': '@im=ibus', 'XDG_SESSION_DESKTOP': 'ubuntu', 'XAUTHORITY': '/run/user/1000/gdm/Xauthority', 'LS_COLORS': 'rs=0:di=01;34:ln=01;36:mh=00:pi=40;33:so=01;35:do=01;35:bd=40;33;01:cd=40;33;01:or=40;31;01:mi=00:su=37;41:sg=30;43:ca=30;41:tw=30;42:ow=34;42:st=37;44:ex=01;32:*.tar=01;31:*.tgz=01;31:*.arc=01;31:*.arj=01;31:*.taz=01;31:*.lha=01;31:*.lz4=01;31:*.lzh=01;31:*.lzma=01;31:*.tlz=01;31:*.txz=01;31:*.tzo=01;31:*.t7z=01;31:*.zip=01;31:*.z=01;31:*.dz=01;31:*.gz=01;31:*.lrz=01;31:*.lz=01;31:*.lzo=01;31:*.xz=01;31:*.zst=01;31:*.tzst=01;31:*.bz2=01;31:*.bz=01;31:*.tbz=01;31:*.tbz2=01;31:*.tz=01;31:*.deb=01;31:*.rpm=01;31:*.jar=01;31:*.war=01;31:*.ear=01;31:*.sar=01;31:*.rar=01;31:*.alz=01;31:*.ace=01;31:*.zoo=01;31:*.cpio=01;31:*.7z=01;31:*.rz=01;31:*.cab=01;31:*.wim=01;31:*.swm=01;31:*.dwm=01;31:*.esd=01;31:*.jpg=01;35:*.jpeg=01;35:*.mjpg=01;35:*.mjpeg=01;35:*.gif=01;35:*.bmp=01;35:*.pbm=01;35:*.pgm=01;35:*.ppm=01;35:*.tga=01;35:*.xbm=01;35:*.xpm=01;35:*.tif=01;35:*.tiff=01;35:*.png=01;35:*.svg=01;35:*.svgz=01;35:*.mng=01;35:*.pcx=01;35:*.mov=01;35:*.mpg=01;35:*.mpeg=01;35:*.m2v=01;35:*.mkv=01;35:*.webm=01;35:*.webp=01;35:*.ogm=01;35:*.mp4=01;35:*.m4v=01;35:*.mp4v=01;35:*.vob=01;35:*.qt=01;35:*.nuv=01;35:*.wmv=01;35:*.asf=01;35:*.rm=01;35:*.rmvb=01;35:*.flc=01;35:*.avi=01;35:*.fli=01;35:*.flv=01;35:*.gl=01;35:*.dl=01;35:*.xcf=01;35:*.xwd=01;35:*.yuv=01;35:*.cgm=01;35:*.emf=01;35:*.ogv=01;35:*.ogx=01;35:*.aac=00;36:*.au=00;36:*.flac=00;36:*.m4a=00;36:*.mid=00;36:*.midi=00;36:*.mka=00;36:*.mp3=00;36:*.mpc=00;36:*.ogg=00;36:*.ra=00;36:*.wav=00;36:*.oga=00;36:*.opus=00;36:*.spx=00;36:*.xspf=00;36:', 'SSH_AGENT_LAUNCHER': 'gnome-keyring', 'SSH_AUTH_SOCK': '/run/user/1000/keyring/ssh', 'AMENT_PREFIX_PATH': '/home/tknika/gral-iiriondo-main/unitree_ws/install/object_recognition_interfaces:/opt/ros/humble', 'SHELL': '/bin/bash', 'TERMINATOR_UUID': 'urn:uuid:f0a7838f-55bf-43f6-be6e-78df5f9a939a', 'QT_ACCESSIBILITY': '1', 'GDMSESSION': 'ubuntu', 'LESSCLOSE': '/usr/bin/lesspipe %s %s', 'GPG_AGENT_INFO': '/run/user/1000/gnupg/S.gpg-agent:0:1', 'GJS_DEBUG_OUTPUT': 'stderr', 'QT_IM_MODULE': 'ibus', 'PWD': '/home/tknika/gral-iiriondo-main/unitree_ws/build/object_recognition', 'XDG_CONFIG_DIRS': '/etc/xdg/xdg-ubuntu:/etc/xdg', 'XDG_DATA_DIRS': '/usr/share/ubuntu:/usr/share/gnome:/usr/local/share/:/usr/share/:/var/lib/snapd/desktop', 'PYTHONPATH': '/home/tknika/gral-iiriondo-main/unitree_ws/build/object_recognition/prefix_override:/usr/lib/python3/dist-packages/colcon_core/task/python/colcon_distutils_commands:/home/tknika/gral-iiriondo-main/unitree_ws/install/object_recognition/lib/python3.10/site-packages:/home/tknika/gral-iiriondo-main/unitree_ws/install/object_recognition_interfaces/local/lib/python3.10/dist-packages:/home/tknika/gral-iiriondo-main/unitree_ws/src/unitree_legged_sdk/lib/python/arm64:/opt/ros/humble/lib/python3.10/site-packages:/opt/ros/humble/local/lib/python3.10/dist-packages', 'COLCON': '1', 'VTE_VERSION': '6800', 'CMAKE_PREFIX_PATH': '/home/tknika/gral-iiriondo-main/unitree_ws/install/object_recognition_interfaces'}, 'shell': False}
[9.287723] (asr) StdoutLine: {'line': b'running egg_info\n'}
[9.298646] (go1_description) StdoutLine: {'line': b"reading manifest file 'go1_description.egg-info/SOURCES.txt'\n"}
[9.300884] (go1_description) StdoutLine: {'line': b"writing manifest file 'go1_description.egg-info/SOURCES.txt'\n"}
[9.308954] (standing_mode) StdoutLine: {'line': b'running egg_info\n'}
[9.316615] (mapping_configuration) StdoutLine: {'line': b'writing mapping_configuration.egg-info/PKG-INFO\n'}
[9.318439] (mapping_configuration) StdoutLine: {'line': b'writing dependency_links to mapping_configuration.egg-info/dependency_links.txt\n'}
[9.320044] (mapping_configuration) StdoutLine: {'line': b'writing entry points to mapping_configuration.egg-info/entry_points.txt\n'}
[9.321459] (mapping_configuration) StdoutLine: {'line': b'writing requirements to mapping_configuration.egg-info/requires.txt\n'}
[9.322840] (mapping_configuration) StdoutLine: {'line': b'writing top-level names to mapping_configuration.egg-info/top_level.txt\n'}
[9.337289] (asr) StdoutLine: {'line': b'writing asr.egg-info/PKG-INFO\n'}
[9.338551] (asr) StdoutLine: {'line': b'writing dependency_links to asr.egg-info/dependency_links.txt\n'}
[9.344287] (asr) StdoutLine: {'line': b'writing entry points to asr.egg-info/entry_points.txt\n'}
[9.345229] (asr) StdoutLine: {'line': b'writing requirements to asr.egg-info/requires.txt\n'}
[9.345774] (asr) StdoutLine: {'line': b'writing top-level names to asr.egg-info/top_level.txt\n'}
[9.349660] (go1_description) StdoutLine: {'line': b'running build_ext\n'}
[9.350139] (go1_description) StdoutLine: {'line': b'Creating /home/tknika/gral-iiriondo-main/unitree_ws/install/go1_description/lib/python3.10/site-packages/go1-description.egg-link (link to .)\n'}
[9.351656] (go1_description) StdoutLine: {'line': b'\n'}
[9.352106] (go1_description) StdoutLine: {'line': b'Installed /home/tknika/gral-iiriondo-main/unitree_ws/build/go1_description\n'}
[9.352275] (go1_description) StdoutLine: {'line': b'running symlink_data\n'}
[9.358837] (standing_mode) StdoutLine: {'line': b'writing standing_mode.egg-info/PKG-INFO\n'}
[9.360008] (standing_mode) StdoutLine: {'line': b'writing dependency_links to standing_mode.egg-info/dependency_links.txt\n'}
[9.360933] (standing_mode) StdoutLine: {'line': b'writing entry points to standing_mode.egg-info/entry_points.txt\n'}
[9.361595] (standing_mode) StdoutLine: {'line': b'writing requirements to standing_mode.egg-info/requires.txt\n'}
[9.362055] (standing_mode) StdoutLine: {'line': b'writing top-level names to standing_mode.egg-info/top_level.txt\n'}
[9.365825] (-) TimerEvent: {}
[9.423665] (mapping_configuration) StdoutLine: {'line': b"reading manifest file 'mapping_configuration.egg-info/SOURCES.txt'\n"}
[9.426245] (mapping_configuration) StdoutLine: {'line': b"writing manifest file 'mapping_configuration.egg-info/SOURCES.txt'\n"}
[9.434098] (aruco_detector) Command: {'cmd': ['/usr/bin/python3', '-W', 'ignore:setup.py install is deprecated', '-W', 'ignore:easy_install command is deprecated', 'setup.py', 'develop', '--editable', '--build-directory', '/home/tknika/gral-iiriondo-main/unitree_ws/build/aruco_detector/build', '--no-deps', 'symlink_data'], 'cwd': '/home/tknika/gral-iiriondo-main/unitree_ws/build/aruco_detector', 'env': {'GJS_DEBUG_TOPICS': 'JS ERROR;JS LOG', 'LESSOPEN': '| /usr/bin/lesspipe %s', 'USER': 'tknika', 'OLLAMA_LLM_LIBRARY': 'cuda', 'XDG_SESSION_TYPE': 'x11', 'SHLVL': '1', 'LD_LIBRARY_PATH': '/home/tknika/gral-iiriondo-main/unitree_ws/install/aruco_markers_msgs/lib:/usr/lib/aarch64-linux-gnu/nvidia:/usr/local/cuda/lib64:/opt/ros/humble/opt/rviz_ogre_vendor/lib:/opt/ros/humble/lib/aarch64-linux-gnu:/opt/ros/humble/lib:/usr/local/cuda-12.6/lib64', 'HOME': '/home/tknika', 'DESKTOP_SESSION': 'ubuntu', 'GIO_LAUNCHED_DESKTOP_FILE': '/usr/share/applications/terminator.desktop', 'ROS_PYTHON_VERSION': '3', 'GNOME_SHELL_SESSION_MODE': 'ubuntu', 'GTK_MODULES': 'gail:atk-bridge', 'MANAGERPID': '2504', 'SYSTEMD_EXEC_PID': '2680', 'DBUS_SESSION_BUS_ADDRESS': 'unix:path=/run/user/1000/bus', 'COLORTERM': 'truecolor', 'TERMINATOR_DBUS_NAME': 'net.tenshu.Terminator23558193cd9818af7fe4d2c2f5bd9d00f', 'GIO_LAUNCHED_DESKTOP_FILE_PID': '4209', 'IM_CONFIG_PHASE': '1', 'CUDA_VISIBLE_DEVICES': '0', 'ROS_DISTRO': 'humble', 'GTK_IM_MODULE': 'ibus', 'LOGNAME': 'tknika', 'JOURNAL_STREAM': '8:50749', '_': '/usr/bin/colcon', 'ROS_VERSION': '2', 'XDG_SESSION_CLASS': 'user', 'USERNAME': 'tknika', 'TERM': 'xterm-256color', 'GNOME_DESKTOP_SESSION_ID': 'this-is-deprecated', 'ROS_LOCALHOST_ONLY': '0', 'WINDOWPATH': '2', 'PATH': '/opt/ros/humble/bin:/usr/local/cuda-12.6/bin:/home/tknika/.cargo/bin:/home/tknika/.local/bin:/usr/local/sbin:/usr/local/bin:/usr/sbin:/usr/bin:/sbin:/bin:/usr/games:/usr/local/games:/snap/bin:/snap/bin', 'SESSION_MANAGER': 'local/ubuntu:@/tmp/.ICE-unix/2653,unix/ubuntu:/tmp/.ICE-unix/2653', 'INVOCATION_ID': '23499d00eeb9404d9453ff310186aa72', 'XDG_MENU_PREFIX': 'gnome-', 'XDG_RUNTIME_DIR': '/run/user/1000', 'DISPLAY': ':1', 'TERMINATOR_DBUS_PATH': '/net/tenshu/Terminator2', 'LANG': 'en_US.UTF-8', 'XDG_CURRENT_DESKTOP': 'ubuntu:GNOME', 'IBUS_DISABLE_SNOOPER': '1', 'XMODIFIERS': '@im=ibus', 'XDG_SESSION_DESKTOP': 'ubuntu', 'XAUTHORITY': '/run/user/1000/gdm/Xauthority', 'LS_COLORS': 'rs=0:di=01;34:ln=01;36:mh=00:pi=40;33:so=01;35:do=01;35:bd=40;33;01:cd=40;33;01:or=40;31;01:mi=00:su=37;41:sg=30;43:ca=30;41:tw=30;42:ow=34;42:st=37;44:ex=01;32:*.tar=01;31:*.tgz=01;31:*.arc=01;31:*.arj=01;31:*.taz=01;31:*.lha=01;31:*.lz4=01;31:*.lzh=01;31:*.lzma=01;31:*.tlz=01;31:*.txz=01;31:*.tzo=01;31:*.t7z=01;31:*.zip=01;31:*.z=01;31:*.dz=01;31:*.gz=01;31:*.lrz=01;31:*.lz=01;31:*.lzo=01;31:*.xz=01;31:*.zst=01;31:*.tzst=01;31:*.bz2=01;31:*.bz=01;31:*.tbz=01;31:*.tbz2=01;31:*.tz=01;31:*.deb=01;31:*.rpm=01;31:*.jar=01;31:*.war=01;31:*.ear=01;31:*.sar=01;31:*.rar=01;31:*.alz=01;31:*.ace=01;31:*.zoo=01;31:*.cpio=01;31:*.7z=01;31:*.rz=01;31:*.cab=01;31:*.wim=01;31:*.swm=01;31:*.dwm=01;31:*.esd=01;31:*.jpg=01;35:*.jpeg=01;35:*.mjpg=01;35:*.mjpeg=01;35:*.gif=01;35:*.bmp=01;35:*.pbm=01;35:*.pgm=01;35:*.ppm=01;35:*.tga=01;35:*.xbm=01;35:*.xpm=01;35:*.tif=01;35:*.tiff=01;35:*.png=01;35:*.svg=01;35:*.svgz=01;35:*.mng=01;35:*.pcx=01;35:*.mov=01;35:*.mpg=01;35:*.mpeg=01;35:*.m2v=01;35:*.mkv=01;35:*.webm=01;35:*.webp=01;35:*.ogm=01;35:*.mp4=01;35:*.m4v=01;35:*.mp4v=01;35:*.vob=01;35:*.qt=01;35:*.nuv=01;35:*.wmv=01;35:*.asf=01;35:*.rm=01;35:*.rmvb=01;35:*.flc=01;35:*.avi=01;35:*.fli=01;35:*.flv=01;35:*.gl=01;35:*.dl=01;35:*.xcf=01;35:*.xwd=01;35:*.yuv=01;35:*.cgm=01;35:*.emf=01;35:*.ogv=01;35:*.ogx=01;35:*.aac=00;36:*.au=00;36:*.flac=00;36:*.m4a=00;36:*.mid=00;36:*.midi=00;36:*.mka=00;36:*.mp3=00;36:*.mpc=00;36:*.ogg=00;36:*.ra=00;36:*.wav=00;36:*.oga=00;36:*.opus=00;36:*.spx=00;36:*.xspf=00;36:', 'SSH_AGENT_LAUNCHER': 'gnome-keyring', 'SSH_AUTH_SOCK': '/run/user/1000/keyring/ssh', 'AMENT_PREFIX_PATH': '/home/tknika/gral-iiriondo-main/unitree_ws/install/aruco_markers_msgs:/opt/ros/humble', 'SHELL': '/bin/bash', 'TERMINATOR_UUID': 'urn:uuid:f0a7838f-55bf-43f6-be6e-78df5f9a939a', 'QT_ACCESSIBILITY': '1', 'GDMSESSION': 'ubuntu', 'LESSCLOSE': '/usr/bin/lesspipe %s %s', 'GPG_AGENT_INFO': '/run/user/1000/gnupg/S.gpg-agent:0:1', 'GJS_DEBUG_OUTPUT': 'stderr', 'QT_IM_MODULE': 'ibus', 'PWD': '/home/tknika/gral-iiriondo-main/unitree_ws/build/aruco_detector', 'XDG_CONFIG_DIRS': '/etc/xdg/xdg-ubuntu:/etc/xdg', 'XDG_DATA_DIRS': '/usr/share/ubuntu:/usr/share/gnome:/usr/local/share/:/usr/share/:/var/lib/snapd/desktop', 'PYTHONPATH': '/home/tknika/gral-iiriondo-main/unitree_ws/build/aruco_detector/prefix_override:/usr/lib/python3/dist-packages/colcon_core/task/python/colcon_distutils_commands:/home/tknika/gral-iiriondo-main/unitree_ws/install/aruco_detector/lib/python3.10/site-packages:/home/tknika/gral-iiriondo-main/unitree_ws/install/aruco_markers_msgs/local/lib/python3.10/dist-packages:/home/tknika/gral-iiriondo-main/unitree_ws/src/unitree_legged_sdk/lib/python/arm64:/opt/ros/humble/lib/python3.10/site-packages:/opt/ros/humble/local/lib/python3.10/dist-packages', 'COLCON': '1', 'VTE_VERSION': '6800', 'CMAKE_PREFIX_PATH': '/home/tknika/gral-iiriondo-main/unitree_ws/install/aruco_markers_msgs'}, 'shell': False}
[9.456688] (standing_mode) StdoutLine: {'line': b"reading manifest file 'standing_mode.egg-info/SOURCES.txt'\n"}
[9.458616] (standing_mode) StdoutLine: {'line': b"writing manifest file 'standing_mode.egg-info/SOURCES.txt'\n"}
[9.463667] (asr) StdoutLine: {'line': b"reading manifest file 'asr.egg-info/SOURCES.txt'\n"}
[9.465478] (asr) StdoutLine: {'line': b"writing manifest file 'asr.egg-info/SOURCES.txt'\n"}
[9.465824] (-) TimerEvent: {}
[9.479330] (mapping_configuration) StdoutLine: {'line': b'running build_ext\n'}
[9.480090] (mapping_configuration) StdoutLine: {'line': b'Creating /home/tknika/gral-iiriondo-main/unitree_ws/install/mapping_configuration/lib/python3.10/site-packages/mapping-configuration.egg-link (link to .)\n'}
[9.480723] (mapping_configuration) StdoutLine: {'line': b'Installing mapping_publishers script to /home/tknika/gral-iiriondo-main/unitree_ws/install/mapping_configuration/lib/mapping_configuration\n'}
[9.496033] (mapping_configuration) StdoutLine: {'line': b'\n'}
[9.496552] (mapping_configuration) StdoutLine: {'line': b'Installed /home/tknika/gral-iiriondo-main/unitree_ws/build/mapping_configuration\n'}
[9.496730] (speech_to_goal) Command: {'cmd': ['/usr/bin/python3', '-W', 'ignore:setup.py install is deprecated', '-W', 'ignore:easy_install command is deprecated', 'setup.py', 'develop', '--editable', '--build-directory', '/home/tknika/gral-iiriondo-main/unitree_ws/build/speech_to_goal/build', '--no-deps', 'symlink_data'], 'cwd': '/home/tknika/gral-iiriondo-main/unitree_ws/build/speech_to_goal', 'env': {'GJS_DEBUG_TOPICS': 'JS ERROR;JS LOG', 'LESSOPEN': '| /usr/bin/lesspipe %s', 'USER': 'tknika', 'OLLAMA_LLM_LIBRARY': 'cuda', 'XDG_SESSION_TYPE': 'x11', 'SHLVL': '1', 'LD_LIBRARY_PATH': '/home/tknika/gral-iiriondo-main/unitree_ws/install/speech_to_goal_interfaces/lib:/home/tknika/gral-iiriondo-main/unitree_ws/install/object_recognition_interfaces/lib:/usr/lib/aarch64-linux-gnu/nvidia:/usr/local/cuda/lib64:/opt/ros/humble/opt/rviz_ogre_vendor/lib:/opt/ros/humble/lib/aarch64-linux-gnu:/opt/ros/humble/lib:/usr/local/cuda-12.6/lib64', 'HOME': '/home/tknika', 'DESKTOP_SESSION': 'ubuntu', 'GIO_LAUNCHED_DESKTOP_FILE': '/usr/share/applications/terminator.desktop', 'ROS_PYTHON_VERSION': '3', 'GNOME_SHELL_SESSION_MODE': 'ubuntu', 'GTK_MODULES': 'gail:atk-bridge', 'MANAGERPID': '2504', 'SYSTEMD_EXEC_PID': '2680', 'DBUS_SESSION_BUS_ADDRESS': 'unix:path=/run/user/1000/bus', 'COLORTERM': 'truecolor', 'TERMINATOR_DBUS_NAME': 'net.tenshu.Terminator23558193cd9818af7fe4d2c2f5bd9d00f', 'GIO_LAUNCHED_DESKTOP_FILE_PID': '4209', 'IM_CONFIG_PHASE': '1', 'CUDA_VISIBLE_DEVICES': '0', 'ROS_DISTRO': 'humble', 'GTK_IM_MODULE': 'ibus', 'LOGNAME': 'tknika', 'JOURNAL_STREAM': '8:50749', '_': '/usr/bin/colcon', 'ROS_VERSION': '2', 'XDG_SESSION_CLASS': 'user', 'USERNAME': 'tknika', 'TERM': 'xterm-256color', 'GNOME_DESKTOP_SESSION_ID': 'this-is-deprecated', 'ROS_LOCALHOST_ONLY': '0', 'WINDOWPATH': '2', 'PATH': '/opt/ros/humble/bin:/usr/local/cuda-12.6/bin:/home/tknika/.cargo/bin:/home/tknika/.local/bin:/usr/local/sbin:/usr/local/bin:/usr/sbin:/usr/bin:/sbin:/bin:/usr/games:/usr/local/games:/snap/bin:/snap/bin', 'SESSION_MANAGER': 'local/ubuntu:@/tmp/.ICE-unix/2653,unix/ubuntu:/tmp/.ICE-unix/2653', 'INVOCATION_ID': '23499d00eeb9404d9453ff310186aa72', 'XDG_MENU_PREFIX': 'gnome-', 'XDG_RUNTIME_DIR': '/run/user/1000', 'DISPLAY': ':1', 'TERMINATOR_DBUS_PATH': '/net/tenshu/Terminator2', 'LANG': 'en_US.UTF-8', 'XDG_CURRENT_DESKTOP': 'ubuntu:GNOME', 'IBUS_DISABLE_SNOOPER': '1', 'XMODIFIERS': '@im=ibus', 'XDG_SESSION_DESKTOP': 'ubuntu', 'XAUTHORITY': '/run/user/1000/gdm/Xauthority', 'LS_COLORS': 'rs=0:di=01;34:ln=01;36:mh=00:pi=40;33:so=01;35:do=01;35:bd=40;33;01:cd=40;33;01:or=40;31;01:mi=00:su=37;41:sg=30;43:ca=30;41:tw=30;42:ow=34;42:st=37;44:ex=01;32:*.tar=01;31:*.tgz=01;31:*.arc=01;31:*.arj=01;31:*.taz=01;31:*.lha=01;31:*.lz4=01;31:*.lzh=01;31:*.lzma=01;31:*.tlz=01;31:*.txz=01;31:*.tzo=01;31:*.t7z=01;31:*.zip=01;31:*.z=01;31:*.dz=01;31:*.gz=01;31:*.lrz=01;31:*.lz=01;31:*.lzo=01;31:*.xz=01;31:*.zst=01;31:*.tzst=01;31:*.bz2=01;31:*.bz=01;31:*.tbz=01;31:*.tbz2=01;31:*.tz=01;31:*.deb=01;31:*.rpm=01;31:*.jar=01;31:*.war=01;31:*.ear=01;31:*.sar=01;31:*.rar=01;31:*.alz=01;31:*.ace=01;31:*.zoo=01;31:*.cpio=01;31:*.7z=01;31:*.rz=01;31:*.cab=01;31:*.wim=01;31:*.swm=01;31:*.dwm=01;31:*.esd=01;31:*.jpg=01;35:*.jpeg=01;35:*.mjpg=01;35:*.mjpeg=01;35:*.gif=01;35:*.bmp=01;35:*.pbm=01;35:*.pgm=01;35:*.ppm=01;35:*.tga=01;35:*.xbm=01;35:*.xpm=01;35:*.tif=01;35:*.tiff=01;35:*.png=01;35:*.svg=01;35:*.svgz=01;35:*.mng=01;35:*.pcx=01;35:*.mov=01;35:*.mpg=01;35:*.mpeg=01;35:*.m2v=01;35:*.mkv=01;35:*.webm=01;35:*.webp=01;35:*.ogm=01;35:*.mp4=01;35:*.m4v=01;35:*.mp4v=01;35:*.vob=01;35:*.qt=01;35:*.nuv=01;35:*.wmv=01;35:*.asf=01;35:*.rm=01;35:*.rmvb=01;35:*.flc=01;35:*.avi=01;35:*.fli=01;35:*.flv=01;35:*.gl=01;35:*.dl=01;35:*.xcf=01;35:*.xwd=01;35:*.yuv=01;35:*.cgm=01;35:*.emf=01;35:*.ogv=01;35:*.ogx=01;35:*.aac=00;36:*.au=00;36:*.flac=00;36:*.m4a=00;36:*.mid=00;36:*.midi=00;36:*.mka=00;36:*.mp3=00;36:*.mpc=00;36:*.ogg=00;36:*.ra=00;36:*.wav=00;36:*.oga=00;36:*.opus=00;36:*.spx=00;36:*.xspf=00;36:', 'SSH_AGENT_LAUNCHER': 'gnome-keyring', 'SSH_AUTH_SOCK': '/run/user/1000/keyring/ssh', 'AMENT_PREFIX_PATH': '/home/tknika/gral-iiriondo-main/unitree_ws/install/speech_to_goal_interfaces:/home/tknika/gral-iiriondo-main/unitree_ws/install/object_recognition_interfaces:/opt/ros/humble', 'SHELL': '/bin/bash', 'TERMINATOR_UUID': 'urn:uuid:f0a7838f-55bf-43f6-be6e-78df5f9a939a', 'QT_ACCESSIBILITY': '1', 'GDMSESSION': 'ubuntu', 'LESSCLOSE': '/usr/bin/lesspipe %s %s', 'GPG_AGENT_INFO': '/run/user/1000/gnupg/S.gpg-agent:0:1', 'GJS_DEBUG_OUTPUT': 'stderr', 'QT_IM_MODULE': 'ibus', 'PWD': '/home/tknika/gral-iiriondo-main/unitree_ws/build/speech_to_goal', 'XDG_CONFIG_DIRS': '/etc/xdg/xdg-ubuntu:/etc/xdg', 'XDG_DATA_DIRS': '/usr/share/ubuntu:/usr/share/gnome:/usr/local/share/:/usr/share/:/var/lib/snapd/desktop', 'PYTHONPATH': '/home/tknika/gral-iiriondo-main/unitree_ws/build/speech_to_goal/prefix_override:/usr/lib/python3/dist-packages/colcon_core/task/python/colcon_distutils_commands:/home/tknika/gral-iiriondo-main/unitree_ws/install/speech_to_goal/lib/python3.10/site-packages:/home/tknika/gral-iiriondo-main/unitree_ws/install/speech_to_goal_interfaces/local/lib/python3.10/dist-packages:/home/tknika/gral-iiriondo-main/unitree_ws/install/object_recognition_interfaces/local/lib/python3.10/dist-packages:/home/tknika/gral-iiriondo-main/unitree_ws/src/unitree_legged_sdk/lib/python/arm64:/opt/ros/humble/lib/python3.10/site-packages:/opt/ros/humble/local/lib/python3.10/dist-packages', 'COLCON': '1', 'VTE_VERSION': '6800', 'CMAKE_PREFIX_PATH': '/home/tknika/gral-iiriondo-main/unitree_ws/install/speech_to_goal_interfaces:/home/tknika/gral-iiriondo-main/unitree_ws/install/object_recognition_interfaces'}, 'shell': False}
[9.498403] (mapping_configuration) StdoutLine: {'line': b'running symlink_data\n'}
[9.521925] (asr) StdoutLine: {'line': b'running build_ext\n'}
[9.522374] (asr) StdoutLine: {'line': b'Creating /home/tknika/gral-iiriondo-main/unitree_ws/install/asr/lib/python3.10/site-packages/asr.egg-link (link to .)\n'}
[9.524762] (asr) StdoutLine: {'line': b'Installing vosk_node script to /home/tknika/gral-iiriondo-main/unitree_ws/install/asr/lib/asr\n'}
[9.525677] (asr) StdoutLine: {'line': b'Installing whisper_medium_node script to /home/tknika/gral-iiriondo-main/unitree_ws/install/asr/lib/asr\n'}
[9.526689] (asr) StdoutLine: {'line': b'\n'}
[9.526973] (asr) StdoutLine: {'line': b'Installed /home/tknika/gral-iiriondo-main/unitree_ws/build/asr\n'}
[9.527126] (asr) StdoutLine: {'line': b'running symlink_data\n'}
[9.531148] (standing_mode) StdoutLine: {'line': b'running build_ext\n'}
[9.531850] (standing_mode) StdoutLine: {'line': b'Creating /home/tknika/gral-iiriondo-main/unitree_ws/install/standing_mode/lib/python3.10/site-packages/standing-mode.egg-link (link to .)\n'}
[9.534202] (standing_mode) StdoutLine: {'line': b'Installing standing_mode script to /home/tknika/gral-iiriondo-main/unitree_ws/install/standing_mode/lib/standing_mode\n'}
[9.535000] (standing_mode) StdoutLine: {'line': b'\n'}
[9.543825] (standing_mode) StdoutLine: {'line': b'Installed /home/tknika/gral-iiriondo-main/unitree_ws/build/standing_mode\n'}
[9.544373] (standing_mode) StdoutLine: {'line': b'running symlink_data\n'}
[9.566023] (-) TimerEvent: {}
[9.603226] (go1_description) CommandEnded: {'returncode': 0}
[9.650172] (go1_description) JobEnded: {'identifier': 'go1_description', 'rc': 0}
[9.666208] (-) TimerEvent: {}
[9.740912] (mapping_configuration) CommandEnded: {'returncode': 0}
[9.766561] (-) TimerEvent: {}
[9.767632] (mapping_configuration) JobEnded: {'identifier': 'mapping_configuration', 'rc': 0}
[9.788191] (asr) CommandEnded: {'returncode': 0}
[9.806395] (asr) JobEnded: {'identifier': 'asr', 'rc': 0}
[9.813760] (standing_mode) CommandEnded: {'returncode': 0}
[9.831172] (standing_mode) JobEnded: {'identifier': 'standing_mode', 'rc': 0}
[9.866719] (-) TimerEvent: {}
[9.967337] (-) TimerEvent: {}
[10.067954] (-) TimerEvent: {}
[10.168570] (-) TimerEvent: {}
[10.269166] (-) TimerEvent: {}
[10.295848] (object_recognition) StdoutLine: {'line': b'running develop\n'}
[10.369355] (-) TimerEvent: {}
[10.456856] (aruco_detector) StdoutLine: {'line': b'running develop\n'}
[10.469445] (-) TimerEvent: {}
[10.472793] (speech_to_goal) StdoutLine: {'line': b'running develop\n'}
[10.569601] (-) TimerEvent: {}
[10.670216] (-) TimerEvent: {}
[10.770831] (-) TimerEvent: {}
[10.871547] (-) TimerEvent: {}
[10.925479] (object_recognition) StdoutLine: {'line': b'running egg_info\n'}
[10.966766] (object_recognition) StdoutLine: {'line': b'writing object_recognition.egg-info/PKG-INFO\n'}
[10.967395] (object_recognition) StdoutLine: {'line': b'writing dependency_links to object_recognition.egg-info/dependency_links.txt\n'}
[10.967893] (object_recognition) StdoutLine: {'line': b'writing entry points to object_recognition.egg-info/entry_points.txt\n'}
[10.968220] (object_recognition) StdoutLine: {'line': b'writing requirements to object_recognition.egg-info/requires.txt\n'}
[10.968456] (object_recognition) StdoutLine: {'line': b'writing top-level names to object_recognition.egg-info/top_level.txt\n'}
[10.971605] (-) TimerEvent: {}
[11.055803] (object_recognition) StdoutLine: {'line': b"reading manifest file 'object_recognition.egg-info/SOURCES.txt'\n"}
[11.057400] (object_recognition) StdoutLine: {'line': b"writing manifest file 'object_recognition.egg-info/SOURCES.txt'\n"}
[11.071775] (-) TimerEvent: {}
[11.090038] (aruco_detector) StdoutLine: {'line': b'running egg_info\n'}
[11.103565] (object_recognition) StdoutLine: {'line': b'running build_ext\n'}
[11.104008] (object_recognition) StdoutLine: {'line': b'Creating /home/tknika/gral-iiriondo-main/unitree_ws/install/object_recognition/lib/python3.10/site-packages/object-recognition.egg-link (link to .)\n'}
[11.105563] (object_recognition) StdoutLine: {'line': b'Installing object_recognition_node script to /home/tknika/gral-iiriondo-main/unitree_ws/install/object_recognition/lib/object_recognition\n'}
[11.106219] (object_recognition) StdoutLine: {'line': b'\n'}
[11.106443] (object_recognition) StdoutLine: {'line': b'Installed /home/tknika/gral-iiriondo-main/unitree_ws/build/object_recognition\n'}
[11.106654] (object_recognition) StdoutLine: {'line': b'running symlink_data\n'}
[11.108101] (speech_to_goal) StdoutLine: {'line': b'running egg_info\n'}
[11.131776] (aruco_detector) StdoutLine: {'line': b'writing aruco_detector.egg-info/PKG-INFO\n'}
[11.132613] (aruco_detector) StdoutLine: {'line': b'writing dependency_links to aruco_detector.egg-info/dependency_links.txt\n'}
[11.133250] (aruco_detector) StdoutLine: {'line': b'writing entry points to aruco_detector.egg-info/entry_points.txt\n'}
[11.133708] (aruco_detector) StdoutLine: {'line': b'writing requirements to aruco_detector.egg-info/requires.txt\n'}
[11.134013] (aruco_detector) StdoutLine: {'line': b'writing top-level names to aruco_detector.egg-info/top_level.txt\n'}
[11.150444] (speech_to_goal) StdoutLine: {'line': b'writing speech_to_goal.egg-info/PKG-INFO\n'}
[11.151229] (speech_to_goal) StdoutLine: {'line': b'writing dependency_links to speech_to_goal.egg-info/dependency_links.txt\n'}
[11.151902] (speech_to_goal) StdoutLine: {'line': b'writing entry points to speech_to_goal.egg-info/entry_points.txt\n'}
[11.152400] (speech_to_goal) StdoutLine: {'line': b'writing requirements to speech_to_goal.egg-info/requires.txt\n'}
[11.152664] (speech_to_goal) StdoutLine: {'line': b'writing top-level names to speech_to_goal.egg-info/top_level.txt\n'}
[11.171912] (-) TimerEvent: {}
[11.219912] (aruco_detector) StdoutLine: {'line': b"reading manifest file 'aruco_detector.egg-info/SOURCES.txt'\n"}
[11.221537] (aruco_detector) StdoutLine: {'line': b"writing manifest file 'aruco_detector.egg-info/SOURCES.txt'\n"}
[11.243517] (speech_to_goal) StdoutLine: {'line': b"reading manifest file 'speech_to_goal.egg-info/SOURCES.txt'\n"}
[11.245300] (speech_to_goal) StdoutLine: {'line': b"writing manifest file 'speech_to_goal.egg-info/SOURCES.txt'\n"}
[11.265581] (aruco_detector) StdoutLine: {'line': b'running build_ext\n'}
[11.266026] (aruco_detector) StdoutLine: {'line': b'Creating /home/tknika/gral-iiriondo-main/unitree_ws/install/aruco_detector/lib/python3.10/site-packages/aruco-detector.egg-link (link to .)\n'}
[11.267488] (aruco_detector) StdoutLine: {'line': b'Installing aruco_detector_node script to /home/tknika/gral-iiriondo-main/unitree_ws/install/aruco_detector/lib/aruco_detector\n'}
[11.267916] (aruco_detector) StdoutLine: {'line': b'Installing aruco_mapper_node script to /home/tknika/gral-iiriondo-main/unitree_ws/install/aruco_detector/lib/aruco_detector\n'}
[11.268368] (aruco_detector) StdoutLine: {'line': b'\n'}
[11.268556] (aruco_detector) StdoutLine: {'line': b'Installed /home/tknika/gral-iiriondo-main/unitree_ws/build/aruco_detector\n'}
[11.268690] (aruco_detector) StdoutLine: {'line': b'running symlink_data\n'}
[11.271993] (-) TimerEvent: {}
[11.290955] (speech_to_goal) StdoutLine: {'line': b'running build_ext\n'}
[11.291490] (speech_to_goal) StdoutLine: {'line': b'Creating /home/tknika/gral-iiriondo-main/unitree_ws/install/speech_to_goal/lib/python3.10/site-packages/speech-to-goal.egg-link (link to .)\n'}
[11.293251] (speech_to_goal) StdoutLine: {'line': b'Installing intent_classifier_node script to /home/tknika/gral-iiriondo-main/unitree_ws/install/speech_to_goal/lib/speech_to_goal\n'}
[11.294287] (speech_to_goal) StdoutLine: {'line': b'Installing speech_to_goal_llm_node script to /home/tknika/gral-iiriondo-main/unitree_ws/install/speech_to_goal/lib/speech_to_goal\n'}
[11.295968] (speech_to_goal) StdoutLine: {'line': b'Installing speech_to_goal_main_planner_node script to /home/tknika/gral-iiriondo-main/unitree_ws/install/speech_to_goal/lib/speech_to_goal\n'}
[11.296232] (object_recognition) CommandEnded: {'returncode': 0}
[11.297447] (speech_to_goal) StdoutLine: {'line': b'Installing speech_to_goal_node script to /home/tknika/gral-iiriondo-main/unitree_ws/install/speech_to_goal/lib/speech_to_goal\n'}
[11.297683] (speech_to_goal) StdoutLine: {'line': b'\n'}
[11.297861] (speech_to_goal) StdoutLine: {'line': b'Installed /home/tknika/gral-iiriondo-main/unitree_ws/build/speech_to_goal\n'}
[11.298351] (speech_to_goal) StdoutLine: {'line': b'running symlink_data\n'}
[11.316325] (object_recognition) JobEnded: {'identifier': 'object_recognition', 'rc': 0}
[11.372195] (-) TimerEvent: {}
[11.457602] (aruco_detector) CommandEnded: {'returncode': 0}
[11.472304] (-) TimerEvent: {}
[11.480966] (aruco_detector) JobEnded: {'identifier': 'aruco_detector', 'rc': 0}
[11.485681] (speech_to_goal) CommandEnded: {'returncode': 0}
[11.509474] (speech_to_goal) JobEnded: {'identifier': 'speech_to_goal', 'rc': 0}
[11.511871] (-) EventReactorShutdown: {}
