[0.246s] [34mcolcon[0m [1;30mDEBUG[0m [32mCommand line arguments: ['/usr/bin/colcon', 'build', '--symlink-install'][0m
[0.246s] [34mcolcon[0m [1;30mDEBUG[0m [32mParsed command line arguments: Namespace(log_base=None, log_level=None, verb_name='build', build_base='build', install_base='install', merge_install=False, symlink_install=True, test_result_base=None, continue_on_error=False, executor='parallel', parallel_workers=8, event_handlers=None, ignore_user_meta=False, metas=['./colcon.meta'], base_paths=['.'], packages_ignore=None, packages_ignore_regex=None, paths=None, packages_up_to=None, packages_up_to_regex=None, packages_above=None, packages_above_and_dependencies=None, packages_above_depth=None, packages_select_by_dep=None, packages_skip_by_dep=None, packages_skip_up_to=None, packages_select_build_failed=False, packages_skip_build_finished=False, packages_select_test_failures=False, packages_skip_test_passed=False, packages_select=None, packages_skip=None, packages_select_regex=None, packages_skip_regex=None, packages_start=None, packages_end=None, allow_overriding=[], cmake_args=None, cmake_target=None, cmake_target_skip_unavailable=False, cmake_clean_cache=False, cmake_clean_first=False, cmake_force_configure=False, ament_cmake_args=None, catkin_cmake_args=None, catkin_skip_building_tests=False, verb_parser=<colcon_defaults.argument_parser.defaults.DefaultArgumentsDecorator object at 0xffff965d1690>, verb_extension=<colcon_core.verb.build.BuildVerb object at 0xffff966ef160>, main=<bound method BuildVerb.main of <colcon_core.verb.build.BuildVerb object at 0xffff966ef160>>)[0m
[0.807s] [34mcolcon.colcon_core.package_discovery[0m [1;30mLevel 1[0m discover_packages(colcon_meta) check parameters
[0.807s] [34mcolcon.colcon_core.package_discovery[0m [1;30mLevel 1[0m discover_packages(recursive) check parameters
[0.807s] [34mcolcon.colcon_core.package_discovery[0m [1;30mLevel 1[0m discover_packages(ignore) check parameters
[0.807s] [34mcolcon.colcon_core.package_discovery[0m [1;30mLevel 1[0m discover_packages(path) check parameters
[0.807s] [34mcolcon.colcon_core.package_discovery[0m [1;30mLevel 1[0m discover_packages(colcon_meta) discover
[0.808s] [34mcolcon.colcon_core.package_discovery[0m [1;30mLevel 1[0m discover_packages(recursive) discover
[0.808s] [34mcolcon.colcon_core.package_discovery[0m [1;30mINFO[0m Crawling recursively for packages in '/home/tknika/gral-iiriondo-main/unitree_ws'
[0.808s] [34mcolcon.colcon_core.package_identification[0m [1;30mLevel 1[0m _identify(.) by extensions ['ignore', 'ignore_ament_install']
[0.808s] [34mcolcon.colcon_core.package_identification[0m [1;30mLevel 1[0m _identify(.) by extension 'ignore'
[0.808s] [34mcolcon.colcon_core.package_identification[0m [1;30mLevel 1[0m _identify(.) by extension 'ignore_ament_install'
[0.809s] [34mcolcon.colcon_core.package_identification[0m [1;30mLevel 1[0m _identify(.) by extensions ['colcon_pkg']
[0.809s] [34mcolcon.colcon_core.package_identification[0m [1;30mLevel 1[0m _identify(.) by extension 'colcon_pkg'
[0.809s] [34mcolcon.colcon_core.package_identification[0m [1;30mLevel 1[0m _identify(.) by extensions ['colcon_meta']
[0.809s] [34mcolcon.colcon_core.package_identification[0m [1;30mLevel 1[0m _identify(.) by extension 'colcon_meta'
[0.809s] [34mcolcon.colcon_core.package_identification[0m [1;30mLevel 1[0m _identify(.) by extensions ['ros']
[0.809s] [34mcolcon.colcon_core.package_identification[0m [1;30mLevel 1[0m _identify(.) by extension 'ros'
[0.836s] [34mcolcon.colcon_core.package_identification[0m [1;30mLevel 1[0m _identify(.) by extensions ['cmake', 'python']
[0.836s] [34mcolcon.colcon_core.package_identification[0m [1;30mLevel 1[0m _identify(.) by extension 'cmake'
[0.836s] [34mcolcon.colcon_core.package_identification[0m [1;30mLevel 1[0m _identify(.) by extension 'python'
[0.836s] [34mcolcon.colcon_core.package_identification[0m [1;30mLevel 1[0m _identify(.) by extensions ['python_setup_py']
[0.836s] [34mcolcon.colcon_core.package_identification[0m [1;30mLevel 1[0m _identify(.) by extension 'python_setup_py'
[0.837s] [34mcolcon.colcon_core.package_identification[0m [1;30mLevel 1[0m _identify(build) by extensions ['ignore', 'ignore_ament_install']
[0.837s] [34mcolcon.colcon_core.package_identification[0m [1;30mLevel 1[0m _identify(build) by extension 'ignore'
[0.837s] [34mcolcon.colcon_core.package_identification[0m [1;30mLevel 1[0m _identify(build) ignored
[0.837s] [34mcolcon.colcon_core.package_identification[0m [1;30mLevel 1[0m _identify(install) by extensions ['ignore', 'ignore_ament_install']
[0.838s] [34mcolcon.colcon_core.package_identification[0m [1;30mLevel 1[0m _identify(install) by extension 'ignore'
[0.838s] [34mcolcon.colcon_core.package_identification[0m [1;30mLevel 1[0m _identify(install) ignored
[0.838s] [34mcolcon.colcon_core.package_identification[0m [1;30mLevel 1[0m _identify(log) by extensions ['ignore', 'ignore_ament_install']
[0.838s] [34mcolcon.colcon_core.package_identification[0m [1;30mLevel 1[0m _identify(log) by extension 'ignore'
[0.838s] [34mcolcon.colcon_core.package_identification[0m [1;30mLevel 1[0m _identify(log) ignored
[0.838s] [34mcolcon.colcon_core.package_identification[0m [1;30mLevel 1[0m _identify(src) by extensions ['ignore', 'ignore_ament_install']
[0.839s] [34mcolcon.colcon_core.package_identification[0m [1;30mLevel 1[0m _identify(src) by extension 'ignore'
[0.839s] [34mcolcon.colcon_core.package_identification[0m [1;30mLevel 1[0m _identify(src) by extension 'ignore_ament_install'
[0.839s] [34mcolcon.colcon_core.package_identification[0m [1;30mLevel 1[0m _identify(src) by extensions ['colcon_pkg']
[0.839s] [34mcolcon.colcon_core.package_identification[0m [1;30mLevel 1[0m _identify(src) by extension 'colcon_pkg'
[0.839s] [34mcolcon.colcon_core.package_identification[0m [1;30mLevel 1[0m _identify(src) by extensions ['colcon_meta']
[0.839s] [34mcolcon.colcon_core.package_identification[0m [1;30mLevel 1[0m _identify(src) by extension 'colcon_meta'
[0.839s] [34mcolcon.colcon_core.package_identification[0m [1;30mLevel 1[0m _identify(src) by extensions ['ros']
[0.839s] [34mcolcon.colcon_core.package_identification[0m [1;30mLevel 1[0m _identify(src) by extension 'ros'
[0.839s] [34mcolcon.colcon_core.package_identification[0m [1;30mLevel 1[0m _identify(src) by extensions ['cmake', 'python']
[0.839s] [34mcolcon.colcon_core.package_identification[0m [1;30mLevel 1[0m _identify(src) by extension 'cmake'
[0.840s] [34mcolcon.colcon_core.package_identification[0m [1;30mLevel 1[0m _identify(src) by extension 'python'
[0.840s] [34mcolcon.colcon_core.package_identification[0m [1;30mLevel 1[0m _identify(src) by extensions ['python_setup_py']
[0.840s] [34mcolcon.colcon_core.package_identification[0m [1;30mLevel 1[0m _identify(src) by extension 'python_setup_py'
[0.840s] [34mcolcon.colcon_core.package_identification[0m [1;30mLevel 1[0m _identify(src/aruco_detector) by extensions ['ignore', 'ignore_ament_install']
[0.840s] [34mcolcon.colcon_core.package_identification[0m [1;30mLevel 1[0m _identify(src/aruco_detector) by extension 'ignore'
[0.840s] [34mcolcon.colcon_core.package_identification[0m [1;30mLevel 1[0m _identify(src/aruco_detector) by extension 'ignore_ament_install'
[0.840s] [34mcolcon.colcon_core.package_identification[0m [1;30mLevel 1[0m _identify(src/aruco_detector) by extensions ['colcon_pkg']
[0.840s] [34mcolcon.colcon_core.package_identification[0m [1;30mLevel 1[0m _identify(src/aruco_detector) by extension 'colcon_pkg'
[0.841s] [34mcolcon.colcon_core.package_identification[0m [1;30mLevel 1[0m _identify(src/aruco_detector) by extensions ['colcon_meta']
[0.841s] [34mcolcon.colcon_core.package_identification[0m [1;30mLevel 1[0m _identify(src/aruco_detector) by extension 'colcon_meta'
[0.841s] [34mcolcon.colcon_core.package_identification[0m [1;30mLevel 1[0m _identify(src/aruco_detector) by extensions ['ros']
[0.841s] [34mcolcon.colcon_core.package_identification[0m [1;30mLevel 1[0m _identify(src/aruco_detector) by extension 'ros'
[0.847s] [34mcolcon.colcon_core.package_identification[0m [1;30mDEBUG[0m [32mPackage 'src/aruco_detector' with type 'ros.ament_python' and name 'aruco_detector'[0m
[0.848s] [34mcolcon.colcon_core.package_identification[0m [1;30mLevel 1[0m _identify(src/aruco_markers_msgs) by extensions ['ignore', 'ignore_ament_install']
[0.848s] [34mcolcon.colcon_core.package_identification[0m [1;30mLevel 1[0m _identify(src/aruco_markers_msgs) by extension 'ignore'
[0.848s] [34mcolcon.colcon_core.package_identification[0m [1;30mLevel 1[0m _identify(src/aruco_markers_msgs) by extension 'ignore_ament_install'
[0.848s] [34mcolcon.colcon_core.package_identification[0m [1;30mLevel 1[0m _identify(src/aruco_markers_msgs) by extensions ['colcon_pkg']
[0.848s] [34mcolcon.colcon_core.package_identification[0m [1;30mLevel 1[0m _identify(src/aruco_markers_msgs) by extension 'colcon_pkg'
[0.848s] [34mcolcon.colcon_core.package_identification[0m [1;30mLevel 1[0m _identify(src/aruco_markers_msgs) by extensions ['colcon_meta']
[0.848s] [34mcolcon.colcon_core.package_identification[0m [1;30mLevel 1[0m _identify(src/aruco_markers_msgs) by extension 'colcon_meta'
[0.849s] [34mcolcon.colcon_core.package_identification[0m [1;30mLevel 1[0m _identify(src/aruco_markers_msgs) by extensions ['ros']
[0.849s] [34mcolcon.colcon_core.package_identification[0m [1;30mLevel 1[0m _identify(src/aruco_markers_msgs) by extension 'ros'
[0.850s] [34mcolcon.colcon_core.package_identification[0m [1;30mDEBUG[0m [32mPackage 'src/aruco_markers_msgs' with type 'ros.ament_cmake' and name 'aruco_markers_msgs'[0m
[0.851s] [34mcolcon.colcon_core.package_identification[0m [1;30mLevel 1[0m _identify(src/asr) by extensions ['ignore', 'ignore_ament_install']
[0.851s] [34mcolcon.colcon_core.package_identification[0m [1;30mLevel 1[0m _identify(src/asr) by extension 'ignore'
[0.851s] [34mcolcon.colcon_core.package_identification[0m [1;30mLevel 1[0m _identify(src/asr) by extension 'ignore_ament_install'
[0.851s] [34mcolcon.colcon_core.package_identification[0m [1;30mLevel 1[0m _identify(src/asr) by extensions ['colcon_pkg']
[0.851s] [34mcolcon.colcon_core.package_identification[0m [1;30mLevel 1[0m _identify(src/asr) by extension 'colcon_pkg'
[0.851s] [34mcolcon.colcon_core.package_identification[0m [1;30mLevel 1[0m _identify(src/asr) by extensions ['colcon_meta']
[0.851s] [34mcolcon.colcon_core.package_identification[0m [1;30mLevel 1[0m _identify(src/asr) by extension 'colcon_meta'
[0.851s] [34mcolcon.colcon_core.package_identification[0m [1;30mLevel 1[0m _identify(src/asr) by extensions ['ros']
[0.851s] [34mcolcon.colcon_core.package_identification[0m [1;30mLevel 1[0m _identify(src/asr) by extension 'ros'
[0.853s] [34mcolcon.colcon_core.package_identification[0m [1;30mDEBUG[0m [32mPackage 'src/asr' with type 'ros.ament_python' and name 'asr'[0m
[0.853s] [34mcolcon.colcon_core.package_identification[0m [1;30mLevel 1[0m _identify(src/go1_description) by extensions ['ignore', 'ignore_ament_install']
[0.853s] [34mcolcon.colcon_core.package_identification[0m [1;30mLevel 1[0m _identify(src/go1_description) by extension 'ignore'
[0.853s] [34mcolcon.colcon_core.package_identification[0m [1;30mLevel 1[0m _identify(src/go1_description) by extension 'ignore_ament_install'
[0.853s] [34mcolcon.colcon_core.package_identification[0m [1;30mLevel 1[0m _identify(src/go1_description) by extensions ['colcon_pkg']
[0.853s] [34mcolcon.colcon_core.package_identification[0m [1;30mLevel 1[0m _identify(src/go1_description) by extension 'colcon_pkg'
[0.854s] [34mcolcon.colcon_core.package_identification[0m [1;30mLevel 1[0m _identify(src/go1_description) by extensions ['colcon_meta']
[0.854s] [34mcolcon.colcon_core.package_identification[0m [1;30mLevel 1[0m _identify(src/go1_description) by extension 'colcon_meta'
[0.854s] [34mcolcon.colcon_core.package_identification[0m [1;30mLevel 1[0m _identify(src/go1_description) by extensions ['ros']
[0.854s] [34mcolcon.colcon_core.package_identification[0m [1;30mLevel 1[0m _identify(src/go1_description) by extension 'ros'
[0.855s] [34mcolcon.colcon_core.package_identification[0m [1;30mDEBUG[0m [32mPackage 'src/go1_description' with type 'ros.ament_python' and name 'go1_description'[0m
[0.855s] [34mcolcon.colcon_core.package_identification[0m [1;30mLevel 1[0m _identify(src/mapping_configuration) by extensions ['ignore', 'ignore_ament_install']
[0.855s] [34mcolcon.colcon_core.package_identification[0m [1;30mLevel 1[0m _identify(src/mapping_configuration) by extension 'ignore'
[0.855s] [34mcolcon.colcon_core.package_identification[0m [1;30mLevel 1[0m _identify(src/mapping_configuration) by extension 'ignore_ament_install'
[0.856s] [34mcolcon.colcon_core.package_identification[0m [1;30mLevel 1[0m _identify(src/mapping_configuration) by extensions ['colcon_pkg']
[0.856s] [34mcolcon.colcon_core.package_identification[0m [1;30mLevel 1[0m _identify(src/mapping_configuration) by extension 'colcon_pkg'
[0.856s] [34mcolcon.colcon_core.package_identification[0m [1;30mLevel 1[0m _identify(src/mapping_configuration) by extensions ['colcon_meta']
[0.856s] [34mcolcon.colcon_core.package_identification[0m [1;30mLevel 1[0m _identify(src/mapping_configuration) by extension 'colcon_meta'
[0.856s] [34mcolcon.colcon_core.package_identification[0m [1;30mLevel 1[0m _identify(src/mapping_configuration) by extensions ['ros']
[0.856s] [34mcolcon.colcon_core.package_identification[0m [1;30mLevel 1[0m _identify(src/mapping_configuration) by extension 'ros'
[0.857s] [34mcolcon.colcon_core.package_identification[0m [1;30mDEBUG[0m [32mPackage 'src/mapping_configuration' with type 'ros.ament_python' and name 'mapping_configuration'[0m
[0.858s] [34mcolcon.colcon_core.package_identification[0m [1;30mLevel 1[0m _identify(src/object_recognition) by extensions ['ignore', 'ignore_ament_install']
[0.858s] [34mcolcon.colcon_core.package_identification[0m [1;30mLevel 1[0m _identify(src/object_recognition) by extension 'ignore'
[0.858s] [34mcolcon.colcon_core.package_identification[0m [1;30mLevel 1[0m _identify(src/object_recognition) by extension 'ignore_ament_install'
[0.858s] [34mcolcon.colcon_core.package_identification[0m [1;30mLevel 1[0m _identify(src/object_recognition) by extensions ['colcon_pkg']
[0.858s] [34mcolcon.colcon_core.package_identification[0m [1;30mLevel 1[0m _identify(src/object_recognition) by extension 'colcon_pkg'
[0.858s] [34mcolcon.colcon_core.package_identification[0m [1;30mLevel 1[0m _identify(src/object_recognition) by extensions ['colcon_meta']
[0.859s] [34mcolcon.colcon_core.package_identification[0m [1;30mLevel 1[0m _identify(src/object_recognition) by extension 'colcon_meta'
[0.859s] [34mcolcon.colcon_core.package_identification[0m [1;30mLevel 1[0m _identify(src/object_recognition) by extensions ['ros']
[0.859s] [34mcolcon.colcon_core.package_identification[0m [1;30mLevel 1[0m _identify(src/object_recognition) by extension 'ros'
[0.863s] [34mcolcon.colcon_core.package_identification[0m [1;30mDEBUG[0m [32mPackage 'src/object_recognition' with type 'ros.ament_python' and name 'object_recognition'[0m
[0.864s] [34mcolcon.colcon_core.package_identification[0m [1;30mLevel 1[0m _identify(src/object_recognition_interfaces) by extensions ['ignore', 'ignore_ament_install']
[0.864s] [34mcolcon.colcon_core.package_identification[0m [1;30mLevel 1[0m _identify(src/object_recognition_interfaces) by extension 'ignore'
[0.864s] [34mcolcon.colcon_core.package_identification[0m [1;30mLevel 1[0m _identify(src/object_recognition_interfaces) by extension 'ignore_ament_install'
[0.864s] [34mcolcon.colcon_core.package_identification[0m [1;30mLevel 1[0m _identify(src/object_recognition_interfaces) by extensions ['colcon_pkg']
[0.864s] [34mcolcon.colcon_core.package_identification[0m [1;30mLevel 1[0m _identify(src/object_recognition_interfaces) by extension 'colcon_pkg'
[0.865s] [34mcolcon.colcon_core.package_identification[0m [1;30mLevel 1[0m _identify(src/object_recognition_interfaces) by extensions ['colcon_meta']
[0.865s] [34mcolcon.colcon_core.package_identification[0m [1;30mLevel 1[0m _identify(src/object_recognition_interfaces) by extension 'colcon_meta'
[0.865s] [34mcolcon.colcon_core.package_identification[0m [1;30mLevel 1[0m _identify(src/object_recognition_interfaces) by extensions ['ros']
[0.865s] [34mcolcon.colcon_core.package_identification[0m [1;30mLevel 1[0m _identify(src/object_recognition_interfaces) by extension 'ros'
[0.866s] [34mcolcon.colcon_core.package_identification[0m [1;30mDEBUG[0m [32mPackage 'src/object_recognition_interfaces' with type 'ros.ament_cmake' and name 'object_recognition_interfaces'[0m
[0.866s] [34mcolcon.colcon_core.package_identification[0m [1;30mLevel 1[0m _identify(src/speech_to_goal) by extensions ['ignore', 'ignore_ament_install']
[0.867s] [34mcolcon.colcon_core.package_identification[0m [1;30mLevel 1[0m _identify(src/speech_to_goal) by extension 'ignore'
[0.867s] [34mcolcon.colcon_core.package_identification[0m [1;30mLevel 1[0m _identify(src/speech_to_goal) by extension 'ignore_ament_install'
[0.867s] [34mcolcon.colcon_core.package_identification[0m [1;30mLevel 1[0m _identify(src/speech_to_goal) by extensions ['colcon_pkg']
[0.867s] [34mcolcon.colcon_core.package_identification[0m [1;30mLevel 1[0m _identify(src/speech_to_goal) by extension 'colcon_pkg'
[0.867s] [34mcolcon.colcon_core.package_identification[0m [1;30mLevel 1[0m _identify(src/speech_to_goal) by extensions ['colcon_meta']
[0.867s] [34mcolcon.colcon_core.package_identification[0m [1;30mLevel 1[0m _identify(src/speech_to_goal) by extension 'colcon_meta'
[0.867s] [34mcolcon.colcon_core.package_identification[0m [1;30mLevel 1[0m _identify(src/speech_to_goal) by extensions ['ros']
[0.867s] [34mcolcon.colcon_core.package_identification[0m [1;30mLevel 1[0m _identify(src/speech_to_goal) by extension 'ros'
[0.869s] [34mcolcon.colcon_core.package_identification[0m [1;30mDEBUG[0m [32mPackage 'src/speech_to_goal' with type 'ros.ament_python' and name 'speech_to_goal'[0m
[0.869s] [34mcolcon.colcon_core.package_identification[0m [1;30mLevel 1[0m _identify(src/speech_to_goal_interfaces) by extensions ['ignore', 'ignore_ament_install']
[0.869s] [34mcolcon.colcon_core.package_identification[0m [1;30mLevel 1[0m _identify(src/speech_to_goal_interfaces) by extension 'ignore'
[0.869s] [34mcolcon.colcon_core.package_identification[0m [1;30mLevel 1[0m _identify(src/speech_to_goal_interfaces) by extension 'ignore_ament_install'
[0.870s] [34mcolcon.colcon_core.package_identification[0m [1;30mLevel 1[0m _identify(src/speech_to_goal_interfaces) by extensions ['colcon_pkg']
[0.870s] [34mcolcon.colcon_core.package_identification[0m [1;30mLevel 1[0m _identify(src/speech_to_goal_interfaces) by extension 'colcon_pkg'
[0.870s] [34mcolcon.colcon_core.package_identification[0m [1;30mLevel 1[0m _identify(src/speech_to_goal_interfaces) by extensions ['colcon_meta']
[0.870s] [34mcolcon.colcon_core.package_identification[0m [1;30mLevel 1[0m _identify(src/speech_to_goal_interfaces) by extension 'colcon_meta'
[0.870s] [34mcolcon.colcon_core.package_identification[0m [1;30mLevel 1[0m _identify(src/speech_to_goal_interfaces) by extensions ['ros']
[0.870s] [34mcolcon.colcon_core.package_identification[0m [1;30mLevel 1[0m _identify(src/speech_to_goal_interfaces) by extension 'ros'
[0.871s] [34mcolcon.colcon_core.package_identification[0m [1;30mDEBUG[0m [32mPackage 'src/speech_to_goal_interfaces' with type 'ros.ament_cmake' and name 'speech_to_goal_interfaces'[0m
[0.871s] [34mcolcon.colcon_core.package_identification[0m [1;30mLevel 1[0m _identify(src/standing_mode) by extensions ['ignore', 'ignore_ament_install']
[0.871s] [34mcolcon.colcon_core.package_identification[0m [1;30mLevel 1[0m _identify(src/standing_mode) by extension 'ignore'
[0.872s] [34mcolcon.colcon_core.package_identification[0m [1;30mLevel 1[0m _identify(src/standing_mode) by extension 'ignore_ament_install'
[0.872s] [34mcolcon.colcon_core.package_identification[0m [1;30mLevel 1[0m _identify(src/standing_mode) by extensions ['colcon_pkg']
[0.872s] [34mcolcon.colcon_core.package_identification[0m [1;30mLevel 1[0m _identify(src/standing_mode) by extension 'colcon_pkg'
[0.872s] [34mcolcon.colcon_core.package_identification[0m [1;30mLevel 1[0m _identify(src/standing_mode) by extensions ['colcon_meta']
[0.872s] [34mcolcon.colcon_core.package_identification[0m [1;30mLevel 1[0m _identify(src/standing_mode) by extension 'colcon_meta'
[0.872s] [34mcolcon.colcon_core.package_identification[0m [1;30mLevel 1[0m _identify(src/standing_mode) by extensions ['ros']
[0.872s] [34mcolcon.colcon_core.package_identification[0m [1;30mLevel 1[0m _identify(src/standing_mode) by extension 'ros'
[0.873s] [34mcolcon.colcon_core.package_identification[0m [1;30mDEBUG[0m [32mPackage 'src/standing_mode' with type 'ros.ament_python' and name 'standing_mode'[0m
[0.874s] [34mcolcon.colcon_core.package_identification[0m [1;30mLevel 1[0m _identify(src/unitree_legged_sdk) by extensions ['ignore', 'ignore_ament_install']
[0.874s] [34mcolcon.colcon_core.package_identification[0m [1;30mLevel 1[0m _identify(src/unitree_legged_sdk) by extension 'ignore'
[0.874s] [34mcolcon.colcon_core.package_identification[0m [1;30mLevel 1[0m _identify(src/unitree_legged_sdk) ignored
[0.874s] [34mcolcon.colcon_core.package_discovery[0m [1;30mLevel 1[0m discover_packages(recursive) using defaults
[0.874s] [34mcolcon.colcon_core.package_discovery[0m [1;30mLevel 1[0m discover_packages(ignore) discover
[0.874s] [34mcolcon.colcon_core.package_discovery[0m [1;30mLevel 1[0m discover_packages(ignore) using defaults
[0.874s] [34mcolcon.colcon_core.package_discovery[0m [1;30mLevel 1[0m discover_packages(path) discover
[0.874s] [34mcolcon.colcon_core.package_discovery[0m [1;30mLevel 1[0m discover_packages(path) using defaults
[0.907s] [34mcolcon.colcon_core.package_discovery[0m [1;30mLevel 1[0m discover_packages(prefix_path) check parameters
[0.907s] [34mcolcon.colcon_core.package_discovery[0m [1;30mLevel 1[0m discover_packages(prefix_path) discover
[0.912s] [34mcolcon.colcon_installed_package_information.package_discovery[0m [1;30mDEBUG[0m [32mFound 274 installed packages in /opt/ros/humble[0m
[0.914s] [34mcolcon.colcon_core.package_discovery[0m [1;30mLevel 1[0m discover_packages(prefix_path) using defaults
[0.982s] [34mcolcon.colcon_core.verb[0m [1;30mLevel 5[0m set package 'aruco_markers_msgs' build argument 'cmake_args' from command line to 'None'
[0.983s] [34mcolcon.colcon_core.verb[0m [1;30mLevel 5[0m set package 'aruco_markers_msgs' build argument 'cmake_target' from command line to 'None'
[0.983s] [34mcolcon.colcon_core.verb[0m [1;30mLevel 5[0m set package 'aruco_markers_msgs' build argument 'cmake_target_skip_unavailable' from command line to 'False'
[0.983s] [34mcolcon.colcon_core.verb[0m [1;30mLevel 5[0m set package 'aruco_markers_msgs' build argument 'cmake_clean_cache' from command line to 'False'
[0.983s] [34mcolcon.colcon_core.verb[0m [1;30mLevel 5[0m set package 'aruco_markers_msgs' build argument 'cmake_clean_first' from command line to 'False'
[0.983s] [34mcolcon.colcon_core.verb[0m [1;30mLevel 5[0m set package 'aruco_markers_msgs' build argument 'cmake_force_configure' from command line to 'False'
[0.983s] [34mcolcon.colcon_core.verb[0m [1;30mLevel 5[0m set package 'aruco_markers_msgs' build argument 'ament_cmake_args' from command line to 'None'
[0.983s] [34mcolcon.colcon_core.verb[0m [1;30mLevel 5[0m set package 'aruco_markers_msgs' build argument 'catkin_cmake_args' from command line to 'None'
[0.983s] [34mcolcon.colcon_core.verb[0m [1;30mLevel 5[0m set package 'aruco_markers_msgs' build argument 'catkin_skip_building_tests' from command line to 'False'
[0.983s] [34mcolcon.colcon_core.verb[0m [1;30mDEBUG[0m [32mBuilding package 'aruco_markers_msgs' with the following arguments: {'ament_cmake_args': None, 'build_base': '/home/tknika/gral-iiriondo-main/unitree_ws/build/aruco_markers_msgs', 'catkin_cmake_args': None, 'catkin_skip_building_tests': False, 'cmake_args': None, 'cmake_clean_cache': False, 'cmake_clean_first': False, 'cmake_force_configure': False, 'cmake_target': None, 'cmake_target_skip_unavailable': False, 'install_base': '/home/tknika/gral-iiriondo-main/unitree_ws/install/aruco_markers_msgs', 'merge_install': False, 'path': '/home/tknika/gral-iiriondo-main/unitree_ws/src/aruco_markers_msgs', 'symlink_install': True, 'test_result_base': None}[0m
[0.984s] [34mcolcon.colcon_core.verb[0m [1;30mLevel 5[0m set package 'asr' build argument 'cmake_args' from command line to 'None'
[0.984s] [34mcolcon.colcon_core.verb[0m [1;30mLevel 5[0m set package 'asr' build argument 'cmake_target' from command line to 'None'
[0.984s] [34mcolcon.colcon_core.verb[0m [1;30mLevel 5[0m set package 'asr' build argument 'cmake_target_skip_unavailable' from command line to 'False'
[0.984s] [34mcolcon.colcon_core.verb[0m [1;30mLevel 5[0m set package 'asr' build argument 'cmake_clean_cache' from command line to 'False'
[0.984s] [34mcolcon.colcon_core.verb[0m [1;30mLevel 5[0m set package 'asr' build argument 'cmake_clean_first' from command line to 'False'
[0.984s] [34mcolcon.colcon_core.verb[0m [1;30mLevel 5[0m set package 'asr' build argument 'cmake_force_configure' from command line to 'False'
[0.984s] [34mcolcon.colcon_core.verb[0m [1;30mLevel 5[0m set package 'asr' build argument 'ament_cmake_args' from command line to 'None'
[0.984s] [34mcolcon.colcon_core.verb[0m [1;30mLevel 5[0m set package 'asr' build argument 'catkin_cmake_args' from command line to 'None'
[0.984s] [34mcolcon.colcon_core.verb[0m [1;30mLevel 5[0m set package 'asr' build argument 'catkin_skip_building_tests' from command line to 'False'
[0.984s] [34mcolcon.colcon_core.verb[0m [1;30mDEBUG[0m [32mBuilding package 'asr' with the following arguments: {'ament_cmake_args': None, 'build_base': '/home/tknika/gral-iiriondo-main/unitree_ws/build/asr', 'catkin_cmake_args': None, 'catkin_skip_building_tests': False, 'cmake_args': None, 'cmake_clean_cache': False, 'cmake_clean_first': False, 'cmake_force_configure': False, 'cmake_target': None, 'cmake_target_skip_unavailable': False, 'install_base': '/home/tknika/gral-iiriondo-main/unitree_ws/install/asr', 'merge_install': False, 'path': '/home/tknika/gral-iiriondo-main/unitree_ws/src/asr', 'symlink_install': True, 'test_result_base': None}[0m
[0.985s] [34mcolcon.colcon_core.verb[0m [1;30mLevel 5[0m set package 'go1_description' build argument 'cmake_args' from command line to 'None'
[0.985s] [34mcolcon.colcon_core.verb[0m [1;30mLevel 5[0m set package 'go1_description' build argument 'cmake_target' from command line to 'None'
[0.985s] [34mcolcon.colcon_core.verb[0m [1;30mLevel 5[0m set package 'go1_description' build argument 'cmake_target_skip_unavailable' from command line to 'False'
[0.985s] [34mcolcon.colcon_core.verb[0m [1;30mLevel 5[0m set package 'go1_description' build argument 'cmake_clean_cache' from command line to 'False'
[0.985s] [34mcolcon.colcon_core.verb[0m [1;30mLevel 5[0m set package 'go1_description' build argument 'cmake_clean_first' from command line to 'False'
[0.985s] [34mcolcon.colcon_core.verb[0m [1;30mLevel 5[0m set package 'go1_description' build argument 'cmake_force_configure' from command line to 'False'
[0.985s] [34mcolcon.colcon_core.verb[0m [1;30mLevel 5[0m set package 'go1_description' build argument 'ament_cmake_args' from command line to 'None'
[0.985s] [34mcolcon.colcon_core.verb[0m [1;30mLevel 5[0m set package 'go1_description' build argument 'catkin_cmake_args' from command line to 'None'
[0.985s] [34mcolcon.colcon_core.verb[0m [1;30mLevel 5[0m set package 'go1_description' build argument 'catkin_skip_building_tests' from command line to 'False'
[0.985s] [34mcolcon.colcon_core.verb[0m [1;30mDEBUG[0m [32mBuilding package 'go1_description' with the following arguments: {'ament_cmake_args': None, 'build_base': '/home/tknika/gral-iiriondo-main/unitree_ws/build/go1_description', 'catkin_cmake_args': None, 'catkin_skip_building_tests': False, 'cmake_args': None, 'cmake_clean_cache': False, 'cmake_clean_first': False, 'cmake_force_configure': False, 'cmake_target': None, 'cmake_target_skip_unavailable': False, 'install_base': '/home/tknika/gral-iiriondo-main/unitree_ws/install/go1_description', 'merge_install': False, 'path': '/home/tknika/gral-iiriondo-main/unitree_ws/src/go1_description', 'symlink_install': True, 'test_result_base': None}[0m
[0.986s] [34mcolcon.colcon_core.verb[0m [1;30mLevel 5[0m set package 'mapping_configuration' build argument 'cmake_args' from command line to 'None'
[0.986s] [34mcolcon.colcon_core.verb[0m [1;30mLevel 5[0m set package 'mapping_configuration' build argument 'cmake_target' from command line to 'None'
[0.986s] [34mcolcon.colcon_core.verb[0m [1;30mLevel 5[0m set package 'mapping_configuration' build argument 'cmake_target_skip_unavailable' from command line to 'False'
[0.986s] [34mcolcon.colcon_core.verb[0m [1;30mLevel 5[0m set package 'mapping_configuration' build argument 'cmake_clean_cache' from command line to 'False'
[0.986s] [34mcolcon.colcon_core.verb[0m [1;30mLevel 5[0m set package 'mapping_configuration' build argument 'cmake_clean_first' from command line to 'False'
[0.986s] [34mcolcon.colcon_core.verb[0m [1;30mLevel 5[0m set package 'mapping_configuration' build argument 'cmake_force_configure' from command line to 'False'
[0.986s] [34mcolcon.colcon_core.verb[0m [1;30mLevel 5[0m set package 'mapping_configuration' build argument 'ament_cmake_args' from command line to 'None'
[0.986s] [34mcolcon.colcon_core.verb[0m [1;30mLevel 5[0m set package 'mapping_configuration' build argument 'catkin_cmake_args' from command line to 'None'
[0.986s] [34mcolcon.colcon_core.verb[0m [1;30mLevel 5[0m set package 'mapping_configuration' build argument 'catkin_skip_building_tests' from command line to 'False'
[0.986s] [34mcolcon.colcon_core.verb[0m [1;30mDEBUG[0m [32mBuilding package 'mapping_configuration' with the following arguments: {'ament_cmake_args': None, 'build_base': '/home/tknika/gral-iiriondo-main/unitree_ws/build/mapping_configuration', 'catkin_cmake_args': None, 'catkin_skip_building_tests': False, 'cmake_args': None, 'cmake_clean_cache': False, 'cmake_clean_first': False, 'cmake_force_configure': False, 'cmake_target': None, 'cmake_target_skip_unavailable': False, 'install_base': '/home/tknika/gral-iiriondo-main/unitree_ws/install/mapping_configuration', 'merge_install': False, 'path': '/home/tknika/gral-iiriondo-main/unitree_ws/src/mapping_configuration', 'symlink_install': True, 'test_result_base': None}[0m
[0.987s] [34mcolcon.colcon_core.verb[0m [1;30mLevel 5[0m set package 'object_recognition_interfaces' build argument 'cmake_args' from command line to 'None'
[0.987s] [34mcolcon.colcon_core.verb[0m [1;30mLevel 5[0m set package 'object_recognition_interfaces' build argument 'cmake_target' from command line to 'None'
[0.987s] [34mcolcon.colcon_core.verb[0m [1;30mLevel 5[0m set package 'object_recognition_interfaces' build argument 'cmake_target_skip_unavailable' from command line to 'False'
[0.987s] [34mcolcon.colcon_core.verb[0m [1;30mLevel 5[0m set package 'object_recognition_interfaces' build argument 'cmake_clean_cache' from command line to 'False'
[0.987s] [34mcolcon.colcon_core.verb[0m [1;30mLevel 5[0m set package 'object_recognition_interfaces' build argument 'cmake_clean_first' from command line to 'False'
[0.987s] [34mcolcon.colcon_core.verb[0m [1;30mLevel 5[0m set package 'object_recognition_interfaces' build argument 'cmake_force_configure' from command line to 'False'
[0.987s] [34mcolcon.colcon_core.verb[0m [1;30mLevel 5[0m set package 'object_recognition_interfaces' build argument 'ament_cmake_args' from command line to 'None'
[0.987s] [34mcolcon.colcon_core.verb[0m [1;30mLevel 5[0m set package 'object_recognition_interfaces' build argument 'catkin_cmake_args' from command line to 'None'
[0.987s] [34mcolcon.colcon_core.verb[0m [1;30mLevel 5[0m set package 'object_recognition_interfaces' build argument 'catkin_skip_building_tests' from command line to 'False'
[0.987s] [34mcolcon.colcon_core.verb[0m [1;30mDEBUG[0m [32mBuilding package 'object_recognition_interfaces' with the following arguments: {'ament_cmake_args': None, 'build_base': '/home/tknika/gral-iiriondo-main/unitree_ws/build/object_recognition_interfaces', 'catkin_cmake_args': None, 'catkin_skip_building_tests': False, 'cmake_args': None, 'cmake_clean_cache': False, 'cmake_clean_first': False, 'cmake_force_configure': False, 'cmake_target': None, 'cmake_target_skip_unavailable': False, 'install_base': '/home/tknika/gral-iiriondo-main/unitree_ws/install/object_recognition_interfaces', 'merge_install': False, 'path': '/home/tknika/gral-iiriondo-main/unitree_ws/src/object_recognition_interfaces', 'symlink_install': True, 'test_result_base': None}[0m
[0.988s] [34mcolcon.colcon_core.verb[0m [1;30mLevel 5[0m set package 'speech_to_goal_interfaces' build argument 'cmake_args' from command line to 'None'
[0.988s] [34mcolcon.colcon_core.verb[0m [1;30mLevel 5[0m set package 'speech_to_goal_interfaces' build argument 'cmake_target' from command line to 'None'
[0.988s] [34mcolcon.colcon_core.verb[0m [1;30mLevel 5[0m set package 'speech_to_goal_interfaces' build argument 'cmake_target_skip_unavailable' from command line to 'False'
[0.988s] [34mcolcon.colcon_core.verb[0m [1;30mLevel 5[0m set package 'speech_to_goal_interfaces' build argument 'cmake_clean_cache' from command line to 'False'
[0.988s] [34mcolcon.colcon_core.verb[0m [1;30mLevel 5[0m set package 'speech_to_goal_interfaces' build argument 'cmake_clean_first' from command line to 'False'
[0.988s] [34mcolcon.colcon_core.verb[0m [1;30mLevel 5[0m set package 'speech_to_goal_interfaces' build argument 'cmake_force_configure' from command line to 'False'
[0.988s] [34mcolcon.colcon_core.verb[0m [1;30mLevel 5[0m set package 'speech_to_goal_interfaces' build argument 'ament_cmake_args' from command line to 'None'
[0.988s] [34mcolcon.colcon_core.verb[0m [1;30mLevel 5[0m set package 'speech_to_goal_interfaces' build argument 'catkin_cmake_args' from command line to 'None'
[0.988s] [34mcolcon.colcon_core.verb[0m [1;30mLevel 5[0m set package 'speech_to_goal_interfaces' build argument 'catkin_skip_building_tests' from command line to 'False'
[0.988s] [34mcolcon.colcon_core.verb[0m [1;30mDEBUG[0m [32mBuilding package 'speech_to_goal_interfaces' with the following arguments: {'ament_cmake_args': None, 'build_base': '/home/tknika/gral-iiriondo-main/unitree_ws/build/speech_to_goal_interfaces', 'catkin_cmake_args': None, 'catkin_skip_building_tests': False, 'cmake_args': None, 'cmake_clean_cache': False, 'cmake_clean_first': False, 'cmake_force_configure': False, 'cmake_target': None, 'cmake_target_skip_unavailable': False, 'install_base': '/home/tknika/gral-iiriondo-main/unitree_ws/install/speech_to_goal_interfaces', 'merge_install': False, 'path': '/home/tknika/gral-iiriondo-main/unitree_ws/src/speech_to_goal_interfaces', 'symlink_install': True, 'test_result_base': None}[0m
[0.989s] [34mcolcon.colcon_core.verb[0m [1;30mLevel 5[0m set package 'standing_mode' build argument 'cmake_args' from command line to 'None'
[0.989s] [34mcolcon.colcon_core.verb[0m [1;30mLevel 5[0m set package 'standing_mode' build argument 'cmake_target' from command line to 'None'
[0.989s] [34mcolcon.colcon_core.verb[0m [1;30mLevel 5[0m set package 'standing_mode' build argument 'cmake_target_skip_unavailable' from command line to 'False'
[0.989s] [34mcolcon.colcon_core.verb[0m [1;30mLevel 5[0m set package 'standing_mode' build argument 'cmake_clean_cache' from command line to 'False'
[0.989s] [34mcolcon.colcon_core.verb[0m [1;30mLevel 5[0m set package 'standing_mode' build argument 'cmake_clean_first' from command line to 'False'
[0.989s] [34mcolcon.colcon_core.verb[0m [1;30mLevel 5[0m set package 'standing_mode' build argument 'cmake_force_configure' from command line to 'False'
[0.989s] [34mcolcon.colcon_core.verb[0m [1;30mLevel 5[0m set package 'standing_mode' build argument 'ament_cmake_args' from command line to 'None'
[0.989s] [34mcolcon.colcon_core.verb[0m [1;30mLevel 5[0m set package 'standing_mode' build argument 'catkin_cmake_args' from command line to 'None'
[0.989s] [34mcolcon.colcon_core.verb[0m [1;30mLevel 5[0m set package 'standing_mode' build argument 'catkin_skip_building_tests' from command line to 'False'
[0.989s] [34mcolcon.colcon_core.verb[0m [1;30mDEBUG[0m [32mBuilding package 'standing_mode' with the following arguments: {'ament_cmake_args': None, 'build_base': '/home/tknika/gral-iiriondo-main/unitree_ws/build/standing_mode', 'catkin_cmake_args': None, 'catkin_skip_building_tests': False, 'cmake_args': None, 'cmake_clean_cache': False, 'cmake_clean_first': False, 'cmake_force_configure': False, 'cmake_target': None, 'cmake_target_skip_unavailable': False, 'install_base': '/home/tknika/gral-iiriondo-main/unitree_ws/install/standing_mode', 'merge_install': False, 'path': '/home/tknika/gral-iiriondo-main/unitree_ws/src/standing_mode', 'symlink_install': True, 'test_result_base': None}[0m
[0.990s] [34mcolcon.colcon_core.verb[0m [1;30mLevel 5[0m set package 'aruco_detector' build argument 'cmake_args' from command line to 'None'
[0.990s] [34mcolcon.colcon_core.verb[0m [1;30mLevel 5[0m set package 'aruco_detector' build argument 'cmake_target' from command line to 'None'
[0.990s] [34mcolcon.colcon_core.verb[0m [1;30mLevel 5[0m set package 'aruco_detector' build argument 'cmake_target_skip_unavailable' from command line to 'False'
[0.990s] [34mcolcon.colcon_core.verb[0m [1;30mLevel 5[0m set package 'aruco_detector' build argument 'cmake_clean_cache' from command line to 'False'
[0.990s] [34mcolcon.colcon_core.verb[0m [1;30mLevel 5[0m set package 'aruco_detector' build argument 'cmake_clean_first' from command line to 'False'
[0.990s] [34mcolcon.colcon_core.verb[0m [1;30mLevel 5[0m set package 'aruco_detector' build argument 'cmake_force_configure' from command line to 'False'
[0.990s] [34mcolcon.colcon_core.verb[0m [1;30mLevel 5[0m set package 'aruco_detector' build argument 'ament_cmake_args' from command line to 'None'
[0.990s] [34mcolcon.colcon_core.verb[0m [1;30mLevel 5[0m set package 'aruco_detector' build argument 'catkin_cmake_args' from command line to 'None'
[0.990s] [34mcolcon.colcon_core.verb[0m [1;30mLevel 5[0m set package 'aruco_detector' build argument 'catkin_skip_building_tests' from command line to 'False'
[0.990s] [34mcolcon.colcon_core.verb[0m [1;30mDEBUG[0m [32mBuilding package 'aruco_detector' with the following arguments: {'ament_cmake_args': None, 'build_base': '/home/tknika/gral-iiriondo-main/unitree_ws/build/aruco_detector', 'catkin_cmake_args': None, 'catkin_skip_building_tests': False, 'cmake_args': None, 'cmake_clean_cache': False, 'cmake_clean_first': False, 'cmake_force_configure': False, 'cmake_target': None, 'cmake_target_skip_unavailable': False, 'install_base': '/home/tknika/gral-iiriondo-main/unitree_ws/install/aruco_detector', 'merge_install': False, 'path': '/home/tknika/gral-iiriondo-main/unitree_ws/src/aruco_detector', 'symlink_install': True, 'test_result_base': None}[0m
[0.991s] [34mcolcon.colcon_core.verb[0m [1;30mLevel 5[0m set package 'object_recognition' build argument 'cmake_args' from command line to 'None'
[0.991s] [34mcolcon.colcon_core.verb[0m [1;30mLevel 5[0m set package 'object_recognition' build argument 'cmake_target' from command line to 'None'
[0.991s] [34mcolcon.colcon_core.verb[0m [1;30mLevel 5[0m set package 'object_recognition' build argument 'cmake_target_skip_unavailable' from command line to 'False'
[0.991s] [34mcolcon.colcon_core.verb[0m [1;30mLevel 5[0m set package 'object_recognition' build argument 'cmake_clean_cache' from command line to 'False'
[0.991s] [34mcolcon.colcon_core.verb[0m [1;30mLevel 5[0m set package 'object_recognition' build argument 'cmake_clean_first' from command line to 'False'
[0.991s] [34mcolcon.colcon_core.verb[0m [1;30mLevel 5[0m set package 'object_recognition' build argument 'cmake_force_configure' from command line to 'False'
[0.991s] [34mcolcon.colcon_core.verb[0m [1;30mLevel 5[0m set package 'object_recognition' build argument 'ament_cmake_args' from command line to 'None'
[0.991s] [34mcolcon.colcon_core.verb[0m [1;30mLevel 5[0m set package 'object_recognition' build argument 'catkin_cmake_args' from command line to 'None'
[0.991s] [34mcolcon.colcon_core.verb[0m [1;30mLevel 5[0m set package 'object_recognition' build argument 'catkin_skip_building_tests' from command line to 'False'
[0.991s] [34mcolcon.colcon_core.verb[0m [1;30mDEBUG[0m [32mBuilding package 'object_recognition' with the following arguments: {'ament_cmake_args': None, 'build_base': '/home/tknika/gral-iiriondo-main/unitree_ws/build/object_recognition', 'catkin_cmake_args': None, 'catkin_skip_building_tests': False, 'cmake_args': None, 'cmake_clean_cache': False, 'cmake_clean_first': False, 'cmake_force_configure': False, 'cmake_target': None, 'cmake_target_skip_unavailable': False, 'install_base': '/home/tknika/gral-iiriondo-main/unitree_ws/install/object_recognition', 'merge_install': False, 'path': '/home/tknika/gral-iiriondo-main/unitree_ws/src/object_recognition', 'symlink_install': True, 'test_result_base': None}[0m
[0.992s] [34mcolcon.colcon_core.verb[0m [1;30mLevel 5[0m set package 'speech_to_goal' build argument 'cmake_args' from command line to 'None'
[0.992s] [34mcolcon.colcon_core.verb[0m [1;30mLevel 5[0m set package 'speech_to_goal' build argument 'cmake_target' from command line to 'None'
[0.992s] [34mcolcon.colcon_core.verb[0m [1;30mLevel 5[0m set package 'speech_to_goal' build argument 'cmake_target_skip_unavailable' from command line to 'False'
[0.992s] [34mcolcon.colcon_core.verb[0m [1;30mLevel 5[0m set package 'speech_to_goal' build argument 'cmake_clean_cache' from command line to 'False'
[0.992s] [34mcolcon.colcon_core.verb[0m [1;30mLevel 5[0m set package 'speech_to_goal' build argument 'cmake_clean_first' from command line to 'False'
[0.992s] [34mcolcon.colcon_core.verb[0m [1;30mLevel 5[0m set package 'speech_to_goal' build argument 'cmake_force_configure' from command line to 'False'
[0.992s] [34mcolcon.colcon_core.verb[0m [1;30mLevel 5[0m set package 'speech_to_goal' build argument 'ament_cmake_args' from command line to 'None'
[0.992s] [34mcolcon.colcon_core.verb[0m [1;30mLevel 5[0m set package 'speech_to_goal' build argument 'catkin_cmake_args' from command line to 'None'
[0.992s] [34mcolcon.colcon_core.verb[0m [1;30mLevel 5[0m set package 'speech_to_goal' build argument 'catkin_skip_building_tests' from command line to 'False'
[0.992s] [34mcolcon.colcon_core.verb[0m [1;30mDEBUG[0m [32mBuilding package 'speech_to_goal' with the following arguments: {'ament_cmake_args': None, 'build_base': '/home/tknika/gral-iiriondo-main/unitree_ws/build/speech_to_goal', 'catkin_cmake_args': None, 'catkin_skip_building_tests': False, 'cmake_args': None, 'cmake_clean_cache': False, 'cmake_clean_first': False, 'cmake_force_configure': False, 'cmake_target': None, 'cmake_target_skip_unavailable': False, 'install_base': '/home/tknika/gral-iiriondo-main/unitree_ws/install/speech_to_goal', 'merge_install': False, 'path': '/home/tknika/gral-iiriondo-main/unitree_ws/src/speech_to_goal', 'symlink_install': True, 'test_result_base': None}[0m
[0.992s] [34mcolcon.colcon_core.executor[0m [1;30mINFO[0m Executing jobs using 'parallel' executor
[0.995s] [34mcolcon.colcon_parallel_executor.executor.parallel[0m [1;30mDEBUG[0m [32mrun_until_complete[0m
[0.995s] [34mcolcon.colcon_ros.task.ament_cmake.build[0m [1;30mINFO[0m Building ROS package in '/home/tknika/gral-iiriondo-main/unitree_ws/src/object_recognition_interfaces' with build type 'ament_cmake'
[0.996s] [34mcolcon.colcon_cmake.task.cmake.build[0m [1;30mINFO[0m Building CMake package in '/home/tknika/gral-iiriondo-main/unitree_ws/src/object_recognition_interfaces'
[1.000s] [34mcolcon.colcon_core.plugin_system[0m [1;30mINFO[0m Skipping extension 'colcon_core.shell.bat': Not used on non-Windows systems
[1.001s] [34mcolcon.colcon_core.shell[0m [1;30mINFO[0m Skip shell extension 'powershell' for command environment: Not usable outside of PowerShell
[1.001s] [34mcolcon.colcon_core.shell[0m [1;30mDEBUG[0m [32mSkip shell extension 'dsv' for command environment[0m
[1.006s] [34mcolcon.colcon_ros.task.ament_cmake.build[0m [1;30mINFO[0m Building ROS package in '/home/tknika/gral-iiriondo-main/unitree_ws/src/aruco_markers_msgs' with build type 'ament_cmake'
[1.007s] [34mcolcon.colcon_cmake.task.cmake.build[0m [1;30mINFO[0m Building CMake package in '/home/tknika/gral-iiriondo-main/unitree_ws/src/aruco_markers_msgs'
[1.007s] [34mcolcon.colcon_core.shell[0m [1;30mINFO[0m Skip shell extension 'powershell' for command environment: Not usable outside of PowerShell
[1.007s] [34mcolcon.colcon_core.shell[0m [1;30mDEBUG[0m [32mSkip shell extension 'dsv' for command environment[0m
[1.012s] [34mcolcon.colcon_ros.task.ament_cmake.build[0m [1;30mINFO[0m Building ROS package in '/home/tknika/gral-iiriondo-main/unitree_ws/src/speech_to_goal_interfaces' with build type 'ament_cmake'
[1.012s] [34mcolcon.colcon_cmake.task.cmake.build[0m [1;30mINFO[0m Building CMake package in '/home/tknika/gral-iiriondo-main/unitree_ws/src/speech_to_goal_interfaces'
[1.012s] [34mcolcon.colcon_core.shell[0m [1;30mINFO[0m Skip shell extension 'powershell' for command environment: Not usable outside of PowerShell
[1.013s] [34mcolcon.colcon_core.shell[0m [1;30mDEBUG[0m [32mSkip shell extension 'dsv' for command environment[0m
[1.017s] [34mcolcon.colcon_ros.task.ament_python.build[0m [1;30mINFO[0m Building ROS package in '/home/tknika/gral-iiriondo-main/unitree_ws/src/asr' with build type 'ament_python'
[1.018s] [34mcolcon.colcon_core.shell[0m [1;30mLevel 1[0m create_environment_hook('asr', 'ament_prefix_path')
[1.018s] [34mcolcon.colcon_core.shell[0m [1;30mINFO[0m Creating environment hook '/home/tknika/gral-iiriondo-main/unitree_ws/install/asr/share/asr/hook/ament_prefix_path.ps1'
[1.020s] [34mcolcon.colcon_core.shell[0m [1;30mINFO[0m Creating environment descriptor '/home/tknika/gral-iiriondo-main/unitree_ws/install/asr/share/asr/hook/ament_prefix_path.dsv'
[1.020s] [34mcolcon.colcon_core.shell[0m [1;30mINFO[0m Creating environment hook '/home/tknika/gral-iiriondo-main/unitree_ws/install/asr/share/asr/hook/ament_prefix_path.sh'
[1.023s] [34mcolcon.colcon_core.shell[0m [1;30mINFO[0m Skip shell extension 'powershell' for command environment: Not usable outside of PowerShell
[1.023s] [34mcolcon.colcon_core.shell[0m [1;30mDEBUG[0m [32mSkip shell extension 'dsv' for command environment[0m
[1.028s] [34mcolcon.colcon_ros.task.ament_python.build[0m [1;30mINFO[0m Building ROS package in '/home/tknika/gral-iiriondo-main/unitree_ws/src/go1_description' with build type 'ament_python'
[1.028s] [34mcolcon.colcon_core.shell[0m [1;30mLevel 1[0m create_environment_hook('go1_description', 'ament_prefix_path')
[1.029s] [34mcolcon.colcon_core.shell[0m [1;30mINFO[0m Creating environment hook '/home/tknika/gral-iiriondo-main/unitree_ws/install/go1_description/share/go1_description/hook/ament_prefix_path.ps1'
[1.030s] [34mcolcon.colcon_core.shell[0m [1;30mINFO[0m Creating environment descriptor '/home/tknika/gral-iiriondo-main/unitree_ws/install/go1_description/share/go1_description/hook/ament_prefix_path.dsv'
[1.031s] [34mcolcon.colcon_core.shell[0m [1;30mINFO[0m Creating environment hook '/home/tknika/gral-iiriondo-main/unitree_ws/install/go1_description/share/go1_description/hook/ament_prefix_path.sh'
[1.032s] [34mcolcon.colcon_core.shell[0m [1;30mINFO[0m Skip shell extension 'powershell' for command environment: Not usable outside of PowerShell
[1.032s] [34mcolcon.colcon_core.shell[0m [1;30mDEBUG[0m [32mSkip shell extension 'dsv' for command environment[0m
[1.037s] [34mcolcon.colcon_ros.task.ament_python.build[0m [1;30mINFO[0m Building ROS package in '/home/tknika/gral-iiriondo-main/unitree_ws/src/mapping_configuration' with build type 'ament_python'
[1.037s] [34mcolcon.colcon_core.shell[0m [1;30mLevel 1[0m create_environment_hook('mapping_configuration', 'ament_prefix_path')
[1.038s] [34mcolcon.colcon_core.shell[0m [1;30mINFO[0m Creating environment hook '/home/tknika/gral-iiriondo-main/unitree_ws/install/mapping_configuration/share/mapping_configuration/hook/ament_prefix_path.ps1'
[1.039s] [34mcolcon.colcon_core.shell[0m [1;30mINFO[0m Creating environment descriptor '/home/tknika/gral-iiriondo-main/unitree_ws/install/mapping_configuration/share/mapping_configuration/hook/ament_prefix_path.dsv'
[1.040s] [34mcolcon.colcon_core.shell[0m [1;30mINFO[0m Creating environment hook '/home/tknika/gral-iiriondo-main/unitree_ws/install/mapping_configuration/share/mapping_configuration/hook/ament_prefix_path.sh'
[1.042s] [34mcolcon.colcon_core.shell[0m [1;30mINFO[0m Skip shell extension 'powershell' for command environment: Not usable outside of PowerShell
[1.042s] [34mcolcon.colcon_core.shell[0m [1;30mDEBUG[0m [32mSkip shell extension 'dsv' for command environment[0m
[1.047s] [34mcolcon.colcon_ros.task.ament_python.build[0m [1;30mINFO[0m Building ROS package in '/home/tknika/gral-iiriondo-main/unitree_ws/src/standing_mode' with build type 'ament_python'
[1.047s] [34mcolcon.colcon_core.shell[0m [1;30mLevel 1[0m create_environment_hook('standing_mode', 'ament_prefix_path')
[1.048s] [34mcolcon.colcon_core.shell[0m [1;30mINFO[0m Creating environment hook '/home/tknika/gral-iiriondo-main/unitree_ws/install/standing_mode/share/standing_mode/hook/ament_prefix_path.ps1'
[1.049s] [34mcolcon.colcon_core.shell[0m [1;30mINFO[0m Creating environment descriptor '/home/tknika/gral-iiriondo-main/unitree_ws/install/standing_mode/share/standing_mode/hook/ament_prefix_path.dsv'
[1.050s] [34mcolcon.colcon_core.shell[0m [1;30mINFO[0m Creating environment hook '/home/tknika/gral-iiriondo-main/unitree_ws/install/standing_mode/share/standing_mode/hook/ament_prefix_path.sh'
[1.051s] [34mcolcon.colcon_core.shell[0m [1;30mINFO[0m Skip shell extension 'powershell' for command environment: Not usable outside of PowerShell
[1.051s] [34mcolcon.colcon_core.shell[0m [1;30mDEBUG[0m [32mSkip shell extension 'dsv' for command environment[0m
[1.067s] [34mcolcon.colcon_core.event_handler.log_command[0m [1;30mDEBUG[0m [32mInvoking command in '/home/tknika/gral-iiriondo-main/unitree_ws/build/object_recognition_interfaces': CMAKE_PREFIX_PATH=/opt/ros/humble /usr/bin/cmake --build /home/tknika/gral-iiriondo-main/unitree_ws/build/object_recognition_interfaces -- -j8 -l8[0m
[1.073s] [34mcolcon.colcon_core.event_handler.log_command[0m [1;30mDEBUG[0m [32mInvoking command in '/home/tknika/gral-iiriondo-main/unitree_ws/build/aruco_markers_msgs': CMAKE_PREFIX_PATH=/opt/ros/humble /usr/bin/cmake --build /home/tknika/gral-iiriondo-main/unitree_ws/build/aruco_markers_msgs -- -j8 -l8[0m
[1.079s] [34mcolcon.colcon_core.event_handler.log_command[0m [1;30mDEBUG[0m [32mInvoking command in '/home/tknika/gral-iiriondo-main/unitree_ws/build/speech_to_goal_interfaces': CMAKE_PREFIX_PATH=/opt/ros/humble /usr/bin/cmake --build /home/tknika/gral-iiriondo-main/unitree_ws/build/speech_to_goal_interfaces -- -j8 -l8[0m
[2.079s] [34mcolcon.colcon_core.task.python.build[0m [1;30mINFO[0m Building Python package in '/home/tknika/gral-iiriondo-main/unitree_ws/src/asr'
[2.080s] [34mcolcon.colcon_core.shell[0m [1;30mINFO[0m Skip shell extension 'powershell' for command environment: Not usable outside of PowerShell
[2.080s] [34mcolcon.colcon_core.shell[0m [1;30mDEBUG[0m [32mSkip shell extension 'dsv' for command environment[0m
[3.113s] [34mcolcon.colcon_core.task.python.build[0m [1;30mINFO[0m Building Python package in '/home/tknika/gral-iiriondo-main/unitree_ws/src/go1_description'
[3.114s] [34mcolcon.colcon_core.shell[0m [1;30mINFO[0m Skip shell extension 'powershell' for command environment: Not usable outside of PowerShell
[3.114s] [34mcolcon.colcon_core.shell[0m [1;30mDEBUG[0m [32mSkip shell extension 'dsv' for command environment[0m
[4.053s] [34mcolcon.colcon_core.task.python.build[0m [1;30mINFO[0m Building Python package in '/home/tknika/gral-iiriondo-main/unitree_ws/src/mapping_configuration'
[4.055s] [34mcolcon.colcon_core.shell[0m [1;30mINFO[0m Skip shell extension 'powershell' for command environment: Not usable outside of PowerShell
[4.055s] [34mcolcon.colcon_core.shell[0m [1;30mDEBUG[0m [32mSkip shell extension 'dsv' for command environment[0m
[5.021s] [34mcolcon.colcon_core.task.python.build[0m [1;30mINFO[0m Building Python package in '/home/tknika/gral-iiriondo-main/unitree_ws/src/standing_mode'
[5.022s] [34mcolcon.colcon_core.shell[0m [1;30mINFO[0m Skip shell extension 'powershell' for command environment: Not usable outside of PowerShell
[5.022s] [34mcolcon.colcon_core.shell[0m [1;30mDEBUG[0m [32mSkip shell extension 'dsv' for command environment[0m
[5.054s] [34mcolcon.colcon_core.event_handler.log_command[0m [1;30mDEBUG[0m [32mInvoked command in '/home/tknika/gral-iiriondo-main/unitree_ws/build/speech_to_goal_interfaces' returned '0': CMAKE_PREFIX_PATH=/opt/ros/humble /usr/bin/cmake --build /home/tknika/gral-iiriondo-main/unitree_ws/build/speech_to_goal_interfaces -- -j8 -l8[0m
[5.070s] [34mcolcon.colcon_core.event_handler.log_command[0m [1;30mDEBUG[0m [32mInvoking command in '/home/tknika/gral-iiriondo-main/unitree_ws/build/speech_to_goal_interfaces': CMAKE_PREFIX_PATH=/opt/ros/humble /usr/bin/cmake --install /home/tknika/gral-iiriondo-main/unitree_ws/build/speech_to_goal_interfaces[0m
[5.072s] [34mcolcon.colcon_core.event_handler.log_command[0m [1;30mDEBUG[0m [32mInvoked command in '/home/tknika/gral-iiriondo-main/unitree_ws/build/object_recognition_interfaces' returned '0': CMAKE_PREFIX_PATH=/opt/ros/humble /usr/bin/cmake --build /home/tknika/gral-iiriondo-main/unitree_ws/build/object_recognition_interfaces -- -j8 -l8[0m
[5.076s] [34mcolcon.colcon_core.event_handler.log_command[0m [1;30mDEBUG[0m [32mInvoking command in '/home/tknika/gral-iiriondo-main/unitree_ws/build/object_recognition_interfaces': CMAKE_PREFIX_PATH=/opt/ros/humble /usr/bin/cmake --install /home/tknika/gral-iiriondo-main/unitree_ws/build/object_recognition_interfaces[0m
[5.078s] [34mcolcon.colcon_core.event_handler.log_command[0m [1;30mDEBUG[0m [32mInvoked command in '/home/tknika/gral-iiriondo-main/unitree_ws/build/aruco_markers_msgs' returned '0': CMAKE_PREFIX_PATH=/opt/ros/humble /usr/bin/cmake --build /home/tknika/gral-iiriondo-main/unitree_ws/build/aruco_markers_msgs -- -j8 -l8[0m
[5.081s] [34mcolcon.colcon_core.event_handler.log_command[0m [1;30mDEBUG[0m [32mInvoking command in '/home/tknika/gral-iiriondo-main/unitree_ws/build/aruco_markers_msgs': CMAKE_PREFIX_PATH=/opt/ros/humble /usr/bin/cmake --install /home/tknika/gral-iiriondo-main/unitree_ws/build/aruco_markers_msgs[0m
[5.255s] [34mcolcon.colcon_core.environment[0m [1;30mLevel 1[0m create_environment_scripts_only(object_recognition_interfaces)
[5.261s] [34mcolcon.colcon_core.environment[0m [1;30mLevel 1[0m checking '/home/tknika/gral-iiriondo-main/unitree_ws/install/object_recognition_interfaces' for CMake module files
[5.262s] [34mcolcon.colcon_core.environment[0m [1;30mLevel 1[0m checking '/home/tknika/gral-iiriondo-main/unitree_ws/install/object_recognition_interfaces' for CMake config files
[5.263s] [34mcolcon.colcon_core.shell[0m [1;30mLevel 1[0m create_environment_hook('object_recognition_interfaces', 'cmake_prefix_path')
[5.264s] [34mcolcon.colcon_core.shell[0m [1;30mINFO[0m Creating environment hook '/home/tknika/gral-iiriondo-main/unitree_ws/install/object_recognition_interfaces/share/object_recognition_interfaces/hook/cmake_prefix_path.ps1'
[5.266s] [34mcolcon.colcon_core.event_handler.log_command[0m [1;30mDEBUG[0m [32mInvoked command in '/home/tknika/gral-iiriondo-main/unitree_ws/build/object_recognition_interfaces' returned '0': CMAKE_PREFIX_PATH=/opt/ros/humble /usr/bin/cmake --install /home/tknika/gral-iiriondo-main/unitree_ws/build/object_recognition_interfaces[0m
[5.266s] [34mcolcon.colcon_core.shell[0m [1;30mINFO[0m Creating environment descriptor '/home/tknika/gral-iiriondo-main/unitree_ws/install/object_recognition_interfaces/share/object_recognition_interfaces/hook/cmake_prefix_path.dsv'
[5.268s] [34mcolcon.colcon_core.shell[0m [1;30mINFO[0m Creating environment hook '/home/tknika/gral-iiriondo-main/unitree_ws/install/object_recognition_interfaces/share/object_recognition_interfaces/hook/cmake_prefix_path.sh'
[5.271s] [34mcolcon.colcon_core.environment[0m [1;30mLevel 1[0m checking '/home/tknika/gral-iiriondo-main/unitree_ws/install/object_recognition_interfaces/lib'
[5.272s] [34mcolcon.colcon_core.shell[0m [1;30mLevel 1[0m create_environment_hook('object_recognition_interfaces', 'ld_library_path_lib')
[5.273s] [34mcolcon.colcon_core.shell[0m [1;30mINFO[0m Creating environment hook '/home/tknika/gral-iiriondo-main/unitree_ws/install/object_recognition_interfaces/share/object_recognition_interfaces/hook/ld_library_path_lib.ps1'
[5.274s] [34mcolcon.colcon_core.shell[0m [1;30mINFO[0m Creating environment descriptor '/home/tknika/gral-iiriondo-main/unitree_ws/install/object_recognition_interfaces/share/object_recognition_interfaces/hook/ld_library_path_lib.dsv'
[5.275s] [34mcolcon.colcon_core.shell[0m [1;30mINFO[0m Creating environment hook '/home/tknika/gral-iiriondo-main/unitree_ws/install/object_recognition_interfaces/share/object_recognition_interfaces/hook/ld_library_path_lib.sh'
[5.277s] [34mcolcon.colcon_core.environment[0m [1;30mLevel 1[0m checking '/home/tknika/gral-iiriondo-main/unitree_ws/install/object_recognition_interfaces/bin'
[5.277s] [34mcolcon.colcon_core.environment[0m [1;30mLevel 1[0m checking '/home/tknika/gral-iiriondo-main/unitree_ws/install/object_recognition_interfaces/lib/pkgconfig/object_recognition_interfaces.pc'
[5.278s] [34mcolcon.colcon_core.environment[0m [1;30mLevel 1[0m checking '/home/tknika/gral-iiriondo-main/unitree_ws/install/object_recognition_interfaces/lib/python3.10/site-packages'
[5.279s] [34mcolcon.colcon_core.environment[0m [1;30mLevel 1[0m checking '/home/tknika/gral-iiriondo-main/unitree_ws/install/object_recognition_interfaces/bin'
[5.280s] [34mcolcon.colcon_core.shell[0m [1;30mINFO[0m Creating package script '/home/tknika/gral-iiriondo-main/unitree_ws/install/object_recognition_interfaces/share/object_recognition_interfaces/package.ps1'
[5.283s] [34mcolcon.colcon_core.shell[0m [1;30mINFO[0m Creating package descriptor '/home/tknika/gral-iiriondo-main/unitree_ws/install/object_recognition_interfaces/share/object_recognition_interfaces/package.dsv'
[5.286s] [34mcolcon.colcon_core.shell[0m [1;30mINFO[0m Creating package script '/home/tknika/gral-iiriondo-main/unitree_ws/install/object_recognition_interfaces/share/object_recognition_interfaces/package.sh'
[5.290s] [34mcolcon.colcon_core.shell[0m [1;30mINFO[0m Creating package script '/home/tknika/gral-iiriondo-main/unitree_ws/install/object_recognition_interfaces/share/object_recognition_interfaces/package.bash'
[5.300s] [34mcolcon.colcon_core.shell[0m [1;30mINFO[0m Creating package script '/home/tknika/gral-iiriondo-main/unitree_ws/install/object_recognition_interfaces/share/object_recognition_interfaces/package.zsh'
[5.305s] [34mcolcon.colcon_core.environment[0m [1;30mLevel 1[0m create_file_with_runtime_dependencies(/home/tknika/gral-iiriondo-main/unitree_ws/install/object_recognition_interfaces/share/colcon-core/packages/object_recognition_interfaces)
[5.308s] [34mcolcon.colcon_core.environment[0m [1;30mLevel 1[0m create_environment_scripts_only(object_recognition_interfaces)
[5.308s] [34mcolcon.colcon_core.environment[0m [1;30mLevel 1[0m checking '/home/tknika/gral-iiriondo-main/unitree_ws/install/object_recognition_interfaces' for CMake module files
[5.311s] [34mcolcon.colcon_core.environment[0m [1;30mLevel 1[0m checking '/home/tknika/gral-iiriondo-main/unitree_ws/install/object_recognition_interfaces' for CMake config files
[5.313s] [34mcolcon.colcon_core.shell[0m [1;30mLevel 1[0m create_environment_hook('object_recognition_interfaces', 'cmake_prefix_path')
[5.313s] [34mcolcon.colcon_core.shell[0m [1;30mINFO[0m Creating environment hook '/home/tknika/gral-iiriondo-main/unitree_ws/install/object_recognition_interfaces/share/object_recognition_interfaces/hook/cmake_prefix_path.ps1'
[5.315s] [34mcolcon.colcon_core.shell[0m [1;30mINFO[0m Creating environment descriptor '/home/tknika/gral-iiriondo-main/unitree_ws/install/object_recognition_interfaces/share/object_recognition_interfaces/hook/cmake_prefix_path.dsv'
[5.316s] [34mcolcon.colcon_core.shell[0m [1;30mINFO[0m Creating environment hook '/home/tknika/gral-iiriondo-main/unitree_ws/install/object_recognition_interfaces/share/object_recognition_interfaces/hook/cmake_prefix_path.sh'
[5.318s] [34mcolcon.colcon_core.environment[0m [1;30mLevel 1[0m checking '/home/tknika/gral-iiriondo-main/unitree_ws/install/object_recognition_interfaces/lib'
[5.318s] [34mcolcon.colcon_core.shell[0m [1;30mLevel 1[0m create_environment_hook('object_recognition_interfaces', 'ld_library_path_lib')
[5.319s] [34mcolcon.colcon_core.shell[0m [1;30mINFO[0m Creating environment hook '/home/tknika/gral-iiriondo-main/unitree_ws/install/object_recognition_interfaces/share/object_recognition_interfaces/hook/ld_library_path_lib.ps1'
[5.320s] [34mcolcon.colcon_core.shell[0m [1;30mINFO[0m Creating environment descriptor '/home/tknika/gral-iiriondo-main/unitree_ws/install/object_recognition_interfaces/share/object_recognition_interfaces/hook/ld_library_path_lib.dsv'
[5.321s] [34mcolcon.colcon_core.shell[0m [1;30mINFO[0m Creating environment hook '/home/tknika/gral-iiriondo-main/unitree_ws/install/object_recognition_interfaces/share/object_recognition_interfaces/hook/ld_library_path_lib.sh'
[5.322s] [34mcolcon.colcon_core.environment[0m [1;30mLevel 1[0m checking '/home/tknika/gral-iiriondo-main/unitree_ws/install/object_recognition_interfaces/bin'
[5.322s] [34mcolcon.colcon_core.environment[0m [1;30mLevel 1[0m checking '/home/tknika/gral-iiriondo-main/unitree_ws/install/object_recognition_interfaces/lib/pkgconfig/object_recognition_interfaces.pc'
[5.322s] [34mcolcon.colcon_core.environment[0m [1;30mLevel 1[0m checking '/home/tknika/gral-iiriondo-main/unitree_ws/install/object_recognition_interfaces/lib/python3.10/site-packages'
[5.323s] [34mcolcon.colcon_core.environment[0m [1;30mLevel 1[0m checking '/home/tknika/gral-iiriondo-main/unitree_ws/install/object_recognition_interfaces/bin'
[5.324s] [34mcolcon.colcon_core.shell[0m [1;30mINFO[0m Creating package script '/home/tknika/gral-iiriondo-main/unitree_ws/install/object_recognition_interfaces/share/object_recognition_interfaces/package.ps1'
[5.326s] [34mcolcon.colcon_core.shell[0m [1;30mINFO[0m Creating package descriptor '/home/tknika/gral-iiriondo-main/unitree_ws/install/object_recognition_interfaces/share/object_recognition_interfaces/package.dsv'
[5.327s] [34mcolcon.colcon_core.shell[0m [1;30mINFO[0m Creating package script '/home/tknika/gral-iiriondo-main/unitree_ws/install/object_recognition_interfaces/share/object_recognition_interfaces/package.sh'
[5.329s] [34mcolcon.colcon_core.shell[0m [1;30mINFO[0m Creating package script '/home/tknika/gral-iiriondo-main/unitree_ws/install/object_recognition_interfaces/share/object_recognition_interfaces/package.bash'
[5.330s] [34mcolcon.colcon_core.shell[0m [1;30mINFO[0m Creating package script '/home/tknika/gral-iiriondo-main/unitree_ws/install/object_recognition_interfaces/share/object_recognition_interfaces/package.zsh'
[5.331s] [34mcolcon.colcon_core.environment[0m [1;30mLevel 1[0m create_file_with_runtime_dependencies(/home/tknika/gral-iiriondo-main/unitree_ws/install/object_recognition_interfaces/share/colcon-core/packages/object_recognition_interfaces)
[5.332s] [34mcolcon.colcon_ros.task.ament_python.build[0m [1;30mINFO[0m Building ROS package in '/home/tknika/gral-iiriondo-main/unitree_ws/src/object_recognition' with build type 'ament_python'
[5.332s] [34mcolcon.colcon_core.shell[0m [1;30mLevel 1[0m create_environment_hook('object_recognition', 'ament_prefix_path')
[5.333s] [34mcolcon.colcon_core.shell[0m [1;30mINFO[0m Creating environment hook '/home/tknika/gral-iiriondo-main/unitree_ws/install/object_recognition/share/object_recognition/hook/ament_prefix_path.ps1'
[5.334s] [34mcolcon.colcon_core.shell[0m [1;30mINFO[0m Creating environment descriptor '/home/tknika/gral-iiriondo-main/unitree_ws/install/object_recognition/share/object_recognition/hook/ament_prefix_path.dsv'
[5.335s] [34mcolcon.colcon_core.shell[0m [1;30mINFO[0m Creating environment hook '/home/tknika/gral-iiriondo-main/unitree_ws/install/object_recognition/share/object_recognition/hook/ament_prefix_path.sh'
[5.337s] [34mcolcon.colcon_core.shell[0m [1;30mINFO[0m Skip shell extension 'powershell' for command environment: Not usable outside of PowerShell
[5.337s] [34mcolcon.colcon_core.shell[0m [1;30mDEBUG[0m [32mSkip shell extension 'dsv' for command environment[0m
[5.345s] [34mcolcon.colcon_core.environment[0m [1;30mLevel 1[0m create_environment_scripts_only(aruco_markers_msgs)
[5.346s] [34mcolcon.colcon_core.environment[0m [1;30mLevel 1[0m checking '/home/tknika/gral-iiriondo-main/unitree_ws/install/aruco_markers_msgs' for CMake module files
[5.347s] [34mcolcon.colcon_core.event_handler.log_command[0m [1;30mDEBUG[0m [32mInvoked command in '/home/tknika/gral-iiriondo-main/unitree_ws/build/aruco_markers_msgs' returned '0': CMAKE_PREFIX_PATH=/opt/ros/humble /usr/bin/cmake --install /home/tknika/gral-iiriondo-main/unitree_ws/build/aruco_markers_msgs[0m
[5.349s] [34mcolcon.colcon_core.environment[0m [1;30mLevel 1[0m checking '/home/tknika/gral-iiriondo-main/unitree_ws/install/aruco_markers_msgs' for CMake config files
[5.366s] [34mcolcon.colcon_core.shell[0m [1;30mLevel 1[0m create_environment_hook('aruco_markers_msgs', 'cmake_prefix_path')
[5.367s] [34mcolcon.colcon_core.shell[0m [1;30mINFO[0m Creating environment hook '/home/tknika/gral-iiriondo-main/unitree_ws/install/aruco_markers_msgs/share/aruco_markers_msgs/hook/cmake_prefix_path.ps1'
[5.369s] [34mcolcon.colcon_core.shell[0m [1;30mINFO[0m Creating environment descriptor '/home/tknika/gral-iiriondo-main/unitree_ws/install/aruco_markers_msgs/share/aruco_markers_msgs/hook/cmake_prefix_path.dsv'
[5.369s] [34mcolcon.colcon_core.shell[0m [1;30mINFO[0m Creating environment hook '/home/tknika/gral-iiriondo-main/unitree_ws/install/aruco_markers_msgs/share/aruco_markers_msgs/hook/cmake_prefix_path.sh'
[5.371s] [34mcolcon.colcon_core.environment[0m [1;30mLevel 1[0m checking '/home/tknika/gral-iiriondo-main/unitree_ws/install/aruco_markers_msgs/lib'
[5.371s] [34mcolcon.colcon_core.shell[0m [1;30mLevel 1[0m create_environment_hook('aruco_markers_msgs', 'ld_library_path_lib')
[5.372s] [34mcolcon.colcon_core.shell[0m [1;30mINFO[0m Creating environment hook '/home/tknika/gral-iiriondo-main/unitree_ws/install/aruco_markers_msgs/share/aruco_markers_msgs/hook/ld_library_path_lib.ps1'
[5.373s] [34mcolcon.colcon_core.shell[0m [1;30mINFO[0m Creating environment descriptor '/home/tknika/gral-iiriondo-main/unitree_ws/install/aruco_markers_msgs/share/aruco_markers_msgs/hook/ld_library_path_lib.dsv'
[5.374s] [34mcolcon.colcon_core.shell[0m [1;30mINFO[0m Creating environment hook '/home/tknika/gral-iiriondo-main/unitree_ws/install/aruco_markers_msgs/share/aruco_markers_msgs/hook/ld_library_path_lib.sh'
[5.374s] [34mcolcon.colcon_core.environment[0m [1;30mLevel 1[0m checking '/home/tknika/gral-iiriondo-main/unitree_ws/install/aruco_markers_msgs/bin'
[5.375s] [34mcolcon.colcon_core.environment[0m [1;30mLevel 1[0m checking '/home/tknika/gral-iiriondo-main/unitree_ws/install/aruco_markers_msgs/lib/pkgconfig/aruco_markers_msgs.pc'
[5.375s] [34mcolcon.colcon_core.environment[0m [1;30mLevel 1[0m checking '/home/tknika/gral-iiriondo-main/unitree_ws/install/aruco_markers_msgs/lib/python3.10/site-packages'
[5.376s] [34mcolcon.colcon_core.environment[0m [1;30mLevel 1[0m checking '/home/tknika/gral-iiriondo-main/unitree_ws/install/aruco_markers_msgs/bin'
[5.377s] [34mcolcon.colcon_core.shell[0m [1;30mINFO[0m Creating package script '/home/tknika/gral-iiriondo-main/unitree_ws/install/aruco_markers_msgs/share/aruco_markers_msgs/package.ps1'
[5.379s] [34mcolcon.colcon_core.shell[0m [1;30mINFO[0m Creating package descriptor '/home/tknika/gral-iiriondo-main/unitree_ws/install/aruco_markers_msgs/share/aruco_markers_msgs/package.dsv'
[5.380s] [34mcolcon.colcon_core.shell[0m [1;30mINFO[0m Creating package script '/home/tknika/gral-iiriondo-main/unitree_ws/install/aruco_markers_msgs/share/aruco_markers_msgs/package.sh'
[5.381s] [34mcolcon.colcon_core.shell[0m [1;30mINFO[0m Creating package script '/home/tknika/gral-iiriondo-main/unitree_ws/install/aruco_markers_msgs/share/aruco_markers_msgs/package.bash'
[5.382s] [34mcolcon.colcon_core.shell[0m [1;30mINFO[0m Creating package script '/home/tknika/gral-iiriondo-main/unitree_ws/install/aruco_markers_msgs/share/aruco_markers_msgs/package.zsh'
[5.383s] [34mcolcon.colcon_core.environment[0m [1;30mLevel 1[0m create_file_with_runtime_dependencies(/home/tknika/gral-iiriondo-main/unitree_ws/install/aruco_markers_msgs/share/colcon-core/packages/aruco_markers_msgs)
[5.385s] [34mcolcon.colcon_core.environment[0m [1;30mLevel 1[0m create_environment_scripts_only(aruco_markers_msgs)
[5.385s] [34mcolcon.colcon_core.environment[0m [1;30mLevel 1[0m checking '/home/tknika/gral-iiriondo-main/unitree_ws/install/aruco_markers_msgs' for CMake module files
[5.386s] [34mcolcon.colcon_core.environment[0m [1;30mLevel 1[0m checking '/home/tknika/gral-iiriondo-main/unitree_ws/install/aruco_markers_msgs' for CMake config files
[5.387s] [34mcolcon.colcon_core.shell[0m [1;30mLevel 1[0m create_environment_hook('aruco_markers_msgs', 'cmake_prefix_path')
[5.388s] [34mcolcon.colcon_core.shell[0m [1;30mINFO[0m Creating environment hook '/home/tknika/gral-iiriondo-main/unitree_ws/install/aruco_markers_msgs/share/aruco_markers_msgs/hook/cmake_prefix_path.ps1'
[5.389s] [34mcolcon.colcon_core.shell[0m [1;30mINFO[0m Creating environment descriptor '/home/tknika/gral-iiriondo-main/unitree_ws/install/aruco_markers_msgs/share/aruco_markers_msgs/hook/cmake_prefix_path.dsv'
[5.390s] [34mcolcon.colcon_core.shell[0m [1;30mINFO[0m Creating environment hook '/home/tknika/gral-iiriondo-main/unitree_ws/install/aruco_markers_msgs/share/aruco_markers_msgs/hook/cmake_prefix_path.sh'
[5.391s] [34mcolcon.colcon_core.environment[0m [1;30mLevel 1[0m checking '/home/tknika/gral-iiriondo-main/unitree_ws/install/aruco_markers_msgs/lib'
[5.392s] [34mcolcon.colcon_core.shell[0m [1;30mLevel 1[0m create_environment_hook('aruco_markers_msgs', 'ld_library_path_lib')
[5.392s] [34mcolcon.colcon_core.shell[0m [1;30mINFO[0m Creating environment hook '/home/tknika/gral-iiriondo-main/unitree_ws/install/aruco_markers_msgs/share/aruco_markers_msgs/hook/ld_library_path_lib.ps1'
[5.393s] [34mcolcon.colcon_core.shell[0m [1;30mINFO[0m Creating environment descriptor '/home/tknika/gral-iiriondo-main/unitree_ws/install/aruco_markers_msgs/share/aruco_markers_msgs/hook/ld_library_path_lib.dsv'
[5.394s] [34mcolcon.colcon_core.shell[0m [1;30mINFO[0m Creating environment hook '/home/tknika/gral-iiriondo-main/unitree_ws/install/aruco_markers_msgs/share/aruco_markers_msgs/hook/ld_library_path_lib.sh'
[5.394s] [34mcolcon.colcon_core.environment[0m [1;30mLevel 1[0m checking '/home/tknika/gral-iiriondo-main/unitree_ws/install/aruco_markers_msgs/bin'
[5.395s] [34mcolcon.colcon_core.environment[0m [1;30mLevel 1[0m checking '/home/tknika/gral-iiriondo-main/unitree_ws/install/aruco_markers_msgs/lib/pkgconfig/aruco_markers_msgs.pc'
[5.395s] [34mcolcon.colcon_core.environment[0m [1;30mLevel 1[0m checking '/home/tknika/gral-iiriondo-main/unitree_ws/install/aruco_markers_msgs/lib/python3.10/site-packages'
[5.396s] [34mcolcon.colcon_core.environment[0m [1;30mLevel 1[0m checking '/home/tknika/gral-iiriondo-main/unitree_ws/install/aruco_markers_msgs/bin'
[5.396s] [34mcolcon.colcon_core.shell[0m [1;30mINFO[0m Creating package script '/home/tknika/gral-iiriondo-main/unitree_ws/install/aruco_markers_msgs/share/aruco_markers_msgs/package.ps1'
[5.398s] [34mcolcon.colcon_core.shell[0m [1;30mINFO[0m Creating package descriptor '/home/tknika/gral-iiriondo-main/unitree_ws/install/aruco_markers_msgs/share/aruco_markers_msgs/package.dsv'
[5.399s] [34mcolcon.colcon_core.shell[0m [1;30mINFO[0m Creating package script '/home/tknika/gral-iiriondo-main/unitree_ws/install/aruco_markers_msgs/share/aruco_markers_msgs/package.sh'
[5.400s] [34mcolcon.colcon_core.shell[0m [1;30mINFO[0m Creating package script '/home/tknika/gral-iiriondo-main/unitree_ws/install/aruco_markers_msgs/share/aruco_markers_msgs/package.bash'
[5.401s] [34mcolcon.colcon_core.shell[0m [1;30mINFO[0m Creating package script '/home/tknika/gral-iiriondo-main/unitree_ws/install/aruco_markers_msgs/share/aruco_markers_msgs/package.zsh'
[5.402s] [34mcolcon.colcon_core.environment[0m [1;30mLevel 1[0m create_file_with_runtime_dependencies(/home/tknika/gral-iiriondo-main/unitree_ws/install/aruco_markers_msgs/share/colcon-core/packages/aruco_markers_msgs)
[5.403s] [34mcolcon.colcon_core.environment[0m [1;30mLevel 1[0m create_environment_scripts_only(speech_to_goal_interfaces)
[5.405s] [34mcolcon.colcon_core.event_handler.log_command[0m [1;30mDEBUG[0m [32mInvoked command in '/home/tknika/gral-iiriondo-main/unitree_ws/build/speech_to_goal_interfaces' returned '0': CMAKE_PREFIX_PATH=/opt/ros/humble /usr/bin/cmake --install /home/tknika/gral-iiriondo-main/unitree_ws/build/speech_to_goal_interfaces[0m
[5.405s] [34mcolcon.colcon_core.environment[0m [1;30mLevel 1[0m checking '/home/tknika/gral-iiriondo-main/unitree_ws/install/speech_to_goal_interfaces' for CMake module files
[5.407s] [34mcolcon.colcon_core.environment[0m [1;30mLevel 1[0m checking '/home/tknika/gral-iiriondo-main/unitree_ws/install/speech_to_goal_interfaces' for CMake config files
[5.408s] [34mcolcon.colcon_core.shell[0m [1;30mLevel 1[0m create_environment_hook('speech_to_goal_interfaces', 'cmake_prefix_path')
[5.409s] [34mcolcon.colcon_core.shell[0m [1;30mINFO[0m Creating environment hook '/home/tknika/gral-iiriondo-main/unitree_ws/install/speech_to_goal_interfaces/share/speech_to_goal_interfaces/hook/cmake_prefix_path.ps1'
[5.410s] [34mcolcon.colcon_core.shell[0m [1;30mINFO[0m Creating environment descriptor '/home/tknika/gral-iiriondo-main/unitree_ws/install/speech_to_goal_interfaces/share/speech_to_goal_interfaces/hook/cmake_prefix_path.dsv'
[5.411s] [34mcolcon.colcon_core.shell[0m [1;30mINFO[0m Creating environment hook '/home/tknika/gral-iiriondo-main/unitree_ws/install/speech_to_goal_interfaces/share/speech_to_goal_interfaces/hook/cmake_prefix_path.sh'
[5.413s] [34mcolcon.colcon_core.environment[0m [1;30mLevel 1[0m checking '/home/tknika/gral-iiriondo-main/unitree_ws/install/speech_to_goal_interfaces/lib'
[5.413s] [34mcolcon.colcon_core.shell[0m [1;30mLevel 1[0m create_environment_hook('speech_to_goal_interfaces', 'ld_library_path_lib')
[5.413s] [34mcolcon.colcon_core.shell[0m [1;30mINFO[0m Creating environment hook '/home/tknika/gral-iiriondo-main/unitree_ws/install/speech_to_goal_interfaces/share/speech_to_goal_interfaces/hook/ld_library_path_lib.ps1'
[5.414s] [34mcolcon.colcon_core.shell[0m [1;30mINFO[0m Creating environment descriptor '/home/tknika/gral-iiriondo-main/unitree_ws/install/speech_to_goal_interfaces/share/speech_to_goal_interfaces/hook/ld_library_path_lib.dsv'
[5.415s] [34mcolcon.colcon_core.shell[0m [1;30mINFO[0m Creating environment hook '/home/tknika/gral-iiriondo-main/unitree_ws/install/speech_to_goal_interfaces/share/speech_to_goal_interfaces/hook/ld_library_path_lib.sh'
[5.416s] [34mcolcon.colcon_core.environment[0m [1;30mLevel 1[0m checking '/home/tknika/gral-iiriondo-main/unitree_ws/install/speech_to_goal_interfaces/bin'
[5.416s] [34mcolcon.colcon_core.environment[0m [1;30mLevel 1[0m checking '/home/tknika/gral-iiriondo-main/unitree_ws/install/speech_to_goal_interfaces/lib/pkgconfig/speech_to_goal_interfaces.pc'
[5.417s] [34mcolcon.colcon_core.environment[0m [1;30mLevel 1[0m checking '/home/tknika/gral-iiriondo-main/unitree_ws/install/speech_to_goal_interfaces/lib/python3.10/site-packages'
[5.418s] [34mcolcon.colcon_core.environment[0m [1;30mLevel 1[0m checking '/home/tknika/gral-iiriondo-main/unitree_ws/install/speech_to_goal_interfaces/bin'
[5.418s] [34mcolcon.colcon_core.shell[0m [1;30mINFO[0m Creating package script '/home/tknika/gral-iiriondo-main/unitree_ws/install/speech_to_goal_interfaces/share/speech_to_goal_interfaces/package.ps1'
[5.420s] [34mcolcon.colcon_core.shell[0m [1;30mINFO[0m Creating package descriptor '/home/tknika/gral-iiriondo-main/unitree_ws/install/speech_to_goal_interfaces/share/speech_to_goal_interfaces/package.dsv'
[5.421s] [34mcolcon.colcon_core.shell[0m [1;30mINFO[0m Creating package script '/home/tknika/gral-iiriondo-main/unitree_ws/install/speech_to_goal_interfaces/share/speech_to_goal_interfaces/package.sh'
[5.422s] [34mcolcon.colcon_core.shell[0m [1;30mINFO[0m Creating package script '/home/tknika/gral-iiriondo-main/unitree_ws/install/speech_to_goal_interfaces/share/speech_to_goal_interfaces/package.bash'
[5.423s] [34mcolcon.colcon_core.shell[0m [1;30mINFO[0m Creating package script '/home/tknika/gral-iiriondo-main/unitree_ws/install/speech_to_goal_interfaces/share/speech_to_goal_interfaces/package.zsh'
[5.424s] [34mcolcon.colcon_core.environment[0m [1;30mLevel 1[0m create_file_with_runtime_dependencies(/home/tknika/gral-iiriondo-main/unitree_ws/install/speech_to_goal_interfaces/share/colcon-core/packages/speech_to_goal_interfaces)
[5.426s] [34mcolcon.colcon_core.environment[0m [1;30mLevel 1[0m create_environment_scripts_only(speech_to_goal_interfaces)
[5.426s] [34mcolcon.colcon_core.environment[0m [1;30mLevel 1[0m checking '/home/tknika/gral-iiriondo-main/unitree_ws/install/speech_to_goal_interfaces' for CMake module files
[5.427s] [34mcolcon.colcon_core.environment[0m [1;30mLevel 1[0m checking '/home/tknika/gral-iiriondo-main/unitree_ws/install/speech_to_goal_interfaces' for CMake config files
[5.429s] [34mcolcon.colcon_core.shell[0m [1;30mLevel 1[0m create_environment_hook('speech_to_goal_interfaces', 'cmake_prefix_path')
[5.430s] [34mcolcon.colcon_core.shell[0m [1;30mINFO[0m Creating environment hook '/home/tknika/gral-iiriondo-main/unitree_ws/install/speech_to_goal_interfaces/share/speech_to_goal_interfaces/hook/cmake_prefix_path.ps1'
[5.431s] [34mcolcon.colcon_core.shell[0m [1;30mINFO[0m Creating environment descriptor '/home/tknika/gral-iiriondo-main/unitree_ws/install/speech_to_goal_interfaces/share/speech_to_goal_interfaces/hook/cmake_prefix_path.dsv'
[5.432s] [34mcolcon.colcon_core.shell[0m [1;30mINFO[0m Creating environment hook '/home/tknika/gral-iiriondo-main/unitree_ws/install/speech_to_goal_interfaces/share/speech_to_goal_interfaces/hook/cmake_prefix_path.sh'
[5.434s] [34mcolcon.colcon_core.environment[0m [1;30mLevel 1[0m checking '/home/tknika/gral-iiriondo-main/unitree_ws/install/speech_to_goal_interfaces/lib'
[5.434s] [34mcolcon.colcon_core.shell[0m [1;30mLevel 1[0m create_environment_hook('speech_to_goal_interfaces', 'ld_library_path_lib')
[5.434s] [34mcolcon.colcon_core.shell[0m [1;30mINFO[0m Creating environment hook '/home/tknika/gral-iiriondo-main/unitree_ws/install/speech_to_goal_interfaces/share/speech_to_goal_interfaces/hook/ld_library_path_lib.ps1'
[5.436s] [34mcolcon.colcon_core.shell[0m [1;30mINFO[0m Creating environment descriptor '/home/tknika/gral-iiriondo-main/unitree_ws/install/speech_to_goal_interfaces/share/speech_to_goal_interfaces/hook/ld_library_path_lib.dsv'
[5.437s] [34mcolcon.colcon_core.shell[0m [1;30mINFO[0m Creating environment hook '/home/tknika/gral-iiriondo-main/unitree_ws/install/speech_to_goal_interfaces/share/speech_to_goal_interfaces/hook/ld_library_path_lib.sh'
[5.438s] [34mcolcon.colcon_core.environment[0m [1;30mLevel 1[0m checking '/home/tknika/gral-iiriondo-main/unitree_ws/install/speech_to_goal_interfaces/bin'
[5.438s] [34mcolcon.colcon_core.environment[0m [1;30mLevel 1[0m checking '/home/tknika/gral-iiriondo-main/unitree_ws/install/speech_to_goal_interfaces/lib/pkgconfig/speech_to_goal_interfaces.pc'
[5.438s] [34mcolcon.colcon_core.environment[0m [1;30mLevel 1[0m checking '/home/tknika/gral-iiriondo-main/unitree_ws/install/speech_to_goal_interfaces/lib/python3.10/site-packages'
[5.439s] [34mcolcon.colcon_core.environment[0m [1;30mLevel 1[0m checking '/home/tknika/gral-iiriondo-main/unitree_ws/install/speech_to_goal_interfaces/bin'
[5.440s] [34mcolcon.colcon_core.shell[0m [1;30mINFO[0m Creating package script '/home/tknika/gral-iiriondo-main/unitree_ws/install/speech_to_goal_interfaces/share/speech_to_goal_interfaces/package.ps1'
[5.442s] [34mcolcon.colcon_core.shell[0m [1;30mINFO[0m Creating package descriptor '/home/tknika/gral-iiriondo-main/unitree_ws/install/speech_to_goal_interfaces/share/speech_to_goal_interfaces/package.dsv'
[5.443s] [34mcolcon.colcon_core.shell[0m [1;30mINFO[0m Creating package script '/home/tknika/gral-iiriondo-main/unitree_ws/install/speech_to_goal_interfaces/share/speech_to_goal_interfaces/package.sh'
[5.445s] [34mcolcon.colcon_core.shell[0m [1;30mINFO[0m Creating package script '/home/tknika/gral-iiriondo-main/unitree_ws/install/speech_to_goal_interfaces/share/speech_to_goal_interfaces/package.bash'
[5.446s] [34mcolcon.colcon_core.shell[0m [1;30mINFO[0m Creating package script '/home/tknika/gral-iiriondo-main/unitree_ws/install/speech_to_goal_interfaces/share/speech_to_goal_interfaces/package.zsh'
[5.448s] [34mcolcon.colcon_core.environment[0m [1;30mLevel 1[0m create_file_with_runtime_dependencies(/home/tknika/gral-iiriondo-main/unitree_ws/install/speech_to_goal_interfaces/share/colcon-core/packages/speech_to_goal_interfaces)
[5.450s] [34mcolcon.colcon_ros.task.ament_python.build[0m [1;30mINFO[0m Building ROS package in '/home/tknika/gral-iiriondo-main/unitree_ws/src/aruco_detector' with build type 'ament_python'
[5.451s] [34mcolcon.colcon_core.shell[0m [1;30mLevel 1[0m create_environment_hook('aruco_detector', 'ament_prefix_path')
[5.451s] [34mcolcon.colcon_core.shell[0m [1;30mINFO[0m Creating environment hook '/home/tknika/gral-iiriondo-main/unitree_ws/install/aruco_detector/share/aruco_detector/hook/ament_prefix_path.ps1'
[5.453s] [34mcolcon.colcon_core.shell[0m [1;30mINFO[0m Creating environment descriptor '/home/tknika/gral-iiriondo-main/unitree_ws/install/aruco_detector/share/aruco_detector/hook/ament_prefix_path.dsv'
[5.454s] [34mcolcon.colcon_core.shell[0m [1;30mINFO[0m Creating environment hook '/home/tknika/gral-iiriondo-main/unitree_ws/install/aruco_detector/share/aruco_detector/hook/ament_prefix_path.sh'
[5.455s] [34mcolcon.colcon_core.shell[0m [1;30mINFO[0m Skip shell extension 'powershell' for command environment: Not usable outside of PowerShell
[5.456s] [34mcolcon.colcon_core.shell[0m [1;30mDEBUG[0m [32mSkip shell extension 'dsv' for command environment[0m
[5.464s] [34mcolcon.colcon_ros.task.ament_python.build[0m [1;30mINFO[0m Building ROS package in '/home/tknika/gral-iiriondo-main/unitree_ws/src/speech_to_goal' with build type 'ament_python'
[5.465s] [34mcolcon.colcon_core.shell[0m [1;30mLevel 1[0m create_environment_hook('speech_to_goal', 'ament_prefix_path')
[5.465s] [34mcolcon.colcon_core.shell[0m [1;30mINFO[0m Creating environment hook '/home/tknika/gral-iiriondo-main/unitree_ws/install/speech_to_goal/share/speech_to_goal/hook/ament_prefix_path.ps1'
[5.467s] [34mcolcon.colcon_core.shell[0m [1;30mINFO[0m Creating environment descriptor '/home/tknika/gral-iiriondo-main/unitree_ws/install/speech_to_goal/share/speech_to_goal/hook/ament_prefix_path.dsv'
[5.468s] [34mcolcon.colcon_core.shell[0m [1;30mINFO[0m Creating environment hook '/home/tknika/gral-iiriondo-main/unitree_ws/install/speech_to_goal/share/speech_to_goal/hook/ament_prefix_path.sh'
[5.470s] [34mcolcon.colcon_core.shell[0m [1;30mINFO[0m Skip shell extension 'powershell' for command environment: Not usable outside of PowerShell
[5.470s] [34mcolcon.colcon_core.shell[0m [1;30mDEBUG[0m [32mSkip shell extension 'dsv' for command environment[0m
[6.506s] [34mcolcon.colcon_core.task.python.build[0m [1;30mINFO[0m Building Python package in '/home/tknika/gral-iiriondo-main/unitree_ws/src/object_recognition'
[6.507s] [34mcolcon.colcon_core.shell[0m [1;30mINFO[0m Skip shell extension 'powershell' for command environment: Not usable outside of PowerShell
[6.507s] [34mcolcon.colcon_core.shell[0m [1;30mDEBUG[0m [32mSkip shell extension 'dsv' for command environment[0m
[7.519s] [34mcolcon.colcon_core.task.python.build[0m [1;30mINFO[0m Building Python package in '/home/tknika/gral-iiriondo-main/unitree_ws/src/aruco_detector'
[7.520s] [34mcolcon.colcon_core.shell[0m [1;30mINFO[0m Skip shell extension 'powershell' for command environment: Not usable outside of PowerShell
[7.520s] [34mcolcon.colcon_core.shell[0m [1;30mDEBUG[0m [32mSkip shell extension 'dsv' for command environment[0m
[8.469s] [34mcolcon.colcon_core.task.python.build[0m [1;30mINFO[0m Building Python package in '/home/tknika/gral-iiriondo-main/unitree_ws/src/speech_to_goal'
[8.470s] [34mcolcon.colcon_core.shell[0m [1;30mINFO[0m Skip shell extension 'powershell' for command environment: Not usable outside of PowerShell
[8.470s] [34mcolcon.colcon_core.shell[0m [1;30mDEBUG[0m [32mSkip shell extension 'dsv' for command environment[0m
[8.489s] [34mcolcon.colcon_core.event_handler.log_command[0m [1;30mDEBUG[0m [32mInvoking command in '/home/tknika/gral-iiriondo-main/unitree_ws/build/go1_description': PYTHONPATH=/home/tknika/gral-iiriondo-main/unitree_ws/build/go1_description/prefix_override:/usr/lib/python3/dist-packages/colcon_core/task/python/colcon_distutils_commands:/home/tknika/gral-iiriondo-main/unitree_ws/install/go1_description/lib/python3.10/site-packages:${PYTHONPATH} /usr/bin/python3 -W ignore:setup.py install is deprecated -W ignore:easy_install command is deprecated setup.py develop --editable --build-directory /home/tknika/gral-iiriondo-main/unitree_ws/build/go1_description/build --no-deps symlink_data[0m
[8.491s] [34mcolcon.colcon_core.event_handler.log_command[0m [1;30mDEBUG[0m [32mInvoking command in '/home/tknika/gral-iiriondo-main/unitree_ws/build/asr': PYTHONPATH=/home/tknika/gral-iiriondo-main/unitree_ws/build/asr/prefix_override:/usr/lib/python3/dist-packages/colcon_core/task/python/colcon_distutils_commands:/home/tknika/gral-iiriondo-main/unitree_ws/install/asr/lib/python3.10/site-packages:${PYTHONPATH} /usr/bin/python3 -W ignore:setup.py install is deprecated -W ignore:easy_install command is deprecated setup.py develop --editable --build-directory /home/tknika/gral-iiriondo-main/unitree_ws/build/asr/build --no-deps symlink_data[0m
[8.493s] [34mcolcon.colcon_core.event_handler.log_command[0m [1;30mDEBUG[0m [32mInvoking command in '/home/tknika/gral-iiriondo-main/unitree_ws/build/standing_mode': PYTHONPATH=/home/tknika/gral-iiriondo-main/unitree_ws/build/standing_mode/prefix_override:/usr/lib/python3/dist-packages/colcon_core/task/python/colcon_distutils_commands:/home/tknika/gral-iiriondo-main/unitree_ws/install/standing_mode/lib/python3.10/site-packages:${PYTHONPATH} /usr/bin/python3 -W ignore:setup.py install is deprecated -W ignore:easy_install command is deprecated setup.py develop --editable --build-directory /home/tknika/gral-iiriondo-main/unitree_ws/build/standing_mode/build --no-deps symlink_data[0m
[8.497s] [34mcolcon.colcon_core.event_handler.log_command[0m [1;30mDEBUG[0m [32mInvoking command in '/home/tknika/gral-iiriondo-main/unitree_ws/build/mapping_configuration': PYTHONPATH=/home/tknika/gral-iiriondo-main/unitree_ws/build/mapping_configuration/prefix_override:/usr/lib/python3/dist-packages/colcon_core/task/python/colcon_distutils_commands:/home/tknika/gral-iiriondo-main/unitree_ws/install/mapping_configuration/lib/python3.10/site-packages:${PYTHONPATH} /usr/bin/python3 -W ignore:setup.py install is deprecated -W ignore:easy_install command is deprecated setup.py develop --editable --build-directory /home/tknika/gral-iiriondo-main/unitree_ws/build/mapping_configuration/build --no-deps symlink_data[0m
[10.279s] [34mcolcon.colcon_core.event_handler.log_command[0m [1;30mDEBUG[0m [32mInvoking command in '/home/tknika/gral-iiriondo-main/unitree_ws/build/object_recognition': AMENT_PREFIX_PATH=/home/tknika/gral-iiriondo-main/unitree_ws/install/object_recognition_interfaces:${AMENT_PREFIX_PATH} CMAKE_PREFIX_PATH=/home/tknika/gral-iiriondo-main/unitree_ws/install/object_recognition_interfaces LD_LIBRARY_PATH=/home/tknika/gral-iiriondo-main/unitree_ws/install/object_recognition_interfaces/lib:/usr/lib/aarch64-linux-gnu/nvidia:/usr/local/cuda/lib64:/opt/ros/humble/opt/rviz_ogre_vendor/lib:/opt/ros/humble/lib/aarch64-linux-gnu:/opt/ros/humble/lib:/usr/local/cuda-12.6/lib64 PYTHONPATH=/home/tknika/gral-iiriondo-main/unitree_ws/build/object_recognition/prefix_override:/usr/lib/python3/dist-packages/colcon_core/task/python/colcon_distutils_commands:/home/tknika/gral-iiriondo-main/unitree_ws/install/object_recognition/lib/python3.10/site-packages:/home/tknika/gral-iiriondo-main/unitree_ws/install/object_recognition_interfaces/local/lib/python3.10/dist-packages:${PYTHONPATH} /usr/bin/python3 -W ignore:setup.py install is deprecated -W ignore:easy_install command is deprecated setup.py develop --editable --build-directory /home/tknika/gral-iiriondo-main/unitree_ws/build/object_recognition/build --no-deps symlink_data[0m
[10.432s] [34mcolcon.colcon_core.event_handler.log_command[0m [1;30mDEBUG[0m [32mInvoking command in '/home/tknika/gral-iiriondo-main/unitree_ws/build/aruco_detector': AMENT_PREFIX_PATH=/home/tknika/gral-iiriondo-main/unitree_ws/install/aruco_markers_msgs:${AMENT_PREFIX_PATH} CMAKE_PREFIX_PATH=/home/tknika/gral-iiriondo-main/unitree_ws/install/aruco_markers_msgs LD_LIBRARY_PATH=/home/tknika/gral-iiriondo-main/unitree_ws/install/aruco_markers_msgs/lib:/usr/lib/aarch64-linux-gnu/nvidia:/usr/local/cuda/lib64:/opt/ros/humble/opt/rviz_ogre_vendor/lib:/opt/ros/humble/lib/aarch64-linux-gnu:/opt/ros/humble/lib:/usr/local/cuda-12.6/lib64 PYTHONPATH=/home/tknika/gral-iiriondo-main/unitree_ws/build/aruco_detector/prefix_override:/usr/lib/python3/dist-packages/colcon_core/task/python/colcon_distutils_commands:/home/tknika/gral-iiriondo-main/unitree_ws/install/aruco_detector/lib/python3.10/site-packages:/home/tknika/gral-iiriondo-main/unitree_ws/install/aruco_markers_msgs/local/lib/python3.10/dist-packages:${PYTHONPATH} /usr/bin/python3 -W ignore:setup.py install is deprecated -W ignore:easy_install command is deprecated setup.py develop --editable --build-directory /home/tknika/gral-iiriondo-main/unitree_ws/build/aruco_detector/build --no-deps symlink_data[0m
[10.492s] [34mcolcon.colcon_core.event_handler.log_command[0m [1;30mDEBUG[0m [32mInvoking command in '/home/tknika/gral-iiriondo-main/unitree_ws/build/speech_to_goal': AMENT_PREFIX_PATH=/home/tknika/gral-iiriondo-main/unitree_ws/install/speech_to_goal_interfaces:/home/tknika/gral-iiriondo-main/unitree_ws/install/object_recognition_interfaces:${AMENT_PREFIX_PATH} CMAKE_PREFIX_PATH=/home/tknika/gral-iiriondo-main/unitree_ws/install/speech_to_goal_interfaces:/home/tknika/gral-iiriondo-main/unitree_ws/install/object_recognition_interfaces LD_LIBRARY_PATH=/home/tknika/gral-iiriondo-main/unitree_ws/install/speech_to_goal_interfaces/lib:/home/tknika/gral-iiriondo-main/unitree_ws/install/object_recognition_interfaces/lib:/usr/lib/aarch64-linux-gnu/nvidia:/usr/local/cuda/lib64:/opt/ros/humble/opt/rviz_ogre_vendor/lib:/opt/ros/humble/lib/aarch64-linux-gnu:/opt/ros/humble/lib:/usr/local/cuda-12.6/lib64 PYTHONPATH=/home/tknika/gral-iiriondo-main/unitree_ws/build/speech_to_goal/prefix_override:/usr/lib/python3/dist-packages/colcon_core/task/python/colcon_distutils_commands:/home/tknika/gral-iiriondo-main/unitree_ws/install/speech_to_goal/lib/python3.10/site-packages:/home/tknika/gral-iiriondo-main/unitree_ws/install/speech_to_goal_interfaces/local/lib/python3.10/dist-packages:/home/tknika/gral-iiriondo-main/unitree_ws/install/object_recognition_interfaces/local/lib/python3.10/dist-packages:${PYTHONPATH} /usr/bin/python3 -W ignore:setup.py install is deprecated -W ignore:easy_install command is deprecated setup.py develop --editable --build-directory /home/tknika/gral-iiriondo-main/unitree_ws/build/speech_to_goal/build --no-deps symlink_data[0m
[10.595s] [34mcolcon.colcon_core.shell[0m [1;30mLevel 1[0m create_environment_hook('go1_description', 'pythonpath_develop')
[10.596s] [34mcolcon.colcon_core.shell[0m [1;30mINFO[0m Creating environment hook '/home/tknika/gral-iiriondo-main/unitree_ws/build/go1_description/share/go1_description/hook/pythonpath_develop.ps1'
[10.598s] [34mcolcon.colcon_core.event_handler.log_command[0m [1;30mDEBUG[0m [32mInvoked command in '/home/tknika/gral-iiriondo-main/unitree_ws/build/go1_description' returned '0': PYTHONPATH=/home/tknika/gral-iiriondo-main/unitree_ws/build/go1_description/prefix_override:/usr/lib/python3/dist-packages/colcon_core/task/python/colcon_distutils_commands:/home/tknika/gral-iiriondo-main/unitree_ws/install/go1_description/lib/python3.10/site-packages:${PYTHONPATH} /usr/bin/python3 -W ignore:setup.py install is deprecated -W ignore:easy_install command is deprecated setup.py develop --editable --build-directory /home/tknika/gral-iiriondo-main/unitree_ws/build/go1_description/build --no-deps symlink_data[0m
[10.598s] [34mcolcon.colcon_core.shell[0m [1;30mINFO[0m Creating environment descriptor '/home/tknika/gral-iiriondo-main/unitree_ws/build/go1_description/share/go1_description/hook/pythonpath_develop.dsv'
[10.600s] [34mcolcon.colcon_core.shell[0m [1;30mINFO[0m Creating environment hook '/home/tknika/gral-iiriondo-main/unitree_ws/build/go1_description/share/go1_description/hook/pythonpath_develop.sh'
[10.602s] [34mcolcon.colcon_core.environment[0m [1;30mLevel 1[0m checking '/home/tknika/gral-iiriondo-main/unitree_ws/install/go1_description' for CMake module files
[10.603s] [34mcolcon.colcon_core.environment[0m [1;30mLevel 1[0m checking '/home/tknika/gral-iiriondo-main/unitree_ws/install/go1_description' for CMake config files
[10.604s] [34mcolcon.colcon_core.environment[0m [1;30mLevel 1[0m checking '/home/tknika/gral-iiriondo-main/unitree_ws/install/go1_description/lib'
[10.604s] [34mcolcon.colcon_core.environment[0m [1;30mLevel 1[0m checking '/home/tknika/gral-iiriondo-main/unitree_ws/install/go1_description/bin'
[10.604s] [34mcolcon.colcon_core.environment[0m [1;30mLevel 1[0m checking '/home/tknika/gral-iiriondo-main/unitree_ws/install/go1_description/lib/pkgconfig/go1_description.pc'
[10.605s] [34mcolcon.colcon_core.environment[0m [1;30mLevel 1[0m checking '/home/tknika/gral-iiriondo-main/unitree_ws/install/go1_description/lib/python3.10/site-packages'
[10.605s] [34mcolcon.colcon_core.shell[0m [1;30mLevel 1[0m create_environment_hook('go1_description', 'pythonpath')
[10.606s] [34mcolcon.colcon_core.shell[0m [1;30mINFO[0m Creating environment hook '/home/tknika/gral-iiriondo-main/unitree_ws/install/go1_description/share/go1_description/hook/pythonpath.ps1'
[10.609s] [34mcolcon.colcon_core.shell[0m [1;30mINFO[0m Creating environment descriptor '/home/tknika/gral-iiriondo-main/unitree_ws/install/go1_description/share/go1_description/hook/pythonpath.dsv'
[10.616s] [34mcolcon.colcon_core.shell[0m [1;30mINFO[0m Creating environment hook '/home/tknika/gral-iiriondo-main/unitree_ws/install/go1_description/share/go1_description/hook/pythonpath.sh'
[10.621s] [34mcolcon.colcon_core.environment[0m [1;30mLevel 1[0m checking '/home/tknika/gral-iiriondo-main/unitree_ws/install/go1_description/bin'
[10.622s] [34mcolcon.colcon_core.environment[0m [1;30mLevel 1[0m create_environment_scripts_only(go1_description)
[10.624s] [34mcolcon.colcon_core.shell[0m [1;30mINFO[0m Creating package script '/home/tknika/gral-iiriondo-main/unitree_ws/install/go1_description/share/go1_description/package.ps1'
[10.630s] [34mcolcon.colcon_core.shell[0m [1;30mINFO[0m Creating package descriptor '/home/tknika/gral-iiriondo-main/unitree_ws/install/go1_description/share/go1_description/package.dsv'
[10.637s] [34mcolcon.colcon_core.shell[0m [1;30mINFO[0m Creating package script '/home/tknika/gral-iiriondo-main/unitree_ws/install/go1_description/share/go1_description/package.sh'
[10.639s] [34mcolcon.colcon_core.shell[0m [1;30mINFO[0m Creating package script '/home/tknika/gral-iiriondo-main/unitree_ws/install/go1_description/share/go1_description/package.bash'
[10.641s] [34mcolcon.colcon_core.shell[0m [1;30mINFO[0m Creating package script '/home/tknika/gral-iiriondo-main/unitree_ws/install/go1_description/share/go1_description/package.zsh'
[10.643s] [34mcolcon.colcon_core.environment[0m [1;30mLevel 1[0m create_file_with_runtime_dependencies(/home/tknika/gral-iiriondo-main/unitree_ws/install/go1_description/share/colcon-core/packages/go1_description)
[10.735s] [34mcolcon.colcon_core.shell[0m [1;30mLevel 1[0m create_environment_hook('mapping_configuration', 'pythonpath_develop')
[10.736s] [34mcolcon.colcon_core.shell[0m [1;30mINFO[0m Creating environment hook '/home/tknika/gral-iiriondo-main/unitree_ws/build/mapping_configuration/share/mapping_configuration/hook/pythonpath_develop.ps1'
[10.737s] [34mcolcon.colcon_core.event_handler.log_command[0m [1;30mDEBUG[0m [32mInvoked command in '/home/tknika/gral-iiriondo-main/unitree_ws/build/mapping_configuration' returned '0': PYTHONPATH=/home/tknika/gral-iiriondo-main/unitree_ws/build/mapping_configuration/prefix_override:/usr/lib/python3/dist-packages/colcon_core/task/python/colcon_distutils_commands:/home/tknika/gral-iiriondo-main/unitree_ws/install/mapping_configuration/lib/python3.10/site-packages:${PYTHONPATH} /usr/bin/python3 -W ignore:setup.py install is deprecated -W ignore:easy_install command is deprecated setup.py develop --editable --build-directory /home/tknika/gral-iiriondo-main/unitree_ws/build/mapping_configuration/build --no-deps symlink_data[0m
[10.739s] [34mcolcon.colcon_core.shell[0m [1;30mINFO[0m Creating environment descriptor '/home/tknika/gral-iiriondo-main/unitree_ws/build/mapping_configuration/share/mapping_configuration/hook/pythonpath_develop.dsv'
[10.740s] [34mcolcon.colcon_core.shell[0m [1;30mINFO[0m Creating environment hook '/home/tknika/gral-iiriondo-main/unitree_ws/build/mapping_configuration/share/mapping_configuration/hook/pythonpath_develop.sh'
[10.742s] [34mcolcon.colcon_core.environment[0m [1;30mLevel 1[0m checking '/home/tknika/gral-iiriondo-main/unitree_ws/install/mapping_configuration' for CMake module files
[10.743s] [34mcolcon.colcon_core.environment[0m [1;30mLevel 1[0m checking '/home/tknika/gral-iiriondo-main/unitree_ws/install/mapping_configuration' for CMake config files
[10.744s] [34mcolcon.colcon_core.environment[0m [1;30mLevel 1[0m checking '/home/tknika/gral-iiriondo-main/unitree_ws/install/mapping_configuration/lib'
[10.744s] [34mcolcon.colcon_core.environment[0m [1;30mLevel 1[0m checking '/home/tknika/gral-iiriondo-main/unitree_ws/install/mapping_configuration/bin'
[10.744s] [34mcolcon.colcon_core.environment[0m [1;30mLevel 1[0m checking '/home/tknika/gral-iiriondo-main/unitree_ws/install/mapping_configuration/lib/pkgconfig/mapping_configuration.pc'
[10.745s] [34mcolcon.colcon_core.environment[0m [1;30mLevel 1[0m checking '/home/tknika/gral-iiriondo-main/unitree_ws/install/mapping_configuration/lib/python3.10/site-packages'
[10.745s] [34mcolcon.colcon_core.shell[0m [1;30mLevel 1[0m create_environment_hook('mapping_configuration', 'pythonpath')
[10.746s] [34mcolcon.colcon_core.shell[0m [1;30mINFO[0m Creating environment hook '/home/tknika/gral-iiriondo-main/unitree_ws/install/mapping_configuration/share/mapping_configuration/hook/pythonpath.ps1'
[10.747s] [34mcolcon.colcon_core.shell[0m [1;30mINFO[0m Creating environment descriptor '/home/tknika/gral-iiriondo-main/unitree_ws/install/mapping_configuration/share/mapping_configuration/hook/pythonpath.dsv'
[10.749s] [34mcolcon.colcon_core.shell[0m [1;30mINFO[0m Creating environment hook '/home/tknika/gral-iiriondo-main/unitree_ws/install/mapping_configuration/share/mapping_configuration/hook/pythonpath.sh'
[10.751s] [34mcolcon.colcon_core.environment[0m [1;30mLevel 1[0m checking '/home/tknika/gral-iiriondo-main/unitree_ws/install/mapping_configuration/bin'
[10.751s] [34mcolcon.colcon_core.environment[0m [1;30mLevel 1[0m create_environment_scripts_only(mapping_configuration)
[10.752s] [34mcolcon.colcon_core.shell[0m [1;30mINFO[0m Creating package script '/home/tknika/gral-iiriondo-main/unitree_ws/install/mapping_configuration/share/mapping_configuration/package.ps1'
[10.754s] [34mcolcon.colcon_core.shell[0m [1;30mINFO[0m Creating package descriptor '/home/tknika/gral-iiriondo-main/unitree_ws/install/mapping_configuration/share/mapping_configuration/package.dsv'
[10.756s] [34mcolcon.colcon_core.shell[0m [1;30mINFO[0m Creating package script '/home/tknika/gral-iiriondo-main/unitree_ws/install/mapping_configuration/share/mapping_configuration/package.sh'
[10.758s] [34mcolcon.colcon_core.shell[0m [1;30mINFO[0m Creating package script '/home/tknika/gral-iiriondo-main/unitree_ws/install/mapping_configuration/share/mapping_configuration/package.bash'
[10.759s] [34mcolcon.colcon_core.shell[0m [1;30mINFO[0m Creating package script '/home/tknika/gral-iiriondo-main/unitree_ws/install/mapping_configuration/share/mapping_configuration/package.zsh'
[10.761s] [34mcolcon.colcon_core.environment[0m [1;30mLevel 1[0m create_file_with_runtime_dependencies(/home/tknika/gral-iiriondo-main/unitree_ws/install/mapping_configuration/share/colcon-core/packages/mapping_configuration)
[10.782s] [34mcolcon.colcon_core.shell[0m [1;30mLevel 1[0m create_environment_hook('asr', 'pythonpath_develop')
[10.783s] [34mcolcon.colcon_core.shell[0m [1;30mINFO[0m Creating environment hook '/home/tknika/gral-iiriondo-main/unitree_ws/build/asr/share/asr/hook/pythonpath_develop.ps1'
[10.784s] [34mcolcon.colcon_core.event_handler.log_command[0m [1;30mDEBUG[0m [32mInvoked command in '/home/tknika/gral-iiriondo-main/unitree_ws/build/asr' returned '0': PYTHONPATH=/home/tknika/gral-iiriondo-main/unitree_ws/build/asr/prefix_override:/usr/lib/python3/dist-packages/colcon_core/task/python/colcon_distutils_commands:/home/tknika/gral-iiriondo-main/unitree_ws/install/asr/lib/python3.10/site-packages:${PYTHONPATH} /usr/bin/python3 -W ignore:setup.py install is deprecated -W ignore:easy_install command is deprecated setup.py develop --editable --build-directory /home/tknika/gral-iiriondo-main/unitree_ws/build/asr/build --no-deps symlink_data[0m
[10.785s] [34mcolcon.colcon_core.shell[0m [1;30mINFO[0m Creating environment descriptor '/home/tknika/gral-iiriondo-main/unitree_ws/build/asr/share/asr/hook/pythonpath_develop.dsv'
[10.786s] [34mcolcon.colcon_core.shell[0m [1;30mINFO[0m Creating environment hook '/home/tknika/gral-iiriondo-main/unitree_ws/build/asr/share/asr/hook/pythonpath_develop.sh'
[10.787s] [34mcolcon.colcon_core.environment[0m [1;30mLevel 1[0m checking '/home/tknika/gral-iiriondo-main/unitree_ws/install/asr' for CMake module files
[10.788s] [34mcolcon.colcon_core.environment[0m [1;30mLevel 1[0m checking '/home/tknika/gral-iiriondo-main/unitree_ws/install/asr' for CMake config files
[10.789s] [34mcolcon.colcon_core.environment[0m [1;30mLevel 1[0m checking '/home/tknika/gral-iiriondo-main/unitree_ws/install/asr/lib'
[10.790s] [34mcolcon.colcon_core.environment[0m [1;30mLevel 1[0m checking '/home/tknika/gral-iiriondo-main/unitree_ws/install/asr/bin'
[10.790s] [34mcolcon.colcon_core.environment[0m [1;30mLevel 1[0m checking '/home/tknika/gral-iiriondo-main/unitree_ws/install/asr/lib/pkgconfig/asr.pc'
[10.790s] [34mcolcon.colcon_core.environment[0m [1;30mLevel 1[0m checking '/home/tknika/gral-iiriondo-main/unitree_ws/install/asr/lib/python3.10/site-packages'
[10.790s] [34mcolcon.colcon_core.shell[0m [1;30mLevel 1[0m create_environment_hook('asr', 'pythonpath')
[10.791s] [34mcolcon.colcon_core.shell[0m [1;30mINFO[0m Creating environment hook '/home/tknika/gral-iiriondo-main/unitree_ws/install/asr/share/asr/hook/pythonpath.ps1'
[10.792s] [34mcolcon.colcon_core.shell[0m [1;30mINFO[0m Creating environment descriptor '/home/tknika/gral-iiriondo-main/unitree_ws/install/asr/share/asr/hook/pythonpath.dsv'
[10.793s] [34mcolcon.colcon_core.shell[0m [1;30mINFO[0m Creating environment hook '/home/tknika/gral-iiriondo-main/unitree_ws/install/asr/share/asr/hook/pythonpath.sh'
[10.794s] [34mcolcon.colcon_core.environment[0m [1;30mLevel 1[0m checking '/home/tknika/gral-iiriondo-main/unitree_ws/install/asr/bin'
[10.794s] [34mcolcon.colcon_core.environment[0m [1;30mLevel 1[0m create_environment_scripts_only(asr)
[10.795s] [34mcolcon.colcon_core.shell[0m [1;30mINFO[0m Creating package script '/home/tknika/gral-iiriondo-main/unitree_ws/install/asr/share/asr/package.ps1'
[10.797s] [34mcolcon.colcon_core.shell[0m [1;30mINFO[0m Creating package descriptor '/home/tknika/gral-iiriondo-main/unitree_ws/install/asr/share/asr/package.dsv'
[10.797s] [34mcolcon.colcon_core.shell[0m [1;30mINFO[0m Creating package script '/home/tknika/gral-iiriondo-main/unitree_ws/install/asr/share/asr/package.sh'
[10.798s] [34mcolcon.colcon_core.shell[0m [1;30mINFO[0m Creating package script '/home/tknika/gral-iiriondo-main/unitree_ws/install/asr/share/asr/package.bash'
[10.799s] [34mcolcon.colcon_core.shell[0m [1;30mINFO[0m Creating package script '/home/tknika/gral-iiriondo-main/unitree_ws/install/asr/share/asr/package.zsh'
[10.800s] [34mcolcon.colcon_core.environment[0m [1;30mLevel 1[0m create_file_with_runtime_dependencies(/home/tknika/gral-iiriondo-main/unitree_ws/install/asr/share/colcon-core/packages/asr)
[10.808s] [34mcolcon.colcon_core.shell[0m [1;30mLevel 1[0m create_environment_hook('standing_mode', 'pythonpath_develop')
[10.809s] [34mcolcon.colcon_core.shell[0m [1;30mINFO[0m Creating environment hook '/home/tknika/gral-iiriondo-main/unitree_ws/build/standing_mode/share/standing_mode/hook/pythonpath_develop.ps1'
[10.810s] [34mcolcon.colcon_core.event_handler.log_command[0m [1;30mDEBUG[0m [32mInvoked command in '/home/tknika/gral-iiriondo-main/unitree_ws/build/standing_mode' returned '0': PYTHONPATH=/home/tknika/gral-iiriondo-main/unitree_ws/build/standing_mode/prefix_override:/usr/lib/python3/dist-packages/colcon_core/task/python/colcon_distutils_commands:/home/tknika/gral-iiriondo-main/unitree_ws/install/standing_mode/lib/python3.10/site-packages:${PYTHONPATH} /usr/bin/python3 -W ignore:setup.py install is deprecated -W ignore:easy_install command is deprecated setup.py develop --editable --build-directory /home/tknika/gral-iiriondo-main/unitree_ws/build/standing_mode/build --no-deps symlink_data[0m
[10.810s] [34mcolcon.colcon_core.shell[0m [1;30mINFO[0m Creating environment descriptor '/home/tknika/gral-iiriondo-main/unitree_ws/build/standing_mode/share/standing_mode/hook/pythonpath_develop.dsv'
[10.811s] [34mcolcon.colcon_core.shell[0m [1;30mINFO[0m Creating environment hook '/home/tknika/gral-iiriondo-main/unitree_ws/build/standing_mode/share/standing_mode/hook/pythonpath_develop.sh'
[10.812s] [34mcolcon.colcon_core.environment[0m [1;30mLevel 1[0m checking '/home/tknika/gral-iiriondo-main/unitree_ws/install/standing_mode' for CMake module files
[10.813s] [34mcolcon.colcon_core.environment[0m [1;30mLevel 1[0m checking '/home/tknika/gral-iiriondo-main/unitree_ws/install/standing_mode' for CMake config files
[10.814s] [34mcolcon.colcon_core.environment[0m [1;30mLevel 1[0m checking '/home/tknika/gral-iiriondo-main/unitree_ws/install/standing_mode/lib'
[10.814s] [34mcolcon.colcon_core.environment[0m [1;30mLevel 1[0m checking '/home/tknika/gral-iiriondo-main/unitree_ws/install/standing_mode/bin'
[10.814s] [34mcolcon.colcon_core.environment[0m [1;30mLevel 1[0m checking '/home/tknika/gral-iiriondo-main/unitree_ws/install/standing_mode/lib/pkgconfig/standing_mode.pc'
[10.815s] [34mcolcon.colcon_core.environment[0m [1;30mLevel 1[0m checking '/home/tknika/gral-iiriondo-main/unitree_ws/install/standing_mode/lib/python3.10/site-packages'
[10.815s] [34mcolcon.colcon_core.shell[0m [1;30mLevel 1[0m create_environment_hook('standing_mode', 'pythonpath')
[10.815s] [34mcolcon.colcon_core.shell[0m [1;30mINFO[0m Creating environment hook '/home/tknika/gral-iiriondo-main/unitree_ws/install/standing_mode/share/standing_mode/hook/pythonpath.ps1'
[10.816s] [34mcolcon.colcon_core.shell[0m [1;30mINFO[0m Creating environment descriptor '/home/tknika/gral-iiriondo-main/unitree_ws/install/standing_mode/share/standing_mode/hook/pythonpath.dsv'
[10.817s] [34mcolcon.colcon_core.shell[0m [1;30mINFO[0m Creating environment hook '/home/tknika/gral-iiriondo-main/unitree_ws/install/standing_mode/share/standing_mode/hook/pythonpath.sh'
[10.818s] [34mcolcon.colcon_core.environment[0m [1;30mLevel 1[0m checking '/home/tknika/gral-iiriondo-main/unitree_ws/install/standing_mode/bin'
[10.818s] [34mcolcon.colcon_core.environment[0m [1;30mLevel 1[0m create_environment_scripts_only(standing_mode)
[10.819s] [34mcolcon.colcon_core.shell[0m [1;30mINFO[0m Creating package script '/home/tknika/gral-iiriondo-main/unitree_ws/install/standing_mode/share/standing_mode/package.ps1'
[10.821s] [34mcolcon.colcon_core.shell[0m [1;30mINFO[0m Creating package descriptor '/home/tknika/gral-iiriondo-main/unitree_ws/install/standing_mode/share/standing_mode/package.dsv'
[10.822s] [34mcolcon.colcon_core.shell[0m [1;30mINFO[0m Creating package script '/home/tknika/gral-iiriondo-main/unitree_ws/install/standing_mode/share/standing_mode/package.sh'
[10.823s] [34mcolcon.colcon_core.shell[0m [1;30mINFO[0m Creating package script '/home/tknika/gral-iiriondo-main/unitree_ws/install/standing_mode/share/standing_mode/package.bash'
[10.824s] [34mcolcon.colcon_core.shell[0m [1;30mINFO[0m Creating package script '/home/tknika/gral-iiriondo-main/unitree_ws/install/standing_mode/share/standing_mode/package.zsh'
[10.825s] [34mcolcon.colcon_core.environment[0m [1;30mLevel 1[0m create_file_with_runtime_dependencies(/home/tknika/gral-iiriondo-main/unitree_ws/install/standing_mode/share/colcon-core/packages/standing_mode)
[12.289s] [34mcolcon.colcon_core.shell[0m [1;30mLevel 1[0m create_environment_hook('object_recognition', 'pythonpath_develop')
[12.290s] [34mcolcon.colcon_core.shell[0m [1;30mINFO[0m Creating environment hook '/home/tknika/gral-iiriondo-main/unitree_ws/build/object_recognition/share/object_recognition/hook/pythonpath_develop.ps1'
[12.291s] [34mcolcon.colcon_core.event_handler.log_command[0m [1;30mDEBUG[0m [32mInvoked command in '/home/tknika/gral-iiriondo-main/unitree_ws/build/object_recognition' returned '0': AMENT_PREFIX_PATH=/home/tknika/gral-iiriondo-main/unitree_ws/install/object_recognition_interfaces:${AMENT_PREFIX_PATH} CMAKE_PREFIX_PATH=/home/tknika/gral-iiriondo-main/unitree_ws/install/object_recognition_interfaces LD_LIBRARY_PATH=/home/tknika/gral-iiriondo-main/unitree_ws/install/object_recognition_interfaces/lib:/usr/lib/aarch64-linux-gnu/nvidia:/usr/local/cuda/lib64:/opt/ros/humble/opt/rviz_ogre_vendor/lib:/opt/ros/humble/lib/aarch64-linux-gnu:/opt/ros/humble/lib:/usr/local/cuda-12.6/lib64 PYTHONPATH=/home/tknika/gral-iiriondo-main/unitree_ws/build/object_recognition/prefix_override:/usr/lib/python3/dist-packages/colcon_core/task/python/colcon_distutils_commands:/home/tknika/gral-iiriondo-main/unitree_ws/install/object_recognition/lib/python3.10/site-packages:/home/tknika/gral-iiriondo-main/unitree_ws/install/object_recognition_interfaces/local/lib/python3.10/dist-packages:${PYTHONPATH} /usr/bin/python3 -W ignore:setup.py install is deprecated -W ignore:easy_install command is deprecated setup.py develop --editable --build-directory /home/tknika/gral-iiriondo-main/unitree_ws/build/object_recognition/build --no-deps symlink_data[0m
[12.292s] [34mcolcon.colcon_core.shell[0m [1;30mINFO[0m Creating environment descriptor '/home/tknika/gral-iiriondo-main/unitree_ws/build/object_recognition/share/object_recognition/hook/pythonpath_develop.dsv'
[12.294s] [34mcolcon.colcon_core.shell[0m [1;30mINFO[0m Creating environment hook '/home/tknika/gral-iiriondo-main/unitree_ws/build/object_recognition/share/object_recognition/hook/pythonpath_develop.sh'
[12.295s] [34mcolcon.colcon_core.environment[0m [1;30mLevel 1[0m checking '/home/tknika/gral-iiriondo-main/unitree_ws/install/object_recognition' for CMake module files
[12.296s] [34mcolcon.colcon_core.environment[0m [1;30mLevel 1[0m checking '/home/tknika/gral-iiriondo-main/unitree_ws/install/object_recognition' for CMake config files
[12.297s] [34mcolcon.colcon_core.environment[0m [1;30mLevel 1[0m checking '/home/tknika/gral-iiriondo-main/unitree_ws/install/object_recognition/lib'
[12.297s] [34mcolcon.colcon_core.environment[0m [1;30mLevel 1[0m checking '/home/tknika/gral-iiriondo-main/unitree_ws/install/object_recognition/bin'
[12.297s] [34mcolcon.colcon_core.environment[0m [1;30mLevel 1[0m checking '/home/tknika/gral-iiriondo-main/unitree_ws/install/object_recognition/lib/pkgconfig/object_recognition.pc'
[12.298s] [34mcolcon.colcon_core.environment[0m [1;30mLevel 1[0m checking '/home/tknika/gral-iiriondo-main/unitree_ws/install/object_recognition/lib/python3.10/site-packages'
[12.298s] [34mcolcon.colcon_core.shell[0m [1;30mLevel 1[0m create_environment_hook('object_recognition', 'pythonpath')
[12.299s] [34mcolcon.colcon_core.shell[0m [1;30mINFO[0m Creating environment hook '/home/tknika/gral-iiriondo-main/unitree_ws/install/object_recognition/share/object_recognition/hook/pythonpath.ps1'
[12.300s] [34mcolcon.colcon_core.shell[0m [1;30mINFO[0m Creating environment descriptor '/home/tknika/gral-iiriondo-main/unitree_ws/install/object_recognition/share/object_recognition/hook/pythonpath.dsv'
[12.301s] [34mcolcon.colcon_core.shell[0m [1;30mINFO[0m Creating environment hook '/home/tknika/gral-iiriondo-main/unitree_ws/install/object_recognition/share/object_recognition/hook/pythonpath.sh'
[12.302s] [34mcolcon.colcon_core.environment[0m [1;30mLevel 1[0m checking '/home/tknika/gral-iiriondo-main/unitree_ws/install/object_recognition/bin'
[12.303s] [34mcolcon.colcon_core.environment[0m [1;30mLevel 1[0m create_environment_scripts_only(object_recognition)
[12.304s] [34mcolcon.colcon_core.shell[0m [1;30mINFO[0m Creating package script '/home/tknika/gral-iiriondo-main/unitree_ws/install/object_recognition/share/object_recognition/package.ps1'
[12.305s] [34mcolcon.colcon_core.shell[0m [1;30mINFO[0m Creating package descriptor '/home/tknika/gral-iiriondo-main/unitree_ws/install/object_recognition/share/object_recognition/package.dsv'
[12.307s] [34mcolcon.colcon_core.shell[0m [1;30mINFO[0m Creating package script '/home/tknika/gral-iiriondo-main/unitree_ws/install/object_recognition/share/object_recognition/package.sh'
[12.308s] [34mcolcon.colcon_core.shell[0m [1;30mINFO[0m Creating package script '/home/tknika/gral-iiriondo-main/unitree_ws/install/object_recognition/share/object_recognition/package.bash'
[12.309s] [34mcolcon.colcon_core.shell[0m [1;30mINFO[0m Creating package script '/home/tknika/gral-iiriondo-main/unitree_ws/install/object_recognition/share/object_recognition/package.zsh'
[12.310s] [34mcolcon.colcon_core.environment[0m [1;30mLevel 1[0m create_file_with_runtime_dependencies(/home/tknika/gral-iiriondo-main/unitree_ws/install/object_recognition/share/colcon-core/packages/object_recognition)
[12.452s] [34mcolcon.colcon_core.shell[0m [1;30mLevel 1[0m create_environment_hook('aruco_detector', 'pythonpath_develop')
[12.452s] [34mcolcon.colcon_core.shell[0m [1;30mINFO[0m Creating environment hook '/home/tknika/gral-iiriondo-main/unitree_ws/build/aruco_detector/share/aruco_detector/hook/pythonpath_develop.ps1'
[12.453s] [34mcolcon.colcon_core.event_handler.log_command[0m [1;30mDEBUG[0m [32mInvoked command in '/home/tknika/gral-iiriondo-main/unitree_ws/build/aruco_detector' returned '0': AMENT_PREFIX_PATH=/home/tknika/gral-iiriondo-main/unitree_ws/install/aruco_markers_msgs:${AMENT_PREFIX_PATH} CMAKE_PREFIX_PATH=/home/tknika/gral-iiriondo-main/unitree_ws/install/aruco_markers_msgs LD_LIBRARY_PATH=/home/tknika/gral-iiriondo-main/unitree_ws/install/aruco_markers_msgs/lib:/usr/lib/aarch64-linux-gnu/nvidia:/usr/local/cuda/lib64:/opt/ros/humble/opt/rviz_ogre_vendor/lib:/opt/ros/humble/lib/aarch64-linux-gnu:/opt/ros/humble/lib:/usr/local/cuda-12.6/lib64 PYTHONPATH=/home/tknika/gral-iiriondo-main/unitree_ws/build/aruco_detector/prefix_override:/usr/lib/python3/dist-packages/colcon_core/task/python/colcon_distutils_commands:/home/tknika/gral-iiriondo-main/unitree_ws/install/aruco_detector/lib/python3.10/site-packages:/home/tknika/gral-iiriondo-main/unitree_ws/install/aruco_markers_msgs/local/lib/python3.10/dist-packages:${PYTHONPATH} /usr/bin/python3 -W ignore:setup.py install is deprecated -W ignore:easy_install command is deprecated setup.py develop --editable --build-directory /home/tknika/gral-iiriondo-main/unitree_ws/build/aruco_detector/build --no-deps symlink_data[0m
[12.455s] [34mcolcon.colcon_core.shell[0m [1;30mINFO[0m Creating environment descriptor '/home/tknika/gral-iiriondo-main/unitree_ws/build/aruco_detector/share/aruco_detector/hook/pythonpath_develop.dsv'
[12.456s] [34mcolcon.colcon_core.shell[0m [1;30mINFO[0m Creating environment hook '/home/tknika/gral-iiriondo-main/unitree_ws/build/aruco_detector/share/aruco_detector/hook/pythonpath_develop.sh'
[12.457s] [34mcolcon.colcon_core.environment[0m [1;30mLevel 1[0m checking '/home/tknika/gral-iiriondo-main/unitree_ws/install/aruco_detector' for CMake module files
[12.458s] [34mcolcon.colcon_core.environment[0m [1;30mLevel 1[0m checking '/home/tknika/gral-iiriondo-main/unitree_ws/install/aruco_detector' for CMake config files
[12.459s] [34mcolcon.colcon_core.environment[0m [1;30mLevel 1[0m checking '/home/tknika/gral-iiriondo-main/unitree_ws/install/aruco_detector/lib'
[12.459s] [34mcolcon.colcon_core.environment[0m [1;30mLevel 1[0m checking '/home/tknika/gral-iiriondo-main/unitree_ws/install/aruco_detector/bin'
[12.460s] [34mcolcon.colcon_core.environment[0m [1;30mLevel 1[0m checking '/home/tknika/gral-iiriondo-main/unitree_ws/install/aruco_detector/lib/pkgconfig/aruco_detector.pc'
[12.460s] [34mcolcon.colcon_core.environment[0m [1;30mLevel 1[0m checking '/home/tknika/gral-iiriondo-main/unitree_ws/install/aruco_detector/lib/python3.10/site-packages'
[12.460s] [34mcolcon.colcon_core.shell[0m [1;30mLevel 1[0m create_environment_hook('aruco_detector', 'pythonpath')
[12.461s] [34mcolcon.colcon_core.shell[0m [1;30mINFO[0m Creating environment hook '/home/tknika/gral-iiriondo-main/unitree_ws/install/aruco_detector/share/aruco_detector/hook/pythonpath.ps1'
[12.462s] [34mcolcon.colcon_core.shell[0m [1;30mINFO[0m Creating environment descriptor '/home/tknika/gral-iiriondo-main/unitree_ws/install/aruco_detector/share/aruco_detector/hook/pythonpath.dsv'
[12.463s] [34mcolcon.colcon_core.shell[0m [1;30mINFO[0m Creating environment hook '/home/tknika/gral-iiriondo-main/unitree_ws/install/aruco_detector/share/aruco_detector/hook/pythonpath.sh'
[12.464s] [34mcolcon.colcon_core.environment[0m [1;30mLevel 1[0m checking '/home/tknika/gral-iiriondo-main/unitree_ws/install/aruco_detector/bin'
[12.464s] [34mcolcon.colcon_core.environment[0m [1;30mLevel 1[0m create_environment_scripts_only(aruco_detector)
[12.465s] [34mcolcon.colcon_core.shell[0m [1;30mINFO[0m Creating package script '/home/tknika/gral-iiriondo-main/unitree_ws/install/aruco_detector/share/aruco_detector/package.ps1'
[12.467s] [34mcolcon.colcon_core.shell[0m [1;30mINFO[0m Creating package descriptor '/home/tknika/gral-iiriondo-main/unitree_ws/install/aruco_detector/share/aruco_detector/package.dsv'
[12.470s] [34mcolcon.colcon_core.shell[0m [1;30mINFO[0m Creating package script '/home/tknika/gral-iiriondo-main/unitree_ws/install/aruco_detector/share/aruco_detector/package.sh'
[12.471s] [34mcolcon.colcon_core.shell[0m [1;30mINFO[0m Creating package script '/home/tknika/gral-iiriondo-main/unitree_ws/install/aruco_detector/share/aruco_detector/package.bash'
[12.473s] [34mcolcon.colcon_core.shell[0m [1;30mINFO[0m Creating package script '/home/tknika/gral-iiriondo-main/unitree_ws/install/aruco_detector/share/aruco_detector/package.zsh'
[12.474s] [34mcolcon.colcon_core.environment[0m [1;30mLevel 1[0m create_file_with_runtime_dependencies(/home/tknika/gral-iiriondo-main/unitree_ws/install/aruco_detector/share/colcon-core/packages/aruco_detector)
[12.478s] [34mcolcon.colcon_core.shell[0m [1;30mLevel 1[0m create_environment_hook('speech_to_goal', 'pythonpath_develop')
[12.478s] [34mcolcon.colcon_core.shell[0m [1;30mINFO[0m Creating environment hook '/home/tknika/gral-iiriondo-main/unitree_ws/build/speech_to_goal/share/speech_to_goal/hook/pythonpath_develop.ps1'
[12.481s] [34mcolcon.colcon_core.shell[0m [1;30mINFO[0m Creating environment descriptor '/home/tknika/gral-iiriondo-main/unitree_ws/build/speech_to_goal/share/speech_to_goal/hook/pythonpath_develop.dsv'
[12.481s] [34mcolcon.colcon_core.event_handler.log_command[0m [1;30mDEBUG[0m [32mInvoked command in '/home/tknika/gral-iiriondo-main/unitree_ws/build/speech_to_goal' returned '0': AMENT_PREFIX_PATH=/home/tknika/gral-iiriondo-main/unitree_ws/install/speech_to_goal_interfaces:/home/tknika/gral-iiriondo-main/unitree_ws/install/object_recognition_interfaces:${AMENT_PREFIX_PATH} CMAKE_PREFIX_PATH=/home/tknika/gral-iiriondo-main/unitree_ws/install/speech_to_goal_interfaces:/home/tknika/gral-iiriondo-main/unitree_ws/install/object_recognition_interfaces LD_LIBRARY_PATH=/home/tknika/gral-iiriondo-main/unitree_ws/install/speech_to_goal_interfaces/lib:/home/tknika/gral-iiriondo-main/unitree_ws/install/object_recognition_interfaces/lib:/usr/lib/aarch64-linux-gnu/nvidia:/usr/local/cuda/lib64:/opt/ros/humble/opt/rviz_ogre_vendor/lib:/opt/ros/humble/lib/aarch64-linux-gnu:/opt/ros/humble/lib:/usr/local/cuda-12.6/lib64 PYTHONPATH=/home/tknika/gral-iiriondo-main/unitree_ws/build/speech_to_goal/prefix_override:/usr/lib/python3/dist-packages/colcon_core/task/python/colcon_distutils_commands:/home/tknika/gral-iiriondo-main/unitree_ws/install/speech_to_goal/lib/python3.10/site-packages:/home/tknika/gral-iiriondo-main/unitree_ws/install/speech_to_goal_interfaces/local/lib/python3.10/dist-packages:/home/tknika/gral-iiriondo-main/unitree_ws/install/object_recognition_interfaces/local/lib/python3.10/dist-packages:${PYTHONPATH} /usr/bin/python3 -W ignore:setup.py install is deprecated -W ignore:easy_install command is deprecated setup.py develop --editable --build-directory /home/tknika/gral-iiriondo-main/unitree_ws/build/speech_to_goal/build --no-deps symlink_data[0m
[12.482s] [34mcolcon.colcon_core.shell[0m [1;30mINFO[0m Creating environment hook '/home/tknika/gral-iiriondo-main/unitree_ws/build/speech_to_goal/share/speech_to_goal/hook/pythonpath_develop.sh'
[12.484s] [34mcolcon.colcon_core.environment[0m [1;30mLevel 1[0m checking '/home/tknika/gral-iiriondo-main/unitree_ws/install/speech_to_goal' for CMake module files
[12.486s] [34mcolcon.colcon_core.environment[0m [1;30mLevel 1[0m checking '/home/tknika/gral-iiriondo-main/unitree_ws/install/speech_to_goal' for CMake config files
[12.487s] [34mcolcon.colcon_core.environment[0m [1;30mLevel 1[0m checking '/home/tknika/gral-iiriondo-main/unitree_ws/install/speech_to_goal/lib'
[12.487s] [34mcolcon.colcon_core.environment[0m [1;30mLevel 1[0m checking '/home/tknika/gral-iiriondo-main/unitree_ws/install/speech_to_goal/bin'
[12.488s] [34mcolcon.colcon_core.environment[0m [1;30mLevel 1[0m checking '/home/tknika/gral-iiriondo-main/unitree_ws/install/speech_to_goal/lib/pkgconfig/speech_to_goal.pc'
[12.488s] [34mcolcon.colcon_core.environment[0m [1;30mLevel 1[0m checking '/home/tknika/gral-iiriondo-main/unitree_ws/install/speech_to_goal/lib/python3.10/site-packages'
[12.489s] [34mcolcon.colcon_core.shell[0m [1;30mLevel 1[0m create_environment_hook('speech_to_goal', 'pythonpath')
[12.489s] [34mcolcon.colcon_core.shell[0m [1;30mINFO[0m Creating environment hook '/home/tknika/gral-iiriondo-main/unitree_ws/install/speech_to_goal/share/speech_to_goal/hook/pythonpath.ps1'
[12.491s] [34mcolcon.colcon_core.shell[0m [1;30mINFO[0m Creating environment descriptor '/home/tknika/gral-iiriondo-main/unitree_ws/install/speech_to_goal/share/speech_to_goal/hook/pythonpath.dsv'
[12.492s] [34mcolcon.colcon_core.shell[0m [1;30mINFO[0m Creating environment hook '/home/tknika/gral-iiriondo-main/unitree_ws/install/speech_to_goal/share/speech_to_goal/hook/pythonpath.sh'
[12.494s] [34mcolcon.colcon_core.environment[0m [1;30mLevel 1[0m checking '/home/tknika/gral-iiriondo-main/unitree_ws/install/speech_to_goal/bin'
[12.495s] [34mcolcon.colcon_core.environment[0m [1;30mLevel 1[0m create_environment_scripts_only(speech_to_goal)
[12.496s] [34mcolcon.colcon_core.shell[0m [1;30mINFO[0m Creating package script '/home/tknika/gral-iiriondo-main/unitree_ws/install/speech_to_goal/share/speech_to_goal/package.ps1'
[12.498s] [34mcolcon.colcon_core.shell[0m [1;30mINFO[0m Creating package descriptor '/home/tknika/gral-iiriondo-main/unitree_ws/install/speech_to_goal/share/speech_to_goal/package.dsv'
[12.499s] [34mcolcon.colcon_core.shell[0m [1;30mINFO[0m Creating package script '/home/tknika/gral-iiriondo-main/unitree_ws/install/speech_to_goal/share/speech_to_goal/package.sh'
[12.501s] [34mcolcon.colcon_core.shell[0m [1;30mINFO[0m Creating package script '/home/tknika/gral-iiriondo-main/unitree_ws/install/speech_to_goal/share/speech_to_goal/package.bash'
[12.502s] [34mcolcon.colcon_core.shell[0m [1;30mINFO[0m Creating package script '/home/tknika/gral-iiriondo-main/unitree_ws/install/speech_to_goal/share/speech_to_goal/package.zsh'
[12.503s] [34mcolcon.colcon_core.environment[0m [1;30mLevel 1[0m create_file_with_runtime_dependencies(/home/tknika/gral-iiriondo-main/unitree_ws/install/speech_to_goal/share/colcon-core/packages/speech_to_goal)
[12.504s] [34mcolcon.colcon_parallel_executor.executor.parallel[0m [1;30mDEBUG[0m [32mclosing loop[0m
[12.504s] [34mcolcon.colcon_parallel_executor.executor.parallel[0m [1;30mDEBUG[0m [32mloop closed[0m
[12.505s] [34mcolcon.colcon_parallel_executor.executor.parallel[0m [1;30mDEBUG[0m [32mrun_until_complete finished with '0'[0m
[12.505s] [34mcolcon.colcon_core.event_reactor[0m [1;30mDEBUG[0m [32mjoining thread[0m
[12.522s] [34mcolcon.colcon_core.plugin_system[0m [1;30mINFO[0m Skipping extension 'colcon_notification.desktop_notification.terminal_notifier': Not used on non-Darwin systems
[12.523s] [34mcolcon.colcon_core.plugin_system[0m [1;30mINFO[0m Skipping extension 'colcon_notification.desktop_notification.win32': Not used on non-Windows systems
[12.523s] [34mcolcon.colcon_notification.desktop_notification[0m [1;30mINFO[0m Sending desktop notification using 'notify2'
[12.563s] [34mcolcon.colcon_core.event_reactor[0m [1;30mDEBUG[0m [32mjoined thread[0m
[12.564s] [34mcolcon.colcon_core.shell[0m [1;30mINFO[0m Creating prefix script '/home/tknika/gral-iiriondo-main/unitree_ws/install/local_setup.ps1'
[12.567s] [34mcolcon.colcon_core.shell[0m [1;30mINFO[0m Creating prefix util module '/home/tknika/gral-iiriondo-main/unitree_ws/install/_local_setup_util_ps1.py'
[12.572s] [34mcolcon.colcon_core.shell[0m [1;30mINFO[0m Creating prefix chain script '/home/tknika/gral-iiriondo-main/unitree_ws/install/setup.ps1'
[12.575s] [34mcolcon.colcon_core.shell[0m [1;30mINFO[0m Creating prefix script '/home/tknika/gral-iiriondo-main/unitree_ws/install/local_setup.sh'
[12.577s] [34mcolcon.colcon_core.shell[0m [1;30mINFO[0m Creating prefix util module '/home/tknika/gral-iiriondo-main/unitree_ws/install/_local_setup_util_sh.py'
[12.579s] [34mcolcon.colcon_core.shell[0m [1;30mINFO[0m Creating prefix chain script '/home/tknika/gral-iiriondo-main/unitree_ws/install/setup.sh'
[12.582s] [34mcolcon.colcon_core.shell[0m [1;30mINFO[0m Creating prefix script '/home/tknika/gral-iiriondo-main/unitree_ws/install/local_setup.bash'
[12.583s] [34mcolcon.colcon_core.shell[0m [1;30mINFO[0m Creating prefix chain script '/home/tknika/gral-iiriondo-main/unitree_ws/install/setup.bash'
[12.587s] [34mcolcon.colcon_core.shell[0m [1;30mINFO[0m Creating prefix script '/home/tknika/gral-iiriondo-main/unitree_ws/install/local_setup.zsh'
[12.588s] [34mcolcon.colcon_core.shell[0m [1;30mINFO[0m Creating prefix chain script '/home/tknika/gral-iiriondo-main/unitree_ws/install/setup.zsh'
