[0.172s] [34mcolcon[0m [1;30mDEBUG[0m [32mCommand line arguments: ['/usr/bin/colcon', 'build', '--symlink-install', '--cmake-args', '-DPython3_EXECUTABLE=/usr/bin/python3.8'][0m
[0.172s] [34mcolcon[0m [1;30mDEBUG[0m [32mParsed command line arguments: Namespace(log_base=None, log_level=None, verb_name='build', build_base='build', install_base='install', merge_install=False, symlink_install=True, test_result_base=None, continue_on_error=False, executor='parallel', parallel_workers=4, event_handlers=None, ignore_user_meta=False, metas=['./colcon.meta'], base_paths=['.'], packages_ignore=None, packages_ignore_regex=None, paths=None, packages_up_to=None, packages_up_to_regex=None, packages_above=None, packages_above_and_dependencies=None, packages_above_depth=None, packages_select_by_dep=None, packages_skip_by_dep=None, packages_skip_up_to=None, packages_select_build_failed=False, packages_skip_build_finished=False, packages_select_test_failures=False, packages_skip_test_passed=False, packages_select=None, packages_skip=None, packages_select_regex=None, packages_skip_regex=None, packages_start=None, packages_end=None, allow_overriding=[], cmake_args=['-DPython3_EXECUTABLE=/usr/bin/python3.8'], cmake_target=None, cmake_target_skip_unavailable=False, cmake_clean_cache=False, cmake_clean_first=False, cmake_force_configure=False, ament_cmake_args=None, catkin_cmake_args=None, catkin_skip_building_tests=False, verb_parser=<colcon_defaults.argument_parser.defaults.DefaultArgumentsDecorator object at 0x7df6ab5fa4d0>, verb_extension=<colcon_core.verb.build.BuildVerb object at 0x7df6ab5f9f90>, main=<bound method BuildVerb.main of <colcon_core.verb.build.BuildVerb object at 0x7df6ab5f9f90>>)[0m
[0.446s] [34mcolcon.colcon_core.package_discovery[0m [1;30mLevel 1[0m discover_packages(colcon_meta) check parameters
[0.446s] [34mcolcon.colcon_core.package_discovery[0m [1;30mLevel 1[0m discover_packages(recursive) check parameters
[0.446s] [34mcolcon.colcon_core.package_discovery[0m [1;30mLevel 1[0m discover_packages(ignore) check parameters
[0.446s] [34mcolcon.colcon_core.package_discovery[0m [1;30mLevel 1[0m discover_packages(path) check parameters
[0.446s] [34mcolcon.colcon_core.package_discovery[0m [1;30mLevel 1[0m discover_packages(colcon_meta) discover
[0.446s] [34mcolcon.colcon_core.package_discovery[0m [1;30mLevel 1[0m discover_packages(recursive) discover
[0.446s] [34mcolcon.colcon_core.package_discovery[0m [1;30mINFO[0m Crawling recursively for packages in '/home/igor/gral-iiriondo/unitree_ws'
[0.446s] [34mcolcon.colcon_core.package_identification[0m [1;30mLevel 1[0m _identify(.) by extensions ['ignore', 'ignore_ament_install']
[0.446s] [34mcolcon.colcon_core.package_identification[0m [1;30mLevel 1[0m _identify(.) by extension 'ignore'
[0.446s] [34mcolcon.colcon_core.package_identification[0m [1;30mLevel 1[0m _identify(.) by extension 'ignore_ament_install'
[0.446s] [34mcolcon.colcon_core.package_identification[0m [1;30mLevel 1[0m _identify(.) by extensions ['colcon_pkg']
[0.446s] [34mcolcon.colcon_core.package_identification[0m [1;30mLevel 1[0m _identify(.) by extension 'colcon_pkg'
[0.446s] [34mcolcon.colcon_core.package_identification[0m [1;30mLevel 1[0m _identify(.) by extensions ['colcon_meta']
[0.447s] [34mcolcon.colcon_core.package_identification[0m [1;30mLevel 1[0m _identify(.) by extension 'colcon_meta'
[0.447s] [34mcolcon.colcon_core.package_identification[0m [1;30mLevel 1[0m _identify(.) by extensions ['ros']
[0.447s] [34mcolcon.colcon_core.package_identification[0m [1;30mLevel 1[0m _identify(.) by extension 'ros'
[0.464s] [34mcolcon.colcon_core.package_identification[0m [1;30mLevel 1[0m _identify(.) by extensions ['cmake', 'python']
[0.464s] [34mcolcon.colcon_core.package_identification[0m [1;30mLevel 1[0m _identify(.) by extension 'cmake'
[0.465s] [34mcolcon.colcon_core.package_identification[0m [1;30mLevel 1[0m _identify(.) by extension 'python'
[0.465s] [34mcolcon.colcon_core.package_identification[0m [1;30mLevel 1[0m _identify(.) by extensions ['python_setup_py']
[0.465s] [34mcolcon.colcon_core.package_identification[0m [1;30mLevel 1[0m _identify(.) by extension 'python_setup_py'
[0.465s] [34mcolcon.colcon_core.package_identification[0m [1;30mLevel 1[0m _identify(build) by extensions ['ignore', 'ignore_ament_install']
[0.465s] [34mcolcon.colcon_core.package_identification[0m [1;30mLevel 1[0m _identify(build) by extension 'ignore'
[0.465s] [34mcolcon.colcon_core.package_identification[0m [1;30mLevel 1[0m _identify(build) ignored
[0.465s] [34mcolcon.colcon_core.package_identification[0m [1;30mLevel 1[0m _identify(install) by extensions ['ignore', 'ignore_ament_install']
[0.465s] [34mcolcon.colcon_core.package_identification[0m [1;30mLevel 1[0m _identify(install) by extension 'ignore'
[0.465s] [34mcolcon.colcon_core.package_identification[0m [1;30mLevel 1[0m _identify(install) ignored
[0.465s] [34mcolcon.colcon_core.package_identification[0m [1;30mLevel 1[0m _identify(log) by extensions ['ignore', 'ignore_ament_install']
[0.466s] [34mcolcon.colcon_core.package_identification[0m [1;30mLevel 1[0m _identify(log) by extension 'ignore'
[0.466s] [34mcolcon.colcon_core.package_identification[0m [1;30mLevel 1[0m _identify(log) ignored
[0.466s] [34mcolcon.colcon_core.package_identification[0m [1;30mLevel 1[0m _identify(src) by extensions ['ignore', 'ignore_ament_install']
[0.466s] [34mcolcon.colcon_core.package_identification[0m [1;30mLevel 1[0m _identify(src) by extension 'ignore'
[0.466s] [34mcolcon.colcon_core.package_identification[0m [1;30mLevel 1[0m _identify(src) by extension 'ignore_ament_install'
[0.466s] [34mcolcon.colcon_core.package_identification[0m [1;30mLevel 1[0m _identify(src) by extensions ['colcon_pkg']
[0.466s] [34mcolcon.colcon_core.package_identification[0m [1;30mLevel 1[0m _identify(src) by extension 'colcon_pkg'
[0.466s] [34mcolcon.colcon_core.package_identification[0m [1;30mLevel 1[0m _identify(src) by extensions ['colcon_meta']
[0.466s] [34mcolcon.colcon_core.package_identification[0m [1;30mLevel 1[0m _identify(src) by extension 'colcon_meta'
[0.466s] [34mcolcon.colcon_core.package_identification[0m [1;30mLevel 1[0m _identify(src) by extensions ['ros']
[0.466s] [34mcolcon.colcon_core.package_identification[0m [1;30mLevel 1[0m _identify(src) by extension 'ros'
[0.466s] [34mcolcon.colcon_core.package_identification[0m [1;30mLevel 1[0m _identify(src) by extensions ['cmake', 'python']
[0.466s] [34mcolcon.colcon_core.package_identification[0m [1;30mLevel 1[0m _identify(src) by extension 'cmake'
[0.466s] [34mcolcon.colcon_core.package_identification[0m [1;30mLevel 1[0m _identify(src) by extension 'python'
[0.467s] [34mcolcon.colcon_core.package_identification[0m [1;30mLevel 1[0m _identify(src) by extensions ['python_setup_py']
[0.467s] [34mcolcon.colcon_core.package_identification[0m [1;30mLevel 1[0m _identify(src) by extension 'python_setup_py'
[0.467s] [34mcolcon.colcon_core.package_identification[0m [1;30mLevel 1[0m _identify(src/aruco_detector) by extensions ['ignore', 'ignore_ament_install']
[0.467s] [34mcolcon.colcon_core.package_identification[0m [1;30mLevel 1[0m _identify(src/aruco_detector) by extension 'ignore'
[0.467s] [34mcolcon.colcon_core.package_identification[0m [1;30mLevel 1[0m _identify(src/aruco_detector) by extension 'ignore_ament_install'
[0.467s] [34mcolcon.colcon_core.package_identification[0m [1;30mLevel 1[0m _identify(src/aruco_detector) by extensions ['colcon_pkg']
[0.467s] [34mcolcon.colcon_core.package_identification[0m [1;30mLevel 1[0m _identify(src/aruco_detector) by extension 'colcon_pkg'
[0.467s] [34mcolcon.colcon_core.package_identification[0m [1;30mLevel 1[0m _identify(src/aruco_detector) by extensions ['colcon_meta']
[0.467s] [34mcolcon.colcon_core.package_identification[0m [1;30mLevel 1[0m _identify(src/aruco_detector) by extension 'colcon_meta'
[0.467s] [34mcolcon.colcon_core.package_identification[0m [1;30mLevel 1[0m _identify(src/aruco_detector) by extensions ['ros']
[0.467s] [34mcolcon.colcon_core.package_identification[0m [1;30mLevel 1[0m _identify(src/aruco_detector) by extension 'ros'
[0.482s] [34mcolcon.colcon_core.package_identification[0m [1;30mDEBUG[0m [32mPackage 'src/aruco_detector' with type 'ros.ament_python' and name 'aruco_detector'[0m
[0.482s] [34mcolcon.colcon_core.package_identification[0m [1;30mLevel 1[0m _identify(src/aruco_markers_msgs) by extensions ['ignore', 'ignore_ament_install']
[0.483s] [34mcolcon.colcon_core.package_identification[0m [1;30mLevel 1[0m _identify(src/aruco_markers_msgs) by extension 'ignore'
[0.483s] [34mcolcon.colcon_core.package_identification[0m [1;30mLevel 1[0m _identify(src/aruco_markers_msgs) by extension 'ignore_ament_install'
[0.483s] [34mcolcon.colcon_core.package_identification[0m [1;30mLevel 1[0m _identify(src/aruco_markers_msgs) by extensions ['colcon_pkg']
[0.483s] [34mcolcon.colcon_core.package_identification[0m [1;30mLevel 1[0m _identify(src/aruco_markers_msgs) by extension 'colcon_pkg'
[0.483s] [34mcolcon.colcon_core.package_identification[0m [1;30mLevel 1[0m _identify(src/aruco_markers_msgs) by extensions ['colcon_meta']
[0.483s] [34mcolcon.colcon_core.package_identification[0m [1;30mLevel 1[0m _identify(src/aruco_markers_msgs) by extension 'colcon_meta'
[0.483s] [34mcolcon.colcon_core.package_identification[0m [1;30mLevel 1[0m _identify(src/aruco_markers_msgs) by extensions ['ros']
[0.483s] [34mcolcon.colcon_core.package_identification[0m [1;30mLevel 1[0m _identify(src/aruco_markers_msgs) by extension 'ros'
[0.484s] [34mcolcon.colcon_core.package_identification[0m [1;30mDEBUG[0m [32mPackage 'src/aruco_markers_msgs' with type 'ros.ament_cmake' and name 'aruco_markers_msgs'[0m
[0.484s] [34mcolcon.colcon_core.package_identification[0m [1;30mLevel 1[0m _identify(src/asr) by extensions ['ignore', 'ignore_ament_install']
[0.484s] [34mcolcon.colcon_core.package_identification[0m [1;30mLevel 1[0m _identify(src/asr) by extension 'ignore'
[0.484s] [34mcolcon.colcon_core.package_identification[0m [1;30mLevel 1[0m _identify(src/asr) by extension 'ignore_ament_install'
[0.484s] [34mcolcon.colcon_core.package_identification[0m [1;30mLevel 1[0m _identify(src/asr) by extensions ['colcon_pkg']
[0.484s] [34mcolcon.colcon_core.package_identification[0m [1;30mLevel 1[0m _identify(src/asr) by extension 'colcon_pkg'
[0.485s] [34mcolcon.colcon_core.package_identification[0m [1;30mLevel 1[0m _identify(src/asr) by extensions ['colcon_meta']
[0.485s] [34mcolcon.colcon_core.package_identification[0m [1;30mLevel 1[0m _identify(src/asr) by extension 'colcon_meta'
[0.485s] [34mcolcon.colcon_core.package_identification[0m [1;30mLevel 1[0m _identify(src/asr) by extensions ['ros']
[0.485s] [34mcolcon.colcon_core.package_identification[0m [1;30mLevel 1[0m _identify(src/asr) by extension 'ros'
[0.485s] [34mcolcon.colcon_core.package_identification[0m [1;30mDEBUG[0m [32mPackage 'src/asr' with type 'ros.ament_python' and name 'asr'[0m
[0.486s] [34mcolcon.colcon_core.package_identification[0m [1;30mLevel 1[0m _identify(src/go1_description) by extensions ['ignore', 'ignore_ament_install']
[0.486s] [34mcolcon.colcon_core.package_identification[0m [1;30mLevel 1[0m _identify(src/go1_description) by extension 'ignore'
[0.486s] [34mcolcon.colcon_core.package_identification[0m [1;30mLevel 1[0m _identify(src/go1_description) by extension 'ignore_ament_install'
[0.486s] [34mcolcon.colcon_core.package_identification[0m [1;30mLevel 1[0m _identify(src/go1_description) by extensions ['colcon_pkg']
[0.486s] [34mcolcon.colcon_core.package_identification[0m [1;30mLevel 1[0m _identify(src/go1_description) by extension 'colcon_pkg'
[0.486s] [34mcolcon.colcon_core.package_identification[0m [1;30mLevel 1[0m _identify(src/go1_description) by extensions ['colcon_meta']
[0.486s] [34mcolcon.colcon_core.package_identification[0m [1;30mLevel 1[0m _identify(src/go1_description) by extension 'colcon_meta'
[0.486s] [34mcolcon.colcon_core.package_identification[0m [1;30mLevel 1[0m _identify(src/go1_description) by extensions ['ros']
[0.486s] [34mcolcon.colcon_core.package_identification[0m [1;30mLevel 1[0m _identify(src/go1_description) by extension 'ros'
[0.487s] [34mcolcon.colcon_core.package_identification[0m [1;30mDEBUG[0m [32mPackage 'src/go1_description' with type 'ros.ament_python' and name 'go1_description'[0m
[0.487s] [34mcolcon.colcon_core.package_identification[0m [1;30mLevel 1[0m _identify(src/mapping_configuration) by extensions ['ignore', 'ignore_ament_install']
[0.487s] [34mcolcon.colcon_core.package_identification[0m [1;30mLevel 1[0m _identify(src/mapping_configuration) by extension 'ignore'
[0.487s] [34mcolcon.colcon_core.package_identification[0m [1;30mLevel 1[0m _identify(src/mapping_configuration) by extension 'ignore_ament_install'
[0.487s] [34mcolcon.colcon_core.package_identification[0m [1;30mLevel 1[0m _identify(src/mapping_configuration) by extensions ['colcon_pkg']
[0.487s] [34mcolcon.colcon_core.package_identification[0m [1;30mLevel 1[0m _identify(src/mapping_configuration) by extension 'colcon_pkg'
[0.487s] [34mcolcon.colcon_core.package_identification[0m [1;30mLevel 1[0m _identify(src/mapping_configuration) by extensions ['colcon_meta']
[0.487s] [34mcolcon.colcon_core.package_identification[0m [1;30mLevel 1[0m _identify(src/mapping_configuration) by extension 'colcon_meta'
[0.488s] [34mcolcon.colcon_core.package_identification[0m [1;30mLevel 1[0m _identify(src/mapping_configuration) by extensions ['ros']
[0.488s] [34mcolcon.colcon_core.package_identification[0m [1;30mLevel 1[0m _identify(src/mapping_configuration) by extension 'ros'
[0.488s] [34mcolcon.colcon_core.package_identification[0m [1;30mDEBUG[0m [32mPackage 'src/mapping_configuration' with type 'ros.ament_python' and name 'mapping_configuration'[0m
[0.489s] [34mcolcon.colcon_core.package_identification[0m [1;30mLevel 1[0m _identify(src/object_recognition) by extensions ['ignore', 'ignore_ament_install']
[0.489s] [34mcolcon.colcon_core.package_identification[0m [1;30mLevel 1[0m _identify(src/object_recognition) by extension 'ignore'
[0.489s] [34mcolcon.colcon_core.package_identification[0m [1;30mLevel 1[0m _identify(src/object_recognition) by extension 'ignore_ament_install'
[0.489s] [34mcolcon.colcon_core.package_identification[0m [1;30mLevel 1[0m _identify(src/object_recognition) by extensions ['colcon_pkg']
[0.489s] [34mcolcon.colcon_core.package_identification[0m [1;30mLevel 1[0m _identify(src/object_recognition) by extension 'colcon_pkg'
[0.489s] [34mcolcon.colcon_core.package_identification[0m [1;30mLevel 1[0m _identify(src/object_recognition) by extensions ['colcon_meta']
[0.489s] [34mcolcon.colcon_core.package_identification[0m [1;30mLevel 1[0m _identify(src/object_recognition) by extension 'colcon_meta'
[0.489s] [34mcolcon.colcon_core.package_identification[0m [1;30mLevel 1[0m _identify(src/object_recognition) by extensions ['ros']
[0.489s] [34mcolcon.colcon_core.package_identification[0m [1;30mLevel 1[0m _identify(src/object_recognition) by extension 'ros'
[0.490s] [34mcolcon.colcon_core.package_identification[0m [1;30mDEBUG[0m [32mPackage 'src/object_recognition' with type 'ros.ament_python' and name 'object_recognition'[0m
[0.491s] [34mcolcon.colcon_core.package_identification[0m [1;30mLevel 1[0m _identify(src/object_recognition_interfaces) by extensions ['ignore', 'ignore_ament_install']
[0.491s] [34mcolcon.colcon_core.package_identification[0m [1;30mLevel 1[0m _identify(src/object_recognition_interfaces) by extension 'ignore'
[0.491s] [34mcolcon.colcon_core.package_identification[0m [1;30mLevel 1[0m _identify(src/object_recognition_interfaces) by extension 'ignore_ament_install'
[0.491s] [34mcolcon.colcon_core.package_identification[0m [1;30mLevel 1[0m _identify(src/object_recognition_interfaces) by extensions ['colcon_pkg']
[0.491s] [34mcolcon.colcon_core.package_identification[0m [1;30mLevel 1[0m _identify(src/object_recognition_interfaces) by extension 'colcon_pkg'
[0.491s] [34mcolcon.colcon_core.package_identification[0m [1;30mLevel 1[0m _identify(src/object_recognition_interfaces) by extensions ['colcon_meta']
[0.491s] [34mcolcon.colcon_core.package_identification[0m [1;30mLevel 1[0m _identify(src/object_recognition_interfaces) by extension 'colcon_meta'
[0.491s] [34mcolcon.colcon_core.package_identification[0m [1;30mLevel 1[0m _identify(src/object_recognition_interfaces) by extensions ['ros']
[0.491s] [34mcolcon.colcon_core.package_identification[0m [1;30mLevel 1[0m _identify(src/object_recognition_interfaces) by extension 'ros'
[0.492s] [34mcolcon.colcon_core.package_identification[0m [1;30mDEBUG[0m [32mPackage 'src/object_recognition_interfaces' with type 'ros.ament_cmake' and name 'object_recognition_interfaces'[0m
[0.492s] [34mcolcon.colcon_core.package_identification[0m [1;30mLevel 1[0m _identify(src/speech_to_goal) by extensions ['ignore', 'ignore_ament_install']
[0.492s] [34mcolcon.colcon_core.package_identification[0m [1;30mLevel 1[0m _identify(src/speech_to_goal) by extension 'ignore'
[0.492s] [34mcolcon.colcon_core.package_identification[0m [1;30mLevel 1[0m _identify(src/speech_to_goal) by extension 'ignore_ament_install'
[0.492s] [34mcolcon.colcon_core.package_identification[0m [1;30mLevel 1[0m _identify(src/speech_to_goal) by extensions ['colcon_pkg']
[0.492s] [34mcolcon.colcon_core.package_identification[0m [1;30mLevel 1[0m _identify(src/speech_to_goal) by extension 'colcon_pkg'
[0.492s] [34mcolcon.colcon_core.package_identification[0m [1;30mLevel 1[0m _identify(src/speech_to_goal) by extensions ['colcon_meta']
[0.492s] [34mcolcon.colcon_core.package_identification[0m [1;30mLevel 1[0m _identify(src/speech_to_goal) by extension 'colcon_meta'
[0.493s] [34mcolcon.colcon_core.package_identification[0m [1;30mLevel 1[0m _identify(src/speech_to_goal) by extensions ['ros']
[0.493s] [34mcolcon.colcon_core.package_identification[0m [1;30mLevel 1[0m _identify(src/speech_to_goal) by extension 'ros'
[0.494s] [34mcolcon.colcon_core.package_identification[0m [1;30mDEBUG[0m [32mPackage 'src/speech_to_goal' with type 'ros.ament_python' and name 'speech_to_goal'[0m
[0.494s] [34mcolcon.colcon_core.package_identification[0m [1;30mLevel 1[0m _identify(src/speech_to_goal_interfaces) by extensions ['ignore', 'ignore_ament_install']
[0.494s] [34mcolcon.colcon_core.package_identification[0m [1;30mLevel 1[0m _identify(src/speech_to_goal_interfaces) by extension 'ignore'
[0.494s] [34mcolcon.colcon_core.package_identification[0m [1;30mLevel 1[0m _identify(src/speech_to_goal_interfaces) by extension 'ignore_ament_install'
[0.494s] [34mcolcon.colcon_core.package_identification[0m [1;30mLevel 1[0m _identify(src/speech_to_goal_interfaces) by extensions ['colcon_pkg']
[0.494s] [34mcolcon.colcon_core.package_identification[0m [1;30mLevel 1[0m _identify(src/speech_to_goal_interfaces) by extension 'colcon_pkg'
[0.494s] [34mcolcon.colcon_core.package_identification[0m [1;30mLevel 1[0m _identify(src/speech_to_goal_interfaces) by extensions ['colcon_meta']
[0.494s] [34mcolcon.colcon_core.package_identification[0m [1;30mLevel 1[0m _identify(src/speech_to_goal_interfaces) by extension 'colcon_meta'
[0.494s] [34mcolcon.colcon_core.package_identification[0m [1;30mLevel 1[0m _identify(src/speech_to_goal_interfaces) by extensions ['ros']
[0.495s] [34mcolcon.colcon_core.package_identification[0m [1;30mLevel 1[0m _identify(src/speech_to_goal_interfaces) by extension 'ros'
[0.495s] [34mcolcon.colcon_core.package_identification[0m [1;30mDEBUG[0m [32mPackage 'src/speech_to_goal_interfaces' with type 'ros.catkin' and name 'speech_to_goal_interfaces'[0m
[0.495s] [34mcolcon.colcon_core.package_identification[0m [1;30mLevel 1[0m _identify(src/standing_mode) by extensions ['ignore', 'ignore_ament_install']
[0.496s] [34mcolcon.colcon_core.package_identification[0m [1;30mLevel 1[0m _identify(src/standing_mode) by extension 'ignore'
[0.496s] [34mcolcon.colcon_core.package_identification[0m [1;30mLevel 1[0m _identify(src/standing_mode) by extension 'ignore_ament_install'
[0.496s] [34mcolcon.colcon_core.package_identification[0m [1;30mLevel 1[0m _identify(src/standing_mode) by extensions ['colcon_pkg']
[0.496s] [34mcolcon.colcon_core.package_identification[0m [1;30mLevel 1[0m _identify(src/standing_mode) by extension 'colcon_pkg'
[0.496s] [34mcolcon.colcon_core.package_identification[0m [1;30mLevel 1[0m _identify(src/standing_mode) by extensions ['colcon_meta']
[0.496s] [34mcolcon.colcon_core.package_identification[0m [1;30mLevel 1[0m _identify(src/standing_mode) by extension 'colcon_meta'
[0.496s] [34mcolcon.colcon_core.package_identification[0m [1;30mLevel 1[0m _identify(src/standing_mode) by extensions ['ros']
[0.496s] [34mcolcon.colcon_core.package_identification[0m [1;30mLevel 1[0m _identify(src/standing_mode) by extension 'ros'
[0.498s] [34mcolcon.colcon_core.package_identification[0m [1;30mDEBUG[0m [32mPackage 'src/standing_mode' with type 'ros.ament_python' and name 'standing_mode'[0m
[0.498s] [34mcolcon.colcon_core.package_discovery[0m [1;30mLevel 1[0m discover_packages(recursive) using defaults
[0.498s] [34mcolcon.colcon_core.package_discovery[0m [1;30mLevel 1[0m discover_packages(ignore) discover
[0.498s] [34mcolcon.colcon_core.package_discovery[0m [1;30mLevel 1[0m discover_packages(ignore) using defaults
[0.498s] [34mcolcon.colcon_core.package_discovery[0m [1;30mLevel 1[0m discover_packages(path) discover
[0.498s] [34mcolcon.colcon_core.package_discovery[0m [1;30mLevel 1[0m discover_packages(path) using defaults
[0.523s] [34mcolcon.colcon_core.package_discovery[0m [1;30mLevel 1[0m discover_packages(prefix_path) check parameters
[0.523s] [34mcolcon.colcon_core.package_discovery[0m [1;30mLevel 1[0m discover_packages(prefix_path) discover
[0.524s] [34mcolcon.colcon_ros.prefix_path.ament[0m [1;30mWARNING[0m [33mThe path '/home/igor/gral-iiriondo/unitree_ws/install/standing_mode' in the environment variable AMENT_PREFIX_PATH doesn't exist[0m
[0.525s] [34mcolcon.colcon_ros.prefix_path.ament[0m [1;30mWARNING[0m [33mThe path '/home/igor/gral-iiriondo/unitree_ws/install/speech_to_goal' in the environment variable AMENT_PREFIX_PATH doesn't exist[0m
[0.525s] [34mcolcon.colcon_ros.prefix_path.ament[0m [1;30mWARNING[0m [33mThe path '/home/igor/gral-iiriondo/unitree_ws/install/object_recognition' in the environment variable AMENT_PREFIX_PATH doesn't exist[0m
[0.525s] [34mcolcon.colcon_ros.prefix_path.ament[0m [1;30mWARNING[0m [33mThe path '/home/igor/gral-iiriondo/unitree_ws/install/object_recognition_interfaces' in the environment variable AMENT_PREFIX_PATH doesn't exist[0m
[0.525s] [34mcolcon.colcon_ros.prefix_path.ament[0m [1;30mWARNING[0m [33mThe path '/home/igor/gral-iiriondo/unitree_ws/install/mapping_configuration' in the environment variable AMENT_PREFIX_PATH doesn't exist[0m
[0.525s] [34mcolcon.colcon_ros.prefix_path.ament[0m [1;30mWARNING[0m [33mThe path '/home/igor/gral-iiriondo/unitree_ws/install/go1_description' in the environment variable AMENT_PREFIX_PATH doesn't exist[0m
[0.525s] [34mcolcon.colcon_ros.prefix_path.ament[0m [1;30mWARNING[0m [33mThe path '/home/igor/gral-iiriondo/unitree_ws/install/asr' in the environment variable AMENT_PREFIX_PATH doesn't exist[0m
[0.525s] [34mcolcon.colcon_ros.prefix_path.ament[0m [1;30mWARNING[0m [33mThe path '/home/igor/gral-iiriondo/unitree_ws/install/aruco_detector' in the environment variable AMENT_PREFIX_PATH doesn't exist[0m
[0.525s] [34mcolcon.colcon_ros.prefix_path.ament[0m [1;30mWARNING[0m [33mThe path '/home/igor/gral-iiriondo/unitree_ws/install/aruco_markers_msgs' in the environment variable AMENT_PREFIX_PATH doesn't exist[0m
[0.525s] [34mcolcon.colcon_ros.prefix_path.catkin[0m [1;30mWARNING[0m [33mThe path '/home/igor/gral-iiriondo/unitree_ws/install/speech_to_goal_interfaces' in the environment variable CMAKE_PREFIX_PATH doesn't exist[0m
[0.525s] [34mcolcon.colcon_ros.prefix_path.catkin[0m [1;30mWARNING[0m [33mThe path '/home/igor/gral-iiriondo/unitree_ws/install/object_recognition_interfaces' in the environment variable CMAKE_PREFIX_PATH doesn't exist[0m
[0.526s] [34mcolcon.colcon_ros.prefix_path.catkin[0m [1;30mWARNING[0m [33mThe path '/home/igor/gral-iiriondo/unitree_ws/install/aruco_markers_msgs' in the environment variable CMAKE_PREFIX_PATH doesn't exist[0m
[0.526s] [34mcolcon.colcon_installed_package_information.package_discovery[0m [1;30mDEBUG[0m [32mFound 0 installed packages in /home/igor/gral-iiriondo/unitree_ws/install[0m
[0.528s] [34mcolcon.colcon_installed_package_information.package_discovery[0m [1;30mDEBUG[0m [32mFound 284 installed packages in /opt/ros/humble[0m
[0.530s] [34mcolcon.colcon_core.package_discovery[0m [1;30mLevel 1[0m discover_packages(prefix_path) using defaults
[0.584s] [34mcolcon.colcon_core.verb[0m [1;30mLevel 5[0m set package 'aruco_markers_msgs' build argument 'cmake_args' from command line to '['-DPython3_EXECUTABLE=/usr/bin/python3.8']'
[0.584s] [34mcolcon.colcon_core.verb[0m [1;30mLevel 5[0m set package 'aruco_markers_msgs' build argument 'cmake_target' from command line to 'None'
[0.585s] [34mcolcon.colcon_core.verb[0m [1;30mLevel 5[0m set package 'aruco_markers_msgs' build argument 'cmake_target_skip_unavailable' from command line to 'False'
[0.585s] [34mcolcon.colcon_core.verb[0m [1;30mLevel 5[0m set package 'aruco_markers_msgs' build argument 'cmake_clean_cache' from command line to 'False'
[0.585s] [34mcolcon.colcon_core.verb[0m [1;30mLevel 5[0m set package 'aruco_markers_msgs' build argument 'cmake_clean_first' from command line to 'False'
[0.585s] [34mcolcon.colcon_core.verb[0m [1;30mLevel 5[0m set package 'aruco_markers_msgs' build argument 'cmake_force_configure' from command line to 'False'
[0.585s] [34mcolcon.colcon_core.verb[0m [1;30mLevel 5[0m set package 'aruco_markers_msgs' build argument 'ament_cmake_args' from command line to 'None'
[0.585s] [34mcolcon.colcon_core.verb[0m [1;30mLevel 5[0m set package 'aruco_markers_msgs' build argument 'catkin_cmake_args' from command line to 'None'
[0.585s] [34mcolcon.colcon_core.verb[0m [1;30mLevel 5[0m set package 'aruco_markers_msgs' build argument 'catkin_skip_building_tests' from command line to 'False'
[0.585s] [34mcolcon.colcon_core.verb[0m [1;30mDEBUG[0m [32mBuilding package 'aruco_markers_msgs' with the following arguments: {'ament_cmake_args': None, 'build_base': '/home/igor/gral-iiriondo/unitree_ws/build/aruco_markers_msgs', 'catkin_cmake_args': None, 'catkin_skip_building_tests': False, 'cmake_args': ['-DPython3_EXECUTABLE=/usr/bin/python3.8'], 'cmake_clean_cache': False, 'cmake_clean_first': False, 'cmake_force_configure': False, 'cmake_target': None, 'cmake_target_skip_unavailable': False, 'install_base': '/home/igor/gral-iiriondo/unitree_ws/install/aruco_markers_msgs', 'merge_install': False, 'path': '/home/igor/gral-iiriondo/unitree_ws/src/aruco_markers_msgs', 'symlink_install': True, 'test_result_base': None}[0m
[0.585s] [34mcolcon.colcon_core.verb[0m [1;30mLevel 5[0m set package 'asr' build argument 'cmake_args' from command line to '['-DPython3_EXECUTABLE=/usr/bin/python3.8']'
[0.585s] [34mcolcon.colcon_core.verb[0m [1;30mLevel 5[0m set package 'asr' build argument 'cmake_target' from command line to 'None'
[0.585s] [34mcolcon.colcon_core.verb[0m [1;30mLevel 5[0m set package 'asr' build argument 'cmake_target_skip_unavailable' from command line to 'False'
[0.585s] [34mcolcon.colcon_core.verb[0m [1;30mLevel 5[0m set package 'asr' build argument 'cmake_clean_cache' from command line to 'False'
[0.585s] [34mcolcon.colcon_core.verb[0m [1;30mLevel 5[0m set package 'asr' build argument 'cmake_clean_first' from command line to 'False'
[0.585s] [34mcolcon.colcon_core.verb[0m [1;30mLevel 5[0m set package 'asr' build argument 'cmake_force_configure' from command line to 'False'
[0.586s] [34mcolcon.colcon_core.verb[0m [1;30mLevel 5[0m set package 'asr' build argument 'ament_cmake_args' from command line to 'None'
[0.586s] [34mcolcon.colcon_core.verb[0m [1;30mLevel 5[0m set package 'asr' build argument 'catkin_cmake_args' from command line to 'None'
[0.586s] [34mcolcon.colcon_core.verb[0m [1;30mLevel 5[0m set package 'asr' build argument 'catkin_skip_building_tests' from command line to 'False'
[0.586s] [34mcolcon.colcon_core.verb[0m [1;30mDEBUG[0m [32mBuilding package 'asr' with the following arguments: {'ament_cmake_args': None, 'build_base': '/home/igor/gral-iiriondo/unitree_ws/build/asr', 'catkin_cmake_args': None, 'catkin_skip_building_tests': False, 'cmake_args': ['-DPython3_EXECUTABLE=/usr/bin/python3.8'], 'cmake_clean_cache': False, 'cmake_clean_first': False, 'cmake_force_configure': False, 'cmake_target': None, 'cmake_target_skip_unavailable': False, 'install_base': '/home/igor/gral-iiriondo/unitree_ws/install/asr', 'merge_install': False, 'path': '/home/igor/gral-iiriondo/unitree_ws/src/asr', 'symlink_install': True, 'test_result_base': None}[0m
[0.586s] [34mcolcon.colcon_core.verb[0m [1;30mLevel 5[0m set package 'go1_description' build argument 'cmake_args' from command line to '['-DPython3_EXECUTABLE=/usr/bin/python3.8']'
[0.586s] [34mcolcon.colcon_core.verb[0m [1;30mLevel 5[0m set package 'go1_description' build argument 'cmake_target' from command line to 'None'
[0.586s] [34mcolcon.colcon_core.verb[0m [1;30mLevel 5[0m set package 'go1_description' build argument 'cmake_target_skip_unavailable' from command line to 'False'
[0.586s] [34mcolcon.colcon_core.verb[0m [1;30mLevel 5[0m set package 'go1_description' build argument 'cmake_clean_cache' from command line to 'False'
[0.586s] [34mcolcon.colcon_core.verb[0m [1;30mLevel 5[0m set package 'go1_description' build argument 'cmake_clean_first' from command line to 'False'
[0.586s] [34mcolcon.colcon_core.verb[0m [1;30mLevel 5[0m set package 'go1_description' build argument 'cmake_force_configure' from command line to 'False'
[0.586s] [34mcolcon.colcon_core.verb[0m [1;30mLevel 5[0m set package 'go1_description' build argument 'ament_cmake_args' from command line to 'None'
[0.586s] [34mcolcon.colcon_core.verb[0m [1;30mLevel 5[0m set package 'go1_description' build argument 'catkin_cmake_args' from command line to 'None'
[0.586s] [34mcolcon.colcon_core.verb[0m [1;30mLevel 5[0m set package 'go1_description' build argument 'catkin_skip_building_tests' from command line to 'False'
[0.586s] [34mcolcon.colcon_core.verb[0m [1;30mDEBUG[0m [32mBuilding package 'go1_description' with the following arguments: {'ament_cmake_args': None, 'build_base': '/home/igor/gral-iiriondo/unitree_ws/build/go1_description', 'catkin_cmake_args': None, 'catkin_skip_building_tests': False, 'cmake_args': ['-DPython3_EXECUTABLE=/usr/bin/python3.8'], 'cmake_clean_cache': False, 'cmake_clean_first': False, 'cmake_force_configure': False, 'cmake_target': None, 'cmake_target_skip_unavailable': False, 'install_base': '/home/igor/gral-iiriondo/unitree_ws/install/go1_description', 'merge_install': False, 'path': '/home/igor/gral-iiriondo/unitree_ws/src/go1_description', 'symlink_install': True, 'test_result_base': None}[0m
[0.587s] [34mcolcon.colcon_core.verb[0m [1;30mLevel 5[0m set package 'mapping_configuration' build argument 'cmake_args' from command line to '['-DPython3_EXECUTABLE=/usr/bin/python3.8']'
[0.587s] [34mcolcon.colcon_core.verb[0m [1;30mLevel 5[0m set package 'mapping_configuration' build argument 'cmake_target' from command line to 'None'
[0.587s] [34mcolcon.colcon_core.verb[0m [1;30mLevel 5[0m set package 'mapping_configuration' build argument 'cmake_target_skip_unavailable' from command line to 'False'
[0.587s] [34mcolcon.colcon_core.verb[0m [1;30mLevel 5[0m set package 'mapping_configuration' build argument 'cmake_clean_cache' from command line to 'False'
[0.587s] [34mcolcon.colcon_core.verb[0m [1;30mLevel 5[0m set package 'mapping_configuration' build argument 'cmake_clean_first' from command line to 'False'
[0.587s] [34mcolcon.colcon_core.verb[0m [1;30mLevel 5[0m set package 'mapping_configuration' build argument 'cmake_force_configure' from command line to 'False'
[0.587s] [34mcolcon.colcon_core.verb[0m [1;30mLevel 5[0m set package 'mapping_configuration' build argument 'ament_cmake_args' from command line to 'None'
[0.587s] [34mcolcon.colcon_core.verb[0m [1;30mLevel 5[0m set package 'mapping_configuration' build argument 'catkin_cmake_args' from command line to 'None'
[0.587s] [34mcolcon.colcon_core.verb[0m [1;30mLevel 5[0m set package 'mapping_configuration' build argument 'catkin_skip_building_tests' from command line to 'False'
[0.587s] [34mcolcon.colcon_core.verb[0m [1;30mDEBUG[0m [32mBuilding package 'mapping_configuration' with the following arguments: {'ament_cmake_args': None, 'build_base': '/home/igor/gral-iiriondo/unitree_ws/build/mapping_configuration', 'catkin_cmake_args': None, 'catkin_skip_building_tests': False, 'cmake_args': ['-DPython3_EXECUTABLE=/usr/bin/python3.8'], 'cmake_clean_cache': False, 'cmake_clean_first': False, 'cmake_force_configure': False, 'cmake_target': None, 'cmake_target_skip_unavailable': False, 'install_base': '/home/igor/gral-iiriondo/unitree_ws/install/mapping_configuration', 'merge_install': False, 'path': '/home/igor/gral-iiriondo/unitree_ws/src/mapping_configuration', 'symlink_install': True, 'test_result_base': None}[0m
[0.588s] [34mcolcon.colcon_core.verb[0m [1;30mLevel 5[0m set package 'object_recognition_interfaces' build argument 'cmake_args' from command line to '['-DPython3_EXECUTABLE=/usr/bin/python3.8']'
[0.588s] [34mcolcon.colcon_core.verb[0m [1;30mLevel 5[0m set package 'object_recognition_interfaces' build argument 'cmake_target' from command line to 'None'
[0.588s] [34mcolcon.colcon_core.verb[0m [1;30mLevel 5[0m set package 'object_recognition_interfaces' build argument 'cmake_target_skip_unavailable' from command line to 'False'
[0.588s] [34mcolcon.colcon_core.verb[0m [1;30mLevel 5[0m set package 'object_recognition_interfaces' build argument 'cmake_clean_cache' from command line to 'False'
[0.588s] [34mcolcon.colcon_core.verb[0m [1;30mLevel 5[0m set package 'object_recognition_interfaces' build argument 'cmake_clean_first' from command line to 'False'
[0.588s] [34mcolcon.colcon_core.verb[0m [1;30mLevel 5[0m set package 'object_recognition_interfaces' build argument 'cmake_force_configure' from command line to 'False'
[0.588s] [34mcolcon.colcon_core.verb[0m [1;30mLevel 5[0m set package 'object_recognition_interfaces' build argument 'ament_cmake_args' from command line to 'None'
[0.588s] [34mcolcon.colcon_core.verb[0m [1;30mLevel 5[0m set package 'object_recognition_interfaces' build argument 'catkin_cmake_args' from command line to 'None'
[0.588s] [34mcolcon.colcon_core.verb[0m [1;30mLevel 5[0m set package 'object_recognition_interfaces' build argument 'catkin_skip_building_tests' from command line to 'False'
[0.588s] [34mcolcon.colcon_core.verb[0m [1;30mDEBUG[0m [32mBuilding package 'object_recognition_interfaces' with the following arguments: {'ament_cmake_args': None, 'build_base': '/home/igor/gral-iiriondo/unitree_ws/build/object_recognition_interfaces', 'catkin_cmake_args': None, 'catkin_skip_building_tests': False, 'cmake_args': ['-DPython3_EXECUTABLE=/usr/bin/python3.8'], 'cmake_clean_cache': False, 'cmake_clean_first': False, 'cmake_force_configure': False, 'cmake_target': None, 'cmake_target_skip_unavailable': False, 'install_base': '/home/igor/gral-iiriondo/unitree_ws/install/object_recognition_interfaces', 'merge_install': False, 'path': '/home/igor/gral-iiriondo/unitree_ws/src/object_recognition_interfaces', 'symlink_install': True, 'test_result_base': None}[0m
[0.589s] [34mcolcon.colcon_core.verb[0m [1;30mLevel 5[0m set package 'speech_to_goal_interfaces' build argument 'cmake_args' from command line to '['-DPython3_EXECUTABLE=/usr/bin/python3.8']'
[0.589s] [34mcolcon.colcon_core.verb[0m [1;30mLevel 5[0m set package 'speech_to_goal_interfaces' build argument 'cmake_target' from command line to 'None'
[0.589s] [34mcolcon.colcon_core.verb[0m [1;30mLevel 5[0m set package 'speech_to_goal_interfaces' build argument 'cmake_target_skip_unavailable' from command line to 'False'
[0.589s] [34mcolcon.colcon_core.verb[0m [1;30mLevel 5[0m set package 'speech_to_goal_interfaces' build argument 'cmake_clean_cache' from command line to 'False'
[0.589s] [34mcolcon.colcon_core.verb[0m [1;30mLevel 5[0m set package 'speech_to_goal_interfaces' build argument 'cmake_clean_first' from command line to 'False'
[0.589s] [34mcolcon.colcon_core.verb[0m [1;30mLevel 5[0m set package 'speech_to_goal_interfaces' build argument 'cmake_force_configure' from command line to 'False'
[0.589s] [34mcolcon.colcon_core.verb[0m [1;30mLevel 5[0m set package 'speech_to_goal_interfaces' build argument 'ament_cmake_args' from command line to 'None'
[0.589s] [34mcolcon.colcon_core.verb[0m [1;30mLevel 5[0m set package 'speech_to_goal_interfaces' build argument 'catkin_cmake_args' from command line to 'None'
[0.589s] [34mcolcon.colcon_core.verb[0m [1;30mLevel 5[0m set package 'speech_to_goal_interfaces' build argument 'catkin_skip_building_tests' from command line to 'False'
[0.589s] [34mcolcon.colcon_core.verb[0m [1;30mDEBUG[0m [32mBuilding package 'speech_to_goal_interfaces' with the following arguments: {'ament_cmake_args': None, 'build_base': '/home/igor/gral-iiriondo/unitree_ws/build/speech_to_goal_interfaces', 'catkin_cmake_args': None, 'catkin_skip_building_tests': False, 'cmake_args': ['-DPython3_EXECUTABLE=/usr/bin/python3.8'], 'cmake_clean_cache': False, 'cmake_clean_first': False, 'cmake_force_configure': False, 'cmake_target': None, 'cmake_target_skip_unavailable': False, 'install_base': '/home/igor/gral-iiriondo/unitree_ws/install/speech_to_goal_interfaces', 'merge_install': False, 'path': '/home/igor/gral-iiriondo/unitree_ws/src/speech_to_goal_interfaces', 'symlink_install': True, 'test_result_base': None}[0m
[0.590s] [34mcolcon.colcon_core.verb[0m [1;30mLevel 5[0m set package 'standing_mode' build argument 'cmake_args' from command line to '['-DPython3_EXECUTABLE=/usr/bin/python3.8']'
[0.590s] [34mcolcon.colcon_core.verb[0m [1;30mLevel 5[0m set package 'standing_mode' build argument 'cmake_target' from command line to 'None'
[0.590s] [34mcolcon.colcon_core.verb[0m [1;30mLevel 5[0m set package 'standing_mode' build argument 'cmake_target_skip_unavailable' from command line to 'False'
[0.590s] [34mcolcon.colcon_core.verb[0m [1;30mLevel 5[0m set package 'standing_mode' build argument 'cmake_clean_cache' from command line to 'False'
[0.590s] [34mcolcon.colcon_core.verb[0m [1;30mLevel 5[0m set package 'standing_mode' build argument 'cmake_clean_first' from command line to 'False'
[0.590s] [34mcolcon.colcon_core.verb[0m [1;30mLevel 5[0m set package 'standing_mode' build argument 'cmake_force_configure' from command line to 'False'
[0.590s] [34mcolcon.colcon_core.verb[0m [1;30mLevel 5[0m set package 'standing_mode' build argument 'ament_cmake_args' from command line to 'None'
[0.590s] [34mcolcon.colcon_core.verb[0m [1;30mLevel 5[0m set package 'standing_mode' build argument 'catkin_cmake_args' from command line to 'None'
[0.590s] [34mcolcon.colcon_core.verb[0m [1;30mLevel 5[0m set package 'standing_mode' build argument 'catkin_skip_building_tests' from command line to 'False'
[0.590s] [34mcolcon.colcon_core.verb[0m [1;30mDEBUG[0m [32mBuilding package 'standing_mode' with the following arguments: {'ament_cmake_args': None, 'build_base': '/home/igor/gral-iiriondo/unitree_ws/build/standing_mode', 'catkin_cmake_args': None, 'catkin_skip_building_tests': False, 'cmake_args': ['-DPython3_EXECUTABLE=/usr/bin/python3.8'], 'cmake_clean_cache': False, 'cmake_clean_first': False, 'cmake_force_configure': False, 'cmake_target': None, 'cmake_target_skip_unavailable': False, 'install_base': '/home/igor/gral-iiriondo/unitree_ws/install/standing_mode', 'merge_install': False, 'path': '/home/igor/gral-iiriondo/unitree_ws/src/standing_mode', 'symlink_install': True, 'test_result_base': None}[0m
[0.591s] [34mcolcon.colcon_core.verb[0m [1;30mLevel 5[0m set package 'aruco_detector' build argument 'cmake_args' from command line to '['-DPython3_EXECUTABLE=/usr/bin/python3.8']'
[0.591s] [34mcolcon.colcon_core.verb[0m [1;30mLevel 5[0m set package 'aruco_detector' build argument 'cmake_target' from command line to 'None'
[0.591s] [34mcolcon.colcon_core.verb[0m [1;30mLevel 5[0m set package 'aruco_detector' build argument 'cmake_target_skip_unavailable' from command line to 'False'
[0.591s] [34mcolcon.colcon_core.verb[0m [1;30mLevel 5[0m set package 'aruco_detector' build argument 'cmake_clean_cache' from command line to 'False'
[0.591s] [34mcolcon.colcon_core.verb[0m [1;30mLevel 5[0m set package 'aruco_detector' build argument 'cmake_clean_first' from command line to 'False'
[0.591s] [34mcolcon.colcon_core.verb[0m [1;30mLevel 5[0m set package 'aruco_detector' build argument 'cmake_force_configure' from command line to 'False'
[0.591s] [34mcolcon.colcon_core.verb[0m [1;30mLevel 5[0m set package 'aruco_detector' build argument 'ament_cmake_args' from command line to 'None'
[0.591s] [34mcolcon.colcon_core.verb[0m [1;30mLevel 5[0m set package 'aruco_detector' build argument 'catkin_cmake_args' from command line to 'None'
[0.591s] [34mcolcon.colcon_core.verb[0m [1;30mLevel 5[0m set package 'aruco_detector' build argument 'catkin_skip_building_tests' from command line to 'False'
[0.591s] [34mcolcon.colcon_core.verb[0m [1;30mDEBUG[0m [32mBuilding package 'aruco_detector' with the following arguments: {'ament_cmake_args': None, 'build_base': '/home/igor/gral-iiriondo/unitree_ws/build/aruco_detector', 'catkin_cmake_args': None, 'catkin_skip_building_tests': False, 'cmake_args': ['-DPython3_EXECUTABLE=/usr/bin/python3.8'], 'cmake_clean_cache': False, 'cmake_clean_first': False, 'cmake_force_configure': False, 'cmake_target': None, 'cmake_target_skip_unavailable': False, 'install_base': '/home/igor/gral-iiriondo/unitree_ws/install/aruco_detector', 'merge_install': False, 'path': '/home/igor/gral-iiriondo/unitree_ws/src/aruco_detector', 'symlink_install': True, 'test_result_base': None}[0m
[0.591s] [34mcolcon.colcon_core.verb[0m [1;30mLevel 5[0m set package 'object_recognition' build argument 'cmake_args' from command line to '['-DPython3_EXECUTABLE=/usr/bin/python3.8']'
[0.591s] [34mcolcon.colcon_core.verb[0m [1;30mLevel 5[0m set package 'object_recognition' build argument 'cmake_target' from command line to 'None'
[0.592s] [34mcolcon.colcon_core.verb[0m [1;30mLevel 5[0m set package 'object_recognition' build argument 'cmake_target_skip_unavailable' from command line to 'False'
[0.592s] [34mcolcon.colcon_core.verb[0m [1;30mLevel 5[0m set package 'object_recognition' build argument 'cmake_clean_cache' from command line to 'False'
[0.592s] [34mcolcon.colcon_core.verb[0m [1;30mLevel 5[0m set package 'object_recognition' build argument 'cmake_clean_first' from command line to 'False'
[0.592s] [34mcolcon.colcon_core.verb[0m [1;30mLevel 5[0m set package 'object_recognition' build argument 'cmake_force_configure' from command line to 'False'
[0.592s] [34mcolcon.colcon_core.verb[0m [1;30mLevel 5[0m set package 'object_recognition' build argument 'ament_cmake_args' from command line to 'None'
[0.592s] [34mcolcon.colcon_core.verb[0m [1;30mLevel 5[0m set package 'object_recognition' build argument 'catkin_cmake_args' from command line to 'None'
[0.592s] [34mcolcon.colcon_core.verb[0m [1;30mLevel 5[0m set package 'object_recognition' build argument 'catkin_skip_building_tests' from command line to 'False'
[0.592s] [34mcolcon.colcon_core.verb[0m [1;30mDEBUG[0m [32mBuilding package 'object_recognition' with the following arguments: {'ament_cmake_args': None, 'build_base': '/home/igor/gral-iiriondo/unitree_ws/build/object_recognition', 'catkin_cmake_args': None, 'catkin_skip_building_tests': False, 'cmake_args': ['-DPython3_EXECUTABLE=/usr/bin/python3.8'], 'cmake_clean_cache': False, 'cmake_clean_first': False, 'cmake_force_configure': False, 'cmake_target': None, 'cmake_target_skip_unavailable': False, 'install_base': '/home/igor/gral-iiriondo/unitree_ws/install/object_recognition', 'merge_install': False, 'path': '/home/igor/gral-iiriondo/unitree_ws/src/object_recognition', 'symlink_install': True, 'test_result_base': None}[0m
[0.593s] [34mcolcon.colcon_core.verb[0m [1;30mLevel 5[0m set package 'speech_to_goal' build argument 'cmake_args' from command line to '['-DPython3_EXECUTABLE=/usr/bin/python3.8']'
[0.593s] [34mcolcon.colcon_core.verb[0m [1;30mLevel 5[0m set package 'speech_to_goal' build argument 'cmake_target' from command line to 'None'
[0.593s] [34mcolcon.colcon_core.verb[0m [1;30mLevel 5[0m set package 'speech_to_goal' build argument 'cmake_target_skip_unavailable' from command line to 'False'
[0.593s] [34mcolcon.colcon_core.verb[0m [1;30mLevel 5[0m set package 'speech_to_goal' build argument 'cmake_clean_cache' from command line to 'False'
[0.593s] [34mcolcon.colcon_core.verb[0m [1;30mLevel 5[0m set package 'speech_to_goal' build argument 'cmake_clean_first' from command line to 'False'
[0.593s] [34mcolcon.colcon_core.verb[0m [1;30mLevel 5[0m set package 'speech_to_goal' build argument 'cmake_force_configure' from command line to 'False'
[0.593s] [34mcolcon.colcon_core.verb[0m [1;30mLevel 5[0m set package 'speech_to_goal' build argument 'ament_cmake_args' from command line to 'None'
[0.593s] [34mcolcon.colcon_core.verb[0m [1;30mLevel 5[0m set package 'speech_to_goal' build argument 'catkin_cmake_args' from command line to 'None'
[0.593s] [34mcolcon.colcon_core.verb[0m [1;30mLevel 5[0m set package 'speech_to_goal' build argument 'catkin_skip_building_tests' from command line to 'False'
[0.593s] [34mcolcon.colcon_core.verb[0m [1;30mDEBUG[0m [32mBuilding package 'speech_to_goal' with the following arguments: {'ament_cmake_args': None, 'build_base': '/home/igor/gral-iiriondo/unitree_ws/build/speech_to_goal', 'catkin_cmake_args': None, 'catkin_skip_building_tests': False, 'cmake_args': ['-DPython3_EXECUTABLE=/usr/bin/python3.8'], 'cmake_clean_cache': False, 'cmake_clean_first': False, 'cmake_force_configure': False, 'cmake_target': None, 'cmake_target_skip_unavailable': False, 'install_base': '/home/igor/gral-iiriondo/unitree_ws/install/speech_to_goal', 'merge_install': False, 'path': '/home/igor/gral-iiriondo/unitree_ws/src/speech_to_goal', 'symlink_install': True, 'test_result_base': None}[0m
[0.594s] [34mcolcon.colcon_core.executor[0m [1;30mINFO[0m Executing jobs using 'parallel' executor
[0.595s] [34mcolcon.colcon_parallel_executor.executor.parallel[0m [1;30mDEBUG[0m [32mrun_until_complete[0m
[0.596s] [34mcolcon.colcon_ros.task.ament_cmake.build[0m [1;30mINFO[0m Building ROS package in '/home/igor/gral-iiriondo/unitree_ws/src/aruco_markers_msgs' with build type 'ament_cmake'
[0.596s] [34mcolcon.colcon_cmake.task.cmake.build[0m [1;30mINFO[0m Building CMake package in '/home/igor/gral-iiriondo/unitree_ws/src/aruco_markers_msgs'
[0.601s] [34mcolcon.colcon_core.plugin_system[0m [1;30mINFO[0m Skipping extension 'colcon_core.shell.bat': Not used on non-Windows systems
[0.601s] [34mcolcon.colcon_core.shell[0m [1;30mINFO[0m Skip shell extension 'powershell' for command environment: Not usable outside of PowerShell
[0.601s] [34mcolcon.colcon_core.shell[0m [1;30mDEBUG[0m [32mSkip shell extension 'dsv' for command environment[0m
[0.607s] [34mcolcon.colcon_ros.task.ament_cmake.build[0m [1;30mINFO[0m Building ROS package in '/home/igor/gral-iiriondo/unitree_ws/src/object_recognition_interfaces' with build type 'ament_cmake'
[0.608s] [34mcolcon.colcon_cmake.task.cmake.build[0m [1;30mINFO[0m Building CMake package in '/home/igor/gral-iiriondo/unitree_ws/src/object_recognition_interfaces'
[0.608s] [34mcolcon.colcon_core.shell[0m [1;30mINFO[0m Skip shell extension 'powershell' for command environment: Not usable outside of PowerShell
[0.608s] [34mcolcon.colcon_core.shell[0m [1;30mDEBUG[0m [32mSkip shell extension 'dsv' for command environment[0m
[0.613s] [34mcolcon.colcon_ros.task.catkin.build[0m [1;30mINFO[0m Building ROS package in '/home/igor/gral-iiriondo/unitree_ws/src/speech_to_goal_interfaces' with build type 'catkin'
[0.614s] [34mcolcon.colcon_cmake.task.cmake.build[0m [1;30mINFO[0m Building CMake package in '/home/igor/gral-iiriondo/unitree_ws/src/speech_to_goal_interfaces'
[0.614s] [34mcolcon.colcon_core.shell[0m [1;30mINFO[0m Skip shell extension 'powershell' for command environment: Not usable outside of PowerShell
[0.614s] [34mcolcon.colcon_core.shell[0m [1;30mDEBUG[0m [32mSkip shell extension 'dsv' for command environment[0m
[0.620s] [34mcolcon.colcon_ros.task.ament_python.build[0m [1;30mINFO[0m Building ROS package in '/home/igor/gral-iiriondo/unitree_ws/src/asr' with build type 'ament_python'
[0.620s] [34mcolcon.colcon_core.shell[0m [1;30mLevel 1[0m create_environment_hook('asr', 'ament_prefix_path')
[0.620s] [34mcolcon.colcon_core.shell[0m [1;30mINFO[0m Creating environment hook '/home/igor/gral-iiriondo/unitree_ws/install/asr/share/asr/hook/ament_prefix_path.ps1'
[0.622s] [34mcolcon.colcon_core.shell[0m [1;30mINFO[0m Creating environment descriptor '/home/igor/gral-iiriondo/unitree_ws/install/asr/share/asr/hook/ament_prefix_path.dsv'
[0.622s] [34mcolcon.colcon_core.shell[0m [1;30mINFO[0m Creating environment hook '/home/igor/gral-iiriondo/unitree_ws/install/asr/share/asr/hook/ament_prefix_path.sh'
[0.624s] [34mcolcon.colcon_core.shell[0m [1;30mINFO[0m Skip shell extension 'powershell' for command environment: Not usable outside of PowerShell
[0.624s] [34mcolcon.colcon_core.shell[0m [1;30mDEBUG[0m [32mSkip shell extension 'dsv' for command environment[0m
[0.637s] [34mcolcon.colcon_core.event_handler.log_command[0m [1;30mDEBUG[0m [32mInvoking command in '/home/igor/gral-iiriondo/unitree_ws/build/aruco_markers_msgs': CMAKE_PREFIX_PATH=${CMAKE_PREFIX_PATH}:/home/igor/gral-iiriondo/unitree_ws/install/standing_mode:/home/igor/gral-iiriondo/unitree_ws/install/speech_to_goal:/home/igor/gral-iiriondo/unitree_ws/install/object_recognition:/home/igor/gral-iiriondo/unitree_ws/install/mapping_configuration:/home/igor/gral-iiriondo/unitree_ws/install/go1_description:/home/igor/gral-iiriondo/unitree_ws/install/asr:/home/igor/gral-iiriondo/unitree_ws/install/aruco_detector:/opt/ros/humble /usr/bin/cmake /home/igor/gral-iiriondo/unitree_ws/src/aruco_markers_msgs -DPython3_EXECUTABLE=/usr/bin/python3.8 -DAMENT_CMAKE_SYMLINK_INSTALL=1 -DCMAKE_INSTALL_PREFIX=/home/igor/gral-iiriondo/unitree_ws/install/aruco_markers_msgs[0m
[0.650s] [34mcolcon.colcon_core.event_handler.log_command[0m [1;30mDEBUG[0m [32mInvoking command in '/home/igor/gral-iiriondo/unitree_ws/build/object_recognition_interfaces': CMAKE_PREFIX_PATH=${CMAKE_PREFIX_PATH}:/home/igor/gral-iiriondo/unitree_ws/install/standing_mode:/home/igor/gral-iiriondo/unitree_ws/install/speech_to_goal:/home/igor/gral-iiriondo/unitree_ws/install/object_recognition:/home/igor/gral-iiriondo/unitree_ws/install/mapping_configuration:/home/igor/gral-iiriondo/unitree_ws/install/go1_description:/home/igor/gral-iiriondo/unitree_ws/install/asr:/home/igor/gral-iiriondo/unitree_ws/install/aruco_detector:/opt/ros/humble /usr/bin/cmake /home/igor/gral-iiriondo/unitree_ws/src/object_recognition_interfaces -DPython3_EXECUTABLE=/usr/bin/python3.8 -DAMENT_CMAKE_SYMLINK_INSTALL=1 -DCMAKE_INSTALL_PREFIX=/home/igor/gral-iiriondo/unitree_ws/install/object_recognition_interfaces[0m
[0.651s] [34mcolcon.colcon_core.event_handler.log_command[0m [1;30mDEBUG[0m [32mInvoking command in '/home/igor/gral-iiriondo/unitree_ws/build/speech_to_goal_interfaces': /usr/bin/cmake /home/igor/gral-iiriondo/unitree_ws/src/speech_to_goal_interfaces -DPython3_EXECUTABLE=/usr/bin/python3.8 -DCATKIN_INSTALL_INTO_PREFIX_ROOT=0 -DCATKIN_SYMLINK_INSTALL=ON -DCMAKE_INSTALL_PREFIX=/home/igor/gral-iiriondo/unitree_ws/install/speech_to_goal_interfaces[0m
[1.407s] [34mcolcon.colcon_core.task.python.build[0m [1;30mINFO[0m Building Python package in '/home/igor/gral-iiriondo/unitree_ws/src/asr'
[1.408s] [34mcolcon.colcon_core.shell[0m [1;30mINFO[0m Skip shell extension 'powershell' for command environment: Not usable outside of PowerShell
[1.408s] [34mcolcon.colcon_core.shell[0m [1;30mDEBUG[0m [32mSkip shell extension 'dsv' for command environment[0m
[2.328s] [34mcolcon.colcon_core.event_handler.log_command[0m [1;30mDEBUG[0m [32mInvoking command in '/home/igor/gral-iiriondo/unitree_ws/build/asr': PYTHONPATH=/home/igor/gral-iiriondo/unitree_ws/build/asr/prefix_override:/usr/lib/python3/dist-packages/colcon_core/task/python/colcon_distutils_commands:/home/igor/gral-iiriondo/unitree_ws/install/asr/lib/python3.10/site-packages:${PYTHONPATH} /usr/bin/python3 -W ignore:setup.py install is deprecated -W ignore:easy_install command is deprecated setup.py develop --editable --build-directory /home/igor/gral-iiriondo/unitree_ws/build/asr/build --no-deps symlink_data[0m
[3.690s] [34mcolcon.colcon_core.shell[0m [1;30mLevel 1[0m create_environment_hook('asr', 'pythonpath_develop')
[3.691s] [34mcolcon.colcon_core.shell[0m [1;30mINFO[0m Creating environment hook '/home/igor/gral-iiriondo/unitree_ws/build/asr/share/asr/hook/pythonpath_develop.ps1'
[3.692s] [34mcolcon.colcon_core.shell[0m [1;30mINFO[0m Creating environment descriptor '/home/igor/gral-iiriondo/unitree_ws/build/asr/share/asr/hook/pythonpath_develop.dsv'
[3.693s] [34mcolcon.colcon_core.event_handler.log_command[0m [1;30mDEBUG[0m [32mInvoked command in '/home/igor/gral-iiriondo/unitree_ws/build/asr' returned '0': PYTHONPATH=/home/igor/gral-iiriondo/unitree_ws/build/asr/prefix_override:/usr/lib/python3/dist-packages/colcon_core/task/python/colcon_distutils_commands:/home/igor/gral-iiriondo/unitree_ws/install/asr/lib/python3.10/site-packages:${PYTHONPATH} /usr/bin/python3 -W ignore:setup.py install is deprecated -W ignore:easy_install command is deprecated setup.py develop --editable --build-directory /home/igor/gral-iiriondo/unitree_ws/build/asr/build --no-deps symlink_data[0m
[3.694s] [34mcolcon.colcon_core.shell[0m [1;30mINFO[0m Creating environment hook '/home/igor/gral-iiriondo/unitree_ws/build/asr/share/asr/hook/pythonpath_develop.sh'
[3.700s] [34mcolcon.colcon_core.environment[0m [1;30mLevel 1[0m checking '/home/igor/gral-iiriondo/unitree_ws/install/asr' for CMake module files
[3.701s] [34mcolcon.colcon_core.environment[0m [1;30mLevel 1[0m checking '/home/igor/gral-iiriondo/unitree_ws/install/asr' for CMake config files
[3.702s] [34mcolcon.colcon_core.environment[0m [1;30mLevel 1[0m checking '/home/igor/gral-iiriondo/unitree_ws/install/asr/lib'
[3.703s] [34mcolcon.colcon_core.environment[0m [1;30mLevel 1[0m checking '/home/igor/gral-iiriondo/unitree_ws/install/asr/bin'
[3.703s] [34mcolcon.colcon_core.environment[0m [1;30mLevel 1[0m checking '/home/igor/gral-iiriondo/unitree_ws/install/asr/lib/pkgconfig/asr.pc'
[3.704s] [34mcolcon.colcon_core.environment[0m [1;30mLevel 1[0m checking '/home/igor/gral-iiriondo/unitree_ws/install/asr/lib/python3.10/site-packages'
[3.704s] [34mcolcon.colcon_core.shell[0m [1;30mLevel 1[0m create_environment_hook('asr', 'pythonpath')
[3.704s] [34mcolcon.colcon_core.shell[0m [1;30mINFO[0m Creating environment hook '/home/igor/gral-iiriondo/unitree_ws/install/asr/share/asr/hook/pythonpath.ps1'
[3.705s] [34mcolcon.colcon_core.shell[0m [1;30mINFO[0m Creating environment descriptor '/home/igor/gral-iiriondo/unitree_ws/install/asr/share/asr/hook/pythonpath.dsv'
[3.706s] [34mcolcon.colcon_core.shell[0m [1;30mINFO[0m Creating environment hook '/home/igor/gral-iiriondo/unitree_ws/install/asr/share/asr/hook/pythonpath.sh'
[3.708s] [34mcolcon.colcon_core.environment[0m [1;30mLevel 1[0m checking '/home/igor/gral-iiriondo/unitree_ws/install/asr/bin'
[3.708s] [34mcolcon.colcon_core.environment[0m [1;30mLevel 1[0m create_environment_scripts_only(asr)
[3.709s] [34mcolcon.colcon_core.shell[0m [1;30mINFO[0m Creating package script '/home/igor/gral-iiriondo/unitree_ws/install/asr/share/asr/package.ps1'
[3.712s] [34mcolcon.colcon_core.shell[0m [1;30mINFO[0m Creating package descriptor '/home/igor/gral-iiriondo/unitree_ws/install/asr/share/asr/package.dsv'
[3.713s] [34mcolcon.colcon_core.shell[0m [1;30mINFO[0m Creating package script '/home/igor/gral-iiriondo/unitree_ws/install/asr/share/asr/package.sh'
[3.715s] [34mcolcon.colcon_core.shell[0m [1;30mINFO[0m Creating package script '/home/igor/gral-iiriondo/unitree_ws/install/asr/share/asr/package.bash'
[3.717s] [34mcolcon.colcon_core.shell[0m [1;30mINFO[0m Creating package script '/home/igor/gral-iiriondo/unitree_ws/install/asr/share/asr/package.zsh'
[3.719s] [34mcolcon.colcon_core.environment[0m [1;30mLevel 1[0m create_file_with_runtime_dependencies(/home/igor/gral-iiriondo/unitree_ws/install/asr/share/colcon-core/packages/asr)
[3.720s] [34mcolcon.colcon_ros.task.ament_python.build[0m [1;30mINFO[0m Building ROS package in '/home/igor/gral-iiriondo/unitree_ws/src/go1_description' with build type 'ament_python'
[3.721s] [34mcolcon.colcon_core.shell[0m [1;30mLevel 1[0m create_environment_hook('go1_description', 'ament_prefix_path')
[3.721s] [34mcolcon.colcon_core.shell[0m [1;30mINFO[0m Creating environment hook '/home/igor/gral-iiriondo/unitree_ws/install/go1_description/share/go1_description/hook/ament_prefix_path.ps1'
[3.722s] [34mcolcon.colcon_core.shell[0m [1;30mINFO[0m Creating environment descriptor '/home/igor/gral-iiriondo/unitree_ws/install/go1_description/share/go1_description/hook/ament_prefix_path.dsv'
[3.723s] [34mcolcon.colcon_core.shell[0m [1;30mINFO[0m Creating environment hook '/home/igor/gral-iiriondo/unitree_ws/install/go1_description/share/go1_description/hook/ament_prefix_path.sh'
[3.725s] [34mcolcon.colcon_core.shell[0m [1;30mINFO[0m Skip shell extension 'powershell' for command environment: Not usable outside of PowerShell
[3.725s] [34mcolcon.colcon_core.shell[0m [1;30mDEBUG[0m [32mSkip shell extension 'dsv' for command environment[0m
[4.776s] [34mcolcon.colcon_core.task.python.build[0m [1;30mINFO[0m Building Python package in '/home/igor/gral-iiriondo/unitree_ws/src/go1_description'
[4.776s] [34mcolcon.colcon_core.shell[0m [1;30mINFO[0m Skip shell extension 'powershell' for command environment: Not usable outside of PowerShell
[4.776s] [34mcolcon.colcon_core.shell[0m [1;30mDEBUG[0m [32mSkip shell extension 'dsv' for command environment[0m
[5.084s] [34mcolcon.colcon_core.event_handler.log_command[0m [1;30mDEBUG[0m [32mInvoked command in '/home/igor/gral-iiriondo/unitree_ws/build/speech_to_goal_interfaces' returned '0': /usr/bin/cmake /home/igor/gral-iiriondo/unitree_ws/src/speech_to_goal_interfaces -DPython3_EXECUTABLE=/usr/bin/python3.8 -DCATKIN_INSTALL_INTO_PREFIX_ROOT=0 -DCATKIN_SYMLINK_INSTALL=ON -DCMAKE_INSTALL_PREFIX=/home/igor/gral-iiriondo/unitree_ws/install/speech_to_goal_interfaces[0m
[5.087s] [34mcolcon.colcon_core.event_handler.log_command[0m [1;30mDEBUG[0m [32mInvoking command in '/home/igor/gral-iiriondo/unitree_ws/build/speech_to_goal_interfaces': /usr/bin/cmake --build /home/igor/gral-iiriondo/unitree_ws/build/speech_to_goal_interfaces -- -j4 -l4[0m
[5.304s] [34mcolcon.colcon_core.event_handler.log_command[0m [1;30mDEBUG[0m [32mInvoked command in '/home/igor/gral-iiriondo/unitree_ws/build/object_recognition_interfaces' returned '0': CMAKE_PREFIX_PATH=${CMAKE_PREFIX_PATH}:/home/igor/gral-iiriondo/unitree_ws/install/standing_mode:/home/igor/gral-iiriondo/unitree_ws/install/speech_to_goal:/home/igor/gral-iiriondo/unitree_ws/install/object_recognition:/home/igor/gral-iiriondo/unitree_ws/install/mapping_configuration:/home/igor/gral-iiriondo/unitree_ws/install/go1_description:/home/igor/gral-iiriondo/unitree_ws/install/asr:/home/igor/gral-iiriondo/unitree_ws/install/aruco_detector:/opt/ros/humble /usr/bin/cmake /home/igor/gral-iiriondo/unitree_ws/src/object_recognition_interfaces -DPython3_EXECUTABLE=/usr/bin/python3.8 -DAMENT_CMAKE_SYMLINK_INSTALL=1 -DCMAKE_INSTALL_PREFIX=/home/igor/gral-iiriondo/unitree_ws/install/object_recognition_interfaces[0m
[5.309s] [34mcolcon.colcon_core.event_handler.log_command[0m [1;30mDEBUG[0m [32mInvoking command in '/home/igor/gral-iiriondo/unitree_ws/build/object_recognition_interfaces': CMAKE_PREFIX_PATH=${CMAKE_PREFIX_PATH}:/home/igor/gral-iiriondo/unitree_ws/install/standing_mode:/home/igor/gral-iiriondo/unitree_ws/install/speech_to_goal:/home/igor/gral-iiriondo/unitree_ws/install/object_recognition:/home/igor/gral-iiriondo/unitree_ws/install/mapping_configuration:/home/igor/gral-iiriondo/unitree_ws/install/go1_description:/home/igor/gral-iiriondo/unitree_ws/install/asr:/home/igor/gral-iiriondo/unitree_ws/install/aruco_detector:/opt/ros/humble /usr/bin/cmake --build /home/igor/gral-iiriondo/unitree_ws/build/object_recognition_interfaces -- -j4 -l4[0m
[6.682s] [34mcolcon.colcon_core.event_handler.log_command[0m [1;30mDEBUG[0m [32mInvoking command in '/home/igor/gral-iiriondo/unitree_ws/build/go1_description': PYTHONPATH=/home/igor/gral-iiriondo/unitree_ws/build/go1_description/prefix_override:/usr/lib/python3/dist-packages/colcon_core/task/python/colcon_distutils_commands:/home/igor/gral-iiriondo/unitree_ws/install/go1_description/lib/python3.10/site-packages:${PYTHONPATH} /usr/bin/python3 -W ignore:setup.py install is deprecated -W ignore:easy_install command is deprecated setup.py develop --editable --build-directory /home/igor/gral-iiriondo/unitree_ws/build/go1_description/build --no-deps symlink_data[0m
[7.326s] [34mcolcon.colcon_core.event_handler.log_command[0m [1;30mDEBUG[0m [32mInvoked command in '/home/igor/gral-iiriondo/unitree_ws/build/aruco_markers_msgs' returned '0': CMAKE_PREFIX_PATH=${CMAKE_PREFIX_PATH}:/home/igor/gral-iiriondo/unitree_ws/install/standing_mode:/home/igor/gral-iiriondo/unitree_ws/install/speech_to_goal:/home/igor/gral-iiriondo/unitree_ws/install/object_recognition:/home/igor/gral-iiriondo/unitree_ws/install/mapping_configuration:/home/igor/gral-iiriondo/unitree_ws/install/go1_description:/home/igor/gral-iiriondo/unitree_ws/install/asr:/home/igor/gral-iiriondo/unitree_ws/install/aruco_detector:/opt/ros/humble /usr/bin/cmake /home/igor/gral-iiriondo/unitree_ws/src/aruco_markers_msgs -DPython3_EXECUTABLE=/usr/bin/python3.8 -DAMENT_CMAKE_SYMLINK_INSTALL=1 -DCMAKE_INSTALL_PREFIX=/home/igor/gral-iiriondo/unitree_ws/install/aruco_markers_msgs[0m
[7.327s] [34mcolcon.colcon_core.event_handler.log_command[0m [1;30mDEBUG[0m [32mInvoking command in '/home/igor/gral-iiriondo/unitree_ws/build/aruco_markers_msgs': CMAKE_PREFIX_PATH=${CMAKE_PREFIX_PATH}:/home/igor/gral-iiriondo/unitree_ws/install/standing_mode:/home/igor/gral-iiriondo/unitree_ws/install/speech_to_goal:/home/igor/gral-iiriondo/unitree_ws/install/object_recognition:/home/igor/gral-iiriondo/unitree_ws/install/mapping_configuration:/home/igor/gral-iiriondo/unitree_ws/install/go1_description:/home/igor/gral-iiriondo/unitree_ws/install/asr:/home/igor/gral-iiriondo/unitree_ws/install/aruco_detector:/opt/ros/humble /usr/bin/cmake --build /home/igor/gral-iiriondo/unitree_ws/build/aruco_markers_msgs -- -j4 -l4[0m
[10.529s] [34mcolcon.colcon_core.shell[0m [1;30mLevel 1[0m create_environment_hook('go1_description', 'pythonpath_develop')
[10.530s] [34mcolcon.colcon_core.shell[0m [1;30mINFO[0m Creating environment hook '/home/igor/gral-iiriondo/unitree_ws/build/go1_description/share/go1_description/hook/pythonpath_develop.ps1'
[10.535s] [34mcolcon.colcon_core.event_handler.log_command[0m [1;30mDEBUG[0m [32mInvoked command in '/home/igor/gral-iiriondo/unitree_ws/build/go1_description' returned '0': PYTHONPATH=/home/igor/gral-iiriondo/unitree_ws/build/go1_description/prefix_override:/usr/lib/python3/dist-packages/colcon_core/task/python/colcon_distutils_commands:/home/igor/gral-iiriondo/unitree_ws/install/go1_description/lib/python3.10/site-packages:${PYTHONPATH} /usr/bin/python3 -W ignore:setup.py install is deprecated -W ignore:easy_install command is deprecated setup.py develop --editable --build-directory /home/igor/gral-iiriondo/unitree_ws/build/go1_description/build --no-deps symlink_data[0m
[10.543s] [34mcolcon.colcon_core.shell[0m [1;30mINFO[0m Creating environment descriptor '/home/igor/gral-iiriondo/unitree_ws/build/go1_description/share/go1_description/hook/pythonpath_develop.dsv'
[10.544s] [34mcolcon.colcon_core.shell[0m [1;30mINFO[0m Creating environment hook '/home/igor/gral-iiriondo/unitree_ws/build/go1_description/share/go1_description/hook/pythonpath_develop.sh'
[10.552s] [34mcolcon.colcon_core.environment[0m [1;30mLevel 1[0m checking '/home/igor/gral-iiriondo/unitree_ws/install/go1_description' for CMake module files
[10.553s] [34mcolcon.colcon_core.environment[0m [1;30mLevel 1[0m checking '/home/igor/gral-iiriondo/unitree_ws/install/go1_description' for CMake config files
[10.563s] [34mcolcon.colcon_core.environment[0m [1;30mLevel 1[0m checking '/home/igor/gral-iiriondo/unitree_ws/install/go1_description/lib'
[10.564s] [34mcolcon.colcon_core.environment[0m [1;30mLevel 1[0m checking '/home/igor/gral-iiriondo/unitree_ws/install/go1_description/bin'
[10.564s] [34mcolcon.colcon_core.environment[0m [1;30mLevel 1[0m checking '/home/igor/gral-iiriondo/unitree_ws/install/go1_description/lib/pkgconfig/go1_description.pc'
[10.564s] [34mcolcon.colcon_core.environment[0m [1;30mLevel 1[0m checking '/home/igor/gral-iiriondo/unitree_ws/install/go1_description/lib/python3.10/site-packages'
[10.565s] [34mcolcon.colcon_core.shell[0m [1;30mLevel 1[0m create_environment_hook('go1_description', 'pythonpath')
[10.565s] [34mcolcon.colcon_core.shell[0m [1;30mINFO[0m Creating environment hook '/home/igor/gral-iiriondo/unitree_ws/install/go1_description/share/go1_description/hook/pythonpath.ps1'
[10.566s] [34mcolcon.colcon_core.shell[0m [1;30mINFO[0m Creating environment descriptor '/home/igor/gral-iiriondo/unitree_ws/install/go1_description/share/go1_description/hook/pythonpath.dsv'
[10.578s] [34mcolcon.colcon_core.shell[0m [1;30mINFO[0m Creating environment hook '/home/igor/gral-iiriondo/unitree_ws/install/go1_description/share/go1_description/hook/pythonpath.sh'
[10.580s] [34mcolcon.colcon_core.environment[0m [1;30mLevel 1[0m checking '/home/igor/gral-iiriondo/unitree_ws/install/go1_description/bin'
[10.580s] [34mcolcon.colcon_core.environment[0m [1;30mLevel 1[0m create_environment_scripts_only(go1_description)
[10.592s] [34mcolcon.colcon_core.shell[0m [1;30mINFO[0m Creating package script '/home/igor/gral-iiriondo/unitree_ws/install/go1_description/share/go1_description/package.ps1'
[10.594s] [34mcolcon.colcon_core.shell[0m [1;30mINFO[0m Creating package descriptor '/home/igor/gral-iiriondo/unitree_ws/install/go1_description/share/go1_description/package.dsv'
[10.603s] [34mcolcon.colcon_core.shell[0m [1;30mINFO[0m Creating package script '/home/igor/gral-iiriondo/unitree_ws/install/go1_description/share/go1_description/package.sh'
[10.614s] [34mcolcon.colcon_core.shell[0m [1;30mINFO[0m Creating package script '/home/igor/gral-iiriondo/unitree_ws/install/go1_description/share/go1_description/package.bash'
[10.615s] [34mcolcon.colcon_core.shell[0m [1;30mINFO[0m Creating package script '/home/igor/gral-iiriondo/unitree_ws/install/go1_description/share/go1_description/package.zsh'
[10.616s] [34mcolcon.colcon_core.environment[0m [1;30mLevel 1[0m create_file_with_runtime_dependencies(/home/igor/gral-iiriondo/unitree_ws/install/go1_description/share/colcon-core/packages/go1_description)
[10.641s] [34mcolcon.colcon_ros.task.ament_python.build[0m [1;30mINFO[0m Building ROS package in '/home/igor/gral-iiriondo/unitree_ws/src/mapping_configuration' with build type 'ament_python'
[10.641s] [34mcolcon.colcon_core.shell[0m [1;30mLevel 1[0m create_environment_hook('mapping_configuration', 'ament_prefix_path')
[10.642s] [34mcolcon.colcon_core.shell[0m [1;30mINFO[0m Creating environment hook '/home/igor/gral-iiriondo/unitree_ws/install/mapping_configuration/share/mapping_configuration/hook/ament_prefix_path.ps1'
[10.643s] [34mcolcon.colcon_core.shell[0m [1;30mINFO[0m Creating environment descriptor '/home/igor/gral-iiriondo/unitree_ws/install/mapping_configuration/share/mapping_configuration/hook/ament_prefix_path.dsv'
[10.666s] [34mcolcon.colcon_core.shell[0m [1;30mINFO[0m Creating environment hook '/home/igor/gral-iiriondo/unitree_ws/install/mapping_configuration/share/mapping_configuration/hook/ament_prefix_path.sh'
[10.668s] [34mcolcon.colcon_core.shell[0m [1;30mINFO[0m Skip shell extension 'powershell' for command environment: Not usable outside of PowerShell
[10.668s] [34mcolcon.colcon_core.shell[0m [1;30mDEBUG[0m [32mSkip shell extension 'dsv' for command environment[0m
[14.492s] [34mcolcon.colcon_core.task.python.build[0m [1;30mINFO[0m Building Python package in '/home/igor/gral-iiriondo/unitree_ws/src/mapping_configuration'
[14.494s] [34mcolcon.colcon_core.shell[0m [1;30mINFO[0m Skip shell extension 'powershell' for command environment: Not usable outside of PowerShell
[14.494s] [34mcolcon.colcon_core.shell[0m [1;30mDEBUG[0m [32mSkip shell extension 'dsv' for command environment[0m
[17.488s] [34mcolcon.colcon_core.event_handler.log_command[0m [1;30mDEBUG[0m [32mInvoking command in '/home/igor/gral-iiriondo/unitree_ws/build/mapping_configuration': PYTHONPATH=/home/igor/gral-iiriondo/unitree_ws/build/mapping_configuration/prefix_override:/usr/lib/python3/dist-packages/colcon_core/task/python/colcon_distutils_commands:/home/igor/gral-iiriondo/unitree_ws/install/mapping_configuration/lib/python3.10/site-packages:${PYTHONPATH} /usr/bin/python3 -W ignore:setup.py install is deprecated -W ignore:easy_install command is deprecated setup.py develop --editable --build-directory /home/igor/gral-iiriondo/unitree_ws/build/mapping_configuration/build --no-deps symlink_data[0m
[19.118s] [34mcolcon.colcon_core.shell[0m [1;30mLevel 1[0m create_environment_hook('mapping_configuration', 'pythonpath_develop')
[19.119s] [34mcolcon.colcon_core.shell[0m [1;30mINFO[0m Creating environment hook '/home/igor/gral-iiriondo/unitree_ws/build/mapping_configuration/share/mapping_configuration/hook/pythonpath_develop.ps1'
[19.120s] [34mcolcon.colcon_core.event_handler.log_command[0m [1;30mDEBUG[0m [32mInvoked command in '/home/igor/gral-iiriondo/unitree_ws/build/mapping_configuration' returned '0': PYTHONPATH=/home/igor/gral-iiriondo/unitree_ws/build/mapping_configuration/prefix_override:/usr/lib/python3/dist-packages/colcon_core/task/python/colcon_distutils_commands:/home/igor/gral-iiriondo/unitree_ws/install/mapping_configuration/lib/python3.10/site-packages:${PYTHONPATH} /usr/bin/python3 -W ignore:setup.py install is deprecated -W ignore:easy_install command is deprecated setup.py develop --editable --build-directory /home/igor/gral-iiriondo/unitree_ws/build/mapping_configuration/build --no-deps symlink_data[0m
[19.127s] [34mcolcon.colcon_core.shell[0m [1;30mINFO[0m Creating environment descriptor '/home/igor/gral-iiriondo/unitree_ws/build/mapping_configuration/share/mapping_configuration/hook/pythonpath_develop.dsv'
[19.128s] [34mcolcon.colcon_core.shell[0m [1;30mINFO[0m Creating environment hook '/home/igor/gral-iiriondo/unitree_ws/build/mapping_configuration/share/mapping_configuration/hook/pythonpath_develop.sh'
[19.136s] [34mcolcon.colcon_core.environment[0m [1;30mLevel 1[0m checking '/home/igor/gral-iiriondo/unitree_ws/install/mapping_configuration' for CMake module files
[19.137s] [34mcolcon.colcon_core.environment[0m [1;30mLevel 1[0m checking '/home/igor/gral-iiriondo/unitree_ws/install/mapping_configuration' for CMake config files
[19.138s] [34mcolcon.colcon_core.environment[0m [1;30mLevel 1[0m checking '/home/igor/gral-iiriondo/unitree_ws/install/mapping_configuration/lib'
[19.138s] [34mcolcon.colcon_core.environment[0m [1;30mLevel 1[0m checking '/home/igor/gral-iiriondo/unitree_ws/install/mapping_configuration/bin'
[19.145s] [34mcolcon.colcon_core.environment[0m [1;30mLevel 1[0m checking '/home/igor/gral-iiriondo/unitree_ws/install/mapping_configuration/lib/pkgconfig/mapping_configuration.pc'
[19.145s] [34mcolcon.colcon_core.environment[0m [1;30mLevel 1[0m checking '/home/igor/gral-iiriondo/unitree_ws/install/mapping_configuration/lib/python3.10/site-packages'
[19.145s] [34mcolcon.colcon_core.shell[0m [1;30mLevel 1[0m create_environment_hook('mapping_configuration', 'pythonpath')
[19.146s] [34mcolcon.colcon_core.shell[0m [1;30mINFO[0m Creating environment hook '/home/igor/gral-iiriondo/unitree_ws/install/mapping_configuration/share/mapping_configuration/hook/pythonpath.ps1'
[19.152s] [34mcolcon.colcon_core.shell[0m [1;30mINFO[0m Creating environment descriptor '/home/igor/gral-iiriondo/unitree_ws/install/mapping_configuration/share/mapping_configuration/hook/pythonpath.dsv'
[19.153s] [34mcolcon.colcon_core.shell[0m [1;30mINFO[0m Creating environment hook '/home/igor/gral-iiriondo/unitree_ws/install/mapping_configuration/share/mapping_configuration/hook/pythonpath.sh'
[19.159s] [34mcolcon.colcon_core.environment[0m [1;30mLevel 1[0m checking '/home/igor/gral-iiriondo/unitree_ws/install/mapping_configuration/bin'
[19.159s] [34mcolcon.colcon_core.environment[0m [1;30mLevel 1[0m create_environment_scripts_only(mapping_configuration)
[19.160s] [34mcolcon.colcon_core.shell[0m [1;30mINFO[0m Creating package script '/home/igor/gral-iiriondo/unitree_ws/install/mapping_configuration/share/mapping_configuration/package.ps1'
[19.164s] [34mcolcon.colcon_core.shell[0m [1;30mINFO[0m Creating package descriptor '/home/igor/gral-iiriondo/unitree_ws/install/mapping_configuration/share/mapping_configuration/package.dsv'
[19.165s] [34mcolcon.colcon_core.shell[0m [1;30mINFO[0m Creating package script '/home/igor/gral-iiriondo/unitree_ws/install/mapping_configuration/share/mapping_configuration/package.sh'
[19.173s] [34mcolcon.colcon_core.shell[0m [1;30mINFO[0m Creating package script '/home/igor/gral-iiriondo/unitree_ws/install/mapping_configuration/share/mapping_configuration/package.bash'
[19.176s] [34mcolcon.colcon_core.shell[0m [1;30mINFO[0m Creating package script '/home/igor/gral-iiriondo/unitree_ws/install/mapping_configuration/share/mapping_configuration/package.zsh'
[19.177s] [34mcolcon.colcon_core.environment[0m [1;30mLevel 1[0m create_file_with_runtime_dependencies(/home/igor/gral-iiriondo/unitree_ws/install/mapping_configuration/share/colcon-core/packages/mapping_configuration)
[19.178s] [34mcolcon.colcon_ros.task.ament_python.build[0m [1;30mINFO[0m Building ROS package in '/home/igor/gral-iiriondo/unitree_ws/src/standing_mode' with build type 'ament_python'
[19.178s] [34mcolcon.colcon_core.shell[0m [1;30mLevel 1[0m create_environment_hook('standing_mode', 'ament_prefix_path')
[19.179s] [34mcolcon.colcon_core.shell[0m [1;30mINFO[0m Creating environment hook '/home/igor/gral-iiriondo/unitree_ws/install/standing_mode/share/standing_mode/hook/ament_prefix_path.ps1'
[19.186s] [34mcolcon.colcon_core.shell[0m [1;30mINFO[0m Creating environment descriptor '/home/igor/gral-iiriondo/unitree_ws/install/standing_mode/share/standing_mode/hook/ament_prefix_path.dsv'
[19.187s] [34mcolcon.colcon_core.shell[0m [1;30mINFO[0m Creating environment hook '/home/igor/gral-iiriondo/unitree_ws/install/standing_mode/share/standing_mode/hook/ament_prefix_path.sh'
[19.191s] [34mcolcon.colcon_core.shell[0m [1;30mINFO[0m Skip shell extension 'powershell' for command environment: Not usable outside of PowerShell
[19.191s] [34mcolcon.colcon_core.shell[0m [1;30mDEBUG[0m [32mSkip shell extension 'dsv' for command environment[0m
[21.155s] [34mcolcon.colcon_core.task.python.build[0m [1;30mINFO[0m Building Python package in '/home/igor/gral-iiriondo/unitree_ws/src/standing_mode'
[21.156s] [34mcolcon.colcon_core.shell[0m [1;30mINFO[0m Skip shell extension 'powershell' for command environment: Not usable outside of PowerShell
[21.159s] [34mcolcon.colcon_core.shell[0m [1;30mDEBUG[0m [32mSkip shell extension 'dsv' for command environment[0m
[22.356s] [34mcolcon.colcon_core.event_handler.log_command[0m [1;30mDEBUG[0m [32mInvoking command in '/home/igor/gral-iiriondo/unitree_ws/build/standing_mode': PYTHONPATH=/home/igor/gral-iiriondo/unitree_ws/build/standing_mode/prefix_override:/usr/lib/python3/dist-packages/colcon_core/task/python/colcon_distutils_commands:/home/igor/gral-iiriondo/unitree_ws/install/standing_mode/lib/python3.10/site-packages:${PYTHONPATH} /usr/bin/python3 -W ignore:setup.py install is deprecated -W ignore:easy_install command is deprecated setup.py develop --editable --build-directory /home/igor/gral-iiriondo/unitree_ws/build/standing_mode/build --no-deps symlink_data[0m
[24.243s] [34mcolcon.colcon_core.shell[0m [1;30mLevel 1[0m create_environment_hook('standing_mode', 'pythonpath_develop')
[24.244s] [34mcolcon.colcon_core.shell[0m [1;30mINFO[0m Creating environment hook '/home/igor/gral-iiriondo/unitree_ws/build/standing_mode/share/standing_mode/hook/pythonpath_develop.ps1'
[24.248s] [34mcolcon.colcon_core.event_handler.log_command[0m [1;30mDEBUG[0m [32mInvoked command in '/home/igor/gral-iiriondo/unitree_ws/build/standing_mode' returned '0': PYTHONPATH=/home/igor/gral-iiriondo/unitree_ws/build/standing_mode/prefix_override:/usr/lib/python3/dist-packages/colcon_core/task/python/colcon_distutils_commands:/home/igor/gral-iiriondo/unitree_ws/install/standing_mode/lib/python3.10/site-packages:${PYTHONPATH} /usr/bin/python3 -W ignore:setup.py install is deprecated -W ignore:easy_install command is deprecated setup.py develop --editable --build-directory /home/igor/gral-iiriondo/unitree_ws/build/standing_mode/build --no-deps symlink_data[0m
[24.249s] [34mcolcon.colcon_core.shell[0m [1;30mINFO[0m Creating environment descriptor '/home/igor/gral-iiriondo/unitree_ws/build/standing_mode/share/standing_mode/hook/pythonpath_develop.dsv'
[24.250s] [34mcolcon.colcon_core.shell[0m [1;30mINFO[0m Creating environment hook '/home/igor/gral-iiriondo/unitree_ws/build/standing_mode/share/standing_mode/hook/pythonpath_develop.sh'
[24.252s] [34mcolcon.colcon_core.environment[0m [1;30mLevel 1[0m checking '/home/igor/gral-iiriondo/unitree_ws/install/standing_mode' for CMake module files
[24.253s] [34mcolcon.colcon_core.environment[0m [1;30mLevel 1[0m checking '/home/igor/gral-iiriondo/unitree_ws/install/standing_mode' for CMake config files
[24.254s] [34mcolcon.colcon_core.environment[0m [1;30mLevel 1[0m checking '/home/igor/gral-iiriondo/unitree_ws/install/standing_mode/lib'
[24.254s] [34mcolcon.colcon_core.environment[0m [1;30mLevel 1[0m checking '/home/igor/gral-iiriondo/unitree_ws/install/standing_mode/bin'
[24.255s] [34mcolcon.colcon_core.environment[0m [1;30mLevel 1[0m checking '/home/igor/gral-iiriondo/unitree_ws/install/standing_mode/lib/pkgconfig/standing_mode.pc'
[24.255s] [34mcolcon.colcon_core.environment[0m [1;30mLevel 1[0m checking '/home/igor/gral-iiriondo/unitree_ws/install/standing_mode/lib/python3.10/site-packages'
[24.255s] [34mcolcon.colcon_core.shell[0m [1;30mLevel 1[0m create_environment_hook('standing_mode', 'pythonpath')
[24.256s] [34mcolcon.colcon_core.shell[0m [1;30mINFO[0m Creating environment hook '/home/igor/gral-iiriondo/unitree_ws/install/standing_mode/share/standing_mode/hook/pythonpath.ps1'
[24.257s] [34mcolcon.colcon_core.shell[0m [1;30mINFO[0m Creating environment descriptor '/home/igor/gral-iiriondo/unitree_ws/install/standing_mode/share/standing_mode/hook/pythonpath.dsv'
[24.258s] [34mcolcon.colcon_core.shell[0m [1;30mINFO[0m Creating environment hook '/home/igor/gral-iiriondo/unitree_ws/install/standing_mode/share/standing_mode/hook/pythonpath.sh'
[24.261s] [34mcolcon.colcon_core.environment[0m [1;30mLevel 1[0m checking '/home/igor/gral-iiriondo/unitree_ws/install/standing_mode/bin'
[24.261s] [34mcolcon.colcon_core.environment[0m [1;30mLevel 1[0m create_environment_scripts_only(standing_mode)
[24.262s] [34mcolcon.colcon_core.shell[0m [1;30mINFO[0m Creating package script '/home/igor/gral-iiriondo/unitree_ws/install/standing_mode/share/standing_mode/package.ps1'
[24.264s] [34mcolcon.colcon_core.shell[0m [1;30mINFO[0m Creating package descriptor '/home/igor/gral-iiriondo/unitree_ws/install/standing_mode/share/standing_mode/package.dsv'
[24.266s] [34mcolcon.colcon_core.shell[0m [1;30mINFO[0m Creating package script '/home/igor/gral-iiriondo/unitree_ws/install/standing_mode/share/standing_mode/package.sh'
[24.267s] [34mcolcon.colcon_core.shell[0m [1;30mINFO[0m Creating package script '/home/igor/gral-iiriondo/unitree_ws/install/standing_mode/share/standing_mode/package.bash'
[24.268s] [34mcolcon.colcon_core.shell[0m [1;30mINFO[0m Creating package script '/home/igor/gral-iiriondo/unitree_ws/install/standing_mode/share/standing_mode/package.zsh'
[24.269s] [34mcolcon.colcon_core.environment[0m [1;30mLevel 1[0m create_file_with_runtime_dependencies(/home/igor/gral-iiriondo/unitree_ws/install/standing_mode/share/colcon-core/packages/standing_mode)
[28.078s] [34mcolcon.colcon_core.event_handler.log_command[0m [1;30mDEBUG[0m [32mInvoked command in '/home/igor/gral-iiriondo/unitree_ws/build/object_recognition_interfaces' returned '0': CMAKE_PREFIX_PATH=${CMAKE_PREFIX_PATH}:/home/igor/gral-iiriondo/unitree_ws/install/standing_mode:/home/igor/gral-iiriondo/unitree_ws/install/speech_to_goal:/home/igor/gral-iiriondo/unitree_ws/install/object_recognition:/home/igor/gral-iiriondo/unitree_ws/install/mapping_configuration:/home/igor/gral-iiriondo/unitree_ws/install/go1_description:/home/igor/gral-iiriondo/unitree_ws/install/asr:/home/igor/gral-iiriondo/unitree_ws/install/aruco_detector:/opt/ros/humble /usr/bin/cmake --build /home/igor/gral-iiriondo/unitree_ws/build/object_recognition_interfaces -- -j4 -l4[0m
[28.101s] [34mcolcon.colcon_core.event_handler.log_command[0m [1;30mDEBUG[0m [32mInvoking command in '/home/igor/gral-iiriondo/unitree_ws/build/object_recognition_interfaces': CMAKE_PREFIX_PATH=${CMAKE_PREFIX_PATH}:/home/igor/gral-iiriondo/unitree_ws/install/standing_mode:/home/igor/gral-iiriondo/unitree_ws/install/speech_to_goal:/home/igor/gral-iiriondo/unitree_ws/install/object_recognition:/home/igor/gral-iiriondo/unitree_ws/install/mapping_configuration:/home/igor/gral-iiriondo/unitree_ws/install/go1_description:/home/igor/gral-iiriondo/unitree_ws/install/asr:/home/igor/gral-iiriondo/unitree_ws/install/aruco_detector:/opt/ros/humble /usr/bin/cmake --install /home/igor/gral-iiriondo/unitree_ws/build/object_recognition_interfaces[0m
[30.015s] [34mcolcon.colcon_core.environment[0m [1;30mLevel 1[0m create_environment_scripts_only(object_recognition_interfaces)
[30.016s] [34mcolcon.colcon_core.environment[0m [1;30mLevel 1[0m checking '/home/igor/gral-iiriondo/unitree_ws/install/object_recognition_interfaces' for CMake module files
[30.020s] [34mcolcon.colcon_core.event_handler.log_command[0m [1;30mDEBUG[0m [32mInvoked command in '/home/igor/gral-iiriondo/unitree_ws/build/object_recognition_interfaces' returned '0': CMAKE_PREFIX_PATH=${CMAKE_PREFIX_PATH}:/home/igor/gral-iiriondo/unitree_ws/install/standing_mode:/home/igor/gral-iiriondo/unitree_ws/install/speech_to_goal:/home/igor/gral-iiriondo/unitree_ws/install/object_recognition:/home/igor/gral-iiriondo/unitree_ws/install/mapping_configuration:/home/igor/gral-iiriondo/unitree_ws/install/go1_description:/home/igor/gral-iiriondo/unitree_ws/install/asr:/home/igor/gral-iiriondo/unitree_ws/install/aruco_detector:/opt/ros/humble /usr/bin/cmake --install /home/igor/gral-iiriondo/unitree_ws/build/object_recognition_interfaces[0m
[30.021s] [34mcolcon.colcon_core.environment[0m [1;30mLevel 1[0m checking '/home/igor/gral-iiriondo/unitree_ws/install/object_recognition_interfaces' for CMake config files
[30.023s] [34mcolcon.colcon_core.shell[0m [1;30mLevel 1[0m create_environment_hook('object_recognition_interfaces', 'cmake_prefix_path')
[30.024s] [34mcolcon.colcon_core.shell[0m [1;30mINFO[0m Creating environment hook '/home/igor/gral-iiriondo/unitree_ws/install/object_recognition_interfaces/share/object_recognition_interfaces/hook/cmake_prefix_path.ps1'
[30.027s] [34mcolcon.colcon_core.shell[0m [1;30mINFO[0m Creating environment descriptor '/home/igor/gral-iiriondo/unitree_ws/install/object_recognition_interfaces/share/object_recognition_interfaces/hook/cmake_prefix_path.dsv'
[30.031s] [34mcolcon.colcon_core.shell[0m [1;30mINFO[0m Creating environment hook '/home/igor/gral-iiriondo/unitree_ws/install/object_recognition_interfaces/share/object_recognition_interfaces/hook/cmake_prefix_path.sh'
[30.034s] [34mcolcon.colcon_core.environment[0m [1;30mLevel 1[0m checking '/home/igor/gral-iiriondo/unitree_ws/install/object_recognition_interfaces/lib'
[30.035s] [34mcolcon.colcon_core.shell[0m [1;30mLevel 1[0m create_environment_hook('object_recognition_interfaces', 'ld_library_path_lib')
[30.035s] [34mcolcon.colcon_core.shell[0m [1;30mINFO[0m Creating environment hook '/home/igor/gral-iiriondo/unitree_ws/install/object_recognition_interfaces/share/object_recognition_interfaces/hook/ld_library_path_lib.ps1'
[30.036s] [34mcolcon.colcon_core.shell[0m [1;30mINFO[0m Creating environment descriptor '/home/igor/gral-iiriondo/unitree_ws/install/object_recognition_interfaces/share/object_recognition_interfaces/hook/ld_library_path_lib.dsv'
[30.038s] [34mcolcon.colcon_core.shell[0m [1;30mINFO[0m Creating environment hook '/home/igor/gral-iiriondo/unitree_ws/install/object_recognition_interfaces/share/object_recognition_interfaces/hook/ld_library_path_lib.sh'
[30.039s] [34mcolcon.colcon_core.environment[0m [1;30mLevel 1[0m checking '/home/igor/gral-iiriondo/unitree_ws/install/object_recognition_interfaces/bin'
[30.039s] [34mcolcon.colcon_core.environment[0m [1;30mLevel 1[0m checking '/home/igor/gral-iiriondo/unitree_ws/install/object_recognition_interfaces/lib/pkgconfig/object_recognition_interfaces.pc'
[30.040s] [34mcolcon.colcon_core.environment[0m [1;30mLevel 1[0m checking '/home/igor/gral-iiriondo/unitree_ws/install/object_recognition_interfaces/lib/python3.10/site-packages'
[30.041s] [34mcolcon.colcon_core.environment[0m [1;30mLevel 1[0m checking '/home/igor/gral-iiriondo/unitree_ws/install/object_recognition_interfaces/bin'
[30.042s] [34mcolcon.colcon_core.shell[0m [1;30mINFO[0m Creating package script '/home/igor/gral-iiriondo/unitree_ws/install/object_recognition_interfaces/share/object_recognition_interfaces/package.ps1'
[30.044s] [34mcolcon.colcon_core.shell[0m [1;30mINFO[0m Creating package descriptor '/home/igor/gral-iiriondo/unitree_ws/install/object_recognition_interfaces/share/object_recognition_interfaces/package.dsv'
[30.046s] [34mcolcon.colcon_core.shell[0m [1;30mINFO[0m Creating package script '/home/igor/gral-iiriondo/unitree_ws/install/object_recognition_interfaces/share/object_recognition_interfaces/package.sh'
[30.047s] [34mcolcon.colcon_core.shell[0m [1;30mINFO[0m Creating package script '/home/igor/gral-iiriondo/unitree_ws/install/object_recognition_interfaces/share/object_recognition_interfaces/package.bash'
[30.048s] [34mcolcon.colcon_core.shell[0m [1;30mINFO[0m Creating package script '/home/igor/gral-iiriondo/unitree_ws/install/object_recognition_interfaces/share/object_recognition_interfaces/package.zsh'
[30.048s] [34mcolcon.colcon_core.environment[0m [1;30mLevel 1[0m create_file_with_runtime_dependencies(/home/igor/gral-iiriondo/unitree_ws/install/object_recognition_interfaces/share/colcon-core/packages/object_recognition_interfaces)
[30.049s] [34mcolcon.colcon_core.environment[0m [1;30mLevel 1[0m create_environment_scripts_only(object_recognition_interfaces)
[30.050s] [34mcolcon.colcon_core.environment[0m [1;30mLevel 1[0m checking '/home/igor/gral-iiriondo/unitree_ws/install/object_recognition_interfaces' for CMake module files
[30.051s] [34mcolcon.colcon_core.environment[0m [1;30mLevel 1[0m checking '/home/igor/gral-iiriondo/unitree_ws/install/object_recognition_interfaces' for CMake config files
[30.052s] [34mcolcon.colcon_core.shell[0m [1;30mLevel 1[0m create_environment_hook('object_recognition_interfaces', 'cmake_prefix_path')
[30.053s] [34mcolcon.colcon_core.shell[0m [1;30mINFO[0m Creating environment hook '/home/igor/gral-iiriondo/unitree_ws/install/object_recognition_interfaces/share/object_recognition_interfaces/hook/cmake_prefix_path.ps1'
[30.053s] [34mcolcon.colcon_core.shell[0m [1;30mINFO[0m Creating environment descriptor '/home/igor/gral-iiriondo/unitree_ws/install/object_recognition_interfaces/share/object_recognition_interfaces/hook/cmake_prefix_path.dsv'
[30.054s] [34mcolcon.colcon_core.shell[0m [1;30mINFO[0m Creating environment hook '/home/igor/gral-iiriondo/unitree_ws/install/object_recognition_interfaces/share/object_recognition_interfaces/hook/cmake_prefix_path.sh'
[30.055s] [34mcolcon.colcon_core.environment[0m [1;30mLevel 1[0m checking '/home/igor/gral-iiriondo/unitree_ws/install/object_recognition_interfaces/lib'
[30.055s] [34mcolcon.colcon_core.shell[0m [1;30mLevel 1[0m create_environment_hook('object_recognition_interfaces', 'ld_library_path_lib')
[30.056s] [34mcolcon.colcon_core.shell[0m [1;30mINFO[0m Creating environment hook '/home/igor/gral-iiriondo/unitree_ws/install/object_recognition_interfaces/share/object_recognition_interfaces/hook/ld_library_path_lib.ps1'
[30.056s] [34mcolcon.colcon_core.shell[0m [1;30mINFO[0m Creating environment descriptor '/home/igor/gral-iiriondo/unitree_ws/install/object_recognition_interfaces/share/object_recognition_interfaces/hook/ld_library_path_lib.dsv'
[30.057s] [34mcolcon.colcon_core.shell[0m [1;30mINFO[0m Creating environment hook '/home/igor/gral-iiriondo/unitree_ws/install/object_recognition_interfaces/share/object_recognition_interfaces/hook/ld_library_path_lib.sh'
[30.058s] [34mcolcon.colcon_core.environment[0m [1;30mLevel 1[0m checking '/home/igor/gral-iiriondo/unitree_ws/install/object_recognition_interfaces/bin'
[30.058s] [34mcolcon.colcon_core.environment[0m [1;30mLevel 1[0m checking '/home/igor/gral-iiriondo/unitree_ws/install/object_recognition_interfaces/lib/pkgconfig/object_recognition_interfaces.pc'
[30.059s] [34mcolcon.colcon_core.environment[0m [1;30mLevel 1[0m checking '/home/igor/gral-iiriondo/unitree_ws/install/object_recognition_interfaces/lib/python3.10/site-packages'
[30.060s] [34mcolcon.colcon_core.environment[0m [1;30mLevel 1[0m checking '/home/igor/gral-iiriondo/unitree_ws/install/object_recognition_interfaces/bin'
[30.061s] [34mcolcon.colcon_core.shell[0m [1;30mINFO[0m Creating package script '/home/igor/gral-iiriondo/unitree_ws/install/object_recognition_interfaces/share/object_recognition_interfaces/package.ps1'
[30.063s] [34mcolcon.colcon_core.shell[0m [1;30mINFO[0m Creating package descriptor '/home/igor/gral-iiriondo/unitree_ws/install/object_recognition_interfaces/share/object_recognition_interfaces/package.dsv'
[30.065s] [34mcolcon.colcon_core.shell[0m [1;30mINFO[0m Creating package script '/home/igor/gral-iiriondo/unitree_ws/install/object_recognition_interfaces/share/object_recognition_interfaces/package.sh'
[30.066s] [34mcolcon.colcon_core.shell[0m [1;30mINFO[0m Creating package script '/home/igor/gral-iiriondo/unitree_ws/install/object_recognition_interfaces/share/object_recognition_interfaces/package.bash'
[30.067s] [34mcolcon.colcon_core.shell[0m [1;30mINFO[0m Creating package script '/home/igor/gral-iiriondo/unitree_ws/install/object_recognition_interfaces/share/object_recognition_interfaces/package.zsh'
[30.069s] [34mcolcon.colcon_core.environment[0m [1;30mLevel 1[0m create_file_with_runtime_dependencies(/home/igor/gral-iiriondo/unitree_ws/install/object_recognition_interfaces/share/colcon-core/packages/object_recognition_interfaces)
[30.070s] [34mcolcon.colcon_ros.task.ament_python.build[0m [1;30mINFO[0m Building ROS package in '/home/igor/gral-iiriondo/unitree_ws/src/object_recognition' with build type 'ament_python'
[30.071s] [34mcolcon.colcon_core.shell[0m [1;30mLevel 1[0m create_environment_hook('object_recognition', 'ament_prefix_path')
[30.071s] [34mcolcon.colcon_core.shell[0m [1;30mINFO[0m Creating environment hook '/home/igor/gral-iiriondo/unitree_ws/install/object_recognition/share/object_recognition/hook/ament_prefix_path.ps1'
[30.073s] [34mcolcon.colcon_core.shell[0m [1;30mINFO[0m Creating environment descriptor '/home/igor/gral-iiriondo/unitree_ws/install/object_recognition/share/object_recognition/hook/ament_prefix_path.dsv'
[30.074s] [34mcolcon.colcon_core.shell[0m [1;30mINFO[0m Creating environment hook '/home/igor/gral-iiriondo/unitree_ws/install/object_recognition/share/object_recognition/hook/ament_prefix_path.sh'
[30.075s] [34mcolcon.colcon_core.shell[0m [1;30mINFO[0m Skip shell extension 'powershell' for command environment: Not usable outside of PowerShell
[30.075s] [34mcolcon.colcon_core.shell[0m [1;30mDEBUG[0m [32mSkip shell extension 'dsv' for command environment[0m
[30.970s] [34mcolcon.colcon_core.task.python.build[0m [1;30mINFO[0m Building Python package in '/home/igor/gral-iiriondo/unitree_ws/src/object_recognition'
[30.970s] [34mcolcon.colcon_core.shell[0m [1;30mINFO[0m Skip shell extension 'powershell' for command environment: Not usable outside of PowerShell
[30.970s] [34mcolcon.colcon_core.shell[0m [1;30mDEBUG[0m [32mSkip shell extension 'dsv' for command environment[0m
[30.979s] [34mcolcon.colcon_core.event_handler.log_command[0m [1;30mDEBUG[0m [32mInvoked command in '/home/igor/gral-iiriondo/unitree_ws/build/speech_to_goal_interfaces' returned '0': /usr/bin/cmake --build /home/igor/gral-iiriondo/unitree_ws/build/speech_to_goal_interfaces -- -j4 -l4[0m
[30.983s] [34mcolcon.colcon_core.event_handler.log_command[0m [1;30mDEBUG[0m [32mInvoking command in '/home/igor/gral-iiriondo/unitree_ws/build/speech_to_goal_interfaces': /usr/bin/cmake --install /home/igor/gral-iiriondo/unitree_ws/build/speech_to_goal_interfaces[0m
[31.199s] [34mcolcon.colcon_core.shell[0m [1;30mLevel 1[0m create_environment_hook('speech_to_goal_interfaces', 'ros_package_path')
[31.200s] [34mcolcon.colcon_core.shell[0m [1;30mINFO[0m Creating environment hook '/home/igor/gral-iiriondo/unitree_ws/install/speech_to_goal_interfaces/share/speech_to_goal_interfaces/hook/ros_package_path.ps1'
[31.201s] [34mcolcon.colcon_core.event_handler.log_command[0m [1;30mDEBUG[0m [32mInvoked command in '/home/igor/gral-iiriondo/unitree_ws/build/speech_to_goal_interfaces' returned '0': /usr/bin/cmake --install /home/igor/gral-iiriondo/unitree_ws/build/speech_to_goal_interfaces[0m
[31.202s] [34mcolcon.colcon_core.shell[0m [1;30mINFO[0m Creating environment descriptor '/home/igor/gral-iiriondo/unitree_ws/install/speech_to_goal_interfaces/share/speech_to_goal_interfaces/hook/ros_package_path.dsv'
[31.203s] [34mcolcon.colcon_core.shell[0m [1;30mINFO[0m Creating environment hook '/home/igor/gral-iiriondo/unitree_ws/install/speech_to_goal_interfaces/share/speech_to_goal_interfaces/hook/ros_package_path.sh'
[31.204s] [34mcolcon.colcon_ros.task.catkin[0m [1;30mLevel 1[0m checking '/home/igor/gral-iiriondo/unitree_ws/install/speech_to_goal_interfaces/lib/python3.8/site-packages'
[31.204s] [34mcolcon.colcon_core.shell[0m [1;30mLevel 1[0m create_environment_hook('speech_to_goal_interfaces', 'catkin_pythonpath')
[31.205s] [34mcolcon.colcon_core.shell[0m [1;30mINFO[0m Creating environment hook '/home/igor/gral-iiriondo/unitree_ws/install/speech_to_goal_interfaces/share/speech_to_goal_interfaces/hook/catkin_pythonpath.ps1'
[31.208s] [34mcolcon.colcon_core.shell[0m [1;30mINFO[0m Creating environment descriptor '/home/igor/gral-iiriondo/unitree_ws/install/speech_to_goal_interfaces/share/speech_to_goal_interfaces/hook/catkin_pythonpath.dsv'
[31.209s] [34mcolcon.colcon_core.shell[0m [1;30mINFO[0m Creating environment hook '/home/igor/gral-iiriondo/unitree_ws/install/speech_to_goal_interfaces/share/speech_to_goal_interfaces/hook/catkin_pythonpath.sh'
[31.210s] [34mcolcon.colcon_core.shell[0m [1;30mLevel 1[0m create_environment_hook('speech_to_goal_interfaces', 'pkg_config_path')
[31.210s] [34mcolcon.colcon_core.shell[0m [1;30mINFO[0m Creating environment hook '/home/igor/gral-iiriondo/unitree_ws/install/speech_to_goal_interfaces/share/speech_to_goal_interfaces/hook/pkg_config_path.ps1'
[31.211s] [34mcolcon.colcon_core.shell[0m [1;30mINFO[0m Creating environment descriptor '/home/igor/gral-iiriondo/unitree_ws/install/speech_to_goal_interfaces/share/speech_to_goal_interfaces/hook/pkg_config_path.dsv'
[31.212s] [34mcolcon.colcon_core.shell[0m [1;30mINFO[0m Creating environment hook '/home/igor/gral-iiriondo/unitree_ws/install/speech_to_goal_interfaces/share/speech_to_goal_interfaces/hook/pkg_config_path.sh'
[31.217s] [34mcolcon.colcon_core.shell[0m [1;30mLevel 1[0m create_environment_hook('speech_to_goal_interfaces', 'pkg_config_path_multiarch')
[31.217s] [34mcolcon.colcon_core.shell[0m [1;30mINFO[0m Creating environment hook '/home/igor/gral-iiriondo/unitree_ws/install/speech_to_goal_interfaces/share/speech_to_goal_interfaces/hook/pkg_config_path_multiarch.ps1'
[31.218s] [34mcolcon.colcon_core.shell[0m [1;30mINFO[0m Creating environment descriptor '/home/igor/gral-iiriondo/unitree_ws/install/speech_to_goal_interfaces/share/speech_to_goal_interfaces/hook/pkg_config_path_multiarch.dsv'
[31.219s] [34mcolcon.colcon_core.shell[0m [1;30mINFO[0m Creating environment hook '/home/igor/gral-iiriondo/unitree_ws/install/speech_to_goal_interfaces/share/speech_to_goal_interfaces/hook/pkg_config_path_multiarch.sh'
[31.221s] [34mcolcon.colcon_core.environment[0m [1;30mLevel 1[0m create_environment_scripts_only(speech_to_goal_interfaces)
[31.222s] [34mcolcon.colcon_core.environment[0m [1;30mLevel 1[0m checking '/home/igor/gral-iiriondo/unitree_ws/install/speech_to_goal_interfaces' for CMake module files
[31.224s] [34mcolcon.colcon_core.environment[0m [1;30mLevel 1[0m checking '/home/igor/gral-iiriondo/unitree_ws/install/speech_to_goal_interfaces' for CMake config files
[31.226s] [34mcolcon.colcon_core.shell[0m [1;30mLevel 1[0m create_environment_hook('speech_to_goal_interfaces', 'cmake_prefix_path')
[31.227s] [34mcolcon.colcon_core.shell[0m [1;30mINFO[0m Creating environment hook '/home/igor/gral-iiriondo/unitree_ws/install/speech_to_goal_interfaces/share/speech_to_goal_interfaces/hook/cmake_prefix_path.ps1'
[31.228s] [34mcolcon.colcon_core.shell[0m [1;30mINFO[0m Creating environment descriptor '/home/igor/gral-iiriondo/unitree_ws/install/speech_to_goal_interfaces/share/speech_to_goal_interfaces/hook/cmake_prefix_path.dsv'
[31.229s] [34mcolcon.colcon_core.shell[0m [1;30mINFO[0m Creating environment hook '/home/igor/gral-iiriondo/unitree_ws/install/speech_to_goal_interfaces/share/speech_to_goal_interfaces/hook/cmake_prefix_path.sh'
[31.230s] [34mcolcon.colcon_core.environment[0m [1;30mLevel 1[0m checking '/home/igor/gral-iiriondo/unitree_ws/install/speech_to_goal_interfaces/lib'
[31.230s] [34mcolcon.colcon_core.shell[0m [1;30mLevel 1[0m create_environment_hook('speech_to_goal_interfaces', 'ld_library_path_lib')
[31.231s] [34mcolcon.colcon_core.shell[0m [1;30mINFO[0m Creating environment hook '/home/igor/gral-iiriondo/unitree_ws/install/speech_to_goal_interfaces/share/speech_to_goal_interfaces/hook/ld_library_path_lib.ps1'
[31.232s] [34mcolcon.colcon_core.shell[0m [1;30mINFO[0m Creating environment descriptor '/home/igor/gral-iiriondo/unitree_ws/install/speech_to_goal_interfaces/share/speech_to_goal_interfaces/hook/ld_library_path_lib.dsv'
[31.233s] [34mcolcon.colcon_core.shell[0m [1;30mINFO[0m Creating environment hook '/home/igor/gral-iiriondo/unitree_ws/install/speech_to_goal_interfaces/share/speech_to_goal_interfaces/hook/ld_library_path_lib.sh'
[31.234s] [34mcolcon.colcon_core.environment[0m [1;30mLevel 1[0m checking '/home/igor/gral-iiriondo/unitree_ws/install/speech_to_goal_interfaces/bin'
[31.234s] [34mcolcon.colcon_core.environment[0m [1;30mLevel 1[0m checking '/home/igor/gral-iiriondo/unitree_ws/install/speech_to_goal_interfaces/lib/pkgconfig/speech_to_goal_interfaces.pc'
[31.235s] [34mcolcon.colcon_core.environment[0m [1;30mLevel 1[0m checking '/home/igor/gral-iiriondo/unitree_ws/install/speech_to_goal_interfaces/lib/python3.10/site-packages'
[31.236s] [34mcolcon.colcon_core.environment[0m [1;30mLevel 1[0m checking '/home/igor/gral-iiriondo/unitree_ws/install/speech_to_goal_interfaces/bin'
[31.237s] [34mcolcon.colcon_core.shell[0m [1;30mINFO[0m Creating package script '/home/igor/gral-iiriondo/unitree_ws/install/speech_to_goal_interfaces/share/speech_to_goal_interfaces/package.ps1'
[31.239s] [34mcolcon.colcon_core.shell[0m [1;30mINFO[0m Creating package descriptor '/home/igor/gral-iiriondo/unitree_ws/install/speech_to_goal_interfaces/share/speech_to_goal_interfaces/package.dsv'
[31.242s] [34mcolcon.colcon_core.shell[0m [1;30mINFO[0m Creating package script '/home/igor/gral-iiriondo/unitree_ws/install/speech_to_goal_interfaces/share/speech_to_goal_interfaces/package.sh'
[31.244s] [34mcolcon.colcon_core.shell[0m [1;30mINFO[0m Creating package script '/home/igor/gral-iiriondo/unitree_ws/install/speech_to_goal_interfaces/share/speech_to_goal_interfaces/package.bash'
[31.245s] [34mcolcon.colcon_core.shell[0m [1;30mINFO[0m Creating package script '/home/igor/gral-iiriondo/unitree_ws/install/speech_to_goal_interfaces/share/speech_to_goal_interfaces/package.zsh'
[31.245s] [34mcolcon.colcon_core.environment[0m [1;30mLevel 1[0m create_file_with_runtime_dependencies(/home/igor/gral-iiriondo/unitree_ws/install/speech_to_goal_interfaces/share/colcon-core/packages/speech_to_goal_interfaces)
[31.246s] [34mcolcon.colcon_ros.task.ament_python.build[0m [1;30mINFO[0m Building ROS package in '/home/igor/gral-iiriondo/unitree_ws/src/speech_to_goal' with build type 'ament_python'
[31.247s] [34mcolcon.colcon_core.shell[0m [1;30mLevel 1[0m create_environment_hook('speech_to_goal', 'ament_prefix_path')
[31.249s] [34mcolcon.colcon_core.shell[0m [1;30mINFO[0m Creating environment hook '/home/igor/gral-iiriondo/unitree_ws/install/speech_to_goal/share/speech_to_goal/hook/ament_prefix_path.ps1'
[31.251s] [34mcolcon.colcon_core.shell[0m [1;30mINFO[0m Creating environment descriptor '/home/igor/gral-iiriondo/unitree_ws/install/speech_to_goal/share/speech_to_goal/hook/ament_prefix_path.dsv'
[31.252s] [34mcolcon.colcon_core.shell[0m [1;30mINFO[0m Creating environment hook '/home/igor/gral-iiriondo/unitree_ws/install/speech_to_goal/share/speech_to_goal/hook/ament_prefix_path.sh'
[31.255s] [34mcolcon.colcon_core.shell[0m [1;30mINFO[0m Skip shell extension 'powershell' for command environment: Not usable outside of PowerShell
[31.256s] [34mcolcon.colcon_core.shell[0m [1;30mDEBUG[0m [32mSkip shell extension 'dsv' for command environment[0m
[32.022s] [34mcolcon.colcon_core.task.python.build[0m [1;30mINFO[0m Building Python package in '/home/igor/gral-iiriondo/unitree_ws/src/speech_to_goal'
[32.023s] [34mcolcon.colcon_core.shell[0m [1;30mINFO[0m Skip shell extension 'powershell' for command environment: Not usable outside of PowerShell
[32.023s] [34mcolcon.colcon_core.shell[0m [1;30mDEBUG[0m [32mSkip shell extension 'dsv' for command environment[0m
[32.037s] [34mcolcon.colcon_core.event_handler.log_command[0m [1;30mDEBUG[0m [32mInvoking command in '/home/igor/gral-iiriondo/unitree_ws/build/object_recognition': CMAKE_PREFIX_PATH=/home/igor/gral-iiriondo/unitree_ws/install/object_recognition_interfaces:/home/igor/gral-iiriondo/unitree_ws/install/speech_to_goal_interfaces:/home/igor/gral-iiriondo/unitree_ws/install/aruco_markers_msgs LD_LIBRARY_PATH=/home/igor/gral-iiriondo/unitree_ws/install/object_recognition_interfaces/lib:/home/igor/gral-iiriondo/unitree_ws/install/speech_to_goal_interfaces/lib:/home/igor/gral-iiriondo/unitree_ws/install/aruco_markers_msgs/lib:/opt/ros/humble/opt/zenoh_cpp_vendor/lib:/opt/ros/humble/opt/rviz_ogre_vendor/lib:/opt/ros/humble/lib/x86_64-linux-gnu:/opt/ros/humble/lib PYTHONPATH=/home/igor/gral-iiriondo/unitree_ws/build/object_recognition/prefix_override:/usr/lib/python3/dist-packages/colcon_core/task/python/colcon_distutils_commands:/home/igor/gral-iiriondo/unitree_ws/install/object_recognition/lib/python3.10/site-packages:/home/igor/gral-iiriondo/unitree_ws/install/object_recognition_interfaces/lib/python3.8/site-packages:${PYTHONPATH} /usr/bin/python3 -W ignore:setup.py install is deprecated -W ignore:easy_install command is deprecated setup.py develop --editable --build-directory /home/igor/gral-iiriondo/unitree_ws/build/object_recognition/build --no-deps symlink_data[0m
[32.887s] [34mcolcon.colcon_core.event_handler.log_command[0m [1;30mDEBUG[0m [32mInvoked command in '/home/igor/gral-iiriondo/unitree_ws/build/aruco_markers_msgs' returned '0': CMAKE_PREFIX_PATH=${CMAKE_PREFIX_PATH}:/home/igor/gral-iiriondo/unitree_ws/install/standing_mode:/home/igor/gral-iiriondo/unitree_ws/install/speech_to_goal:/home/igor/gral-iiriondo/unitree_ws/install/object_recognition:/home/igor/gral-iiriondo/unitree_ws/install/mapping_configuration:/home/igor/gral-iiriondo/unitree_ws/install/go1_description:/home/igor/gral-iiriondo/unitree_ws/install/asr:/home/igor/gral-iiriondo/unitree_ws/install/aruco_detector:/opt/ros/humble /usr/bin/cmake --build /home/igor/gral-iiriondo/unitree_ws/build/aruco_markers_msgs -- -j4 -l4[0m
[32.890s] [34mcolcon.colcon_core.event_handler.log_command[0m [1;30mDEBUG[0m [32mInvoking command in '/home/igor/gral-iiriondo/unitree_ws/build/aruco_markers_msgs': CMAKE_PREFIX_PATH=${CMAKE_PREFIX_PATH}:/home/igor/gral-iiriondo/unitree_ws/install/standing_mode:/home/igor/gral-iiriondo/unitree_ws/install/speech_to_goal:/home/igor/gral-iiriondo/unitree_ws/install/object_recognition:/home/igor/gral-iiriondo/unitree_ws/install/mapping_configuration:/home/igor/gral-iiriondo/unitree_ws/install/go1_description:/home/igor/gral-iiriondo/unitree_ws/install/asr:/home/igor/gral-iiriondo/unitree_ws/install/aruco_detector:/opt/ros/humble /usr/bin/cmake --install /home/igor/gral-iiriondo/unitree_ws/build/aruco_markers_msgs[0m
[33.016s] [34mcolcon.colcon_core.event_handler.log_command[0m [1;30mDEBUG[0m [32mInvoking command in '/home/igor/gral-iiriondo/unitree_ws/build/speech_to_goal': PYTHONPATH=/home/igor/gral-iiriondo/unitree_ws/build/speech_to_goal/prefix_override:/usr/lib/python3/dist-packages/colcon_core/task/python/colcon_distutils_commands:/home/igor/gral-iiriondo/unitree_ws/install/speech_to_goal/lib/python3.10/site-packages:/home/igor/gral-iiriondo/unitree_ws/install/speech_to_goal_interfaces/lib/python3.8/site-packages:${PYTHONPATH} /usr/bin/python3 -W ignore:setup.py install is deprecated -W ignore:easy_install command is deprecated setup.py develop --editable --build-directory /home/igor/gral-iiriondo/unitree_ws/build/speech_to_goal/build --no-deps symlink_data[0m
[33.294s] [34mcolcon.colcon_core.shell[0m [1;30mLevel 1[0m create_environment_hook('object_recognition', 'pythonpath_develop')
[33.294s] [34mcolcon.colcon_core.shell[0m [1;30mINFO[0m Creating environment hook '/home/igor/gral-iiriondo/unitree_ws/build/object_recognition/share/object_recognition/hook/pythonpath_develop.ps1'
[33.295s] [34mcolcon.colcon_core.event_handler.log_command[0m [1;30mDEBUG[0m [32mInvoked command in '/home/igor/gral-iiriondo/unitree_ws/build/object_recognition' returned '0': CMAKE_PREFIX_PATH=/home/igor/gral-iiriondo/unitree_ws/install/object_recognition_interfaces:/home/igor/gral-iiriondo/unitree_ws/install/speech_to_goal_interfaces:/home/igor/gral-iiriondo/unitree_ws/install/aruco_markers_msgs LD_LIBRARY_PATH=/home/igor/gral-iiriondo/unitree_ws/install/object_recognition_interfaces/lib:/home/igor/gral-iiriondo/unitree_ws/install/speech_to_goal_interfaces/lib:/home/igor/gral-iiriondo/unitree_ws/install/aruco_markers_msgs/lib:/opt/ros/humble/opt/zenoh_cpp_vendor/lib:/opt/ros/humble/opt/rviz_ogre_vendor/lib:/opt/ros/humble/lib/x86_64-linux-gnu:/opt/ros/humble/lib PYTHONPATH=/home/igor/gral-iiriondo/unitree_ws/build/object_recognition/prefix_override:/usr/lib/python3/dist-packages/colcon_core/task/python/colcon_distutils_commands:/home/igor/gral-iiriondo/unitree_ws/install/object_recognition/lib/python3.10/site-packages:/home/igor/gral-iiriondo/unitree_ws/install/object_recognition_interfaces/lib/python3.8/site-packages:${PYTHONPATH} /usr/bin/python3 -W ignore:setup.py install is deprecated -W ignore:easy_install command is deprecated setup.py develop --editable --build-directory /home/igor/gral-iiriondo/unitree_ws/build/object_recognition/build --no-deps symlink_data[0m
[33.297s] [34mcolcon.colcon_core.shell[0m [1;30mINFO[0m Creating environment descriptor '/home/igor/gral-iiriondo/unitree_ws/build/object_recognition/share/object_recognition/hook/pythonpath_develop.dsv'
[33.298s] [34mcolcon.colcon_core.shell[0m [1;30mINFO[0m Creating environment hook '/home/igor/gral-iiriondo/unitree_ws/build/object_recognition/share/object_recognition/hook/pythonpath_develop.sh'
[33.299s] [34mcolcon.colcon_core.environment[0m [1;30mLevel 1[0m checking '/home/igor/gral-iiriondo/unitree_ws/install/object_recognition' for CMake module files
[33.300s] [34mcolcon.colcon_core.environment[0m [1;30mLevel 1[0m checking '/home/igor/gral-iiriondo/unitree_ws/install/object_recognition' for CMake config files
[33.302s] [34mcolcon.colcon_core.environment[0m [1;30mLevel 1[0m checking '/home/igor/gral-iiriondo/unitree_ws/install/object_recognition/lib'
[33.302s] [34mcolcon.colcon_core.environment[0m [1;30mLevel 1[0m checking '/home/igor/gral-iiriondo/unitree_ws/install/object_recognition/bin'
[33.302s] [34mcolcon.colcon_core.environment[0m [1;30mLevel 1[0m checking '/home/igor/gral-iiriondo/unitree_ws/install/object_recognition/lib/pkgconfig/object_recognition.pc'
[33.303s] [34mcolcon.colcon_core.environment[0m [1;30mLevel 1[0m checking '/home/igor/gral-iiriondo/unitree_ws/install/object_recognition/lib/python3.10/site-packages'
[33.303s] [34mcolcon.colcon_core.shell[0m [1;30mLevel 1[0m create_environment_hook('object_recognition', 'pythonpath')
[33.303s] [34mcolcon.colcon_core.shell[0m [1;30mINFO[0m Creating environment hook '/home/igor/gral-iiriondo/unitree_ws/install/object_recognition/share/object_recognition/hook/pythonpath.ps1'
[33.304s] [34mcolcon.colcon_core.shell[0m [1;30mINFO[0m Creating environment descriptor '/home/igor/gral-iiriondo/unitree_ws/install/object_recognition/share/object_recognition/hook/pythonpath.dsv'
[33.305s] [34mcolcon.colcon_core.shell[0m [1;30mINFO[0m Creating environment hook '/home/igor/gral-iiriondo/unitree_ws/install/object_recognition/share/object_recognition/hook/pythonpath.sh'
[33.307s] [34mcolcon.colcon_core.environment[0m [1;30mLevel 1[0m checking '/home/igor/gral-iiriondo/unitree_ws/install/object_recognition/bin'
[33.307s] [34mcolcon.colcon_core.environment[0m [1;30mLevel 1[0m create_environment_scripts_only(object_recognition)
[33.308s] [34mcolcon.colcon_core.shell[0m [1;30mINFO[0m Creating package script '/home/igor/gral-iiriondo/unitree_ws/install/object_recognition/share/object_recognition/package.ps1'
[33.311s] [34mcolcon.colcon_core.shell[0m [1;30mINFO[0m Creating package descriptor '/home/igor/gral-iiriondo/unitree_ws/install/object_recognition/share/object_recognition/package.dsv'
[33.312s] [34mcolcon.colcon_core.shell[0m [1;30mINFO[0m Creating package script '/home/igor/gral-iiriondo/unitree_ws/install/object_recognition/share/object_recognition/package.sh'
[33.313s] [34mcolcon.colcon_core.shell[0m [1;30mINFO[0m Creating package script '/home/igor/gral-iiriondo/unitree_ws/install/object_recognition/share/object_recognition/package.bash'
[33.314s] [34mcolcon.colcon_core.shell[0m [1;30mINFO[0m Creating package script '/home/igor/gral-iiriondo/unitree_ws/install/object_recognition/share/object_recognition/package.zsh'
[33.315s] [34mcolcon.colcon_core.environment[0m [1;30mLevel 1[0m create_file_with_runtime_dependencies(/home/igor/gral-iiriondo/unitree_ws/install/object_recognition/share/colcon-core/packages/object_recognition)
[34.113s] [34mcolcon.colcon_core.shell[0m [1;30mLevel 1[0m create_environment_hook('speech_to_goal', 'pythonpath_develop')
[34.114s] [34mcolcon.colcon_core.shell[0m [1;30mINFO[0m Creating environment hook '/home/igor/gral-iiriondo/unitree_ws/build/speech_to_goal/share/speech_to_goal/hook/pythonpath_develop.ps1'
[34.114s] [34mcolcon.colcon_core.event_handler.log_command[0m [1;30mDEBUG[0m [32mInvoked command in '/home/igor/gral-iiriondo/unitree_ws/build/speech_to_goal' returned '0': PYTHONPATH=/home/igor/gral-iiriondo/unitree_ws/build/speech_to_goal/prefix_override:/usr/lib/python3/dist-packages/colcon_core/task/python/colcon_distutils_commands:/home/igor/gral-iiriondo/unitree_ws/install/speech_to_goal/lib/python3.10/site-packages:/home/igor/gral-iiriondo/unitree_ws/install/speech_to_goal_interfaces/lib/python3.8/site-packages:${PYTHONPATH} /usr/bin/python3 -W ignore:setup.py install is deprecated -W ignore:easy_install command is deprecated setup.py develop --editable --build-directory /home/igor/gral-iiriondo/unitree_ws/build/speech_to_goal/build --no-deps symlink_data[0m
[34.115s] [34mcolcon.colcon_core.shell[0m [1;30mINFO[0m Creating environment descriptor '/home/igor/gral-iiriondo/unitree_ws/build/speech_to_goal/share/speech_to_goal/hook/pythonpath_develop.dsv'
[34.116s] [34mcolcon.colcon_core.shell[0m [1;30mINFO[0m Creating environment hook '/home/igor/gral-iiriondo/unitree_ws/build/speech_to_goal/share/speech_to_goal/hook/pythonpath_develop.sh'
[34.117s] [34mcolcon.colcon_core.environment[0m [1;30mLevel 1[0m checking '/home/igor/gral-iiriondo/unitree_ws/install/speech_to_goal' for CMake module files
[34.118s] [34mcolcon.colcon_core.environment[0m [1;30mLevel 1[0m checking '/home/igor/gral-iiriondo/unitree_ws/install/speech_to_goal' for CMake config files
[34.119s] [34mcolcon.colcon_core.environment[0m [1;30mLevel 1[0m checking '/home/igor/gral-iiriondo/unitree_ws/install/speech_to_goal/lib'
[34.119s] [34mcolcon.colcon_core.environment[0m [1;30mLevel 1[0m checking '/home/igor/gral-iiriondo/unitree_ws/install/speech_to_goal/bin'
[34.119s] [34mcolcon.colcon_core.environment[0m [1;30mLevel 1[0m checking '/home/igor/gral-iiriondo/unitree_ws/install/speech_to_goal/lib/pkgconfig/speech_to_goal.pc'
[34.120s] [34mcolcon.colcon_core.environment[0m [1;30mLevel 1[0m checking '/home/igor/gral-iiriondo/unitree_ws/install/speech_to_goal/lib/python3.10/site-packages'
[34.120s] [34mcolcon.colcon_core.shell[0m [1;30mLevel 1[0m create_environment_hook('speech_to_goal', 'pythonpath')
[34.120s] [34mcolcon.colcon_core.shell[0m [1;30mINFO[0m Creating environment hook '/home/igor/gral-iiriondo/unitree_ws/install/speech_to_goal/share/speech_to_goal/hook/pythonpath.ps1'
[34.120s] [34mcolcon.colcon_core.shell[0m [1;30mINFO[0m Creating environment descriptor '/home/igor/gral-iiriondo/unitree_ws/install/speech_to_goal/share/speech_to_goal/hook/pythonpath.dsv'
[34.121s] [34mcolcon.colcon_core.shell[0m [1;30mINFO[0m Creating environment hook '/home/igor/gral-iiriondo/unitree_ws/install/speech_to_goal/share/speech_to_goal/hook/pythonpath.sh'
[34.122s] [34mcolcon.colcon_core.environment[0m [1;30mLevel 1[0m checking '/home/igor/gral-iiriondo/unitree_ws/install/speech_to_goal/bin'
[34.122s] [34mcolcon.colcon_core.environment[0m [1;30mLevel 1[0m create_environment_scripts_only(speech_to_goal)
[34.123s] [34mcolcon.colcon_core.shell[0m [1;30mINFO[0m Creating package script '/home/igor/gral-iiriondo/unitree_ws/install/speech_to_goal/share/speech_to_goal/package.ps1'
[34.124s] [34mcolcon.colcon_core.shell[0m [1;30mINFO[0m Creating package descriptor '/home/igor/gral-iiriondo/unitree_ws/install/speech_to_goal/share/speech_to_goal/package.dsv'
[34.124s] [34mcolcon.colcon_core.shell[0m [1;30mINFO[0m Creating package script '/home/igor/gral-iiriondo/unitree_ws/install/speech_to_goal/share/speech_to_goal/package.sh'
[34.125s] [34mcolcon.colcon_core.shell[0m [1;30mINFO[0m Creating package script '/home/igor/gral-iiriondo/unitree_ws/install/speech_to_goal/share/speech_to_goal/package.bash'
[34.126s] [34mcolcon.colcon_core.shell[0m [1;30mINFO[0m Creating package script '/home/igor/gral-iiriondo/unitree_ws/install/speech_to_goal/share/speech_to_goal/package.zsh'
[34.126s] [34mcolcon.colcon_core.environment[0m [1;30mLevel 1[0m create_file_with_runtime_dependencies(/home/igor/gral-iiriondo/unitree_ws/install/speech_to_goal/share/colcon-core/packages/speech_to_goal)
[34.425s] [34mcolcon.colcon_core.environment[0m [1;30mLevel 1[0m create_environment_scripts_only(aruco_markers_msgs)
[34.425s] [34mcolcon.colcon_core.environment[0m [1;30mLevel 1[0m checking '/home/igor/gral-iiriondo/unitree_ws/install/aruco_markers_msgs' for CMake module files
[34.426s] [34mcolcon.colcon_core.event_handler.log_command[0m [1;30mDEBUG[0m [32mInvoked command in '/home/igor/gral-iiriondo/unitree_ws/build/aruco_markers_msgs' returned '0': CMAKE_PREFIX_PATH=${CMAKE_PREFIX_PATH}:/home/igor/gral-iiriondo/unitree_ws/install/standing_mode:/home/igor/gral-iiriondo/unitree_ws/install/speech_to_goal:/home/igor/gral-iiriondo/unitree_ws/install/object_recognition:/home/igor/gral-iiriondo/unitree_ws/install/mapping_configuration:/home/igor/gral-iiriondo/unitree_ws/install/go1_description:/home/igor/gral-iiriondo/unitree_ws/install/asr:/home/igor/gral-iiriondo/unitree_ws/install/aruco_detector:/opt/ros/humble /usr/bin/cmake --install /home/igor/gral-iiriondo/unitree_ws/build/aruco_markers_msgs[0m
[34.427s] [34mcolcon.colcon_core.environment[0m [1;30mLevel 1[0m checking '/home/igor/gral-iiriondo/unitree_ws/install/aruco_markers_msgs' for CMake config files
[34.428s] [34mcolcon.colcon_core.shell[0m [1;30mLevel 1[0m create_environment_hook('aruco_markers_msgs', 'cmake_prefix_path')
[34.429s] [34mcolcon.colcon_core.shell[0m [1;30mINFO[0m Creating environment hook '/home/igor/gral-iiriondo/unitree_ws/install/aruco_markers_msgs/share/aruco_markers_msgs/hook/cmake_prefix_path.ps1'
[34.429s] [34mcolcon.colcon_core.shell[0m [1;30mINFO[0m Creating environment descriptor '/home/igor/gral-iiriondo/unitree_ws/install/aruco_markers_msgs/share/aruco_markers_msgs/hook/cmake_prefix_path.dsv'
[34.430s] [34mcolcon.colcon_core.shell[0m [1;30mINFO[0m Creating environment hook '/home/igor/gral-iiriondo/unitree_ws/install/aruco_markers_msgs/share/aruco_markers_msgs/hook/cmake_prefix_path.sh'
[34.431s] [34mcolcon.colcon_core.environment[0m [1;30mLevel 1[0m checking '/home/igor/gral-iiriondo/unitree_ws/install/aruco_markers_msgs/lib'
[34.431s] [34mcolcon.colcon_core.shell[0m [1;30mLevel 1[0m create_environment_hook('aruco_markers_msgs', 'ld_library_path_lib')
[34.431s] [34mcolcon.colcon_core.shell[0m [1;30mINFO[0m Creating environment hook '/home/igor/gral-iiriondo/unitree_ws/install/aruco_markers_msgs/share/aruco_markers_msgs/hook/ld_library_path_lib.ps1'
[34.432s] [34mcolcon.colcon_core.shell[0m [1;30mINFO[0m Creating environment descriptor '/home/igor/gral-iiriondo/unitree_ws/install/aruco_markers_msgs/share/aruco_markers_msgs/hook/ld_library_path_lib.dsv'
[34.432s] [34mcolcon.colcon_core.shell[0m [1;30mINFO[0m Creating environment hook '/home/igor/gral-iiriondo/unitree_ws/install/aruco_markers_msgs/share/aruco_markers_msgs/hook/ld_library_path_lib.sh'
[34.432s] [34mcolcon.colcon_core.environment[0m [1;30mLevel 1[0m checking '/home/igor/gral-iiriondo/unitree_ws/install/aruco_markers_msgs/bin'
[34.432s] [34mcolcon.colcon_core.environment[0m [1;30mLevel 1[0m checking '/home/igor/gral-iiriondo/unitree_ws/install/aruco_markers_msgs/lib/pkgconfig/aruco_markers_msgs.pc'
[34.433s] [34mcolcon.colcon_core.environment[0m [1;30mLevel 1[0m checking '/home/igor/gral-iiriondo/unitree_ws/install/aruco_markers_msgs/lib/python3.10/site-packages'
[34.433s] [34mcolcon.colcon_core.environment[0m [1;30mLevel 1[0m checking '/home/igor/gral-iiriondo/unitree_ws/install/aruco_markers_msgs/bin'
[34.434s] [34mcolcon.colcon_core.shell[0m [1;30mINFO[0m Creating package script '/home/igor/gral-iiriondo/unitree_ws/install/aruco_markers_msgs/share/aruco_markers_msgs/package.ps1'
[34.434s] [34mcolcon.colcon_core.shell[0m [1;30mINFO[0m Creating package descriptor '/home/igor/gral-iiriondo/unitree_ws/install/aruco_markers_msgs/share/aruco_markers_msgs/package.dsv'
[34.435s] [34mcolcon.colcon_core.shell[0m [1;30mINFO[0m Creating package script '/home/igor/gral-iiriondo/unitree_ws/install/aruco_markers_msgs/share/aruco_markers_msgs/package.sh'
[34.435s] [34mcolcon.colcon_core.shell[0m [1;30mINFO[0m Creating package script '/home/igor/gral-iiriondo/unitree_ws/install/aruco_markers_msgs/share/aruco_markers_msgs/package.bash'
[34.436s] [34mcolcon.colcon_core.shell[0m [1;30mINFO[0m Creating package script '/home/igor/gral-iiriondo/unitree_ws/install/aruco_markers_msgs/share/aruco_markers_msgs/package.zsh'
[34.436s] [34mcolcon.colcon_core.environment[0m [1;30mLevel 1[0m create_file_with_runtime_dependencies(/home/igor/gral-iiriondo/unitree_ws/install/aruco_markers_msgs/share/colcon-core/packages/aruco_markers_msgs)
[34.437s] [34mcolcon.colcon_core.environment[0m [1;30mLevel 1[0m create_environment_scripts_only(aruco_markers_msgs)
[34.437s] [34mcolcon.colcon_core.environment[0m [1;30mLevel 1[0m checking '/home/igor/gral-iiriondo/unitree_ws/install/aruco_markers_msgs' for CMake module files
[34.438s] [34mcolcon.colcon_core.environment[0m [1;30mLevel 1[0m checking '/home/igor/gral-iiriondo/unitree_ws/install/aruco_markers_msgs' for CMake config files
[34.440s] [34mcolcon.colcon_core.shell[0m [1;30mLevel 1[0m create_environment_hook('aruco_markers_msgs', 'cmake_prefix_path')
[34.440s] [34mcolcon.colcon_core.shell[0m [1;30mINFO[0m Creating environment hook '/home/igor/gral-iiriondo/unitree_ws/install/aruco_markers_msgs/share/aruco_markers_msgs/hook/cmake_prefix_path.ps1'
[34.440s] [34mcolcon.colcon_core.shell[0m [1;30mINFO[0m Creating environment descriptor '/home/igor/gral-iiriondo/unitree_ws/install/aruco_markers_msgs/share/aruco_markers_msgs/hook/cmake_prefix_path.dsv'
[34.441s] [34mcolcon.colcon_core.shell[0m [1;30mINFO[0m Creating environment hook '/home/igor/gral-iiriondo/unitree_ws/install/aruco_markers_msgs/share/aruco_markers_msgs/hook/cmake_prefix_path.sh'
[34.443s] [34mcolcon.colcon_core.environment[0m [1;30mLevel 1[0m checking '/home/igor/gral-iiriondo/unitree_ws/install/aruco_markers_msgs/lib'
[34.443s] [34mcolcon.colcon_core.shell[0m [1;30mLevel 1[0m create_environment_hook('aruco_markers_msgs', 'ld_library_path_lib')
[34.443s] [34mcolcon.colcon_core.shell[0m [1;30mINFO[0m Creating environment hook '/home/igor/gral-iiriondo/unitree_ws/install/aruco_markers_msgs/share/aruco_markers_msgs/hook/ld_library_path_lib.ps1'
[34.444s] [34mcolcon.colcon_core.shell[0m [1;30mINFO[0m Creating environment descriptor '/home/igor/gral-iiriondo/unitree_ws/install/aruco_markers_msgs/share/aruco_markers_msgs/hook/ld_library_path_lib.dsv'
[34.445s] [34mcolcon.colcon_core.shell[0m [1;30mINFO[0m Creating environment hook '/home/igor/gral-iiriondo/unitree_ws/install/aruco_markers_msgs/share/aruco_markers_msgs/hook/ld_library_path_lib.sh'
[34.445s] [34mcolcon.colcon_core.environment[0m [1;30mLevel 1[0m checking '/home/igor/gral-iiriondo/unitree_ws/install/aruco_markers_msgs/bin'
[34.445s] [34mcolcon.colcon_core.environment[0m [1;30mLevel 1[0m checking '/home/igor/gral-iiriondo/unitree_ws/install/aruco_markers_msgs/lib/pkgconfig/aruco_markers_msgs.pc'
[34.446s] [34mcolcon.colcon_core.environment[0m [1;30mLevel 1[0m checking '/home/igor/gral-iiriondo/unitree_ws/install/aruco_markers_msgs/lib/python3.10/site-packages'
[34.446s] [34mcolcon.colcon_core.environment[0m [1;30mLevel 1[0m checking '/home/igor/gral-iiriondo/unitree_ws/install/aruco_markers_msgs/bin'
[34.447s] [34mcolcon.colcon_core.shell[0m [1;30mINFO[0m Creating package script '/home/igor/gral-iiriondo/unitree_ws/install/aruco_markers_msgs/share/aruco_markers_msgs/package.ps1'
[34.448s] [34mcolcon.colcon_core.shell[0m [1;30mINFO[0m Creating package descriptor '/home/igor/gral-iiriondo/unitree_ws/install/aruco_markers_msgs/share/aruco_markers_msgs/package.dsv'
[34.449s] [34mcolcon.colcon_core.shell[0m [1;30mINFO[0m Creating package script '/home/igor/gral-iiriondo/unitree_ws/install/aruco_markers_msgs/share/aruco_markers_msgs/package.sh'
[34.449s] [34mcolcon.colcon_core.shell[0m [1;30mINFO[0m Creating package script '/home/igor/gral-iiriondo/unitree_ws/install/aruco_markers_msgs/share/aruco_markers_msgs/package.bash'
[34.450s] [34mcolcon.colcon_core.shell[0m [1;30mINFO[0m Creating package script '/home/igor/gral-iiriondo/unitree_ws/install/aruco_markers_msgs/share/aruco_markers_msgs/package.zsh'
[34.451s] [34mcolcon.colcon_core.environment[0m [1;30mLevel 1[0m create_file_with_runtime_dependencies(/home/igor/gral-iiriondo/unitree_ws/install/aruco_markers_msgs/share/colcon-core/packages/aruco_markers_msgs)
[34.451s] [34mcolcon.colcon_ros.task.ament_python.build[0m [1;30mINFO[0m Building ROS package in '/home/igor/gral-iiriondo/unitree_ws/src/aruco_detector' with build type 'ament_python'
[34.451s] [34mcolcon.colcon_core.shell[0m [1;30mLevel 1[0m create_environment_hook('aruco_detector', 'ament_prefix_path')
[34.452s] [34mcolcon.colcon_core.shell[0m [1;30mINFO[0m Creating environment hook '/home/igor/gral-iiriondo/unitree_ws/install/aruco_detector/share/aruco_detector/hook/ament_prefix_path.ps1'
[34.453s] [34mcolcon.colcon_core.shell[0m [1;30mINFO[0m Creating environment descriptor '/home/igor/gral-iiriondo/unitree_ws/install/aruco_detector/share/aruco_detector/hook/ament_prefix_path.dsv'
[34.454s] [34mcolcon.colcon_core.shell[0m [1;30mINFO[0m Creating environment hook '/home/igor/gral-iiriondo/unitree_ws/install/aruco_detector/share/aruco_detector/hook/ament_prefix_path.sh'
[34.454s] [34mcolcon.colcon_core.shell[0m [1;30mINFO[0m Skip shell extension 'powershell' for command environment: Not usable outside of PowerShell
[34.454s] [34mcolcon.colcon_core.shell[0m [1;30mDEBUG[0m [32mSkip shell extension 'dsv' for command environment[0m
[34.929s] [34mcolcon.colcon_core.task.python.build[0m [1;30mINFO[0m Building Python package in '/home/igor/gral-iiriondo/unitree_ws/src/aruco_detector'
[34.930s] [34mcolcon.colcon_core.shell[0m [1;30mINFO[0m Skip shell extension 'powershell' for command environment: Not usable outside of PowerShell
[34.930s] [34mcolcon.colcon_core.shell[0m [1;30mDEBUG[0m [32mSkip shell extension 'dsv' for command environment[0m
[35.531s] [34mcolcon.colcon_core.event_handler.log_command[0m [1;30mDEBUG[0m [32mInvoking command in '/home/igor/gral-iiriondo/unitree_ws/build/aruco_detector': CMAKE_PREFIX_PATH=/home/igor/gral-iiriondo/unitree_ws/install/aruco_markers_msgs:/home/igor/gral-iiriondo/unitree_ws/install/speech_to_goal_interfaces:/home/igor/gral-iiriondo/unitree_ws/install/object_recognition_interfaces LD_LIBRARY_PATH=/home/igor/gral-iiriondo/unitree_ws/install/aruco_markers_msgs/lib:/home/igor/gral-iiriondo/unitree_ws/install/speech_to_goal_interfaces/lib:/home/igor/gral-iiriondo/unitree_ws/install/object_recognition_interfaces/lib:/opt/ros/humble/opt/zenoh_cpp_vendor/lib:/opt/ros/humble/opt/rviz_ogre_vendor/lib:/opt/ros/humble/lib/x86_64-linux-gnu:/opt/ros/humble/lib PYTHONPATH=/home/igor/gral-iiriondo/unitree_ws/build/aruco_detector/prefix_override:/usr/lib/python3/dist-packages/colcon_core/task/python/colcon_distutils_commands:/home/igor/gral-iiriondo/unitree_ws/install/aruco_detector/lib/python3.10/site-packages:/home/igor/gral-iiriondo/unitree_ws/install/aruco_markers_msgs/lib/python3.8/site-packages:${PYTHONPATH} /usr/bin/python3 -W ignore:setup.py install is deprecated -W ignore:easy_install command is deprecated setup.py develop --editable --build-directory /home/igor/gral-iiriondo/unitree_ws/build/aruco_detector/build --no-deps symlink_data[0m
[36.400s] [34mcolcon.colcon_core.shell[0m [1;30mLevel 1[0m create_environment_hook('aruco_detector', 'pythonpath_develop')
[36.400s] [34mcolcon.colcon_core.shell[0m [1;30mINFO[0m Creating environment hook '/home/igor/gral-iiriondo/unitree_ws/build/aruco_detector/share/aruco_detector/hook/pythonpath_develop.ps1'
[36.401s] [34mcolcon.colcon_core.event_handler.log_command[0m [1;30mDEBUG[0m [32mInvoked command in '/home/igor/gral-iiriondo/unitree_ws/build/aruco_detector' returned '0': CMAKE_PREFIX_PATH=/home/igor/gral-iiriondo/unitree_ws/install/aruco_markers_msgs:/home/igor/gral-iiriondo/unitree_ws/install/speech_to_goal_interfaces:/home/igor/gral-iiriondo/unitree_ws/install/object_recognition_interfaces LD_LIBRARY_PATH=/home/igor/gral-iiriondo/unitree_ws/install/aruco_markers_msgs/lib:/home/igor/gral-iiriondo/unitree_ws/install/speech_to_goal_interfaces/lib:/home/igor/gral-iiriondo/unitree_ws/install/object_recognition_interfaces/lib:/opt/ros/humble/opt/zenoh_cpp_vendor/lib:/opt/ros/humble/opt/rviz_ogre_vendor/lib:/opt/ros/humble/lib/x86_64-linux-gnu:/opt/ros/humble/lib PYTHONPATH=/home/igor/gral-iiriondo/unitree_ws/build/aruco_detector/prefix_override:/usr/lib/python3/dist-packages/colcon_core/task/python/colcon_distutils_commands:/home/igor/gral-iiriondo/unitree_ws/install/aruco_detector/lib/python3.10/site-packages:/home/igor/gral-iiriondo/unitree_ws/install/aruco_markers_msgs/lib/python3.8/site-packages:${PYTHONPATH} /usr/bin/python3 -W ignore:setup.py install is deprecated -W ignore:easy_install command is deprecated setup.py develop --editable --build-directory /home/igor/gral-iiriondo/unitree_ws/build/aruco_detector/build --no-deps symlink_data[0m
[36.402s] [34mcolcon.colcon_core.shell[0m [1;30mINFO[0m Creating environment descriptor '/home/igor/gral-iiriondo/unitree_ws/build/aruco_detector/share/aruco_detector/hook/pythonpath_develop.dsv'
[36.403s] [34mcolcon.colcon_core.shell[0m [1;30mINFO[0m Creating environment hook '/home/igor/gral-iiriondo/unitree_ws/build/aruco_detector/share/aruco_detector/hook/pythonpath_develop.sh'
[36.404s] [34mcolcon.colcon_core.environment[0m [1;30mLevel 1[0m checking '/home/igor/gral-iiriondo/unitree_ws/install/aruco_detector' for CMake module files
[36.405s] [34mcolcon.colcon_core.environment[0m [1;30mLevel 1[0m checking '/home/igor/gral-iiriondo/unitree_ws/install/aruco_detector' for CMake config files
[36.406s] [34mcolcon.colcon_core.environment[0m [1;30mLevel 1[0m checking '/home/igor/gral-iiriondo/unitree_ws/install/aruco_detector/lib'
[36.406s] [34mcolcon.colcon_core.environment[0m [1;30mLevel 1[0m checking '/home/igor/gral-iiriondo/unitree_ws/install/aruco_detector/bin'
[36.406s] [34mcolcon.colcon_core.environment[0m [1;30mLevel 1[0m checking '/home/igor/gral-iiriondo/unitree_ws/install/aruco_detector/lib/pkgconfig/aruco_detector.pc'
[36.406s] [34mcolcon.colcon_core.environment[0m [1;30mLevel 1[0m checking '/home/igor/gral-iiriondo/unitree_ws/install/aruco_detector/lib/python3.10/site-packages'
[36.406s] [34mcolcon.colcon_core.shell[0m [1;30mLevel 1[0m create_environment_hook('aruco_detector', 'pythonpath')
[36.407s] [34mcolcon.colcon_core.shell[0m [1;30mINFO[0m Creating environment hook '/home/igor/gral-iiriondo/unitree_ws/install/aruco_detector/share/aruco_detector/hook/pythonpath.ps1'
[36.407s] [34mcolcon.colcon_core.shell[0m [1;30mINFO[0m Creating environment descriptor '/home/igor/gral-iiriondo/unitree_ws/install/aruco_detector/share/aruco_detector/hook/pythonpath.dsv'
[36.408s] [34mcolcon.colcon_core.shell[0m [1;30mINFO[0m Creating environment hook '/home/igor/gral-iiriondo/unitree_ws/install/aruco_detector/share/aruco_detector/hook/pythonpath.sh'
[36.409s] [34mcolcon.colcon_core.environment[0m [1;30mLevel 1[0m checking '/home/igor/gral-iiriondo/unitree_ws/install/aruco_detector/bin'
[36.409s] [34mcolcon.colcon_core.environment[0m [1;30mLevel 1[0m create_environment_scripts_only(aruco_detector)
[36.410s] [34mcolcon.colcon_core.shell[0m [1;30mINFO[0m Creating package script '/home/igor/gral-iiriondo/unitree_ws/install/aruco_detector/share/aruco_detector/package.ps1'
[36.410s] [34mcolcon.colcon_core.shell[0m [1;30mINFO[0m Creating package descriptor '/home/igor/gral-iiriondo/unitree_ws/install/aruco_detector/share/aruco_detector/package.dsv'
[36.411s] [34mcolcon.colcon_core.shell[0m [1;30mINFO[0m Creating package script '/home/igor/gral-iiriondo/unitree_ws/install/aruco_detector/share/aruco_detector/package.sh'
[36.412s] [34mcolcon.colcon_core.shell[0m [1;30mINFO[0m Creating package script '/home/igor/gral-iiriondo/unitree_ws/install/aruco_detector/share/aruco_detector/package.bash'
[36.412s] [34mcolcon.colcon_core.shell[0m [1;30mINFO[0m Creating package script '/home/igor/gral-iiriondo/unitree_ws/install/aruco_detector/share/aruco_detector/package.zsh'
[36.413s] [34mcolcon.colcon_core.environment[0m [1;30mLevel 1[0m create_file_with_runtime_dependencies(/home/igor/gral-iiriondo/unitree_ws/install/aruco_detector/share/colcon-core/packages/aruco_detector)
[36.413s] [34mcolcon.colcon_parallel_executor.executor.parallel[0m [1;30mDEBUG[0m [32mclosing loop[0m
[36.414s] [34mcolcon.colcon_parallel_executor.executor.parallel[0m [1;30mDEBUG[0m [32mloop closed[0m
[36.414s] [34mcolcon.colcon_parallel_executor.executor.parallel[0m [1;30mDEBUG[0m [32mrun_until_complete finished with '0'[0m
[36.414s] [34mcolcon.colcon_core.event_reactor[0m [1;30mDEBUG[0m [32mjoining thread[0m
[36.425s] [34mcolcon.colcon_core.plugin_system[0m [1;30mINFO[0m Skipping extension 'colcon_notification.desktop_notification.terminal_notifier': Not used on non-Darwin systems
[36.425s] [34mcolcon.colcon_core.plugin_system[0m [1;30mINFO[0m Skipping extension 'colcon_notification.desktop_notification.win32': Not used on non-Windows systems
[36.425s] [34mcolcon.colcon_notification.desktop_notification[0m [1;30mINFO[0m Sending desktop notification using 'notify2'
[36.442s] [34mcolcon.colcon_core.event_reactor[0m [1;30mDEBUG[0m [32mjoined thread[0m
[36.443s] [34mcolcon.colcon_core.shell[0m [1;30mINFO[0m Creating prefix script '/home/igor/gral-iiriondo/unitree_ws/install/local_setup.ps1'
[36.445s] [34mcolcon.colcon_core.shell[0m [1;30mINFO[0m Creating prefix util module '/home/igor/gral-iiriondo/unitree_ws/install/_local_setup_util_ps1.py'
[36.447s] [34mcolcon.colcon_core.shell[0m [1;30mINFO[0m Creating prefix chain script '/home/igor/gral-iiriondo/unitree_ws/install/setup.ps1'
[36.451s] [34mcolcon.colcon_core.shell[0m [1;30mINFO[0m Creating prefix script '/home/igor/gral-iiriondo/unitree_ws/install/local_setup.sh'
[36.452s] [34mcolcon.colcon_core.shell[0m [1;30mINFO[0m Creating prefix util module '/home/igor/gral-iiriondo/unitree_ws/install/_local_setup_util_sh.py'
[36.454s] [34mcolcon.colcon_core.shell[0m [1;30mINFO[0m Creating prefix chain script '/home/igor/gral-iiriondo/unitree_ws/install/setup.sh'
[36.456s] [34mcolcon.colcon_core.shell[0m [1;30mINFO[0m Creating prefix script '/home/igor/gral-iiriondo/unitree_ws/install/local_setup.bash'
[36.457s] [34mcolcon.colcon_core.shell[0m [1;30mINFO[0m Creating prefix chain script '/home/igor/gral-iiriondo/unitree_ws/install/setup.bash'
[36.460s] [34mcolcon.colcon_core.shell[0m [1;30mINFO[0m Creating prefix script '/home/igor/gral-iiriondo/unitree_ws/install/local_setup.zsh'
[36.461s] [34mcolcon.colcon_core.shell[0m [1;30mINFO[0m Creating prefix chain script '/home/igor/gral-iiriondo/unitree_ws/install/setup.zsh'
