[0.340s] [34mcolcon[0m [1;30mDEBUG[0m [32mCommand line arguments: ['/usr/bin/colcon', 'build', '--symlink-install'][0m
[0.340s] [34mcolcon[0m [1;30mDEBUG[0m [32mParsed command line arguments: Namespace(log_base=None, log_level=None, verb_name='build', build_base='build', install_base='install', merge_install=False, symlink_install=True, test_result_base=None, continue_on_error=False, executor='parallel', parallel_workers=8, event_handlers=None, ignore_user_meta=False, metas=['./colcon.meta'], base_paths=['.'], packages_ignore=None, packages_ignore_regex=None, paths=None, packages_up_to=None, packages_up_to_regex=None, packages_above=None, packages_above_and_dependencies=None, packages_above_depth=None, packages_select_by_dep=None, packages_skip_by_dep=None, packages_skip_up_to=None, packages_select_build_failed=False, packages_skip_build_finished=False, packages_select_test_failures=False, packages_skip_test_passed=False, packages_select=None, packages_skip=None, packages_select_regex=None, packages_skip_regex=None, packages_start=None, packages_end=None, allow_overriding=[], cmake_args=None, cmake_target=None, cmake_target_skip_unavailable=False, cmake_clean_cache=False, cmake_clean_first=False, cmake_force_configure=False, ament_cmake_args=None, catkin_cmake_args=None, catkin_skip_building_tests=False, verb_parser=<colcon_defaults.argument_parser.defaults.DefaultArgumentsDecorator object at 0xffffb82a6650>, verb_extension=<colcon_core.verb.build.BuildVerb object at 0xffffb8408160>, main=<bound method BuildVerb.main of <colcon_core.verb.build.BuildVerb object at 0xffffb8408160>>)[0m
[0.489s] [34mcolcon.colcon_core.package_discovery[0m [1;30mLevel 1[0m discover_packages(colcon_meta) check parameters
[0.489s] [34mcolcon.colcon_core.package_discovery[0m [1;30mLevel 1[0m discover_packages(recursive) check parameters
[0.489s] [34mcolcon.colcon_core.package_discovery[0m [1;30mLevel 1[0m discover_packages(ignore) check parameters
[0.489s] [34mcolcon.colcon_core.package_discovery[0m [1;30mLevel 1[0m discover_packages(path) check parameters
[0.489s] [34mcolcon.colcon_core.package_discovery[0m [1;30mLevel 1[0m discover_packages(colcon_meta) discover
[0.489s] [34mcolcon.colcon_core.package_discovery[0m [1;30mLevel 1[0m discover_packages(recursive) discover
[0.490s] [34mcolcon.colcon_core.package_discovery[0m [1;30mINFO[0m Crawling recursively for packages in '/home/tknika/gral-iiriondo/unitree_ws'
[0.490s] [34mcolcon.colcon_core.package_identification[0m [1;30mLevel 1[0m _identify(.) by extensions ['ignore', 'ignore_ament_install']
[0.490s] [34mcolcon.colcon_core.package_identification[0m [1;30mLevel 1[0m _identify(.) by extension 'ignore'
[0.490s] [34mcolcon.colcon_core.package_identification[0m [1;30mLevel 1[0m _identify(.) by extension 'ignore_ament_install'
[0.490s] [34mcolcon.colcon_core.package_identification[0m [1;30mLevel 1[0m _identify(.) by extensions ['colcon_pkg']
[0.491s] [34mcolcon.colcon_core.package_identification[0m [1;30mLevel 1[0m _identify(.) by extension 'colcon_pkg'
[0.491s] [34mcolcon.colcon_core.package_identification[0m [1;30mLevel 1[0m _identify(.) by extensions ['colcon_meta']
[0.491s] [34mcolcon.colcon_core.package_identification[0m [1;30mLevel 1[0m _identify(.) by extension 'colcon_meta'
[0.491s] [34mcolcon.colcon_core.package_identification[0m [1;30mLevel 1[0m _identify(.) by extensions ['ros']
[0.491s] [34mcolcon.colcon_core.package_identification[0m [1;30mLevel 1[0m _identify(.) by extension 'ros'
[0.549s] [34mcolcon.colcon_core.package_identification[0m [1;30mLevel 1[0m _identify(.) by extensions ['cmake', 'python']
[0.549s] [34mcolcon.colcon_core.package_identification[0m [1;30mLevel 1[0m _identify(.) by extension 'cmake'
[0.549s] [34mcolcon.colcon_core.package_identification[0m [1;30mLevel 1[0m _identify(.) by extension 'python'
[0.549s] [34mcolcon.colcon_core.package_identification[0m [1;30mLevel 1[0m _identify(.) by extensions ['python_setup_py']
[0.549s] [34mcolcon.colcon_core.package_identification[0m [1;30mLevel 1[0m _identify(.) by extension 'python_setup_py'
[0.550s] [34mcolcon.colcon_core.package_identification[0m [1;30mLevel 1[0m _identify(build) by extensions ['ignore', 'ignore_ament_install']
[0.550s] [34mcolcon.colcon_core.package_identification[0m [1;30mLevel 1[0m _identify(build) by extension 'ignore'
[0.550s] [34mcolcon.colcon_core.package_identification[0m [1;30mLevel 1[0m _identify(build) ignored
[0.551s] [34mcolcon.colcon_core.package_identification[0m [1;30mLevel 1[0m _identify(install) by extensions ['ignore', 'ignore_ament_install']
[0.551s] [34mcolcon.colcon_core.package_identification[0m [1;30mLevel 1[0m _identify(install) by extension 'ignore'
[0.551s] [34mcolcon.colcon_core.package_identification[0m [1;30mLevel 1[0m _identify(install) ignored
[0.551s] [34mcolcon.colcon_core.package_identification[0m [1;30mLevel 1[0m _identify(log) by extensions ['ignore', 'ignore_ament_install']
[0.551s] [34mcolcon.colcon_core.package_identification[0m [1;30mLevel 1[0m _identify(log) by extension 'ignore'
[0.551s] [34mcolcon.colcon_core.package_identification[0m [1;30mLevel 1[0m _identify(log) ignored
[0.551s] [34mcolcon.colcon_core.package_identification[0m [1;30mLevel 1[0m _identify(src) by extensions ['ignore', 'ignore_ament_install']
[0.552s] [34mcolcon.colcon_core.package_identification[0m [1;30mLevel 1[0m _identify(src) by extension 'ignore'
[0.552s] [34mcolcon.colcon_core.package_identification[0m [1;30mLevel 1[0m _identify(src) by extension 'ignore_ament_install'
[0.552s] [34mcolcon.colcon_core.package_identification[0m [1;30mLevel 1[0m _identify(src) by extensions ['colcon_pkg']
[0.552s] [34mcolcon.colcon_core.package_identification[0m [1;30mLevel 1[0m _identify(src) by extension 'colcon_pkg'
[0.552s] [34mcolcon.colcon_core.package_identification[0m [1;30mLevel 1[0m _identify(src) by extensions ['colcon_meta']
[0.552s] [34mcolcon.colcon_core.package_identification[0m [1;30mLevel 1[0m _identify(src) by extension 'colcon_meta'
[0.552s] [34mcolcon.colcon_core.package_identification[0m [1;30mLevel 1[0m _identify(src) by extensions ['ros']
[0.552s] [34mcolcon.colcon_core.package_identification[0m [1;30mLevel 1[0m _identify(src) by extension 'ros'
[0.553s] [34mcolcon.colcon_core.package_identification[0m [1;30mLevel 1[0m _identify(src) by extensions ['cmake', 'python']
[0.553s] [34mcolcon.colcon_core.package_identification[0m [1;30mLevel 1[0m _identify(src) by extension 'cmake'
[0.553s] [34mcolcon.colcon_core.package_identification[0m [1;30mLevel 1[0m _identify(src) by extension 'python'
[0.553s] [34mcolcon.colcon_core.package_identification[0m [1;30mLevel 1[0m _identify(src) by extensions ['python_setup_py']
[0.553s] [34mcolcon.colcon_core.package_identification[0m [1;30mLevel 1[0m _identify(src) by extension 'python_setup_py'
[0.553s] [34mcolcon.colcon_core.package_identification[0m [1;30mLevel 1[0m _identify(src/aruco_detector) by extensions ['ignore', 'ignore_ament_install']
[0.553s] [34mcolcon.colcon_core.package_identification[0m [1;30mLevel 1[0m _identify(src/aruco_detector) by extension 'ignore'
[0.553s] [34mcolcon.colcon_core.package_identification[0m [1;30mLevel 1[0m _identify(src/aruco_detector) by extension 'ignore_ament_install'
[0.553s] [34mcolcon.colcon_core.package_identification[0m [1;30mLevel 1[0m _identify(src/aruco_detector) by extensions ['colcon_pkg']
[0.554s] [34mcolcon.colcon_core.package_identification[0m [1;30mLevel 1[0m _identify(src/aruco_detector) by extension 'colcon_pkg'
[0.554s] [34mcolcon.colcon_core.package_identification[0m [1;30mLevel 1[0m _identify(src/aruco_detector) by extensions ['colcon_meta']
[0.554s] [34mcolcon.colcon_core.package_identification[0m [1;30mLevel 1[0m _identify(src/aruco_detector) by extension 'colcon_meta'
[0.554s] [34mcolcon.colcon_core.package_identification[0m [1;30mLevel 1[0m _identify(src/aruco_detector) by extensions ['ros']
[0.554s] [34mcolcon.colcon_core.package_identification[0m [1;30mLevel 1[0m _identify(src/aruco_detector) by extension 'ros'
[0.562s] [34mcolcon.colcon_core.package_identification[0m [1;30mDEBUG[0m [32mPackage 'src/aruco_detector' with type 'ros.ament_python' and name 'aruco_detector'[0m
[0.562s] [34mcolcon.colcon_core.package_identification[0m [1;30mLevel 1[0m _identify(src/aruco_markers_msgs) by extensions ['ignore', 'ignore_ament_install']
[0.563s] [34mcolcon.colcon_core.package_identification[0m [1;30mLevel 1[0m _identify(src/aruco_markers_msgs) by extension 'ignore'
[0.563s] [34mcolcon.colcon_core.package_identification[0m [1;30mLevel 1[0m _identify(src/aruco_markers_msgs) by extension 'ignore_ament_install'
[0.563s] [34mcolcon.colcon_core.package_identification[0m [1;30mLevel 1[0m _identify(src/aruco_markers_msgs) by extensions ['colcon_pkg']
[0.563s] [34mcolcon.colcon_core.package_identification[0m [1;30mLevel 1[0m _identify(src/aruco_markers_msgs) by extension 'colcon_pkg'
[0.563s] [34mcolcon.colcon_core.package_identification[0m [1;30mLevel 1[0m _identify(src/aruco_markers_msgs) by extensions ['colcon_meta']
[0.563s] [34mcolcon.colcon_core.package_identification[0m [1;30mLevel 1[0m _identify(src/aruco_markers_msgs) by extension 'colcon_meta'
[0.563s] [34mcolcon.colcon_core.package_identification[0m [1;30mLevel 1[0m _identify(src/aruco_markers_msgs) by extensions ['ros']
[0.563s] [34mcolcon.colcon_core.package_identification[0m [1;30mLevel 1[0m _identify(src/aruco_markers_msgs) by extension 'ros'
[0.565s] [34mcolcon.colcon_core.package_identification[0m [1;30mDEBUG[0m [32mPackage 'src/aruco_markers_msgs' with type 'ros.ament_cmake' and name 'aruco_markers_msgs'[0m
[0.565s] [34mcolcon.colcon_core.package_identification[0m [1;30mLevel 1[0m _identify(src/asr) by extensions ['ignore', 'ignore_ament_install']
[0.566s] [34mcolcon.colcon_core.package_identification[0m [1;30mLevel 1[0m _identify(src/asr) by extension 'ignore'
[0.566s] [34mcolcon.colcon_core.package_identification[0m [1;30mLevel 1[0m _identify(src/asr) by extension 'ignore_ament_install'
[0.566s] [34mcolcon.colcon_core.package_identification[0m [1;30mLevel 1[0m _identify(src/asr) by extensions ['colcon_pkg']
[0.566s] [34mcolcon.colcon_core.package_identification[0m [1;30mLevel 1[0m _identify(src/asr) by extension 'colcon_pkg'
[0.566s] [34mcolcon.colcon_core.package_identification[0m [1;30mLevel 1[0m _identify(src/asr) by extensions ['colcon_meta']
[0.566s] [34mcolcon.colcon_core.package_identification[0m [1;30mLevel 1[0m _identify(src/asr) by extension 'colcon_meta'
[0.566s] [34mcolcon.colcon_core.package_identification[0m [1;30mLevel 1[0m _identify(src/asr) by extensions ['ros']
[0.566s] [34mcolcon.colcon_core.package_identification[0m [1;30mLevel 1[0m _identify(src/asr) by extension 'ros'
[0.568s] [34mcolcon.colcon_core.package_identification[0m [1;30mDEBUG[0m [32mPackage 'src/asr' with type 'ros.ament_python' and name 'asr'[0m
[0.568s] [34mcolcon.colcon_core.package_identification[0m [1;30mLevel 1[0m _identify(src/go1_description) by extensions ['ignore', 'ignore_ament_install']
[0.568s] [34mcolcon.colcon_core.package_identification[0m [1;30mLevel 1[0m _identify(src/go1_description) by extension 'ignore'
[0.568s] [34mcolcon.colcon_core.package_identification[0m [1;30mLevel 1[0m _identify(src/go1_description) by extension 'ignore_ament_install'
[0.568s] [34mcolcon.colcon_core.package_identification[0m [1;30mLevel 1[0m _identify(src/go1_description) by extensions ['colcon_pkg']
[0.569s] [34mcolcon.colcon_core.package_identification[0m [1;30mLevel 1[0m _identify(src/go1_description) by extension 'colcon_pkg'
[0.569s] [34mcolcon.colcon_core.package_identification[0m [1;30mLevel 1[0m _identify(src/go1_description) by extensions ['colcon_meta']
[0.569s] [34mcolcon.colcon_core.package_identification[0m [1;30mLevel 1[0m _identify(src/go1_description) by extension 'colcon_meta'
[0.569s] [34mcolcon.colcon_core.package_identification[0m [1;30mLevel 1[0m _identify(src/go1_description) by extensions ['ros']
[0.569s] [34mcolcon.colcon_core.package_identification[0m [1;30mLevel 1[0m _identify(src/go1_description) by extension 'ros'
[0.570s] [34mcolcon.colcon_core.package_identification[0m [1;30mDEBUG[0m [32mPackage 'src/go1_description' with type 'ros.ament_python' and name 'go1_description'[0m
[0.570s] [34mcolcon.colcon_core.package_identification[0m [1;30mLevel 1[0m _identify(src/mapping_configuration) by extensions ['ignore', 'ignore_ament_install']
[0.570s] [34mcolcon.colcon_core.package_identification[0m [1;30mLevel 1[0m _identify(src/mapping_configuration) by extension 'ignore'
[0.571s] [34mcolcon.colcon_core.package_identification[0m [1;30mLevel 1[0m _identify(src/mapping_configuration) by extension 'ignore_ament_install'
[0.571s] [34mcolcon.colcon_core.package_identification[0m [1;30mLevel 1[0m _identify(src/mapping_configuration) by extensions ['colcon_pkg']
[0.571s] [34mcolcon.colcon_core.package_identification[0m [1;30mLevel 1[0m _identify(src/mapping_configuration) by extension 'colcon_pkg'
[0.571s] [34mcolcon.colcon_core.package_identification[0m [1;30mLevel 1[0m _identify(src/mapping_configuration) by extensions ['colcon_meta']
[0.571s] [34mcolcon.colcon_core.package_identification[0m [1;30mLevel 1[0m _identify(src/mapping_configuration) by extension 'colcon_meta'
[0.571s] [34mcolcon.colcon_core.package_identification[0m [1;30mLevel 1[0m _identify(src/mapping_configuration) by extensions ['ros']
[0.571s] [34mcolcon.colcon_core.package_identification[0m [1;30mLevel 1[0m _identify(src/mapping_configuration) by extension 'ros'
[0.573s] [34mcolcon.colcon_core.package_identification[0m [1;30mDEBUG[0m [32mPackage 'src/mapping_configuration' with type 'ros.ament_python' and name 'mapping_configuration'[0m
[0.573s] [34mcolcon.colcon_core.package_identification[0m [1;30mLevel 1[0m _identify(src/object_recognition) by extensions ['ignore', 'ignore_ament_install']
[0.573s] [34mcolcon.colcon_core.package_identification[0m [1;30mLevel 1[0m _identify(src/object_recognition) by extension 'ignore'
[0.573s] [34mcolcon.colcon_core.package_identification[0m [1;30mLevel 1[0m _identify(src/object_recognition) by extension 'ignore_ament_install'
[0.573s] [34mcolcon.colcon_core.package_identification[0m [1;30mLevel 1[0m _identify(src/object_recognition) by extensions ['colcon_pkg']
[0.573s] [34mcolcon.colcon_core.package_identification[0m [1;30mLevel 1[0m _identify(src/object_recognition) by extension 'colcon_pkg'
[0.573s] [34mcolcon.colcon_core.package_identification[0m [1;30mLevel 1[0m _identify(src/object_recognition) by extensions ['colcon_meta']
[0.573s] [34mcolcon.colcon_core.package_identification[0m [1;30mLevel 1[0m _identify(src/object_recognition) by extension 'colcon_meta'
[0.574s] [34mcolcon.colcon_core.package_identification[0m [1;30mLevel 1[0m _identify(src/object_recognition) by extensions ['ros']
[0.574s] [34mcolcon.colcon_core.package_identification[0m [1;30mLevel 1[0m _identify(src/object_recognition) by extension 'ros'
[0.576s] [34mcolcon.colcon_core.package_identification[0m [1;30mDEBUG[0m [32mPackage 'src/object_recognition' with type 'ros.ament_python' and name 'object_recognition'[0m
[0.576s] [34mcolcon.colcon_core.package_identification[0m [1;30mLevel 1[0m _identify(src/object_recognition_interfaces) by extensions ['ignore', 'ignore_ament_install']
[0.576s] [34mcolcon.colcon_core.package_identification[0m [1;30mLevel 1[0m _identify(src/object_recognition_interfaces) by extension 'ignore'
[0.576s] [34mcolcon.colcon_core.package_identification[0m [1;30mLevel 1[0m _identify(src/object_recognition_interfaces) by extension 'ignore_ament_install'
[0.576s] [34mcolcon.colcon_core.package_identification[0m [1;30mLevel 1[0m _identify(src/object_recognition_interfaces) by extensions ['colcon_pkg']
[0.576s] [34mcolcon.colcon_core.package_identification[0m [1;30mLevel 1[0m _identify(src/object_recognition_interfaces) by extension 'colcon_pkg'
[0.576s] [34mcolcon.colcon_core.package_identification[0m [1;30mLevel 1[0m _identify(src/object_recognition_interfaces) by extensions ['colcon_meta']
[0.576s] [34mcolcon.colcon_core.package_identification[0m [1;30mLevel 1[0m _identify(src/object_recognition_interfaces) by extension 'colcon_meta'
[0.577s] [34mcolcon.colcon_core.package_identification[0m [1;30mLevel 1[0m _identify(src/object_recognition_interfaces) by extensions ['ros']
[0.577s] [34mcolcon.colcon_core.package_identification[0m [1;30mLevel 1[0m _identify(src/object_recognition_interfaces) by extension 'ros'
[0.578s] [34mcolcon.colcon_core.package_identification[0m [1;30mDEBUG[0m [32mPackage 'src/object_recognition_interfaces' with type 'ros.ament_cmake' and name 'object_recognition_interfaces'[0m
[0.578s] [34mcolcon.colcon_core.package_identification[0m [1;30mLevel 1[0m _identify(src/slam_analysis) by extensions ['ignore', 'ignore_ament_install']
[0.578s] [34mcolcon.colcon_core.package_identification[0m [1;30mLevel 1[0m _identify(src/slam_analysis) by extension 'ignore'
[0.579s] [34mcolcon.colcon_core.package_identification[0m [1;30mLevel 1[0m _identify(src/slam_analysis) ignored
[0.579s] [34mcolcon.colcon_core.package_identification[0m [1;30mLevel 1[0m _identify(src/speech_to_goal) by extensions ['ignore', 'ignore_ament_install']
[0.579s] [34mcolcon.colcon_core.package_identification[0m [1;30mLevel 1[0m _identify(src/speech_to_goal) by extension 'ignore'
[0.579s] [34mcolcon.colcon_core.package_identification[0m [1;30mLevel 1[0m _identify(src/speech_to_goal) by extension 'ignore_ament_install'
[0.579s] [34mcolcon.colcon_core.package_identification[0m [1;30mLevel 1[0m _identify(src/speech_to_goal) by extensions ['colcon_pkg']
[0.579s] [34mcolcon.colcon_core.package_identification[0m [1;30mLevel 1[0m _identify(src/speech_to_goal) by extension 'colcon_pkg'
[0.579s] [34mcolcon.colcon_core.package_identification[0m [1;30mLevel 1[0m _identify(src/speech_to_goal) by extensions ['colcon_meta']
[0.579s] [34mcolcon.colcon_core.package_identification[0m [1;30mLevel 1[0m _identify(src/speech_to_goal) by extension 'colcon_meta'
[0.579s] [34mcolcon.colcon_core.package_identification[0m [1;30mLevel 1[0m _identify(src/speech_to_goal) by extensions ['ros']
[0.580s] [34mcolcon.colcon_core.package_identification[0m [1;30mLevel 1[0m _identify(src/speech_to_goal) by extension 'ros'
[0.581s] [34mcolcon.colcon_core.package_identification[0m [1;30mDEBUG[0m [32mPackage 'src/speech_to_goal' with type 'ros.ament_python' and name 'speech_to_goal'[0m
[0.582s] [34mcolcon.colcon_core.package_identification[0m [1;30mLevel 1[0m _identify(src/speech_to_goal_interfaces) by extensions ['ignore', 'ignore_ament_install']
[0.582s] [34mcolcon.colcon_core.package_identification[0m [1;30mLevel 1[0m _identify(src/speech_to_goal_interfaces) by extension 'ignore'
[0.582s] [34mcolcon.colcon_core.package_identification[0m [1;30mLevel 1[0m _identify(src/speech_to_goal_interfaces) by extension 'ignore_ament_install'
[0.582s] [34mcolcon.colcon_core.package_identification[0m [1;30mLevel 1[0m _identify(src/speech_to_goal_interfaces) by extensions ['colcon_pkg']
[0.582s] [34mcolcon.colcon_core.package_identification[0m [1;30mLevel 1[0m _identify(src/speech_to_goal_interfaces) by extension 'colcon_pkg'
[0.582s] [34mcolcon.colcon_core.package_identification[0m [1;30mLevel 1[0m _identify(src/speech_to_goal_interfaces) by extensions ['colcon_meta']
[0.582s] [34mcolcon.colcon_core.package_identification[0m [1;30mLevel 1[0m _identify(src/speech_to_goal_interfaces) by extension 'colcon_meta'
[0.582s] [34mcolcon.colcon_core.package_identification[0m [1;30mLevel 1[0m _identify(src/speech_to_goal_interfaces) by extensions ['ros']
[0.582s] [34mcolcon.colcon_core.package_identification[0m [1;30mLevel 1[0m _identify(src/speech_to_goal_interfaces) by extension 'ros'
[0.584s] [34mcolcon.colcon_core.package_identification[0m [1;30mDEBUG[0m [32mPackage 'src/speech_to_goal_interfaces' with type 'ros.ament_cmake' and name 'speech_to_goal_interfaces'[0m
[0.584s] [34mcolcon.colcon_core.package_identification[0m [1;30mLevel 1[0m _identify(src/standing_mode) by extensions ['ignore', 'ignore_ament_install']
[0.584s] [34mcolcon.colcon_core.package_identification[0m [1;30mLevel 1[0m _identify(src/standing_mode) by extension 'ignore'
[0.584s] [34mcolcon.colcon_core.package_identification[0m [1;30mLevel 1[0m _identify(src/standing_mode) by extension 'ignore_ament_install'
[0.584s] [34mcolcon.colcon_core.package_identification[0m [1;30mLevel 1[0m _identify(src/standing_mode) by extensions ['colcon_pkg']
[0.585s] [34mcolcon.colcon_core.package_identification[0m [1;30mLevel 1[0m _identify(src/standing_mode) by extension 'colcon_pkg'
[0.585s] [34mcolcon.colcon_core.package_identification[0m [1;30mLevel 1[0m _identify(src/standing_mode) by extensions ['colcon_meta']
[0.585s] [34mcolcon.colcon_core.package_identification[0m [1;30mLevel 1[0m _identify(src/standing_mode) by extension 'colcon_meta'
[0.585s] [34mcolcon.colcon_core.package_identification[0m [1;30mLevel 1[0m _identify(src/standing_mode) by extensions ['ros']
[0.585s] [34mcolcon.colcon_core.package_identification[0m [1;30mLevel 1[0m _identify(src/standing_mode) by extension 'ros'
[0.586s] [34mcolcon.colcon_core.package_identification[0m [1;30mDEBUG[0m [32mPackage 'src/standing_mode' with type 'ros.ament_python' and name 'standing_mode'[0m
[0.587s] [34mcolcon.colcon_core.package_identification[0m [1;30mLevel 1[0m _identify(src/unitree_legged_sdk) by extensions ['ignore', 'ignore_ament_install']
[0.587s] [34mcolcon.colcon_core.package_identification[0m [1;30mLevel 1[0m _identify(src/unitree_legged_sdk) by extension 'ignore'
[0.587s] [34mcolcon.colcon_core.package_identification[0m [1;30mLevel 1[0m _identify(src/unitree_legged_sdk) ignored
[0.587s] [34mcolcon.colcon_core.package_discovery[0m [1;30mLevel 1[0m discover_packages(recursive) using defaults
[0.587s] [34mcolcon.colcon_core.package_discovery[0m [1;30mLevel 1[0m discover_packages(ignore) discover
[0.587s] [34mcolcon.colcon_core.package_discovery[0m [1;30mLevel 1[0m discover_packages(ignore) using defaults
[0.587s] [34mcolcon.colcon_core.package_discovery[0m [1;30mLevel 1[0m discover_packages(path) discover
[0.587s] [34mcolcon.colcon_core.package_discovery[0m [1;30mLevel 1[0m discover_packages(path) using defaults
[0.636s] [34mcolcon.colcon_core.package_discovery[0m [1;30mLevel 1[0m discover_packages(prefix_path) check parameters
[0.636s] [34mcolcon.colcon_core.package_discovery[0m [1;30mLevel 1[0m discover_packages(prefix_path) discover
[0.643s] [34mcolcon.colcon_installed_package_information.package_discovery[0m [1;30mDEBUG[0m [32mFound 11 installed packages in /home/tknika/gral-iiriondo/unitree_ws/install[0m
[0.645s] [34mcolcon.colcon_installed_package_information.package_discovery[0m [1;30mDEBUG[0m [32mFound 281 installed packages in /opt/ros/humble[0m
[0.647s] [34mcolcon.colcon_core.package_discovery[0m [1;30mLevel 1[0m discover_packages(prefix_path) using defaults
[0.750s] [34mcolcon.colcon_core.verb[0m [1;30mLevel 5[0m set package 'aruco_markers_msgs' build argument 'cmake_args' from command line to 'None'
[0.750s] [34mcolcon.colcon_core.verb[0m [1;30mLevel 5[0m set package 'aruco_markers_msgs' build argument 'cmake_target' from command line to 'None'
[0.750s] [34mcolcon.colcon_core.verb[0m [1;30mLevel 5[0m set package 'aruco_markers_msgs' build argument 'cmake_target_skip_unavailable' from command line to 'False'
[0.750s] [34mcolcon.colcon_core.verb[0m [1;30mLevel 5[0m set package 'aruco_markers_msgs' build argument 'cmake_clean_cache' from command line to 'False'
[0.750s] [34mcolcon.colcon_core.verb[0m [1;30mLevel 5[0m set package 'aruco_markers_msgs' build argument 'cmake_clean_first' from command line to 'False'
[0.750s] [34mcolcon.colcon_core.verb[0m [1;30mLevel 5[0m set package 'aruco_markers_msgs' build argument 'cmake_force_configure' from command line to 'False'
[0.750s] [34mcolcon.colcon_core.verb[0m [1;30mLevel 5[0m set package 'aruco_markers_msgs' build argument 'ament_cmake_args' from command line to 'None'
[0.750s] [34mcolcon.colcon_core.verb[0m [1;30mLevel 5[0m set package 'aruco_markers_msgs' build argument 'catkin_cmake_args' from command line to 'None'
[0.750s] [34mcolcon.colcon_core.verb[0m [1;30mLevel 5[0m set package 'aruco_markers_msgs' build argument 'catkin_skip_building_tests' from command line to 'False'
[0.751s] [34mcolcon.colcon_core.verb[0m [1;30mDEBUG[0m [32mBuilding package 'aruco_markers_msgs' with the following arguments: {'ament_cmake_args': None, 'build_base': '/home/tknika/gral-iiriondo/unitree_ws/build/aruco_markers_msgs', 'catkin_cmake_args': None, 'catkin_skip_building_tests': False, 'cmake_args': None, 'cmake_clean_cache': False, 'cmake_clean_first': False, 'cmake_force_configure': False, 'cmake_target': None, 'cmake_target_skip_unavailable': False, 'install_base': '/home/tknika/gral-iiriondo/unitree_ws/install/aruco_markers_msgs', 'merge_install': False, 'path': '/home/tknika/gral-iiriondo/unitree_ws/src/aruco_markers_msgs', 'symlink_install': True, 'test_result_base': None}[0m
[0.751s] [34mcolcon.colcon_core.verb[0m [1;30mLevel 5[0m set package 'asr' build argument 'cmake_args' from command line to 'None'
[0.751s] [34mcolcon.colcon_core.verb[0m [1;30mLevel 5[0m set package 'asr' build argument 'cmake_target' from command line to 'None'
[0.751s] [34mcolcon.colcon_core.verb[0m [1;30mLevel 5[0m set package 'asr' build argument 'cmake_target_skip_unavailable' from command line to 'False'
[0.751s] [34mcolcon.colcon_core.verb[0m [1;30mLevel 5[0m set package 'asr' build argument 'cmake_clean_cache' from command line to 'False'
[0.751s] [34mcolcon.colcon_core.verb[0m [1;30mLevel 5[0m set package 'asr' build argument 'cmake_clean_first' from command line to 'False'
[0.751s] [34mcolcon.colcon_core.verb[0m [1;30mLevel 5[0m set package 'asr' build argument 'cmake_force_configure' from command line to 'False'
[0.751s] [34mcolcon.colcon_core.verb[0m [1;30mLevel 5[0m set package 'asr' build argument 'ament_cmake_args' from command line to 'None'
[0.751s] [34mcolcon.colcon_core.verb[0m [1;30mLevel 5[0m set package 'asr' build argument 'catkin_cmake_args' from command line to 'None'
[0.752s] [34mcolcon.colcon_core.verb[0m [1;30mLevel 5[0m set package 'asr' build argument 'catkin_skip_building_tests' from command line to 'False'
[0.752s] [34mcolcon.colcon_core.verb[0m [1;30mDEBUG[0m [32mBuilding package 'asr' with the following arguments: {'ament_cmake_args': None, 'build_base': '/home/tknika/gral-iiriondo/unitree_ws/build/asr', 'catkin_cmake_args': None, 'catkin_skip_building_tests': False, 'cmake_args': None, 'cmake_clean_cache': False, 'cmake_clean_first': False, 'cmake_force_configure': False, 'cmake_target': None, 'cmake_target_skip_unavailable': False, 'install_base': '/home/tknika/gral-iiriondo/unitree_ws/install/asr', 'merge_install': False, 'path': '/home/tknika/gral-iiriondo/unitree_ws/src/asr', 'symlink_install': True, 'test_result_base': None}[0m
[0.752s] [34mcolcon.colcon_core.verb[0m [1;30mLevel 5[0m set package 'go1_description' build argument 'cmake_args' from command line to 'None'
[0.752s] [34mcolcon.colcon_core.verb[0m [1;30mLevel 5[0m set package 'go1_description' build argument 'cmake_target' from command line to 'None'
[0.752s] [34mcolcon.colcon_core.verb[0m [1;30mLevel 5[0m set package 'go1_description' build argument 'cmake_target_skip_unavailable' from command line to 'False'
[0.752s] [34mcolcon.colcon_core.verb[0m [1;30mLevel 5[0m set package 'go1_description' build argument 'cmake_clean_cache' from command line to 'False'
[0.752s] [34mcolcon.colcon_core.verb[0m [1;30mLevel 5[0m set package 'go1_description' build argument 'cmake_clean_first' from command line to 'False'
[0.752s] [34mcolcon.colcon_core.verb[0m [1;30mLevel 5[0m set package 'go1_description' build argument 'cmake_force_configure' from command line to 'False'
[0.752s] [34mcolcon.colcon_core.verb[0m [1;30mLevel 5[0m set package 'go1_description' build argument 'ament_cmake_args' from command line to 'None'
[0.752s] [34mcolcon.colcon_core.verb[0m [1;30mLevel 5[0m set package 'go1_description' build argument 'catkin_cmake_args' from command line to 'None'
[0.752s] [34mcolcon.colcon_core.verb[0m [1;30mLevel 5[0m set package 'go1_description' build argument 'catkin_skip_building_tests' from command line to 'False'
[0.753s] [34mcolcon.colcon_core.verb[0m [1;30mDEBUG[0m [32mBuilding package 'go1_description' with the following arguments: {'ament_cmake_args': None, 'build_base': '/home/tknika/gral-iiriondo/unitree_ws/build/go1_description', 'catkin_cmake_args': None, 'catkin_skip_building_tests': False, 'cmake_args': None, 'cmake_clean_cache': False, 'cmake_clean_first': False, 'cmake_force_configure': False, 'cmake_target': None, 'cmake_target_skip_unavailable': False, 'install_base': '/home/tknika/gral-iiriondo/unitree_ws/install/go1_description', 'merge_install': False, 'path': '/home/tknika/gral-iiriondo/unitree_ws/src/go1_description', 'symlink_install': True, 'test_result_base': None}[0m
[0.753s] [34mcolcon.colcon_core.verb[0m [1;30mLevel 5[0m set package 'mapping_configuration' build argument 'cmake_args' from command line to 'None'
[0.753s] [34mcolcon.colcon_core.verb[0m [1;30mLevel 5[0m set package 'mapping_configuration' build argument 'cmake_target' from command line to 'None'
[0.753s] [34mcolcon.colcon_core.verb[0m [1;30mLevel 5[0m set package 'mapping_configuration' build argument 'cmake_target_skip_unavailable' from command line to 'False'
[0.753s] [34mcolcon.colcon_core.verb[0m [1;30mLevel 5[0m set package 'mapping_configuration' build argument 'cmake_clean_cache' from command line to 'False'
[0.753s] [34mcolcon.colcon_core.verb[0m [1;30mLevel 5[0m set package 'mapping_configuration' build argument 'cmake_clean_first' from command line to 'False'
[0.753s] [34mcolcon.colcon_core.verb[0m [1;30mLevel 5[0m set package 'mapping_configuration' build argument 'cmake_force_configure' from command line to 'False'
[0.753s] [34mcolcon.colcon_core.verb[0m [1;30mLevel 5[0m set package 'mapping_configuration' build argument 'ament_cmake_args' from command line to 'None'
[0.753s] [34mcolcon.colcon_core.verb[0m [1;30mLevel 5[0m set package 'mapping_configuration' build argument 'catkin_cmake_args' from command line to 'None'
[0.753s] [34mcolcon.colcon_core.verb[0m [1;30mLevel 5[0m set package 'mapping_configuration' build argument 'catkin_skip_building_tests' from command line to 'False'
[0.753s] [34mcolcon.colcon_core.verb[0m [1;30mDEBUG[0m [32mBuilding package 'mapping_configuration' with the following arguments: {'ament_cmake_args': None, 'build_base': '/home/tknika/gral-iiriondo/unitree_ws/build/mapping_configuration', 'catkin_cmake_args': None, 'catkin_skip_building_tests': False, 'cmake_args': None, 'cmake_clean_cache': False, 'cmake_clean_first': False, 'cmake_force_configure': False, 'cmake_target': None, 'cmake_target_skip_unavailable': False, 'install_base': '/home/tknika/gral-iiriondo/unitree_ws/install/mapping_configuration', 'merge_install': False, 'path': '/home/tknika/gral-iiriondo/unitree_ws/src/mapping_configuration', 'symlink_install': True, 'test_result_base': None}[0m
[0.754s] [34mcolcon.colcon_core.verb[0m [1;30mLevel 5[0m set package 'object_recognition_interfaces' build argument 'cmake_args' from command line to 'None'
[0.754s] [34mcolcon.colcon_core.verb[0m [1;30mLevel 5[0m set package 'object_recognition_interfaces' build argument 'cmake_target' from command line to 'None'
[0.754s] [34mcolcon.colcon_core.verb[0m [1;30mLevel 5[0m set package 'object_recognition_interfaces' build argument 'cmake_target_skip_unavailable' from command line to 'False'
[0.754s] [34mcolcon.colcon_core.verb[0m [1;30mLevel 5[0m set package 'object_recognition_interfaces' build argument 'cmake_clean_cache' from command line to 'False'
[0.754s] [34mcolcon.colcon_core.verb[0m [1;30mLevel 5[0m set package 'object_recognition_interfaces' build argument 'cmake_clean_first' from command line to 'False'
[0.754s] [34mcolcon.colcon_core.verb[0m [1;30mLevel 5[0m set package 'object_recognition_interfaces' build argument 'cmake_force_configure' from command line to 'False'
[0.754s] [34mcolcon.colcon_core.verb[0m [1;30mLevel 5[0m set package 'object_recognition_interfaces' build argument 'ament_cmake_args' from command line to 'None'
[0.754s] [34mcolcon.colcon_core.verb[0m [1;30mLevel 5[0m set package 'object_recognition_interfaces' build argument 'catkin_cmake_args' from command line to 'None'
[0.754s] [34mcolcon.colcon_core.verb[0m [1;30mLevel 5[0m set package 'object_recognition_interfaces' build argument 'catkin_skip_building_tests' from command line to 'False'
[0.754s] [34mcolcon.colcon_core.verb[0m [1;30mDEBUG[0m [32mBuilding package 'object_recognition_interfaces' with the following arguments: {'ament_cmake_args': None, 'build_base': '/home/tknika/gral-iiriondo/unitree_ws/build/object_recognition_interfaces', 'catkin_cmake_args': None, 'catkin_skip_building_tests': False, 'cmake_args': None, 'cmake_clean_cache': False, 'cmake_clean_first': False, 'cmake_force_configure': False, 'cmake_target': None, 'cmake_target_skip_unavailable': False, 'install_base': '/home/tknika/gral-iiriondo/unitree_ws/install/object_recognition_interfaces', 'merge_install': False, 'path': '/home/tknika/gral-iiriondo/unitree_ws/src/object_recognition_interfaces', 'symlink_install': True, 'test_result_base': None}[0m
[0.755s] [34mcolcon.colcon_core.verb[0m [1;30mLevel 5[0m set package 'speech_to_goal_interfaces' build argument 'cmake_args' from command line to 'None'
[0.755s] [34mcolcon.colcon_core.verb[0m [1;30mLevel 5[0m set package 'speech_to_goal_interfaces' build argument 'cmake_target' from command line to 'None'
[0.755s] [34mcolcon.colcon_core.verb[0m [1;30mLevel 5[0m set package 'speech_to_goal_interfaces' build argument 'cmake_target_skip_unavailable' from command line to 'False'
[0.755s] [34mcolcon.colcon_core.verb[0m [1;30mLevel 5[0m set package 'speech_to_goal_interfaces' build argument 'cmake_clean_cache' from command line to 'False'
[0.755s] [34mcolcon.colcon_core.verb[0m [1;30mLevel 5[0m set package 'speech_to_goal_interfaces' build argument 'cmake_clean_first' from command line to 'False'
[0.755s] [34mcolcon.colcon_core.verb[0m [1;30mLevel 5[0m set package 'speech_to_goal_interfaces' build argument 'cmake_force_configure' from command line to 'False'
[0.755s] [34mcolcon.colcon_core.verb[0m [1;30mLevel 5[0m set package 'speech_to_goal_interfaces' build argument 'ament_cmake_args' from command line to 'None'
[0.755s] [34mcolcon.colcon_core.verb[0m [1;30mLevel 5[0m set package 'speech_to_goal_interfaces' build argument 'catkin_cmake_args' from command line to 'None'
[0.755s] [34mcolcon.colcon_core.verb[0m [1;30mLevel 5[0m set package 'speech_to_goal_interfaces' build argument 'catkin_skip_building_tests' from command line to 'False'
[0.755s] [34mcolcon.colcon_core.verb[0m [1;30mDEBUG[0m [32mBuilding package 'speech_to_goal_interfaces' with the following arguments: {'ament_cmake_args': None, 'build_base': '/home/tknika/gral-iiriondo/unitree_ws/build/speech_to_goal_interfaces', 'catkin_cmake_args': None, 'catkin_skip_building_tests': False, 'cmake_args': None, 'cmake_clean_cache': False, 'cmake_clean_first': False, 'cmake_force_configure': False, 'cmake_target': None, 'cmake_target_skip_unavailable': False, 'install_base': '/home/tknika/gral-iiriondo/unitree_ws/install/speech_to_goal_interfaces', 'merge_install': False, 'path': '/home/tknika/gral-iiriondo/unitree_ws/src/speech_to_goal_interfaces', 'symlink_install': True, 'test_result_base': None}[0m
[0.756s] [34mcolcon.colcon_core.verb[0m [1;30mLevel 5[0m set package 'standing_mode' build argument 'cmake_args' from command line to 'None'
[0.756s] [34mcolcon.colcon_core.verb[0m [1;30mLevel 5[0m set package 'standing_mode' build argument 'cmake_target' from command line to 'None'
[0.756s] [34mcolcon.colcon_core.verb[0m [1;30mLevel 5[0m set package 'standing_mode' build argument 'cmake_target_skip_unavailable' from command line to 'False'
[0.756s] [34mcolcon.colcon_core.verb[0m [1;30mLevel 5[0m set package 'standing_mode' build argument 'cmake_clean_cache' from command line to 'False'
[0.756s] [34mcolcon.colcon_core.verb[0m [1;30mLevel 5[0m set package 'standing_mode' build argument 'cmake_clean_first' from command line to 'False'
[0.756s] [34mcolcon.colcon_core.verb[0m [1;30mLevel 5[0m set package 'standing_mode' build argument 'cmake_force_configure' from command line to 'False'
[0.756s] [34mcolcon.colcon_core.verb[0m [1;30mLevel 5[0m set package 'standing_mode' build argument 'ament_cmake_args' from command line to 'None'
[0.756s] [34mcolcon.colcon_core.verb[0m [1;30mLevel 5[0m set package 'standing_mode' build argument 'catkin_cmake_args' from command line to 'None'
[0.756s] [34mcolcon.colcon_core.verb[0m [1;30mLevel 5[0m set package 'standing_mode' build argument 'catkin_skip_building_tests' from command line to 'False'
[0.756s] [34mcolcon.colcon_core.verb[0m [1;30mDEBUG[0m [32mBuilding package 'standing_mode' with the following arguments: {'ament_cmake_args': None, 'build_base': '/home/tknika/gral-iiriondo/unitree_ws/build/standing_mode', 'catkin_cmake_args': None, 'catkin_skip_building_tests': False, 'cmake_args': None, 'cmake_clean_cache': False, 'cmake_clean_first': False, 'cmake_force_configure': False, 'cmake_target': None, 'cmake_target_skip_unavailable': False, 'install_base': '/home/tknika/gral-iiriondo/unitree_ws/install/standing_mode', 'merge_install': False, 'path': '/home/tknika/gral-iiriondo/unitree_ws/src/standing_mode', 'symlink_install': True, 'test_result_base': None}[0m
[0.757s] [34mcolcon.colcon_core.verb[0m [1;30mLevel 5[0m set package 'aruco_detector' build argument 'cmake_args' from command line to 'None'
[0.757s] [34mcolcon.colcon_core.verb[0m [1;30mLevel 5[0m set package 'aruco_detector' build argument 'cmake_target' from command line to 'None'
[0.757s] [34mcolcon.colcon_core.verb[0m [1;30mLevel 5[0m set package 'aruco_detector' build argument 'cmake_target_skip_unavailable' from command line to 'False'
[0.757s] [34mcolcon.colcon_core.verb[0m [1;30mLevel 5[0m set package 'aruco_detector' build argument 'cmake_clean_cache' from command line to 'False'
[0.757s] [34mcolcon.colcon_core.verb[0m [1;30mLevel 5[0m set package 'aruco_detector' build argument 'cmake_clean_first' from command line to 'False'
[0.757s] [34mcolcon.colcon_core.verb[0m [1;30mLevel 5[0m set package 'aruco_detector' build argument 'cmake_force_configure' from command line to 'False'
[0.757s] [34mcolcon.colcon_core.verb[0m [1;30mLevel 5[0m set package 'aruco_detector' build argument 'ament_cmake_args' from command line to 'None'
[0.757s] [34mcolcon.colcon_core.verb[0m [1;30mLevel 5[0m set package 'aruco_detector' build argument 'catkin_cmake_args' from command line to 'None'
[0.757s] [34mcolcon.colcon_core.verb[0m [1;30mLevel 5[0m set package 'aruco_detector' build argument 'catkin_skip_building_tests' from command line to 'False'
[0.757s] [34mcolcon.colcon_core.verb[0m [1;30mDEBUG[0m [32mBuilding package 'aruco_detector' with the following arguments: {'ament_cmake_args': None, 'build_base': '/home/tknika/gral-iiriondo/unitree_ws/build/aruco_detector', 'catkin_cmake_args': None, 'catkin_skip_building_tests': False, 'cmake_args': None, 'cmake_clean_cache': False, 'cmake_clean_first': False, 'cmake_force_configure': False, 'cmake_target': None, 'cmake_target_skip_unavailable': False, 'install_base': '/home/tknika/gral-iiriondo/unitree_ws/install/aruco_detector', 'merge_install': False, 'path': '/home/tknika/gral-iiriondo/unitree_ws/src/aruco_detector', 'symlink_install': True, 'test_result_base': None}[0m
[0.758s] [34mcolcon.colcon_core.verb[0m [1;30mLevel 5[0m set package 'object_recognition' build argument 'cmake_args' from command line to 'None'
[0.758s] [34mcolcon.colcon_core.verb[0m [1;30mLevel 5[0m set package 'object_recognition' build argument 'cmake_target' from command line to 'None'
[0.758s] [34mcolcon.colcon_core.verb[0m [1;30mLevel 5[0m set package 'object_recognition' build argument 'cmake_target_skip_unavailable' from command line to 'False'
[0.758s] [34mcolcon.colcon_core.verb[0m [1;30mLevel 5[0m set package 'object_recognition' build argument 'cmake_clean_cache' from command line to 'False'
[0.758s] [34mcolcon.colcon_core.verb[0m [1;30mLevel 5[0m set package 'object_recognition' build argument 'cmake_clean_first' from command line to 'False'
[0.758s] [34mcolcon.colcon_core.verb[0m [1;30mLevel 5[0m set package 'object_recognition' build argument 'cmake_force_configure' from command line to 'False'
[0.758s] [34mcolcon.colcon_core.verb[0m [1;30mLevel 5[0m set package 'object_recognition' build argument 'ament_cmake_args' from command line to 'None'
[0.758s] [34mcolcon.colcon_core.verb[0m [1;30mLevel 5[0m set package 'object_recognition' build argument 'catkin_cmake_args' from command line to 'None'
[0.758s] [34mcolcon.colcon_core.verb[0m [1;30mLevel 5[0m set package 'object_recognition' build argument 'catkin_skip_building_tests' from command line to 'False'
[0.758s] [34mcolcon.colcon_core.verb[0m [1;30mDEBUG[0m [32mBuilding package 'object_recognition' with the following arguments: {'ament_cmake_args': None, 'build_base': '/home/tknika/gral-iiriondo/unitree_ws/build/object_recognition', 'catkin_cmake_args': None, 'catkin_skip_building_tests': False, 'cmake_args': None, 'cmake_clean_cache': False, 'cmake_clean_first': False, 'cmake_force_configure': False, 'cmake_target': None, 'cmake_target_skip_unavailable': False, 'install_base': '/home/tknika/gral-iiriondo/unitree_ws/install/object_recognition', 'merge_install': False, 'path': '/home/tknika/gral-iiriondo/unitree_ws/src/object_recognition', 'symlink_install': True, 'test_result_base': None}[0m
[0.759s] [34mcolcon.colcon_core.verb[0m [1;30mLevel 5[0m set package 'speech_to_goal' build argument 'cmake_args' from command line to 'None'
[0.759s] [34mcolcon.colcon_core.verb[0m [1;30mLevel 5[0m set package 'speech_to_goal' build argument 'cmake_target' from command line to 'None'
[0.759s] [34mcolcon.colcon_core.verb[0m [1;30mLevel 5[0m set package 'speech_to_goal' build argument 'cmake_target_skip_unavailable' from command line to 'False'
[0.759s] [34mcolcon.colcon_core.verb[0m [1;30mLevel 5[0m set package 'speech_to_goal' build argument 'cmake_clean_cache' from command line to 'False'
[0.759s] [34mcolcon.colcon_core.verb[0m [1;30mLevel 5[0m set package 'speech_to_goal' build argument 'cmake_clean_first' from command line to 'False'
[0.759s] [34mcolcon.colcon_core.verb[0m [1;30mLevel 5[0m set package 'speech_to_goal' build argument 'cmake_force_configure' from command line to 'False'
[0.759s] [34mcolcon.colcon_core.verb[0m [1;30mLevel 5[0m set package 'speech_to_goal' build argument 'ament_cmake_args' from command line to 'None'
[0.759s] [34mcolcon.colcon_core.verb[0m [1;30mLevel 5[0m set package 'speech_to_goal' build argument 'catkin_cmake_args' from command line to 'None'
[0.759s] [34mcolcon.colcon_core.verb[0m [1;30mLevel 5[0m set package 'speech_to_goal' build argument 'catkin_skip_building_tests' from command line to 'False'
[0.759s] [34mcolcon.colcon_core.verb[0m [1;30mDEBUG[0m [32mBuilding package 'speech_to_goal' with the following arguments: {'ament_cmake_args': None, 'build_base': '/home/tknika/gral-iiriondo/unitree_ws/build/speech_to_goal', 'catkin_cmake_args': None, 'catkin_skip_building_tests': False, 'cmake_args': None, 'cmake_clean_cache': False, 'cmake_clean_first': False, 'cmake_force_configure': False, 'cmake_target': None, 'cmake_target_skip_unavailable': False, 'install_base': '/home/tknika/gral-iiriondo/unitree_ws/install/speech_to_goal', 'merge_install': False, 'path': '/home/tknika/gral-iiriondo/unitree_ws/src/speech_to_goal', 'symlink_install': True, 'test_result_base': None}[0m
[0.759s] [34mcolcon.colcon_core.executor[0m [1;30mINFO[0m Executing jobs using 'parallel' executor
[0.761s] [34mcolcon.colcon_parallel_executor.executor.parallel[0m [1;30mDEBUG[0m [32mrun_until_complete[0m
[0.762s] [34mcolcon.colcon_ros.task.ament_cmake.build[0m [1;30mINFO[0m Building ROS package in '/home/tknika/gral-iiriondo/unitree_ws/src/object_recognition_interfaces' with build type 'ament_cmake'
[0.762s] [34mcolcon.colcon_cmake.task.cmake.build[0m [1;30mINFO[0m Building CMake package in '/home/tknika/gral-iiriondo/unitree_ws/src/object_recognition_interfaces'
[0.773s] [34mcolcon.colcon_core.plugin_system[0m [1;30mINFO[0m Skipping extension 'colcon_core.shell.bat': Not used on non-Windows systems
[0.774s] [34mcolcon.colcon_core.shell[0m [1;30mINFO[0m Skip shell extension 'powershell' for command environment: Not usable outside of PowerShell
[0.774s] [34mcolcon.colcon_core.shell[0m [1;30mDEBUG[0m [32mSkip shell extension 'dsv' for command environment[0m
[0.782s] [34mcolcon.colcon_ros.task.ament_cmake.build[0m [1;30mINFO[0m Building ROS package in '/home/tknika/gral-iiriondo/unitree_ws/src/aruco_markers_msgs' with build type 'ament_cmake'
[0.782s] [34mcolcon.colcon_cmake.task.cmake.build[0m [1;30mINFO[0m Building CMake package in '/home/tknika/gral-iiriondo/unitree_ws/src/aruco_markers_msgs'
[0.783s] [34mcolcon.colcon_core.shell[0m [1;30mINFO[0m Skip shell extension 'powershell' for command environment: Not usable outside of PowerShell
[0.783s] [34mcolcon.colcon_core.shell[0m [1;30mDEBUG[0m [32mSkip shell extension 'dsv' for command environment[0m
[0.790s] [34mcolcon.colcon_ros.task.ament_cmake.build[0m [1;30mINFO[0m Building ROS package in '/home/tknika/gral-iiriondo/unitree_ws/src/speech_to_goal_interfaces' with build type 'ament_cmake'
[0.790s] [34mcolcon.colcon_cmake.task.cmake.build[0m [1;30mINFO[0m Building CMake package in '/home/tknika/gral-iiriondo/unitree_ws/src/speech_to_goal_interfaces'
[0.791s] [34mcolcon.colcon_core.shell[0m [1;30mINFO[0m Skip shell extension 'powershell' for command environment: Not usable outside of PowerShell
[0.791s] [34mcolcon.colcon_core.shell[0m [1;30mDEBUG[0m [32mSkip shell extension 'dsv' for command environment[0m
[0.797s] [34mcolcon.colcon_ros.task.ament_python.build[0m [1;30mINFO[0m Building ROS package in '/home/tknika/gral-iiriondo/unitree_ws/src/asr' with build type 'ament_python'
[0.798s] [34mcolcon.colcon_core.shell[0m [1;30mLevel 1[0m create_environment_hook('asr', 'ament_prefix_path')
[0.798s] [34mcolcon.colcon_core.shell[0m [1;30mINFO[0m Creating environment hook '/home/tknika/gral-iiriondo/unitree_ws/install/asr/share/asr/hook/ament_prefix_path.ps1'
[0.801s] [34mcolcon.colcon_core.shell[0m [1;30mINFO[0m Creating environment descriptor '/home/tknika/gral-iiriondo/unitree_ws/install/asr/share/asr/hook/ament_prefix_path.dsv'
[0.802s] [34mcolcon.colcon_core.shell[0m [1;30mINFO[0m Creating environment hook '/home/tknika/gral-iiriondo/unitree_ws/install/asr/share/asr/hook/ament_prefix_path.sh'
[0.804s] [34mcolcon.colcon_core.shell[0m [1;30mINFO[0m Skip shell extension 'powershell' for command environment: Not usable outside of PowerShell
[0.804s] [34mcolcon.colcon_core.shell[0m [1;30mDEBUG[0m [32mSkip shell extension 'dsv' for command environment[0m
[0.810s] [34mcolcon.colcon_ros.task.ament_python.build[0m [1;30mINFO[0m Building ROS package in '/home/tknika/gral-iiriondo/unitree_ws/src/go1_description' with build type 'ament_python'
[0.810s] [34mcolcon.colcon_core.shell[0m [1;30mLevel 1[0m create_environment_hook('go1_description', 'ament_prefix_path')
[0.811s] [34mcolcon.colcon_core.shell[0m [1;30mINFO[0m Creating environment hook '/home/tknika/gral-iiriondo/unitree_ws/install/go1_description/share/go1_description/hook/ament_prefix_path.ps1'
[0.812s] [34mcolcon.colcon_core.shell[0m [1;30mINFO[0m Creating environment descriptor '/home/tknika/gral-iiriondo/unitree_ws/install/go1_description/share/go1_description/hook/ament_prefix_path.dsv'
[0.813s] [34mcolcon.colcon_core.shell[0m [1;30mINFO[0m Creating environment hook '/home/tknika/gral-iiriondo/unitree_ws/install/go1_description/share/go1_description/hook/ament_prefix_path.sh'
[0.814s] [34mcolcon.colcon_core.shell[0m [1;30mINFO[0m Skip shell extension 'powershell' for command environment: Not usable outside of PowerShell
[0.814s] [34mcolcon.colcon_core.shell[0m [1;30mDEBUG[0m [32mSkip shell extension 'dsv' for command environment[0m
[0.820s] [34mcolcon.colcon_ros.task.ament_python.build[0m [1;30mINFO[0m Building ROS package in '/home/tknika/gral-iiriondo/unitree_ws/src/mapping_configuration' with build type 'ament_python'
[0.820s] [34mcolcon.colcon_core.shell[0m [1;30mLevel 1[0m create_environment_hook('mapping_configuration', 'ament_prefix_path')
[0.821s] [34mcolcon.colcon_core.shell[0m [1;30mINFO[0m Creating environment hook '/home/tknika/gral-iiriondo/unitree_ws/install/mapping_configuration/share/mapping_configuration/hook/ament_prefix_path.ps1'
[0.822s] [34mcolcon.colcon_core.shell[0m [1;30mINFO[0m Creating environment descriptor '/home/tknika/gral-iiriondo/unitree_ws/install/mapping_configuration/share/mapping_configuration/hook/ament_prefix_path.dsv'
[0.823s] [34mcolcon.colcon_core.shell[0m [1;30mINFO[0m Creating environment hook '/home/tknika/gral-iiriondo/unitree_ws/install/mapping_configuration/share/mapping_configuration/hook/ament_prefix_path.sh'
[0.824s] [34mcolcon.colcon_core.shell[0m [1;30mINFO[0m Skip shell extension 'powershell' for command environment: Not usable outside of PowerShell
[0.824s] [34mcolcon.colcon_core.shell[0m [1;30mDEBUG[0m [32mSkip shell extension 'dsv' for command environment[0m
[0.830s] [34mcolcon.colcon_ros.task.ament_python.build[0m [1;30mINFO[0m Building ROS package in '/home/tknika/gral-iiriondo/unitree_ws/src/standing_mode' with build type 'ament_python'
[0.830s] [34mcolcon.colcon_core.shell[0m [1;30mLevel 1[0m create_environment_hook('standing_mode', 'ament_prefix_path')
[0.831s] [34mcolcon.colcon_core.shell[0m [1;30mINFO[0m Creating environment hook '/home/tknika/gral-iiriondo/unitree_ws/install/standing_mode/share/standing_mode/hook/ament_prefix_path.ps1'
[0.832s] [34mcolcon.colcon_core.shell[0m [1;30mINFO[0m Creating environment descriptor '/home/tknika/gral-iiriondo/unitree_ws/install/standing_mode/share/standing_mode/hook/ament_prefix_path.dsv'
[0.833s] [34mcolcon.colcon_core.shell[0m [1;30mINFO[0m Creating environment hook '/home/tknika/gral-iiriondo/unitree_ws/install/standing_mode/share/standing_mode/hook/ament_prefix_path.sh'
[0.834s] [34mcolcon.colcon_core.shell[0m [1;30mINFO[0m Skip shell extension 'powershell' for command environment: Not usable outside of PowerShell
[0.834s] [34mcolcon.colcon_core.shell[0m [1;30mDEBUG[0m [32mSkip shell extension 'dsv' for command environment[0m
[0.849s] [34mcolcon.colcon_core.event_handler.log_command[0m [1;30mDEBUG[0m [32mInvoking command in '/home/tknika/gral-iiriondo/unitree_ws/build/object_recognition_interfaces': CMAKE_PREFIX_PATH=${CMAKE_PREFIX_PATH}:/home/tknika/gral-iiriondo/unitree_ws/install/standing_mode:/home/tknika/gral-iiriondo/unitree_ws/install/speech_to_goal:/home/tknika/gral-iiriondo/unitree_ws/install/slam_analysis:/home/tknika/gral-iiriondo/unitree_ws/install/object_recognition:/home/tknika/gral-iiriondo/unitree_ws/install/mapping_configuration:/home/tknika/gral-iiriondo/unitree_ws/install/go1_description:/home/tknika/gral-iiriondo/unitree_ws/install/asr:/home/tknika/gral-iiriondo/unitree_ws/install/aruco_detector:/opt/ros/humble /usr/bin/cmake --build /home/tknika/gral-iiriondo/unitree_ws/build/object_recognition_interfaces -- -j8 -l8[0m
[0.861s] [34mcolcon.colcon_core.event_handler.log_command[0m [1;30mDEBUG[0m [32mInvoking command in '/home/tknika/gral-iiriondo/unitree_ws/build/aruco_markers_msgs': CMAKE_PREFIX_PATH=${CMAKE_PREFIX_PATH}:/home/tknika/gral-iiriondo/unitree_ws/install/standing_mode:/home/tknika/gral-iiriondo/unitree_ws/install/speech_to_goal:/home/tknika/gral-iiriondo/unitree_ws/install/slam_analysis:/home/tknika/gral-iiriondo/unitree_ws/install/object_recognition:/home/tknika/gral-iiriondo/unitree_ws/install/mapping_configuration:/home/tknika/gral-iiriondo/unitree_ws/install/go1_description:/home/tknika/gral-iiriondo/unitree_ws/install/asr:/home/tknika/gral-iiriondo/unitree_ws/install/aruco_detector:/opt/ros/humble /usr/bin/cmake --build /home/tknika/gral-iiriondo/unitree_ws/build/aruco_markers_msgs -- -j8 -l8[0m
[0.876s] [34mcolcon.colcon_core.event_handler.log_command[0m [1;30mDEBUG[0m [32mInvoking command in '/home/tknika/gral-iiriondo/unitree_ws/build/speech_to_goal_interfaces': CMAKE_PREFIX_PATH=${CMAKE_PREFIX_PATH}:/home/tknika/gral-iiriondo/unitree_ws/install/standing_mode:/home/tknika/gral-iiriondo/unitree_ws/install/speech_to_goal:/home/tknika/gral-iiriondo/unitree_ws/install/slam_analysis:/home/tknika/gral-iiriondo/unitree_ws/install/object_recognition:/home/tknika/gral-iiriondo/unitree_ws/install/mapping_configuration:/home/tknika/gral-iiriondo/unitree_ws/install/go1_description:/home/tknika/gral-iiriondo/unitree_ws/install/asr:/home/tknika/gral-iiriondo/unitree_ws/install/aruco_detector:/opt/ros/humble /usr/bin/cmake --build /home/tknika/gral-iiriondo/unitree_ws/build/speech_to_goal_interfaces -- -j8 -l8[0m
[1.486s] [34mcolcon.colcon_core.task.python.build[0m [1;30mINFO[0m Building Python package in '/home/tknika/gral-iiriondo/unitree_ws/src/asr'
[1.487s] [34mcolcon.colcon_core.shell[0m [1;30mINFO[0m Skip shell extension 'powershell' for command environment: Not usable outside of PowerShell
[1.487s] [34mcolcon.colcon_core.shell[0m [1;30mDEBUG[0m [32mSkip shell extension 'dsv' for command environment[0m
[1.992s] [34mcolcon.colcon_core.task.python.build[0m [1;30mINFO[0m Building Python package in '/home/tknika/gral-iiriondo/unitree_ws/src/go1_description'
[1.993s] [34mcolcon.colcon_core.shell[0m [1;30mINFO[0m Skip shell extension 'powershell' for command environment: Not usable outside of PowerShell
[1.993s] [34mcolcon.colcon_core.shell[0m [1;30mDEBUG[0m [32mSkip shell extension 'dsv' for command environment[0m
[2.475s] [34mcolcon.colcon_core.task.python.build[0m [1;30mINFO[0m Building Python package in '/home/tknika/gral-iiriondo/unitree_ws/src/mapping_configuration'
[2.476s] [34mcolcon.colcon_core.shell[0m [1;30mINFO[0m Skip shell extension 'powershell' for command environment: Not usable outside of PowerShell
[2.476s] [34mcolcon.colcon_core.shell[0m [1;30mDEBUG[0m [32mSkip shell extension 'dsv' for command environment[0m
[2.963s] [34mcolcon.colcon_core.task.python.build[0m [1;30mINFO[0m Building Python package in '/home/tknika/gral-iiriondo/unitree_ws/src/standing_mode'
[2.964s] [34mcolcon.colcon_core.shell[0m [1;30mINFO[0m Skip shell extension 'powershell' for command environment: Not usable outside of PowerShell
[2.964s] [34mcolcon.colcon_core.shell[0m [1;30mDEBUG[0m [32mSkip shell extension 'dsv' for command environment[0m
[2.982s] [34mcolcon.colcon_core.event_handler.log_command[0m [1;30mDEBUG[0m [32mInvoked command in '/home/tknika/gral-iiriondo/unitree_ws/build/aruco_markers_msgs' returned '0': CMAKE_PREFIX_PATH=${CMAKE_PREFIX_PATH}:/home/tknika/gral-iiriondo/unitree_ws/install/standing_mode:/home/tknika/gral-iiriondo/unitree_ws/install/speech_to_goal:/home/tknika/gral-iiriondo/unitree_ws/install/slam_analysis:/home/tknika/gral-iiriondo/unitree_ws/install/object_recognition:/home/tknika/gral-iiriondo/unitree_ws/install/mapping_configuration:/home/tknika/gral-iiriondo/unitree_ws/install/go1_description:/home/tknika/gral-iiriondo/unitree_ws/install/asr:/home/tknika/gral-iiriondo/unitree_ws/install/aruco_detector:/opt/ros/humble /usr/bin/cmake --build /home/tknika/gral-iiriondo/unitree_ws/build/aruco_markers_msgs -- -j8 -l8[0m
[3.018s] [34mcolcon.colcon_core.event_handler.log_command[0m [1;30mDEBUG[0m [32mInvoking command in '/home/tknika/gral-iiriondo/unitree_ws/build/aruco_markers_msgs': CMAKE_PREFIX_PATH=${CMAKE_PREFIX_PATH}:/home/tknika/gral-iiriondo/unitree_ws/install/standing_mode:/home/tknika/gral-iiriondo/unitree_ws/install/speech_to_goal:/home/tknika/gral-iiriondo/unitree_ws/install/slam_analysis:/home/tknika/gral-iiriondo/unitree_ws/install/object_recognition:/home/tknika/gral-iiriondo/unitree_ws/install/mapping_configuration:/home/tknika/gral-iiriondo/unitree_ws/install/go1_description:/home/tknika/gral-iiriondo/unitree_ws/install/asr:/home/tknika/gral-iiriondo/unitree_ws/install/aruco_detector:/opt/ros/humble /usr/bin/cmake --install /home/tknika/gral-iiriondo/unitree_ws/build/aruco_markers_msgs[0m
[3.019s] [34mcolcon.colcon_core.event_handler.log_command[0m [1;30mDEBUG[0m [32mInvoked command in '/home/tknika/gral-iiriondo/unitree_ws/build/speech_to_goal_interfaces' returned '0': CMAKE_PREFIX_PATH=${CMAKE_PREFIX_PATH}:/home/tknika/gral-iiriondo/unitree_ws/install/standing_mode:/home/tknika/gral-iiriondo/unitree_ws/install/speech_to_goal:/home/tknika/gral-iiriondo/unitree_ws/install/slam_analysis:/home/tknika/gral-iiriondo/unitree_ws/install/object_recognition:/home/tknika/gral-iiriondo/unitree_ws/install/mapping_configuration:/home/tknika/gral-iiriondo/unitree_ws/install/go1_description:/home/tknika/gral-iiriondo/unitree_ws/install/asr:/home/tknika/gral-iiriondo/unitree_ws/install/aruco_detector:/opt/ros/humble /usr/bin/cmake --build /home/tknika/gral-iiriondo/unitree_ws/build/speech_to_goal_interfaces -- -j8 -l8[0m
[3.024s] [34mcolcon.colcon_core.event_handler.log_command[0m [1;30mDEBUG[0m [32mInvoking command in '/home/tknika/gral-iiriondo/unitree_ws/build/speech_to_goal_interfaces': CMAKE_PREFIX_PATH=${CMAKE_PREFIX_PATH}:/home/tknika/gral-iiriondo/unitree_ws/install/standing_mode:/home/tknika/gral-iiriondo/unitree_ws/install/speech_to_goal:/home/tknika/gral-iiriondo/unitree_ws/install/slam_analysis:/home/tknika/gral-iiriondo/unitree_ws/install/object_recognition:/home/tknika/gral-iiriondo/unitree_ws/install/mapping_configuration:/home/tknika/gral-iiriondo/unitree_ws/install/go1_description:/home/tknika/gral-iiriondo/unitree_ws/install/asr:/home/tknika/gral-iiriondo/unitree_ws/install/aruco_detector:/opt/ros/humble /usr/bin/cmake --install /home/tknika/gral-iiriondo/unitree_ws/build/speech_to_goal_interfaces[0m
[3.025s] [34mcolcon.colcon_core.event_handler.log_command[0m [1;30mDEBUG[0m [32mInvoked command in '/home/tknika/gral-iiriondo/unitree_ws/build/object_recognition_interfaces' returned '0': CMAKE_PREFIX_PATH=${CMAKE_PREFIX_PATH}:/home/tknika/gral-iiriondo/unitree_ws/install/standing_mode:/home/tknika/gral-iiriondo/unitree_ws/install/speech_to_goal:/home/tknika/gral-iiriondo/unitree_ws/install/slam_analysis:/home/tknika/gral-iiriondo/unitree_ws/install/object_recognition:/home/tknika/gral-iiriondo/unitree_ws/install/mapping_configuration:/home/tknika/gral-iiriondo/unitree_ws/install/go1_description:/home/tknika/gral-iiriondo/unitree_ws/install/asr:/home/tknika/gral-iiriondo/unitree_ws/install/aruco_detector:/opt/ros/humble /usr/bin/cmake --build /home/tknika/gral-iiriondo/unitree_ws/build/object_recognition_interfaces -- -j8 -l8[0m
[3.029s] [34mcolcon.colcon_core.event_handler.log_command[0m [1;30mDEBUG[0m [32mInvoking command in '/home/tknika/gral-iiriondo/unitree_ws/build/object_recognition_interfaces': CMAKE_PREFIX_PATH=${CMAKE_PREFIX_PATH}:/home/tknika/gral-iiriondo/unitree_ws/install/standing_mode:/home/tknika/gral-iiriondo/unitree_ws/install/speech_to_goal:/home/tknika/gral-iiriondo/unitree_ws/install/slam_analysis:/home/tknika/gral-iiriondo/unitree_ws/install/object_recognition:/home/tknika/gral-iiriondo/unitree_ws/install/mapping_configuration:/home/tknika/gral-iiriondo/unitree_ws/install/go1_description:/home/tknika/gral-iiriondo/unitree_ws/install/asr:/home/tknika/gral-iiriondo/unitree_ws/install/aruco_detector:/opt/ros/humble /usr/bin/cmake --install /home/tknika/gral-iiriondo/unitree_ws/build/object_recognition_interfaces[0m
[3.265s] [34mcolcon.colcon_core.environment[0m [1;30mLevel 1[0m create_environment_scripts_only(aruco_markers_msgs)
[3.267s] [34mcolcon.colcon_core.event_handler.log_command[0m [1;30mDEBUG[0m [32mInvoked command in '/home/tknika/gral-iiriondo/unitree_ws/build/aruco_markers_msgs' returned '0': CMAKE_PREFIX_PATH=${CMAKE_PREFIX_PATH}:/home/tknika/gral-iiriondo/unitree_ws/install/standing_mode:/home/tknika/gral-iiriondo/unitree_ws/install/speech_to_goal:/home/tknika/gral-iiriondo/unitree_ws/install/slam_analysis:/home/tknika/gral-iiriondo/unitree_ws/install/object_recognition:/home/tknika/gral-iiriondo/unitree_ws/install/mapping_configuration:/home/tknika/gral-iiriondo/unitree_ws/install/go1_description:/home/tknika/gral-iiriondo/unitree_ws/install/asr:/home/tknika/gral-iiriondo/unitree_ws/install/aruco_detector:/opt/ros/humble /usr/bin/cmake --install /home/tknika/gral-iiriondo/unitree_ws/build/aruco_markers_msgs[0m
[3.282s] [34mcolcon.colcon_core.environment[0m [1;30mLevel 1[0m checking '/home/tknika/gral-iiriondo/unitree_ws/install/aruco_markers_msgs' for CMake module files
[3.284s] [34mcolcon.colcon_core.environment[0m [1;30mLevel 1[0m checking '/home/tknika/gral-iiriondo/unitree_ws/install/aruco_markers_msgs' for CMake config files
[3.285s] [34mcolcon.colcon_core.shell[0m [1;30mLevel 1[0m create_environment_hook('aruco_markers_msgs', 'cmake_prefix_path')
[3.288s] [34mcolcon.colcon_core.shell[0m [1;30mINFO[0m Creating environment hook '/home/tknika/gral-iiriondo/unitree_ws/install/aruco_markers_msgs/share/aruco_markers_msgs/hook/cmake_prefix_path.ps1'
[3.294s] [34mcolcon.colcon_core.shell[0m [1;30mINFO[0m Creating environment descriptor '/home/tknika/gral-iiriondo/unitree_ws/install/aruco_markers_msgs/share/aruco_markers_msgs/hook/cmake_prefix_path.dsv'
[3.301s] [34mcolcon.colcon_core.shell[0m [1;30mINFO[0m Creating environment hook '/home/tknika/gral-iiriondo/unitree_ws/install/aruco_markers_msgs/share/aruco_markers_msgs/hook/cmake_prefix_path.sh'
[3.311s] [34mcolcon.colcon_core.environment[0m [1;30mLevel 1[0m checking '/home/tknika/gral-iiriondo/unitree_ws/install/aruco_markers_msgs/lib'
[3.312s] [34mcolcon.colcon_core.shell[0m [1;30mLevel 1[0m create_environment_hook('aruco_markers_msgs', 'ld_library_path_lib')
[3.313s] [34mcolcon.colcon_core.shell[0m [1;30mINFO[0m Creating environment hook '/home/tknika/gral-iiriondo/unitree_ws/install/aruco_markers_msgs/share/aruco_markers_msgs/hook/ld_library_path_lib.ps1'
[3.314s] [34mcolcon.colcon_core.shell[0m [1;30mINFO[0m Creating environment descriptor '/home/tknika/gral-iiriondo/unitree_ws/install/aruco_markers_msgs/share/aruco_markers_msgs/hook/ld_library_path_lib.dsv'
[3.315s] [34mcolcon.colcon_core.shell[0m [1;30mINFO[0m Creating environment hook '/home/tknika/gral-iiriondo/unitree_ws/install/aruco_markers_msgs/share/aruco_markers_msgs/hook/ld_library_path_lib.sh'
[3.318s] [34mcolcon.colcon_core.environment[0m [1;30mLevel 1[0m checking '/home/tknika/gral-iiriondo/unitree_ws/install/aruco_markers_msgs/bin'
[3.323s] [34mcolcon.colcon_core.environment[0m [1;30mLevel 1[0m checking '/home/tknika/gral-iiriondo/unitree_ws/install/aruco_markers_msgs/lib/pkgconfig/aruco_markers_msgs.pc'
[3.326s] [34mcolcon.colcon_core.environment[0m [1;30mLevel 1[0m checking '/home/tknika/gral-iiriondo/unitree_ws/install/aruco_markers_msgs/lib/python3.10/site-packages'
[3.327s] [34mcolcon.colcon_core.environment[0m [1;30mLevel 1[0m checking '/home/tknika/gral-iiriondo/unitree_ws/install/aruco_markers_msgs/bin'
[3.328s] [34mcolcon.colcon_core.shell[0m [1;30mINFO[0m Creating package script '/home/tknika/gral-iiriondo/unitree_ws/install/aruco_markers_msgs/share/aruco_markers_msgs/package.ps1'
[3.332s] [34mcolcon.colcon_core.shell[0m [1;30mINFO[0m Creating package descriptor '/home/tknika/gral-iiriondo/unitree_ws/install/aruco_markers_msgs/share/aruco_markers_msgs/package.dsv'
[3.334s] [34mcolcon.colcon_core.shell[0m [1;30mINFO[0m Creating package script '/home/tknika/gral-iiriondo/unitree_ws/install/aruco_markers_msgs/share/aruco_markers_msgs/package.sh'
[3.335s] [34mcolcon.colcon_core.shell[0m [1;30mINFO[0m Creating package script '/home/tknika/gral-iiriondo/unitree_ws/install/aruco_markers_msgs/share/aruco_markers_msgs/package.bash'
[3.338s] [34mcolcon.colcon_core.shell[0m [1;30mINFO[0m Creating package script '/home/tknika/gral-iiriondo/unitree_ws/install/aruco_markers_msgs/share/aruco_markers_msgs/package.zsh'
[3.340s] [34mcolcon.colcon_core.environment[0m [1;30mLevel 1[0m create_file_with_runtime_dependencies(/home/tknika/gral-iiriondo/unitree_ws/install/aruco_markers_msgs/share/colcon-core/packages/aruco_markers_msgs)
[3.341s] [34mcolcon.colcon_core.environment[0m [1;30mLevel 1[0m create_environment_scripts_only(aruco_markers_msgs)
[3.342s] [34mcolcon.colcon_core.environment[0m [1;30mLevel 1[0m checking '/home/tknika/gral-iiriondo/unitree_ws/install/aruco_markers_msgs' for CMake module files
[3.343s] [34mcolcon.colcon_core.environment[0m [1;30mLevel 1[0m checking '/home/tknika/gral-iiriondo/unitree_ws/install/aruco_markers_msgs' for CMake config files
[3.344s] [34mcolcon.colcon_core.shell[0m [1;30mLevel 1[0m create_environment_hook('aruco_markers_msgs', 'cmake_prefix_path')
[3.344s] [34mcolcon.colcon_core.shell[0m [1;30mINFO[0m Creating environment hook '/home/tknika/gral-iiriondo/unitree_ws/install/aruco_markers_msgs/share/aruco_markers_msgs/hook/cmake_prefix_path.ps1'
[3.345s] [34mcolcon.colcon_core.shell[0m [1;30mINFO[0m Creating environment descriptor '/home/tknika/gral-iiriondo/unitree_ws/install/aruco_markers_msgs/share/aruco_markers_msgs/hook/cmake_prefix_path.dsv'
[3.346s] [34mcolcon.colcon_core.shell[0m [1;30mINFO[0m Creating environment hook '/home/tknika/gral-iiriondo/unitree_ws/install/aruco_markers_msgs/share/aruco_markers_msgs/hook/cmake_prefix_path.sh'
[3.348s] [34mcolcon.colcon_core.environment[0m [1;30mLevel 1[0m checking '/home/tknika/gral-iiriondo/unitree_ws/install/aruco_markers_msgs/lib'
[3.348s] [34mcolcon.colcon_core.shell[0m [1;30mLevel 1[0m create_environment_hook('aruco_markers_msgs', 'ld_library_path_lib')
[3.349s] [34mcolcon.colcon_core.shell[0m [1;30mINFO[0m Creating environment hook '/home/tknika/gral-iiriondo/unitree_ws/install/aruco_markers_msgs/share/aruco_markers_msgs/hook/ld_library_path_lib.ps1'
[3.349s] [34mcolcon.colcon_core.shell[0m [1;30mINFO[0m Creating environment descriptor '/home/tknika/gral-iiriondo/unitree_ws/install/aruco_markers_msgs/share/aruco_markers_msgs/hook/ld_library_path_lib.dsv'
[3.350s] [34mcolcon.colcon_core.shell[0m [1;30mINFO[0m Creating environment hook '/home/tknika/gral-iiriondo/unitree_ws/install/aruco_markers_msgs/share/aruco_markers_msgs/hook/ld_library_path_lib.sh'
[3.351s] [34mcolcon.colcon_core.environment[0m [1;30mLevel 1[0m checking '/home/tknika/gral-iiriondo/unitree_ws/install/aruco_markers_msgs/bin'
[3.352s] [34mcolcon.colcon_core.environment[0m [1;30mLevel 1[0m checking '/home/tknika/gral-iiriondo/unitree_ws/install/aruco_markers_msgs/lib/pkgconfig/aruco_markers_msgs.pc'
[3.352s] [34mcolcon.colcon_core.environment[0m [1;30mLevel 1[0m checking '/home/tknika/gral-iiriondo/unitree_ws/install/aruco_markers_msgs/lib/python3.10/site-packages'
[3.353s] [34mcolcon.colcon_core.environment[0m [1;30mLevel 1[0m checking '/home/tknika/gral-iiriondo/unitree_ws/install/aruco_markers_msgs/bin'
[3.354s] [34mcolcon.colcon_core.shell[0m [1;30mINFO[0m Creating package script '/home/tknika/gral-iiriondo/unitree_ws/install/aruco_markers_msgs/share/aruco_markers_msgs/package.ps1'
[3.355s] [34mcolcon.colcon_core.shell[0m [1;30mINFO[0m Creating package descriptor '/home/tknika/gral-iiriondo/unitree_ws/install/aruco_markers_msgs/share/aruco_markers_msgs/package.dsv'
[3.357s] [34mcolcon.colcon_core.shell[0m [1;30mINFO[0m Creating package script '/home/tknika/gral-iiriondo/unitree_ws/install/aruco_markers_msgs/share/aruco_markers_msgs/package.sh'
[3.358s] [34mcolcon.colcon_core.shell[0m [1;30mINFO[0m Creating package script '/home/tknika/gral-iiriondo/unitree_ws/install/aruco_markers_msgs/share/aruco_markers_msgs/package.bash'
[3.359s] [34mcolcon.colcon_core.shell[0m [1;30mINFO[0m Creating package script '/home/tknika/gral-iiriondo/unitree_ws/install/aruco_markers_msgs/share/aruco_markers_msgs/package.zsh'
[3.360s] [34mcolcon.colcon_core.environment[0m [1;30mLevel 1[0m create_file_with_runtime_dependencies(/home/tknika/gral-iiriondo/unitree_ws/install/aruco_markers_msgs/share/colcon-core/packages/aruco_markers_msgs)
[3.362s] [34mcolcon.colcon_ros.task.ament_python.build[0m [1;30mINFO[0m Building ROS package in '/home/tknika/gral-iiriondo/unitree_ws/src/aruco_detector' with build type 'ament_python'
[3.362s] [34mcolcon.colcon_core.shell[0m [1;30mLevel 1[0m create_environment_hook('aruco_detector', 'ament_prefix_path')
[3.363s] [34mcolcon.colcon_core.shell[0m [1;30mINFO[0m Creating environment hook '/home/tknika/gral-iiriondo/unitree_ws/install/aruco_detector/share/aruco_detector/hook/ament_prefix_path.ps1'
[3.364s] [34mcolcon.colcon_core.shell[0m [1;30mINFO[0m Creating environment descriptor '/home/tknika/gral-iiriondo/unitree_ws/install/aruco_detector/share/aruco_detector/hook/ament_prefix_path.dsv'
[3.365s] [34mcolcon.colcon_core.shell[0m [1;30mINFO[0m Creating environment hook '/home/tknika/gral-iiriondo/unitree_ws/install/aruco_detector/share/aruco_detector/hook/ament_prefix_path.sh'
[3.366s] [34mcolcon.colcon_core.shell[0m [1;30mINFO[0m Skip shell extension 'powershell' for command environment: Not usable outside of PowerShell
[3.366s] [34mcolcon.colcon_core.shell[0m [1;30mDEBUG[0m [32mSkip shell extension 'dsv' for command environment[0m
[3.376s] [34mcolcon.colcon_core.environment[0m [1;30mLevel 1[0m create_environment_scripts_only(object_recognition_interfaces)
[3.376s] [34mcolcon.colcon_core.event_handler.log_command[0m [1;30mDEBUG[0m [32mInvoked command in '/home/tknika/gral-iiriondo/unitree_ws/build/object_recognition_interfaces' returned '0': CMAKE_PREFIX_PATH=${CMAKE_PREFIX_PATH}:/home/tknika/gral-iiriondo/unitree_ws/install/standing_mode:/home/tknika/gral-iiriondo/unitree_ws/install/speech_to_goal:/home/tknika/gral-iiriondo/unitree_ws/install/slam_analysis:/home/tknika/gral-iiriondo/unitree_ws/install/object_recognition:/home/tknika/gral-iiriondo/unitree_ws/install/mapping_configuration:/home/tknika/gral-iiriondo/unitree_ws/install/go1_description:/home/tknika/gral-iiriondo/unitree_ws/install/asr:/home/tknika/gral-iiriondo/unitree_ws/install/aruco_detector:/opt/ros/humble /usr/bin/cmake --install /home/tknika/gral-iiriondo/unitree_ws/build/object_recognition_interfaces[0m
[3.377s] [34mcolcon.colcon_core.environment[0m [1;30mLevel 1[0m checking '/home/tknika/gral-iiriondo/unitree_ws/install/object_recognition_interfaces' for CMake module files
[3.379s] [34mcolcon.colcon_core.environment[0m [1;30mLevel 1[0m checking '/home/tknika/gral-iiriondo/unitree_ws/install/object_recognition_interfaces' for CMake config files
[3.380s] [34mcolcon.colcon_core.shell[0m [1;30mLevel 1[0m create_environment_hook('object_recognition_interfaces', 'cmake_prefix_path')
[3.381s] [34mcolcon.colcon_core.shell[0m [1;30mINFO[0m Creating environment hook '/home/tknika/gral-iiriondo/unitree_ws/install/object_recognition_interfaces/share/object_recognition_interfaces/hook/cmake_prefix_path.ps1'
[3.382s] [34mcolcon.colcon_core.shell[0m [1;30mINFO[0m Creating environment descriptor '/home/tknika/gral-iiriondo/unitree_ws/install/object_recognition_interfaces/share/object_recognition_interfaces/hook/cmake_prefix_path.dsv'
[3.383s] [34mcolcon.colcon_core.shell[0m [1;30mINFO[0m Creating environment hook '/home/tknika/gral-iiriondo/unitree_ws/install/object_recognition_interfaces/share/object_recognition_interfaces/hook/cmake_prefix_path.sh'
[3.384s] [34mcolcon.colcon_core.environment[0m [1;30mLevel 1[0m checking '/home/tknika/gral-iiriondo/unitree_ws/install/object_recognition_interfaces/lib'
[3.385s] [34mcolcon.colcon_core.shell[0m [1;30mLevel 1[0m create_environment_hook('object_recognition_interfaces', 'ld_library_path_lib')
[3.385s] [34mcolcon.colcon_core.shell[0m [1;30mINFO[0m Creating environment hook '/home/tknika/gral-iiriondo/unitree_ws/install/object_recognition_interfaces/share/object_recognition_interfaces/hook/ld_library_path_lib.ps1'
[3.386s] [34mcolcon.colcon_core.shell[0m [1;30mINFO[0m Creating environment descriptor '/home/tknika/gral-iiriondo/unitree_ws/install/object_recognition_interfaces/share/object_recognition_interfaces/hook/ld_library_path_lib.dsv'
[3.387s] [34mcolcon.colcon_core.shell[0m [1;30mINFO[0m Creating environment hook '/home/tknika/gral-iiriondo/unitree_ws/install/object_recognition_interfaces/share/object_recognition_interfaces/hook/ld_library_path_lib.sh'
[3.388s] [34mcolcon.colcon_core.environment[0m [1;30mLevel 1[0m checking '/home/tknika/gral-iiriondo/unitree_ws/install/object_recognition_interfaces/bin'
[3.388s] [34mcolcon.colcon_core.environment[0m [1;30mLevel 1[0m checking '/home/tknika/gral-iiriondo/unitree_ws/install/object_recognition_interfaces/lib/pkgconfig/object_recognition_interfaces.pc'
[3.389s] [34mcolcon.colcon_core.environment[0m [1;30mLevel 1[0m checking '/home/tknika/gral-iiriondo/unitree_ws/install/object_recognition_interfaces/lib/python3.10/site-packages'
[3.389s] [34mcolcon.colcon_core.environment[0m [1;30mLevel 1[0m checking '/home/tknika/gral-iiriondo/unitree_ws/install/object_recognition_interfaces/bin'
[3.390s] [34mcolcon.colcon_core.shell[0m [1;30mINFO[0m Creating package script '/home/tknika/gral-iiriondo/unitree_ws/install/object_recognition_interfaces/share/object_recognition_interfaces/package.ps1'
[3.392s] [34mcolcon.colcon_core.shell[0m [1;30mINFO[0m Creating package descriptor '/home/tknika/gral-iiriondo/unitree_ws/install/object_recognition_interfaces/share/object_recognition_interfaces/package.dsv'
[3.393s] [34mcolcon.colcon_core.shell[0m [1;30mINFO[0m Creating package script '/home/tknika/gral-iiriondo/unitree_ws/install/object_recognition_interfaces/share/object_recognition_interfaces/package.sh'
[3.394s] [34mcolcon.colcon_core.shell[0m [1;30mINFO[0m Creating package script '/home/tknika/gral-iiriondo/unitree_ws/install/object_recognition_interfaces/share/object_recognition_interfaces/package.bash'
[3.395s] [34mcolcon.colcon_core.shell[0m [1;30mINFO[0m Creating package script '/home/tknika/gral-iiriondo/unitree_ws/install/object_recognition_interfaces/share/object_recognition_interfaces/package.zsh'
[3.396s] [34mcolcon.colcon_core.environment[0m [1;30mLevel 1[0m create_file_with_runtime_dependencies(/home/tknika/gral-iiriondo/unitree_ws/install/object_recognition_interfaces/share/colcon-core/packages/object_recognition_interfaces)
[3.397s] [34mcolcon.colcon_core.environment[0m [1;30mLevel 1[0m create_environment_scripts_only(object_recognition_interfaces)
[3.398s] [34mcolcon.colcon_core.environment[0m [1;30mLevel 1[0m checking '/home/tknika/gral-iiriondo/unitree_ws/install/object_recognition_interfaces' for CMake module files
[3.399s] [34mcolcon.colcon_core.environment[0m [1;30mLevel 1[0m checking '/home/tknika/gral-iiriondo/unitree_ws/install/object_recognition_interfaces' for CMake config files
[3.400s] [34mcolcon.colcon_core.shell[0m [1;30mLevel 1[0m create_environment_hook('object_recognition_interfaces', 'cmake_prefix_path')
[3.400s] [34mcolcon.colcon_core.shell[0m [1;30mINFO[0m Creating environment hook '/home/tknika/gral-iiriondo/unitree_ws/install/object_recognition_interfaces/share/object_recognition_interfaces/hook/cmake_prefix_path.ps1'
[3.401s] [34mcolcon.colcon_core.shell[0m [1;30mINFO[0m Creating environment descriptor '/home/tknika/gral-iiriondo/unitree_ws/install/object_recognition_interfaces/share/object_recognition_interfaces/hook/cmake_prefix_path.dsv'
[3.402s] [34mcolcon.colcon_core.shell[0m [1;30mINFO[0m Creating environment hook '/home/tknika/gral-iiriondo/unitree_ws/install/object_recognition_interfaces/share/object_recognition_interfaces/hook/cmake_prefix_path.sh'
[3.403s] [34mcolcon.colcon_core.environment[0m [1;30mLevel 1[0m checking '/home/tknika/gral-iiriondo/unitree_ws/install/object_recognition_interfaces/lib'
[3.403s] [34mcolcon.colcon_core.shell[0m [1;30mLevel 1[0m create_environment_hook('object_recognition_interfaces', 'ld_library_path_lib')
[3.404s] [34mcolcon.colcon_core.shell[0m [1;30mINFO[0m Creating environment hook '/home/tknika/gral-iiriondo/unitree_ws/install/object_recognition_interfaces/share/object_recognition_interfaces/hook/ld_library_path_lib.ps1'
[3.405s] [34mcolcon.colcon_core.shell[0m [1;30mINFO[0m Creating environment descriptor '/home/tknika/gral-iiriondo/unitree_ws/install/object_recognition_interfaces/share/object_recognition_interfaces/hook/ld_library_path_lib.dsv'
[3.405s] [34mcolcon.colcon_core.shell[0m [1;30mINFO[0m Creating environment hook '/home/tknika/gral-iiriondo/unitree_ws/install/object_recognition_interfaces/share/object_recognition_interfaces/hook/ld_library_path_lib.sh'
[3.406s] [34mcolcon.colcon_core.environment[0m [1;30mLevel 1[0m checking '/home/tknika/gral-iiriondo/unitree_ws/install/object_recognition_interfaces/bin'
[3.406s] [34mcolcon.colcon_core.environment[0m [1;30mLevel 1[0m checking '/home/tknika/gral-iiriondo/unitree_ws/install/object_recognition_interfaces/lib/pkgconfig/object_recognition_interfaces.pc'
[3.407s] [34mcolcon.colcon_core.environment[0m [1;30mLevel 1[0m checking '/home/tknika/gral-iiriondo/unitree_ws/install/object_recognition_interfaces/lib/python3.10/site-packages'
[3.408s] [34mcolcon.colcon_core.environment[0m [1;30mLevel 1[0m checking '/home/tknika/gral-iiriondo/unitree_ws/install/object_recognition_interfaces/bin'
[3.408s] [34mcolcon.colcon_core.shell[0m [1;30mINFO[0m Creating package script '/home/tknika/gral-iiriondo/unitree_ws/install/object_recognition_interfaces/share/object_recognition_interfaces/package.ps1'
[3.410s] [34mcolcon.colcon_core.shell[0m [1;30mINFO[0m Creating package descriptor '/home/tknika/gral-iiriondo/unitree_ws/install/object_recognition_interfaces/share/object_recognition_interfaces/package.dsv'
[3.411s] [34mcolcon.colcon_core.shell[0m [1;30mINFO[0m Creating package script '/home/tknika/gral-iiriondo/unitree_ws/install/object_recognition_interfaces/share/object_recognition_interfaces/package.sh'
[3.412s] [34mcolcon.colcon_core.shell[0m [1;30mINFO[0m Creating package script '/home/tknika/gral-iiriondo/unitree_ws/install/object_recognition_interfaces/share/object_recognition_interfaces/package.bash'
[3.413s] [34mcolcon.colcon_core.shell[0m [1;30mINFO[0m Creating package script '/home/tknika/gral-iiriondo/unitree_ws/install/object_recognition_interfaces/share/object_recognition_interfaces/package.zsh'
[3.414s] [34mcolcon.colcon_core.environment[0m [1;30mLevel 1[0m create_file_with_runtime_dependencies(/home/tknika/gral-iiriondo/unitree_ws/install/object_recognition_interfaces/share/colcon-core/packages/object_recognition_interfaces)
[3.416s] [34mcolcon.colcon_ros.task.ament_python.build[0m [1;30mINFO[0m Building ROS package in '/home/tknika/gral-iiriondo/unitree_ws/src/object_recognition' with build type 'ament_python'
[3.417s] [34mcolcon.colcon_core.shell[0m [1;30mLevel 1[0m create_environment_hook('object_recognition', 'ament_prefix_path')
[3.417s] [34mcolcon.colcon_core.shell[0m [1;30mINFO[0m Creating environment hook '/home/tknika/gral-iiriondo/unitree_ws/install/object_recognition/share/object_recognition/hook/ament_prefix_path.ps1'
[3.418s] [34mcolcon.colcon_core.shell[0m [1;30mINFO[0m Creating environment descriptor '/home/tknika/gral-iiriondo/unitree_ws/install/object_recognition/share/object_recognition/hook/ament_prefix_path.dsv'
[3.419s] [34mcolcon.colcon_core.shell[0m [1;30mINFO[0m Creating environment hook '/home/tknika/gral-iiriondo/unitree_ws/install/object_recognition/share/object_recognition/hook/ament_prefix_path.sh'
[3.420s] [34mcolcon.colcon_core.shell[0m [1;30mINFO[0m Skip shell extension 'powershell' for command environment: Not usable outside of PowerShell
[3.420s] [34mcolcon.colcon_core.shell[0m [1;30mDEBUG[0m [32mSkip shell extension 'dsv' for command environment[0m
[3.431s] [34mcolcon.colcon_core.environment[0m [1;30mLevel 1[0m create_environment_scripts_only(speech_to_goal_interfaces)
[3.431s] [34mcolcon.colcon_core.environment[0m [1;30mLevel 1[0m checking '/home/tknika/gral-iiriondo/unitree_ws/install/speech_to_goal_interfaces' for CMake module files
[3.433s] [34mcolcon.colcon_core.environment[0m [1;30mLevel 1[0m checking '/home/tknika/gral-iiriondo/unitree_ws/install/speech_to_goal_interfaces' for CMake config files
[3.434s] [34mcolcon.colcon_core.shell[0m [1;30mLevel 1[0m create_environment_hook('speech_to_goal_interfaces', 'cmake_prefix_path')
[3.435s] [34mcolcon.colcon_core.shell[0m [1;30mINFO[0m Creating environment hook '/home/tknika/gral-iiriondo/unitree_ws/install/speech_to_goal_interfaces/share/speech_to_goal_interfaces/hook/cmake_prefix_path.ps1'
[3.436s] [34mcolcon.colcon_core.event_handler.log_command[0m [1;30mDEBUG[0m [32mInvoked command in '/home/tknika/gral-iiriondo/unitree_ws/build/speech_to_goal_interfaces' returned '0': CMAKE_PREFIX_PATH=${CMAKE_PREFIX_PATH}:/home/tknika/gral-iiriondo/unitree_ws/install/standing_mode:/home/tknika/gral-iiriondo/unitree_ws/install/speech_to_goal:/home/tknika/gral-iiriondo/unitree_ws/install/slam_analysis:/home/tknika/gral-iiriondo/unitree_ws/install/object_recognition:/home/tknika/gral-iiriondo/unitree_ws/install/mapping_configuration:/home/tknika/gral-iiriondo/unitree_ws/install/go1_description:/home/tknika/gral-iiriondo/unitree_ws/install/asr:/home/tknika/gral-iiriondo/unitree_ws/install/aruco_detector:/opt/ros/humble /usr/bin/cmake --install /home/tknika/gral-iiriondo/unitree_ws/build/speech_to_goal_interfaces[0m
[3.437s] [34mcolcon.colcon_core.shell[0m [1;30mINFO[0m Creating environment descriptor '/home/tknika/gral-iiriondo/unitree_ws/install/speech_to_goal_interfaces/share/speech_to_goal_interfaces/hook/cmake_prefix_path.dsv'
[3.438s] [34mcolcon.colcon_core.shell[0m [1;30mINFO[0m Creating environment hook '/home/tknika/gral-iiriondo/unitree_ws/install/speech_to_goal_interfaces/share/speech_to_goal_interfaces/hook/cmake_prefix_path.sh'
[3.439s] [34mcolcon.colcon_core.environment[0m [1;30mLevel 1[0m checking '/home/tknika/gral-iiriondo/unitree_ws/install/speech_to_goal_interfaces/lib'
[3.440s] [34mcolcon.colcon_core.shell[0m [1;30mLevel 1[0m create_environment_hook('speech_to_goal_interfaces', 'ld_library_path_lib')
[3.440s] [34mcolcon.colcon_core.shell[0m [1;30mINFO[0m Creating environment hook '/home/tknika/gral-iiriondo/unitree_ws/install/speech_to_goal_interfaces/share/speech_to_goal_interfaces/hook/ld_library_path_lib.ps1'
[3.441s] [34mcolcon.colcon_core.shell[0m [1;30mINFO[0m Creating environment descriptor '/home/tknika/gral-iiriondo/unitree_ws/install/speech_to_goal_interfaces/share/speech_to_goal_interfaces/hook/ld_library_path_lib.dsv'
[3.442s] [34mcolcon.colcon_core.shell[0m [1;30mINFO[0m Creating environment hook '/home/tknika/gral-iiriondo/unitree_ws/install/speech_to_goal_interfaces/share/speech_to_goal_interfaces/hook/ld_library_path_lib.sh'
[3.443s] [34mcolcon.colcon_core.environment[0m [1;30mLevel 1[0m checking '/home/tknika/gral-iiriondo/unitree_ws/install/speech_to_goal_interfaces/bin'
[3.443s] [34mcolcon.colcon_core.environment[0m [1;30mLevel 1[0m checking '/home/tknika/gral-iiriondo/unitree_ws/install/speech_to_goal_interfaces/lib/pkgconfig/speech_to_goal_interfaces.pc'
[3.443s] [34mcolcon.colcon_core.environment[0m [1;30mLevel 1[0m checking '/home/tknika/gral-iiriondo/unitree_ws/install/speech_to_goal_interfaces/lib/python3.10/site-packages'
[3.444s] [34mcolcon.colcon_core.environment[0m [1;30mLevel 1[0m checking '/home/tknika/gral-iiriondo/unitree_ws/install/speech_to_goal_interfaces/bin'
[3.445s] [34mcolcon.colcon_core.shell[0m [1;30mINFO[0m Creating package script '/home/tknika/gral-iiriondo/unitree_ws/install/speech_to_goal_interfaces/share/speech_to_goal_interfaces/package.ps1'
[3.446s] [34mcolcon.colcon_core.shell[0m [1;30mINFO[0m Creating package descriptor '/home/tknika/gral-iiriondo/unitree_ws/install/speech_to_goal_interfaces/share/speech_to_goal_interfaces/package.dsv'
[3.447s] [34mcolcon.colcon_core.shell[0m [1;30mINFO[0m Creating package script '/home/tknika/gral-iiriondo/unitree_ws/install/speech_to_goal_interfaces/share/speech_to_goal_interfaces/package.sh'
[3.448s] [34mcolcon.colcon_core.shell[0m [1;30mINFO[0m Creating package script '/home/tknika/gral-iiriondo/unitree_ws/install/speech_to_goal_interfaces/share/speech_to_goal_interfaces/package.bash'
[3.449s] [34mcolcon.colcon_core.shell[0m [1;30mINFO[0m Creating package script '/home/tknika/gral-iiriondo/unitree_ws/install/speech_to_goal_interfaces/share/speech_to_goal_interfaces/package.zsh'
[3.449s] [34mcolcon.colcon_core.environment[0m [1;30mLevel 1[0m create_file_with_runtime_dependencies(/home/tknika/gral-iiriondo/unitree_ws/install/speech_to_goal_interfaces/share/colcon-core/packages/speech_to_goal_interfaces)
[3.451s] [34mcolcon.colcon_core.environment[0m [1;30mLevel 1[0m create_environment_scripts_only(speech_to_goal_interfaces)
[3.451s] [34mcolcon.colcon_core.environment[0m [1;30mLevel 1[0m checking '/home/tknika/gral-iiriondo/unitree_ws/install/speech_to_goal_interfaces' for CMake module files
[3.453s] [34mcolcon.colcon_core.environment[0m [1;30mLevel 1[0m checking '/home/tknika/gral-iiriondo/unitree_ws/install/speech_to_goal_interfaces' for CMake config files
[3.455s] [34mcolcon.colcon_core.shell[0m [1;30mLevel 1[0m create_environment_hook('speech_to_goal_interfaces', 'cmake_prefix_path')
[3.455s] [34mcolcon.colcon_core.shell[0m [1;30mINFO[0m Creating environment hook '/home/tknika/gral-iiriondo/unitree_ws/install/speech_to_goal_interfaces/share/speech_to_goal_interfaces/hook/cmake_prefix_path.ps1'
[3.456s] [34mcolcon.colcon_core.shell[0m [1;30mINFO[0m Creating environment descriptor '/home/tknika/gral-iiriondo/unitree_ws/install/speech_to_goal_interfaces/share/speech_to_goal_interfaces/hook/cmake_prefix_path.dsv'
[3.457s] [34mcolcon.colcon_core.shell[0m [1;30mINFO[0m Creating environment hook '/home/tknika/gral-iiriondo/unitree_ws/install/speech_to_goal_interfaces/share/speech_to_goal_interfaces/hook/cmake_prefix_path.sh'
[3.459s] [34mcolcon.colcon_core.environment[0m [1;30mLevel 1[0m checking '/home/tknika/gral-iiriondo/unitree_ws/install/speech_to_goal_interfaces/lib'
[3.459s] [34mcolcon.colcon_core.shell[0m [1;30mLevel 1[0m create_environment_hook('speech_to_goal_interfaces', 'ld_library_path_lib')
[3.459s] [34mcolcon.colcon_core.shell[0m [1;30mINFO[0m Creating environment hook '/home/tknika/gral-iiriondo/unitree_ws/install/speech_to_goal_interfaces/share/speech_to_goal_interfaces/hook/ld_library_path_lib.ps1'
[3.460s] [34mcolcon.colcon_core.shell[0m [1;30mINFO[0m Creating environment descriptor '/home/tknika/gral-iiriondo/unitree_ws/install/speech_to_goal_interfaces/share/speech_to_goal_interfaces/hook/ld_library_path_lib.dsv'
[3.461s] [34mcolcon.colcon_core.shell[0m [1;30mINFO[0m Creating environment hook '/home/tknika/gral-iiriondo/unitree_ws/install/speech_to_goal_interfaces/share/speech_to_goal_interfaces/hook/ld_library_path_lib.sh'
[3.462s] [34mcolcon.colcon_core.environment[0m [1;30mLevel 1[0m checking '/home/tknika/gral-iiriondo/unitree_ws/install/speech_to_goal_interfaces/bin'
[3.462s] [34mcolcon.colcon_core.environment[0m [1;30mLevel 1[0m checking '/home/tknika/gral-iiriondo/unitree_ws/install/speech_to_goal_interfaces/lib/pkgconfig/speech_to_goal_interfaces.pc'
[3.463s] [34mcolcon.colcon_core.environment[0m [1;30mLevel 1[0m checking '/home/tknika/gral-iiriondo/unitree_ws/install/speech_to_goal_interfaces/lib/python3.10/site-packages'
[3.463s] [34mcolcon.colcon_core.environment[0m [1;30mLevel 1[0m checking '/home/tknika/gral-iiriondo/unitree_ws/install/speech_to_goal_interfaces/bin'
[3.464s] [34mcolcon.colcon_core.shell[0m [1;30mINFO[0m Creating package script '/home/tknika/gral-iiriondo/unitree_ws/install/speech_to_goal_interfaces/share/speech_to_goal_interfaces/package.ps1'
[3.466s] [34mcolcon.colcon_core.shell[0m [1;30mINFO[0m Creating package descriptor '/home/tknika/gral-iiriondo/unitree_ws/install/speech_to_goal_interfaces/share/speech_to_goal_interfaces/package.dsv'
[3.467s] [34mcolcon.colcon_core.shell[0m [1;30mINFO[0m Creating package script '/home/tknika/gral-iiriondo/unitree_ws/install/speech_to_goal_interfaces/share/speech_to_goal_interfaces/package.sh'
[3.469s] [34mcolcon.colcon_core.shell[0m [1;30mINFO[0m Creating package script '/home/tknika/gral-iiriondo/unitree_ws/install/speech_to_goal_interfaces/share/speech_to_goal_interfaces/package.bash'
[3.470s] [34mcolcon.colcon_core.shell[0m [1;30mINFO[0m Creating package script '/home/tknika/gral-iiriondo/unitree_ws/install/speech_to_goal_interfaces/share/speech_to_goal_interfaces/package.zsh'
[3.470s] [34mcolcon.colcon_core.environment[0m [1;30mLevel 1[0m create_file_with_runtime_dependencies(/home/tknika/gral-iiriondo/unitree_ws/install/speech_to_goal_interfaces/share/colcon-core/packages/speech_to_goal_interfaces)
[3.473s] [34mcolcon.colcon_ros.task.ament_python.build[0m [1;30mINFO[0m Building ROS package in '/home/tknika/gral-iiriondo/unitree_ws/src/speech_to_goal' with build type 'ament_python'
[3.473s] [34mcolcon.colcon_core.shell[0m [1;30mLevel 1[0m create_environment_hook('speech_to_goal', 'ament_prefix_path')
[3.474s] [34mcolcon.colcon_core.shell[0m [1;30mINFO[0m Creating environment hook '/home/tknika/gral-iiriondo/unitree_ws/install/speech_to_goal/share/speech_to_goal/hook/ament_prefix_path.ps1'
[3.475s] [34mcolcon.colcon_core.shell[0m [1;30mINFO[0m Creating environment descriptor '/home/tknika/gral-iiriondo/unitree_ws/install/speech_to_goal/share/speech_to_goal/hook/ament_prefix_path.dsv'
[3.476s] [34mcolcon.colcon_core.shell[0m [1;30mINFO[0m Creating environment hook '/home/tknika/gral-iiriondo/unitree_ws/install/speech_to_goal/share/speech_to_goal/hook/ament_prefix_path.sh'
[3.477s] [34mcolcon.colcon_core.shell[0m [1;30mINFO[0m Skip shell extension 'powershell' for command environment: Not usable outside of PowerShell
[3.477s] [34mcolcon.colcon_core.shell[0m [1;30mDEBUG[0m [32mSkip shell extension 'dsv' for command environment[0m
[3.974s] [34mcolcon.colcon_core.task.python.build[0m [1;30mINFO[0m Building Python package in '/home/tknika/gral-iiriondo/unitree_ws/src/aruco_detector'
[3.975s] [34mcolcon.colcon_core.shell[0m [1;30mINFO[0m Skip shell extension 'powershell' for command environment: Not usable outside of PowerShell
[3.975s] [34mcolcon.colcon_core.shell[0m [1;30mDEBUG[0m [32mSkip shell extension 'dsv' for command environment[0m
[4.489s] [34mcolcon.colcon_core.task.python.build[0m [1;30mINFO[0m Building Python package in '/home/tknika/gral-iiriondo/unitree_ws/src/object_recognition'
[4.490s] [34mcolcon.colcon_core.shell[0m [1;30mINFO[0m Skip shell extension 'powershell' for command environment: Not usable outside of PowerShell
[4.491s] [34mcolcon.colcon_core.shell[0m [1;30mDEBUG[0m [32mSkip shell extension 'dsv' for command environment[0m
[4.986s] [34mcolcon.colcon_core.task.python.build[0m [1;30mINFO[0m Building Python package in '/home/tknika/gral-iiriondo/unitree_ws/src/speech_to_goal'
[4.987s] [34mcolcon.colcon_core.shell[0m [1;30mINFO[0m Skip shell extension 'powershell' for command environment: Not usable outside of PowerShell
[4.987s] [34mcolcon.colcon_core.shell[0m [1;30mDEBUG[0m [32mSkip shell extension 'dsv' for command environment[0m
[5.017s] [34mcolcon.colcon_core.event_handler.log_command[0m [1;30mDEBUG[0m [32mInvoking command in '/home/tknika/gral-iiriondo/unitree_ws/build/asr': PYTHONPATH=/home/tknika/gral-iiriondo/unitree_ws/build/asr/prefix_override:/usr/lib/python3/dist-packages/colcon_core/task/python/colcon_distutils_commands:/home/tknika/gral-iiriondo/unitree_ws/install/asr/lib/python3.10/site-packages:${PYTHONPATH} /usr/bin/python3 -W ignore:setup.py install is deprecated -W ignore:easy_install command is deprecated setup.py develop --editable --build-directory /home/tknika/gral-iiriondo/unitree_ws/build/asr/build --no-deps symlink_data[0m
[5.023s] [34mcolcon.colcon_core.event_handler.log_command[0m [1;30mDEBUG[0m [32mInvoking command in '/home/tknika/gral-iiriondo/unitree_ws/build/mapping_configuration': PYTHONPATH=/home/tknika/gral-iiriondo/unitree_ws/build/mapping_configuration/prefix_override:/usr/lib/python3/dist-packages/colcon_core/task/python/colcon_distutils_commands:/home/tknika/gral-iiriondo/unitree_ws/install/mapping_configuration/lib/python3.10/site-packages:${PYTHONPATH} /usr/bin/python3 -W ignore:setup.py install is deprecated -W ignore:easy_install command is deprecated setup.py develop --editable --build-directory /home/tknika/gral-iiriondo/unitree_ws/build/mapping_configuration/build --no-deps symlink_data[0m
[5.028s] [34mcolcon.colcon_core.event_handler.log_command[0m [1;30mDEBUG[0m [32mInvoking command in '/home/tknika/gral-iiriondo/unitree_ws/build/standing_mode': PYTHONPATH=/home/tknika/gral-iiriondo/unitree_ws/build/standing_mode/prefix_override:/usr/lib/python3/dist-packages/colcon_core/task/python/colcon_distutils_commands:/home/tknika/gral-iiriondo/unitree_ws/install/standing_mode/lib/python3.10/site-packages:${PYTHONPATH} /usr/bin/python3 -W ignore:setup.py install is deprecated -W ignore:easy_install command is deprecated setup.py develop --editable --build-directory /home/tknika/gral-iiriondo/unitree_ws/build/standing_mode/build --no-deps symlink_data[0m
[5.038s] [34mcolcon.colcon_core.event_handler.log_command[0m [1;30mDEBUG[0m [32mInvoking command in '/home/tknika/gral-iiriondo/unitree_ws/build/go1_description': PYTHONPATH=/home/tknika/gral-iiriondo/unitree_ws/build/go1_description/prefix_override:/usr/lib/python3/dist-packages/colcon_core/task/python/colcon_distutils_commands:/home/tknika/gral-iiriondo/unitree_ws/install/go1_description/lib/python3.10/site-packages:${PYTHONPATH} /usr/bin/python3 -W ignore:setup.py install is deprecated -W ignore:easy_install command is deprecated setup.py develop --editable --build-directory /home/tknika/gral-iiriondo/unitree_ws/build/go1_description/build --no-deps symlink_data[0m
[6.100s] [34mcolcon.colcon_core.event_handler.log_command[0m [1;30mDEBUG[0m [32mInvoking command in '/home/tknika/gral-iiriondo/unitree_ws/build/aruco_detector': CMAKE_PREFIX_PATH=/home/tknika/gral-iiriondo/unitree_ws/install/aruco_markers_msgs:/home/tknika/gral-iiriondo/unitree_ws/install/speech_to_goal_interfaces:/home/tknika/gral-iiriondo/unitree_ws/install/object_recognition_interfaces LD_LIBRARY_PATH=/home/tknika/gral-iiriondo/unitree_ws/install/aruco_markers_msgs/lib:/home/tknika/gral-iiriondo/unitree_ws/install/speech_to_goal_interfaces/lib:/home/tknika/gral-iiriondo/unitree_ws/install/object_recognition_interfaces/lib:/usr/lib/aarch64-linux-gnu/nvidia:/usr/local/cuda/lib64:/opt/ros/humble/opt/rviz_ogre_vendor/lib:/opt/ros/humble/lib/aarch64-linux-gnu:/opt/ros/humble/lib:/usr/local/cuda-12.6/lib64 PYTHONPATH=/home/tknika/gral-iiriondo/unitree_ws/build/aruco_detector/prefix_override:/usr/lib/python3/dist-packages/colcon_core/task/python/colcon_distutils_commands:/home/tknika/gral-iiriondo/unitree_ws/install/aruco_detector/lib/python3.10/site-packages:${PYTHONPATH} /usr/bin/python3 -W ignore:setup.py install is deprecated -W ignore:easy_install command is deprecated setup.py develop --editable --build-directory /home/tknika/gral-iiriondo/unitree_ws/build/aruco_detector/build --no-deps symlink_data[0m
[6.172s] [34mcolcon.colcon_core.event_handler.log_command[0m [1;30mDEBUG[0m [32mInvoking command in '/home/tknika/gral-iiriondo/unitree_ws/build/speech_to_goal': LD_LIBRARY_PATH=/home/tknika/gral-iiriondo/unitree_ws/install/speech_to_goal_interfaces/lib:/home/tknika/gral-iiriondo/unitree_ws/install/object_recognition_interfaces/lib:/home/tknika/gral-iiriondo/unitree_ws/install/aruco_markers_msgs/lib:/usr/lib/aarch64-linux-gnu/nvidia:/usr/local/cuda/lib64:/opt/ros/humble/opt/rviz_ogre_vendor/lib:/opt/ros/humble/lib/aarch64-linux-gnu:/opt/ros/humble/lib:/usr/local/cuda-12.6/lib64 PYTHONPATH=/home/tknika/gral-iiriondo/unitree_ws/build/speech_to_goal/prefix_override:/usr/lib/python3/dist-packages/colcon_core/task/python/colcon_distutils_commands:/home/tknika/gral-iiriondo/unitree_ws/install/speech_to_goal/lib/python3.10/site-packages:${PYTHONPATH} /usr/bin/python3 -W ignore:setup.py install is deprecated -W ignore:easy_install command is deprecated setup.py develop --editable --build-directory /home/tknika/gral-iiriondo/unitree_ws/build/speech_to_goal/build --no-deps symlink_data[0m
[6.363s] [34mcolcon.colcon_core.event_handler.log_command[0m [1;30mDEBUG[0m [32mInvoking command in '/home/tknika/gral-iiriondo/unitree_ws/build/object_recognition': CMAKE_PREFIX_PATH=/home/tknika/gral-iiriondo/unitree_ws/install/object_recognition_interfaces:/home/tknika/gral-iiriondo/unitree_ws/install/speech_to_goal_interfaces:/home/tknika/gral-iiriondo/unitree_ws/install/aruco_markers_msgs LD_LIBRARY_PATH=/home/tknika/gral-iiriondo/unitree_ws/install/object_recognition_interfaces/lib:/home/tknika/gral-iiriondo/unitree_ws/install/speech_to_goal_interfaces/lib:/home/tknika/gral-iiriondo/unitree_ws/install/aruco_markers_msgs/lib:/usr/lib/aarch64-linux-gnu/nvidia:/usr/local/cuda/lib64:/opt/ros/humble/opt/rviz_ogre_vendor/lib:/opt/ros/humble/lib/aarch64-linux-gnu:/opt/ros/humble/lib:/usr/local/cuda-12.6/lib64 PYTHONPATH=/home/tknika/gral-iiriondo/unitree_ws/build/object_recognition/prefix_override:/usr/lib/python3/dist-packages/colcon_core/task/python/colcon_distutils_commands:/home/tknika/gral-iiriondo/unitree_ws/install/object_recognition/lib/python3.10/site-packages:${PYTHONPATH} /usr/bin/python3 -W ignore:setup.py install is deprecated -W ignore:easy_install command is deprecated setup.py develop --editable --build-directory /home/tknika/gral-iiriondo/unitree_ws/build/object_recognition/build --no-deps symlink_data[0m
[6.436s] [34mcolcon.colcon_core.shell[0m [1;30mLevel 1[0m create_environment_hook('asr', 'pythonpath_develop')
[6.437s] [34mcolcon.colcon_core.shell[0m [1;30mINFO[0m Creating environment hook '/home/tknika/gral-iiriondo/unitree_ws/build/asr/share/asr/hook/pythonpath_develop.ps1'
[6.439s] [34mcolcon.colcon_core.event_handler.log_command[0m [1;30mDEBUG[0m [32mInvoked command in '/home/tknika/gral-iiriondo/unitree_ws/build/asr' returned '0': PYTHONPATH=/home/tknika/gral-iiriondo/unitree_ws/build/asr/prefix_override:/usr/lib/python3/dist-packages/colcon_core/task/python/colcon_distutils_commands:/home/tknika/gral-iiriondo/unitree_ws/install/asr/lib/python3.10/site-packages:${PYTHONPATH} /usr/bin/python3 -W ignore:setup.py install is deprecated -W ignore:easy_install command is deprecated setup.py develop --editable --build-directory /home/tknika/gral-iiriondo/unitree_ws/build/asr/build --no-deps symlink_data[0m
[6.441s] [34mcolcon.colcon_core.shell[0m [1;30mINFO[0m Creating environment descriptor '/home/tknika/gral-iiriondo/unitree_ws/build/asr/share/asr/hook/pythonpath_develop.dsv'
[6.442s] [34mcolcon.colcon_core.shell[0m [1;30mINFO[0m Creating environment hook '/home/tknika/gral-iiriondo/unitree_ws/build/asr/share/asr/hook/pythonpath_develop.sh'
[6.444s] [34mcolcon.colcon_core.environment[0m [1;30mLevel 1[0m checking '/home/tknika/gral-iiriondo/unitree_ws/install/asr' for CMake module files
[6.446s] [34mcolcon.colcon_core.environment[0m [1;30mLevel 1[0m checking '/home/tknika/gral-iiriondo/unitree_ws/install/asr' for CMake config files
[6.447s] [34mcolcon.colcon_core.environment[0m [1;30mLevel 1[0m checking '/home/tknika/gral-iiriondo/unitree_ws/install/asr/lib'
[6.447s] [34mcolcon.colcon_core.environment[0m [1;30mLevel 1[0m checking '/home/tknika/gral-iiriondo/unitree_ws/install/asr/bin'
[6.447s] [34mcolcon.colcon_core.environment[0m [1;30mLevel 1[0m checking '/home/tknika/gral-iiriondo/unitree_ws/install/asr/lib/pkgconfig/asr.pc'
[6.448s] [34mcolcon.colcon_core.environment[0m [1;30mLevel 1[0m checking '/home/tknika/gral-iiriondo/unitree_ws/install/asr/lib/python3.10/site-packages'
[6.448s] [34mcolcon.colcon_core.shell[0m [1;30mLevel 1[0m create_environment_hook('asr', 'pythonpath')
[6.449s] [34mcolcon.colcon_core.shell[0m [1;30mINFO[0m Creating environment hook '/home/tknika/gral-iiriondo/unitree_ws/install/asr/share/asr/hook/pythonpath.ps1'
[6.450s] [34mcolcon.colcon_core.shell[0m [1;30mINFO[0m Creating environment descriptor '/home/tknika/gral-iiriondo/unitree_ws/install/asr/share/asr/hook/pythonpath.dsv'
[6.451s] [34mcolcon.colcon_core.shell[0m [1;30mINFO[0m Creating environment hook '/home/tknika/gral-iiriondo/unitree_ws/install/asr/share/asr/hook/pythonpath.sh'
[6.452s] [34mcolcon.colcon_core.environment[0m [1;30mLevel 1[0m checking '/home/tknika/gral-iiriondo/unitree_ws/install/asr/bin'
[6.453s] [34mcolcon.colcon_core.environment[0m [1;30mLevel 1[0m create_environment_scripts_only(asr)
[6.453s] [34mcolcon.colcon_core.shell[0m [1;30mINFO[0m Creating package script '/home/tknika/gral-iiriondo/unitree_ws/install/asr/share/asr/package.ps1'
[6.455s] [34mcolcon.colcon_core.shell[0m [1;30mINFO[0m Creating package descriptor '/home/tknika/gral-iiriondo/unitree_ws/install/asr/share/asr/package.dsv'
[6.457s] [34mcolcon.colcon_core.shell[0m [1;30mINFO[0m Creating package script '/home/tknika/gral-iiriondo/unitree_ws/install/asr/share/asr/package.sh'
[6.458s] [34mcolcon.colcon_core.shell[0m [1;30mINFO[0m Creating package script '/home/tknika/gral-iiriondo/unitree_ws/install/asr/share/asr/package.bash'
[6.459s] [34mcolcon.colcon_core.shell[0m [1;30mINFO[0m Creating package script '/home/tknika/gral-iiriondo/unitree_ws/install/asr/share/asr/package.zsh'
[6.460s] [34mcolcon.colcon_core.environment[0m [1;30mLevel 1[0m create_file_with_runtime_dependencies(/home/tknika/gral-iiriondo/unitree_ws/install/asr/share/colcon-core/packages/asr)
[6.462s] [34mcolcon.colcon_core.shell[0m [1;30mLevel 1[0m create_environment_hook('mapping_configuration', 'pythonpath_develop')
[6.463s] [34mcolcon.colcon_core.shell[0m [1;30mINFO[0m Creating environment hook '/home/tknika/gral-iiriondo/unitree_ws/build/mapping_configuration/share/mapping_configuration/hook/pythonpath_develop.ps1'
[6.464s] [34mcolcon.colcon_core.event_handler.log_command[0m [1;30mDEBUG[0m [32mInvoked command in '/home/tknika/gral-iiriondo/unitree_ws/build/mapping_configuration' returned '0': PYTHONPATH=/home/tknika/gral-iiriondo/unitree_ws/build/mapping_configuration/prefix_override:/usr/lib/python3/dist-packages/colcon_core/task/python/colcon_distutils_commands:/home/tknika/gral-iiriondo/unitree_ws/install/mapping_configuration/lib/python3.10/site-packages:${PYTHONPATH} /usr/bin/python3 -W ignore:setup.py install is deprecated -W ignore:easy_install command is deprecated setup.py develop --editable --build-directory /home/tknika/gral-iiriondo/unitree_ws/build/mapping_configuration/build --no-deps symlink_data[0m
[6.465s] [34mcolcon.colcon_core.shell[0m [1;30mINFO[0m Creating environment descriptor '/home/tknika/gral-iiriondo/unitree_ws/build/mapping_configuration/share/mapping_configuration/hook/pythonpath_develop.dsv'
[6.466s] [34mcolcon.colcon_core.shell[0m [1;30mINFO[0m Creating environment hook '/home/tknika/gral-iiriondo/unitree_ws/build/mapping_configuration/share/mapping_configuration/hook/pythonpath_develop.sh'
[6.467s] [34mcolcon.colcon_core.environment[0m [1;30mLevel 1[0m checking '/home/tknika/gral-iiriondo/unitree_ws/install/mapping_configuration' for CMake module files
[6.468s] [34mcolcon.colcon_core.environment[0m [1;30mLevel 1[0m checking '/home/tknika/gral-iiriondo/unitree_ws/install/mapping_configuration' for CMake config files
[6.469s] [34mcolcon.colcon_core.environment[0m [1;30mLevel 1[0m checking '/home/tknika/gral-iiriondo/unitree_ws/install/mapping_configuration/lib'
[6.469s] [34mcolcon.colcon_core.environment[0m [1;30mLevel 1[0m checking '/home/tknika/gral-iiriondo/unitree_ws/install/mapping_configuration/bin'
[6.469s] [34mcolcon.colcon_core.environment[0m [1;30mLevel 1[0m checking '/home/tknika/gral-iiriondo/unitree_ws/install/mapping_configuration/lib/pkgconfig/mapping_configuration.pc'
[6.470s] [34mcolcon.colcon_core.environment[0m [1;30mLevel 1[0m checking '/home/tknika/gral-iiriondo/unitree_ws/install/mapping_configuration/lib/python3.10/site-packages'
[6.470s] [34mcolcon.colcon_core.shell[0m [1;30mLevel 1[0m create_environment_hook('mapping_configuration', 'pythonpath')
[6.471s] [34mcolcon.colcon_core.shell[0m [1;30mINFO[0m Creating environment hook '/home/tknika/gral-iiriondo/unitree_ws/install/mapping_configuration/share/mapping_configuration/hook/pythonpath.ps1'
[6.472s] [34mcolcon.colcon_core.shell[0m [1;30mINFO[0m Creating environment descriptor '/home/tknika/gral-iiriondo/unitree_ws/install/mapping_configuration/share/mapping_configuration/hook/pythonpath.dsv'
[6.473s] [34mcolcon.colcon_core.shell[0m [1;30mINFO[0m Creating environment hook '/home/tknika/gral-iiriondo/unitree_ws/install/mapping_configuration/share/mapping_configuration/hook/pythonpath.sh'
[6.475s] [34mcolcon.colcon_core.environment[0m [1;30mLevel 1[0m checking '/home/tknika/gral-iiriondo/unitree_ws/install/mapping_configuration/bin'
[6.475s] [34mcolcon.colcon_core.environment[0m [1;30mLevel 1[0m create_environment_scripts_only(mapping_configuration)
[6.476s] [34mcolcon.colcon_core.shell[0m [1;30mINFO[0m Creating package script '/home/tknika/gral-iiriondo/unitree_ws/install/mapping_configuration/share/mapping_configuration/package.ps1'
[6.478s] [34mcolcon.colcon_core.shell[0m [1;30mINFO[0m Creating package descriptor '/home/tknika/gral-iiriondo/unitree_ws/install/mapping_configuration/share/mapping_configuration/package.dsv'
[6.479s] [34mcolcon.colcon_core.shell[0m [1;30mINFO[0m Creating package script '/home/tknika/gral-iiriondo/unitree_ws/install/mapping_configuration/share/mapping_configuration/package.sh'
[6.480s] [34mcolcon.colcon_core.shell[0m [1;30mINFO[0m Creating package script '/home/tknika/gral-iiriondo/unitree_ws/install/mapping_configuration/share/mapping_configuration/package.bash'
[6.481s] [34mcolcon.colcon_core.shell[0m [1;30mINFO[0m Creating package script '/home/tknika/gral-iiriondo/unitree_ws/install/mapping_configuration/share/mapping_configuration/package.zsh'
[6.481s] [34mcolcon.colcon_core.environment[0m [1;30mLevel 1[0m create_file_with_runtime_dependencies(/home/tknika/gral-iiriondo/unitree_ws/install/mapping_configuration/share/colcon-core/packages/mapping_configuration)
[6.483s] [34mcolcon.colcon_core.shell[0m [1;30mLevel 1[0m create_environment_hook('go1_description', 'pythonpath_develop')
[6.483s] [34mcolcon.colcon_core.shell[0m [1;30mINFO[0m Creating environment hook '/home/tknika/gral-iiriondo/unitree_ws/build/go1_description/share/go1_description/hook/pythonpath_develop.ps1'
[6.484s] [34mcolcon.colcon_core.shell[0m [1;30mINFO[0m Creating environment descriptor '/home/tknika/gral-iiriondo/unitree_ws/build/go1_description/share/go1_description/hook/pythonpath_develop.dsv'
[6.486s] [34mcolcon.colcon_core.event_handler.log_command[0m [1;30mDEBUG[0m [32mInvoked command in '/home/tknika/gral-iiriondo/unitree_ws/build/go1_description' returned '0': PYTHONPATH=/home/tknika/gral-iiriondo/unitree_ws/build/go1_description/prefix_override:/usr/lib/python3/dist-packages/colcon_core/task/python/colcon_distutils_commands:/home/tknika/gral-iiriondo/unitree_ws/install/go1_description/lib/python3.10/site-packages:${PYTHONPATH} /usr/bin/python3 -W ignore:setup.py install is deprecated -W ignore:easy_install command is deprecated setup.py develop --editable --build-directory /home/tknika/gral-iiriondo/unitree_ws/build/go1_description/build --no-deps symlink_data[0m
[6.486s] [34mcolcon.colcon_core.shell[0m [1;30mINFO[0m Creating environment hook '/home/tknika/gral-iiriondo/unitree_ws/build/go1_description/share/go1_description/hook/pythonpath_develop.sh'
[6.488s] [34mcolcon.colcon_core.environment[0m [1;30mLevel 1[0m checking '/home/tknika/gral-iiriondo/unitree_ws/install/go1_description' for CMake module files
[6.488s] [34mcolcon.colcon_core.environment[0m [1;30mLevel 1[0m checking '/home/tknika/gral-iiriondo/unitree_ws/install/go1_description' for CMake config files
[6.490s] [34mcolcon.colcon_core.environment[0m [1;30mLevel 1[0m checking '/home/tknika/gral-iiriondo/unitree_ws/install/go1_description/lib'
[6.490s] [34mcolcon.colcon_core.environment[0m [1;30mLevel 1[0m checking '/home/tknika/gral-iiriondo/unitree_ws/install/go1_description/bin'
[6.490s] [34mcolcon.colcon_core.environment[0m [1;30mLevel 1[0m checking '/home/tknika/gral-iiriondo/unitree_ws/install/go1_description/lib/pkgconfig/go1_description.pc'
[6.491s] [34mcolcon.colcon_core.environment[0m [1;30mLevel 1[0m checking '/home/tknika/gral-iiriondo/unitree_ws/install/go1_description/lib/python3.10/site-packages'
[6.491s] [34mcolcon.colcon_core.shell[0m [1;30mLevel 1[0m create_environment_hook('go1_description', 'pythonpath')
[6.491s] [34mcolcon.colcon_core.shell[0m [1;30mINFO[0m Creating environment hook '/home/tknika/gral-iiriondo/unitree_ws/install/go1_description/share/go1_description/hook/pythonpath.ps1'
[6.492s] [34mcolcon.colcon_core.shell[0m [1;30mINFO[0m Creating environment descriptor '/home/tknika/gral-iiriondo/unitree_ws/install/go1_description/share/go1_description/hook/pythonpath.dsv'
[6.493s] [34mcolcon.colcon_core.shell[0m [1;30mINFO[0m Creating environment hook '/home/tknika/gral-iiriondo/unitree_ws/install/go1_description/share/go1_description/hook/pythonpath.sh'
[6.495s] [34mcolcon.colcon_core.environment[0m [1;30mLevel 1[0m checking '/home/tknika/gral-iiriondo/unitree_ws/install/go1_description/bin'
[6.495s] [34mcolcon.colcon_core.environment[0m [1;30mLevel 1[0m create_environment_scripts_only(go1_description)
[6.496s] [34mcolcon.colcon_core.shell[0m [1;30mINFO[0m Creating package script '/home/tknika/gral-iiriondo/unitree_ws/install/go1_description/share/go1_description/package.ps1'
[6.498s] [34mcolcon.colcon_core.shell[0m [1;30mINFO[0m Creating package descriptor '/home/tknika/gral-iiriondo/unitree_ws/install/go1_description/share/go1_description/package.dsv'
[6.499s] [34mcolcon.colcon_core.shell[0m [1;30mINFO[0m Creating package script '/home/tknika/gral-iiriondo/unitree_ws/install/go1_description/share/go1_description/package.sh'
[6.500s] [34mcolcon.colcon_core.shell[0m [1;30mINFO[0m Creating package script '/home/tknika/gral-iiriondo/unitree_ws/install/go1_description/share/go1_description/package.bash'
[6.500s] [34mcolcon.colcon_core.shell[0m [1;30mINFO[0m Creating package script '/home/tknika/gral-iiriondo/unitree_ws/install/go1_description/share/go1_description/package.zsh'
[6.501s] [34mcolcon.colcon_core.environment[0m [1;30mLevel 1[0m create_file_with_runtime_dependencies(/home/tknika/gral-iiriondo/unitree_ws/install/go1_description/share/colcon-core/packages/go1_description)
[6.504s] [34mcolcon.colcon_core.shell[0m [1;30mLevel 1[0m create_environment_hook('standing_mode', 'pythonpath_develop')
[6.504s] [34mcolcon.colcon_core.shell[0m [1;30mINFO[0m Creating environment hook '/home/tknika/gral-iiriondo/unitree_ws/build/standing_mode/share/standing_mode/hook/pythonpath_develop.ps1'
[6.505s] [34mcolcon.colcon_core.event_handler.log_command[0m [1;30mDEBUG[0m [32mInvoked command in '/home/tknika/gral-iiriondo/unitree_ws/build/standing_mode' returned '0': PYTHONPATH=/home/tknika/gral-iiriondo/unitree_ws/build/standing_mode/prefix_override:/usr/lib/python3/dist-packages/colcon_core/task/python/colcon_distutils_commands:/home/tknika/gral-iiriondo/unitree_ws/install/standing_mode/lib/python3.10/site-packages:${PYTHONPATH} /usr/bin/python3 -W ignore:setup.py install is deprecated -W ignore:easy_install command is deprecated setup.py develop --editable --build-directory /home/tknika/gral-iiriondo/unitree_ws/build/standing_mode/build --no-deps symlink_data[0m
[6.506s] [34mcolcon.colcon_core.shell[0m [1;30mINFO[0m Creating environment descriptor '/home/tknika/gral-iiriondo/unitree_ws/build/standing_mode/share/standing_mode/hook/pythonpath_develop.dsv'
[6.507s] [34mcolcon.colcon_core.shell[0m [1;30mINFO[0m Creating environment hook '/home/tknika/gral-iiriondo/unitree_ws/build/standing_mode/share/standing_mode/hook/pythonpath_develop.sh'
[6.508s] [34mcolcon.colcon_core.environment[0m [1;30mLevel 1[0m checking '/home/tknika/gral-iiriondo/unitree_ws/install/standing_mode' for CMake module files
[6.509s] [34mcolcon.colcon_core.environment[0m [1;30mLevel 1[0m checking '/home/tknika/gral-iiriondo/unitree_ws/install/standing_mode' for CMake config files
[6.510s] [34mcolcon.colcon_core.environment[0m [1;30mLevel 1[0m checking '/home/tknika/gral-iiriondo/unitree_ws/install/standing_mode/lib'
[6.510s] [34mcolcon.colcon_core.environment[0m [1;30mLevel 1[0m checking '/home/tknika/gral-iiriondo/unitree_ws/install/standing_mode/bin'
[6.510s] [34mcolcon.colcon_core.environment[0m [1;30mLevel 1[0m checking '/home/tknika/gral-iiriondo/unitree_ws/install/standing_mode/lib/pkgconfig/standing_mode.pc'
[6.511s] [34mcolcon.colcon_core.environment[0m [1;30mLevel 1[0m checking '/home/tknika/gral-iiriondo/unitree_ws/install/standing_mode/lib/python3.10/site-packages'
[6.511s] [34mcolcon.colcon_core.shell[0m [1;30mLevel 1[0m create_environment_hook('standing_mode', 'pythonpath')
[6.511s] [34mcolcon.colcon_core.shell[0m [1;30mINFO[0m Creating environment hook '/home/tknika/gral-iiriondo/unitree_ws/install/standing_mode/share/standing_mode/hook/pythonpath.ps1'
[6.512s] [34mcolcon.colcon_core.shell[0m [1;30mINFO[0m Creating environment descriptor '/home/tknika/gral-iiriondo/unitree_ws/install/standing_mode/share/standing_mode/hook/pythonpath.dsv'
[6.513s] [34mcolcon.colcon_core.shell[0m [1;30mINFO[0m Creating environment hook '/home/tknika/gral-iiriondo/unitree_ws/install/standing_mode/share/standing_mode/hook/pythonpath.sh'
[6.515s] [34mcolcon.colcon_core.environment[0m [1;30mLevel 1[0m checking '/home/tknika/gral-iiriondo/unitree_ws/install/standing_mode/bin'
[6.515s] [34mcolcon.colcon_core.environment[0m [1;30mLevel 1[0m create_environment_scripts_only(standing_mode)
[6.516s] [34mcolcon.colcon_core.shell[0m [1;30mINFO[0m Creating package script '/home/tknika/gral-iiriondo/unitree_ws/install/standing_mode/share/standing_mode/package.ps1'
[6.517s] [34mcolcon.colcon_core.shell[0m [1;30mINFO[0m Creating package descriptor '/home/tknika/gral-iiriondo/unitree_ws/install/standing_mode/share/standing_mode/package.dsv'
[6.518s] [34mcolcon.colcon_core.shell[0m [1;30mINFO[0m Creating package script '/home/tknika/gral-iiriondo/unitree_ws/install/standing_mode/share/standing_mode/package.sh'
[6.519s] [34mcolcon.colcon_core.shell[0m [1;30mINFO[0m Creating package script '/home/tknika/gral-iiriondo/unitree_ws/install/standing_mode/share/standing_mode/package.bash'
[6.520s] [34mcolcon.colcon_core.shell[0m [1;30mINFO[0m Creating package script '/home/tknika/gral-iiriondo/unitree_ws/install/standing_mode/share/standing_mode/package.zsh'
[6.521s] [34mcolcon.colcon_core.environment[0m [1;30mLevel 1[0m create_file_with_runtime_dependencies(/home/tknika/gral-iiriondo/unitree_ws/install/standing_mode/share/colcon-core/packages/standing_mode)
[7.448s] [34mcolcon.colcon_core.shell[0m [1;30mLevel 1[0m create_environment_hook('aruco_detector', 'pythonpath_develop')
[7.449s] [34mcolcon.colcon_core.shell[0m [1;30mINFO[0m Creating environment hook '/home/tknika/gral-iiriondo/unitree_ws/build/aruco_detector/share/aruco_detector/hook/pythonpath_develop.ps1'
[7.450s] [34mcolcon.colcon_core.event_handler.log_command[0m [1;30mDEBUG[0m [32mInvoked command in '/home/tknika/gral-iiriondo/unitree_ws/build/aruco_detector' returned '0': CMAKE_PREFIX_PATH=/home/tknika/gral-iiriondo/unitree_ws/install/aruco_markers_msgs:/home/tknika/gral-iiriondo/unitree_ws/install/speech_to_goal_interfaces:/home/tknika/gral-iiriondo/unitree_ws/install/object_recognition_interfaces LD_LIBRARY_PATH=/home/tknika/gral-iiriondo/unitree_ws/install/aruco_markers_msgs/lib:/home/tknika/gral-iiriondo/unitree_ws/install/speech_to_goal_interfaces/lib:/home/tknika/gral-iiriondo/unitree_ws/install/object_recognition_interfaces/lib:/usr/lib/aarch64-linux-gnu/nvidia:/usr/local/cuda/lib64:/opt/ros/humble/opt/rviz_ogre_vendor/lib:/opt/ros/humble/lib/aarch64-linux-gnu:/opt/ros/humble/lib:/usr/local/cuda-12.6/lib64 PYTHONPATH=/home/tknika/gral-iiriondo/unitree_ws/build/aruco_detector/prefix_override:/usr/lib/python3/dist-packages/colcon_core/task/python/colcon_distutils_commands:/home/tknika/gral-iiriondo/unitree_ws/install/aruco_detector/lib/python3.10/site-packages:${PYTHONPATH} /usr/bin/python3 -W ignore:setup.py install is deprecated -W ignore:easy_install command is deprecated setup.py develop --editable --build-directory /home/tknika/gral-iiriondo/unitree_ws/build/aruco_detector/build --no-deps symlink_data[0m
[7.452s] [34mcolcon.colcon_core.shell[0m [1;30mINFO[0m Creating environment descriptor '/home/tknika/gral-iiriondo/unitree_ws/build/aruco_detector/share/aruco_detector/hook/pythonpath_develop.dsv'
[7.453s] [34mcolcon.colcon_core.shell[0m [1;30mINFO[0m Creating environment hook '/home/tknika/gral-iiriondo/unitree_ws/build/aruco_detector/share/aruco_detector/hook/pythonpath_develop.sh'
[7.455s] [34mcolcon.colcon_core.environment[0m [1;30mLevel 1[0m checking '/home/tknika/gral-iiriondo/unitree_ws/install/aruco_detector' for CMake module files
[7.456s] [34mcolcon.colcon_core.environment[0m [1;30mLevel 1[0m checking '/home/tknika/gral-iiriondo/unitree_ws/install/aruco_detector' for CMake config files
[7.457s] [34mcolcon.colcon_core.environment[0m [1;30mLevel 1[0m checking '/home/tknika/gral-iiriondo/unitree_ws/install/aruco_detector/lib'
[7.458s] [34mcolcon.colcon_core.environment[0m [1;30mLevel 1[0m checking '/home/tknika/gral-iiriondo/unitree_ws/install/aruco_detector/bin'
[7.458s] [34mcolcon.colcon_core.environment[0m [1;30mLevel 1[0m checking '/home/tknika/gral-iiriondo/unitree_ws/install/aruco_detector/lib/pkgconfig/aruco_detector.pc'
[7.459s] [34mcolcon.colcon_core.environment[0m [1;30mLevel 1[0m checking '/home/tknika/gral-iiriondo/unitree_ws/install/aruco_detector/lib/python3.10/site-packages'
[7.459s] [34mcolcon.colcon_core.shell[0m [1;30mLevel 1[0m create_environment_hook('aruco_detector', 'pythonpath')
[7.460s] [34mcolcon.colcon_core.shell[0m [1;30mINFO[0m Creating environment hook '/home/tknika/gral-iiriondo/unitree_ws/install/aruco_detector/share/aruco_detector/hook/pythonpath.ps1'
[7.461s] [34mcolcon.colcon_core.shell[0m [1;30mINFO[0m Creating environment descriptor '/home/tknika/gral-iiriondo/unitree_ws/install/aruco_detector/share/aruco_detector/hook/pythonpath.dsv'
[7.462s] [34mcolcon.colcon_core.shell[0m [1;30mINFO[0m Creating environment hook '/home/tknika/gral-iiriondo/unitree_ws/install/aruco_detector/share/aruco_detector/hook/pythonpath.sh'
[7.463s] [34mcolcon.colcon_core.environment[0m [1;30mLevel 1[0m checking '/home/tknika/gral-iiriondo/unitree_ws/install/aruco_detector/bin'
[7.463s] [34mcolcon.colcon_core.environment[0m [1;30mLevel 1[0m create_environment_scripts_only(aruco_detector)
[7.464s] [34mcolcon.colcon_core.shell[0m [1;30mINFO[0m Creating package script '/home/tknika/gral-iiriondo/unitree_ws/install/aruco_detector/share/aruco_detector/package.ps1'
[7.465s] [34mcolcon.colcon_core.shell[0m [1;30mINFO[0m Creating package descriptor '/home/tknika/gral-iiriondo/unitree_ws/install/aruco_detector/share/aruco_detector/package.dsv'
[7.467s] [34mcolcon.colcon_core.shell[0m [1;30mINFO[0m Creating package script '/home/tknika/gral-iiriondo/unitree_ws/install/aruco_detector/share/aruco_detector/package.sh'
[7.467s] [34mcolcon.colcon_core.shell[0m [1;30mINFO[0m Creating package script '/home/tknika/gral-iiriondo/unitree_ws/install/aruco_detector/share/aruco_detector/package.bash'
[7.468s] [34mcolcon.colcon_core.shell[0m [1;30mINFO[0m Creating package script '/home/tknika/gral-iiriondo/unitree_ws/install/aruco_detector/share/aruco_detector/package.zsh'
[7.469s] [34mcolcon.colcon_core.environment[0m [1;30mLevel 1[0m create_file_with_runtime_dependencies(/home/tknika/gral-iiriondo/unitree_ws/install/aruco_detector/share/colcon-core/packages/aruco_detector)
[7.515s] [34mcolcon.colcon_core.shell[0m [1;30mLevel 1[0m create_environment_hook('speech_to_goal', 'pythonpath_develop')
[7.516s] [34mcolcon.colcon_core.shell[0m [1;30mINFO[0m Creating environment hook '/home/tknika/gral-iiriondo/unitree_ws/build/speech_to_goal/share/speech_to_goal/hook/pythonpath_develop.ps1'
[7.518s] [34mcolcon.colcon_core.event_handler.log_command[0m [1;30mDEBUG[0m [32mInvoked command in '/home/tknika/gral-iiriondo/unitree_ws/build/speech_to_goal' returned '0': LD_LIBRARY_PATH=/home/tknika/gral-iiriondo/unitree_ws/install/speech_to_goal_interfaces/lib:/home/tknika/gral-iiriondo/unitree_ws/install/object_recognition_interfaces/lib:/home/tknika/gral-iiriondo/unitree_ws/install/aruco_markers_msgs/lib:/usr/lib/aarch64-linux-gnu/nvidia:/usr/local/cuda/lib64:/opt/ros/humble/opt/rviz_ogre_vendor/lib:/opt/ros/humble/lib/aarch64-linux-gnu:/opt/ros/humble/lib:/usr/local/cuda-12.6/lib64 PYTHONPATH=/home/tknika/gral-iiriondo/unitree_ws/build/speech_to_goal/prefix_override:/usr/lib/python3/dist-packages/colcon_core/task/python/colcon_distutils_commands:/home/tknika/gral-iiriondo/unitree_ws/install/speech_to_goal/lib/python3.10/site-packages:${PYTHONPATH} /usr/bin/python3 -W ignore:setup.py install is deprecated -W ignore:easy_install command is deprecated setup.py develop --editable --build-directory /home/tknika/gral-iiriondo/unitree_ws/build/speech_to_goal/build --no-deps symlink_data[0m
[7.519s] [34mcolcon.colcon_core.shell[0m [1;30mINFO[0m Creating environment descriptor '/home/tknika/gral-iiriondo/unitree_ws/build/speech_to_goal/share/speech_to_goal/hook/pythonpath_develop.dsv'
[7.521s] [34mcolcon.colcon_core.shell[0m [1;30mINFO[0m Creating environment hook '/home/tknika/gral-iiriondo/unitree_ws/build/speech_to_goal/share/speech_to_goal/hook/pythonpath_develop.sh'
[7.523s] [34mcolcon.colcon_core.environment[0m [1;30mLevel 1[0m checking '/home/tknika/gral-iiriondo/unitree_ws/install/speech_to_goal' for CMake module files
[7.525s] [34mcolcon.colcon_core.environment[0m [1;30mLevel 1[0m checking '/home/tknika/gral-iiriondo/unitree_ws/install/speech_to_goal' for CMake config files
[7.527s] [34mcolcon.colcon_core.environment[0m [1;30mLevel 1[0m checking '/home/tknika/gral-iiriondo/unitree_ws/install/speech_to_goal/lib'
[7.527s] [34mcolcon.colcon_core.environment[0m [1;30mLevel 1[0m checking '/home/tknika/gral-iiriondo/unitree_ws/install/speech_to_goal/bin'
[7.528s] [34mcolcon.colcon_core.environment[0m [1;30mLevel 1[0m checking '/home/tknika/gral-iiriondo/unitree_ws/install/speech_to_goal/lib/pkgconfig/speech_to_goal.pc'
[7.528s] [34mcolcon.colcon_core.environment[0m [1;30mLevel 1[0m checking '/home/tknika/gral-iiriondo/unitree_ws/install/speech_to_goal/lib/python3.10/site-packages'
[7.529s] [34mcolcon.colcon_core.shell[0m [1;30mLevel 1[0m create_environment_hook('speech_to_goal', 'pythonpath')
[7.529s] [34mcolcon.colcon_core.shell[0m [1;30mINFO[0m Creating environment hook '/home/tknika/gral-iiriondo/unitree_ws/install/speech_to_goal/share/speech_to_goal/hook/pythonpath.ps1'
[7.531s] [34mcolcon.colcon_core.shell[0m [1;30mINFO[0m Creating environment descriptor '/home/tknika/gral-iiriondo/unitree_ws/install/speech_to_goal/share/speech_to_goal/hook/pythonpath.dsv'
[7.533s] [34mcolcon.colcon_core.shell[0m [1;30mINFO[0m Creating environment hook '/home/tknika/gral-iiriondo/unitree_ws/install/speech_to_goal/share/speech_to_goal/hook/pythonpath.sh'
[7.535s] [34mcolcon.colcon_core.environment[0m [1;30mLevel 1[0m checking '/home/tknika/gral-iiriondo/unitree_ws/install/speech_to_goal/bin'
[7.536s] [34mcolcon.colcon_core.environment[0m [1;30mLevel 1[0m create_environment_scripts_only(speech_to_goal)
[7.537s] [34mcolcon.colcon_core.shell[0m [1;30mINFO[0m Creating package script '/home/tknika/gral-iiriondo/unitree_ws/install/speech_to_goal/share/speech_to_goal/package.ps1'
[7.539s] [34mcolcon.colcon_core.shell[0m [1;30mINFO[0m Creating package descriptor '/home/tknika/gral-iiriondo/unitree_ws/install/speech_to_goal/share/speech_to_goal/package.dsv'
[7.541s] [34mcolcon.colcon_core.shell[0m [1;30mINFO[0m Creating package script '/home/tknika/gral-iiriondo/unitree_ws/install/speech_to_goal/share/speech_to_goal/package.sh'
[7.543s] [34mcolcon.colcon_core.shell[0m [1;30mINFO[0m Creating package script '/home/tknika/gral-iiriondo/unitree_ws/install/speech_to_goal/share/speech_to_goal/package.bash'
[7.544s] [34mcolcon.colcon_core.shell[0m [1;30mINFO[0m Creating package script '/home/tknika/gral-iiriondo/unitree_ws/install/speech_to_goal/share/speech_to_goal/package.zsh'
[7.545s] [34mcolcon.colcon_core.environment[0m [1;30mLevel 1[0m create_file_with_runtime_dependencies(/home/tknika/gral-iiriondo/unitree_ws/install/speech_to_goal/share/colcon-core/packages/speech_to_goal)
[7.713s] [34mcolcon.colcon_core.shell[0m [1;30mLevel 1[0m create_environment_hook('object_recognition', 'pythonpath_develop')
[7.714s] [34mcolcon.colcon_core.shell[0m [1;30mINFO[0m Creating environment hook '/home/tknika/gral-iiriondo/unitree_ws/build/object_recognition/share/object_recognition/hook/pythonpath_develop.ps1'
[7.742s] [34mcolcon.colcon_core.event_handler.log_command[0m [1;30mDEBUG[0m [32mInvoked command in '/home/tknika/gral-iiriondo/unitree_ws/build/object_recognition' returned '0': CMAKE_PREFIX_PATH=/home/tknika/gral-iiriondo/unitree_ws/install/object_recognition_interfaces:/home/tknika/gral-iiriondo/unitree_ws/install/speech_to_goal_interfaces:/home/tknika/gral-iiriondo/unitree_ws/install/aruco_markers_msgs LD_LIBRARY_PATH=/home/tknika/gral-iiriondo/unitree_ws/install/object_recognition_interfaces/lib:/home/tknika/gral-iiriondo/unitree_ws/install/speech_to_goal_interfaces/lib:/home/tknika/gral-iiriondo/unitree_ws/install/aruco_markers_msgs/lib:/usr/lib/aarch64-linux-gnu/nvidia:/usr/local/cuda/lib64:/opt/ros/humble/opt/rviz_ogre_vendor/lib:/opt/ros/humble/lib/aarch64-linux-gnu:/opt/ros/humble/lib:/usr/local/cuda-12.6/lib64 PYTHONPATH=/home/tknika/gral-iiriondo/unitree_ws/build/object_recognition/prefix_override:/usr/lib/python3/dist-packages/colcon_core/task/python/colcon_distutils_commands:/home/tknika/gral-iiriondo/unitree_ws/install/object_recognition/lib/python3.10/site-packages:${PYTHONPATH} /usr/bin/python3 -W ignore:setup.py install is deprecated -W ignore:easy_install command is deprecated setup.py develop --editable --build-directory /home/tknika/gral-iiriondo/unitree_ws/build/object_recognition/build --no-deps symlink_data[0m
[7.744s] [34mcolcon.colcon_core.shell[0m [1;30mINFO[0m Creating environment descriptor '/home/tknika/gral-iiriondo/unitree_ws/build/object_recognition/share/object_recognition/hook/pythonpath_develop.dsv'
[7.745s] [34mcolcon.colcon_core.shell[0m [1;30mINFO[0m Creating environment hook '/home/tknika/gral-iiriondo/unitree_ws/build/object_recognition/share/object_recognition/hook/pythonpath_develop.sh'
[7.747s] [34mcolcon.colcon_core.environment[0m [1;30mLevel 1[0m checking '/home/tknika/gral-iiriondo/unitree_ws/install/object_recognition' for CMake module files
[7.748s] [34mcolcon.colcon_core.environment[0m [1;30mLevel 1[0m checking '/home/tknika/gral-iiriondo/unitree_ws/install/object_recognition' for CMake config files
[7.749s] [34mcolcon.colcon_core.environment[0m [1;30mLevel 1[0m checking '/home/tknika/gral-iiriondo/unitree_ws/install/object_recognition/lib'
[7.750s] [34mcolcon.colcon_core.environment[0m [1;30mLevel 1[0m checking '/home/tknika/gral-iiriondo/unitree_ws/install/object_recognition/bin'
[7.750s] [34mcolcon.colcon_core.environment[0m [1;30mLevel 1[0m checking '/home/tknika/gral-iiriondo/unitree_ws/install/object_recognition/lib/pkgconfig/object_recognition.pc'
[7.751s] [34mcolcon.colcon_core.environment[0m [1;30mLevel 1[0m checking '/home/tknika/gral-iiriondo/unitree_ws/install/object_recognition/lib/python3.10/site-packages'
[7.751s] [34mcolcon.colcon_core.shell[0m [1;30mLevel 1[0m create_environment_hook('object_recognition', 'pythonpath')
[7.751s] [34mcolcon.colcon_core.shell[0m [1;30mINFO[0m Creating environment hook '/home/tknika/gral-iiriondo/unitree_ws/install/object_recognition/share/object_recognition/hook/pythonpath.ps1'
[7.752s] [34mcolcon.colcon_core.shell[0m [1;30mINFO[0m Creating environment descriptor '/home/tknika/gral-iiriondo/unitree_ws/install/object_recognition/share/object_recognition/hook/pythonpath.dsv'
[7.753s] [34mcolcon.colcon_core.shell[0m [1;30mINFO[0m Creating environment hook '/home/tknika/gral-iiriondo/unitree_ws/install/object_recognition/share/object_recognition/hook/pythonpath.sh'
[7.755s] [34mcolcon.colcon_core.environment[0m [1;30mLevel 1[0m checking '/home/tknika/gral-iiriondo/unitree_ws/install/object_recognition/bin'
[7.755s] [34mcolcon.colcon_core.environment[0m [1;30mLevel 1[0m create_environment_scripts_only(object_recognition)
[7.756s] [34mcolcon.colcon_core.shell[0m [1;30mINFO[0m Creating package script '/home/tknika/gral-iiriondo/unitree_ws/install/object_recognition/share/object_recognition/package.ps1'
[7.758s] [34mcolcon.colcon_core.shell[0m [1;30mINFO[0m Creating package descriptor '/home/tknika/gral-iiriondo/unitree_ws/install/object_recognition/share/object_recognition/package.dsv'
[7.759s] [34mcolcon.colcon_core.shell[0m [1;30mINFO[0m Creating package script '/home/tknika/gral-iiriondo/unitree_ws/install/object_recognition/share/object_recognition/package.sh'
[7.760s] [34mcolcon.colcon_core.shell[0m [1;30mINFO[0m Creating package script '/home/tknika/gral-iiriondo/unitree_ws/install/object_recognition/share/object_recognition/package.bash'
[7.761s] [34mcolcon.colcon_core.shell[0m [1;30mINFO[0m Creating package script '/home/tknika/gral-iiriondo/unitree_ws/install/object_recognition/share/object_recognition/package.zsh'
[7.762s] [34mcolcon.colcon_core.environment[0m [1;30mLevel 1[0m create_file_with_runtime_dependencies(/home/tknika/gral-iiriondo/unitree_ws/install/object_recognition/share/colcon-core/packages/object_recognition)
[7.763s] [34mcolcon.colcon_parallel_executor.executor.parallel[0m [1;30mDEBUG[0m [32mclosing loop[0m
[7.764s] [34mcolcon.colcon_parallel_executor.executor.parallel[0m [1;30mDEBUG[0m [32mloop closed[0m
[7.764s] [34mcolcon.colcon_parallel_executor.executor.parallel[0m [1;30mDEBUG[0m [32mrun_until_complete finished with '0'[0m
[7.765s] [34mcolcon.colcon_core.event_reactor[0m [1;30mDEBUG[0m [32mjoining thread[0m
[7.791s] [34mcolcon.colcon_core.plugin_system[0m [1;30mINFO[0m Skipping extension 'colcon_notification.desktop_notification.terminal_notifier': Not used on non-Darwin systems
[7.791s] [34mcolcon.colcon_core.plugin_system[0m [1;30mINFO[0m Skipping extension 'colcon_notification.desktop_notification.win32': Not used on non-Windows systems
[7.792s] [34mcolcon.colcon_notification.desktop_notification[0m [1;30mINFO[0m Sending desktop notification using 'notify2'
[7.827s] [34mcolcon.colcon_core.event_reactor[0m [1;30mDEBUG[0m [32mjoined thread[0m
[7.828s] [34mcolcon.colcon_core.shell[0m [1;30mINFO[0m Creating prefix script '/home/tknika/gral-iiriondo/unitree_ws/install/local_setup.ps1'
[7.832s] [34mcolcon.colcon_core.shell[0m [1;30mINFO[0m Creating prefix util module '/home/tknika/gral-iiriondo/unitree_ws/install/_local_setup_util_ps1.py'
[7.837s] [34mcolcon.colcon_core.shell[0m [1;30mINFO[0m Creating prefix chain script '/home/tknika/gral-iiriondo/unitree_ws/install/setup.ps1'
[7.842s] [34mcolcon.colcon_core.shell[0m [1;30mINFO[0m Creating prefix script '/home/tknika/gral-iiriondo/unitree_ws/install/local_setup.sh'
[7.843s] [34mcolcon.colcon_core.shell[0m [1;30mINFO[0m Creating prefix util module '/home/tknika/gral-iiriondo/unitree_ws/install/_local_setup_util_sh.py'
[7.845s] [34mcolcon.colcon_core.shell[0m [1;30mINFO[0m Creating prefix chain script '/home/tknika/gral-iiriondo/unitree_ws/install/setup.sh'
[7.849s] [34mcolcon.colcon_core.shell[0m [1;30mINFO[0m Creating prefix script '/home/tknika/gral-iiriondo/unitree_ws/install/local_setup.bash'
[7.851s] [34mcolcon.colcon_core.shell[0m [1;30mINFO[0m Creating prefix chain script '/home/tknika/gral-iiriondo/unitree_ws/install/setup.bash'
[7.854s] [34mcolcon.colcon_core.shell[0m [1;30mINFO[0m Creating prefix script '/home/tknika/gral-iiriondo/unitree_ws/install/local_setup.zsh'
[7.857s] [34mcolcon.colcon_core.shell[0m [1;30mINFO[0m Creating prefix chain script '/home/tknika/gral-iiriondo/unitree_ws/install/setup.zsh'
