[0.364s] [34mcolcon[0m [1;30mDEBUG[0m [32mCommand line arguments: ['/usr/bin/colcon', 'build', '--symlink-install'][0m
[0.365s] [34mcolcon[0m [1;30mDEBUG[0m [32mParsed command line arguments: Namespace(log_base=None, log_level=None, verb_name='build', build_base='build', install_base='install', merge_install=False, symlink_install=True, test_result_base=None, continue_on_error=False, executor='parallel', parallel_workers=8, event_handlers=None, ignore_user_meta=False, metas=['./colcon.meta'], base_paths=['.'], packages_ignore=None, packages_ignore_regex=None, paths=None, packages_up_to=None, packages_up_to_regex=None, packages_above=None, packages_above_and_dependencies=None, packages_above_depth=None, packages_select_by_dep=None, packages_skip_by_dep=None, packages_skip_up_to=None, packages_select_build_failed=False, packages_skip_build_finished=False, packages_select_test_failures=False, packages_skip_test_passed=False, packages_select=None, packages_skip=None, packages_select_regex=None, packages_skip_regex=None, packages_start=None, packages_end=None, allow_overriding=[], cmake_args=None, cmake_target=None, cmake_target_skip_unavailable=False, cmake_clean_cache=False, cmake_clean_first=False, cmake_force_configure=False, ament_cmake_args=None, catkin_cmake_args=None, catkin_skip_building_tests=False, verb_parser=<colcon_defaults.argument_parser.defaults.DefaultArgumentsDecorator object at 0xffffae76a0b0>, verb_extension=<colcon_core.verb.build.BuildVerb object at 0xffffae877b80>, main=<bound method BuildVerb.main of <colcon_core.verb.build.BuildVerb object at 0xffffae877b80>>)[0m
[0.465s] [34mcolcon.colcon_core.package_discovery[0m [1;30mLevel 1[0m discover_packages(colcon_meta) check parameters
[0.466s] [34mcolcon.colcon_core.package_discovery[0m [1;30mLevel 1[0m discover_packages(recursive) check parameters
[0.466s] [34mcolcon.colcon_core.package_discovery[0m [1;30mLevel 1[0m discover_packages(ignore) check parameters
[0.466s] [34mcolcon.colcon_core.package_discovery[0m [1;30mLevel 1[0m discover_packages(path) check parameters
[0.466s] [34mcolcon.colcon_core.package_discovery[0m [1;30mLevel 1[0m discover_packages(colcon_meta) discover
[0.466s] [34mcolcon.colcon_core.package_discovery[0m [1;30mLevel 1[0m discover_packages(recursive) discover
[0.466s] [34mcolcon.colcon_core.package_discovery[0m [1;30mINFO[0m Crawling recursively for packages in '/home/tknika/gral-iiriondo/unitree_ws'
[0.467s] [34mcolcon.colcon_core.package_identification[0m [1;30mLevel 1[0m _identify(.) by extensions ['ignore', 'ignore_ament_install']
[0.467s] [34mcolcon.colcon_core.package_identification[0m [1;30mLevel 1[0m _identify(.) by extension 'ignore'
[0.467s] [34mcolcon.colcon_core.package_identification[0m [1;30mLevel 1[0m _identify(.) by extension 'ignore_ament_install'
[0.467s] [34mcolcon.colcon_core.package_identification[0m [1;30mLevel 1[0m _identify(.) by extensions ['colcon_pkg']
[0.467s] [34mcolcon.colcon_core.package_identification[0m [1;30mLevel 1[0m _identify(.) by extension 'colcon_pkg'
[0.467s] [34mcolcon.colcon_core.package_identification[0m [1;30mLevel 1[0m _identify(.) by extensions ['colcon_meta']
[0.467s] [34mcolcon.colcon_core.package_identification[0m [1;30mLevel 1[0m _identify(.) by extension 'colcon_meta'
[0.468s] [34mcolcon.colcon_core.package_identification[0m [1;30mLevel 1[0m _identify(.) by extensions ['ros']
[0.468s] [34mcolcon.colcon_core.package_identification[0m [1;30mLevel 1[0m _identify(.) by extension 'ros'
[0.528s] [34mcolcon.colcon_core.package_identification[0m [1;30mLevel 1[0m _identify(.) by extensions ['cmake', 'python']
[0.528s] [34mcolcon.colcon_core.package_identification[0m [1;30mLevel 1[0m _identify(.) by extension 'cmake'
[0.528s] [34mcolcon.colcon_core.package_identification[0m [1;30mLevel 1[0m _identify(.) by extension 'python'
[0.529s] [34mcolcon.colcon_core.package_identification[0m [1;30mLevel 1[0m _identify(.) by extensions ['python_setup_py']
[0.529s] [34mcolcon.colcon_core.package_identification[0m [1;30mLevel 1[0m _identify(.) by extension 'python_setup_py'
[0.529s] [34mcolcon.colcon_core.package_identification[0m [1;30mLevel 1[0m _identify(build) by extensions ['ignore', 'ignore_ament_install']
[0.529s] [34mcolcon.colcon_core.package_identification[0m [1;30mLevel 1[0m _identify(build) by extension 'ignore'
[0.529s] [34mcolcon.colcon_core.package_identification[0m [1;30mLevel 1[0m _identify(build) ignored
[0.530s] [34mcolcon.colcon_core.package_identification[0m [1;30mLevel 1[0m _identify(install) by extensions ['ignore', 'ignore_ament_install']
[0.530s] [34mcolcon.colcon_core.package_identification[0m [1;30mLevel 1[0m _identify(install) by extension 'ignore'
[0.530s] [34mcolcon.colcon_core.package_identification[0m [1;30mLevel 1[0m _identify(install) ignored
[0.530s] [34mcolcon.colcon_core.package_identification[0m [1;30mLevel 1[0m _identify(log) by extensions ['ignore', 'ignore_ament_install']
[0.530s] [34mcolcon.colcon_core.package_identification[0m [1;30mLevel 1[0m _identify(log) by extension 'ignore'
[0.531s] [34mcolcon.colcon_core.package_identification[0m [1;30mLevel 1[0m _identify(log) ignored
[0.531s] [34mcolcon.colcon_core.package_identification[0m [1;30mLevel 1[0m _identify(src) by extensions ['ignore', 'ignore_ament_install']
[0.531s] [34mcolcon.colcon_core.package_identification[0m [1;30mLevel 1[0m _identify(src) by extension 'ignore'
[0.531s] [34mcolcon.colcon_core.package_identification[0m [1;30mLevel 1[0m _identify(src) by extension 'ignore_ament_install'
[0.531s] [34mcolcon.colcon_core.package_identification[0m [1;30mLevel 1[0m _identify(src) by extensions ['colcon_pkg']
[0.531s] [34mcolcon.colcon_core.package_identification[0m [1;30mLevel 1[0m _identify(src) by extension 'colcon_pkg'
[0.531s] [34mcolcon.colcon_core.package_identification[0m [1;30mLevel 1[0m _identify(src) by extensions ['colcon_meta']
[0.531s] [34mcolcon.colcon_core.package_identification[0m [1;30mLevel 1[0m _identify(src) by extension 'colcon_meta'
[0.532s] [34mcolcon.colcon_core.package_identification[0m [1;30mLevel 1[0m _identify(src) by extensions ['ros']
[0.532s] [34mcolcon.colcon_core.package_identification[0m [1;30mLevel 1[0m _identify(src) by extension 'ros'
[0.532s] [34mcolcon.colcon_core.package_identification[0m [1;30mLevel 1[0m _identify(src) by extensions ['cmake', 'python']
[0.532s] [34mcolcon.colcon_core.package_identification[0m [1;30mLevel 1[0m _identify(src) by extension 'cmake'
[0.532s] [34mcolcon.colcon_core.package_identification[0m [1;30mLevel 1[0m _identify(src) by extension 'python'
[0.532s] [34mcolcon.colcon_core.package_identification[0m [1;30mLevel 1[0m _identify(src) by extensions ['python_setup_py']
[0.532s] [34mcolcon.colcon_core.package_identification[0m [1;30mLevel 1[0m _identify(src) by extension 'python_setup_py'
[0.532s] [34mcolcon.colcon_core.package_identification[0m [1;30mLevel 1[0m _identify(src/aruco_detector) by extensions ['ignore', 'ignore_ament_install']
[0.533s] [34mcolcon.colcon_core.package_identification[0m [1;30mLevel 1[0m _identify(src/aruco_detector) by extension 'ignore'
[0.533s] [34mcolcon.colcon_core.package_identification[0m [1;30mLevel 1[0m _identify(src/aruco_detector) by extension 'ignore_ament_install'
[0.533s] [34mcolcon.colcon_core.package_identification[0m [1;30mLevel 1[0m _identify(src/aruco_detector) by extensions ['colcon_pkg']
[0.533s] [34mcolcon.colcon_core.package_identification[0m [1;30mLevel 1[0m _identify(src/aruco_detector) by extension 'colcon_pkg'
[0.533s] [34mcolcon.colcon_core.package_identification[0m [1;30mLevel 1[0m _identify(src/aruco_detector) by extensions ['colcon_meta']
[0.533s] [34mcolcon.colcon_core.package_identification[0m [1;30mLevel 1[0m _identify(src/aruco_detector) by extension 'colcon_meta'
[0.533s] [34mcolcon.colcon_core.package_identification[0m [1;30mLevel 1[0m _identify(src/aruco_detector) by extensions ['ros']
[0.533s] [34mcolcon.colcon_core.package_identification[0m [1;30mLevel 1[0m _identify(src/aruco_detector) by extension 'ros'
[0.541s] [34mcolcon.colcon_core.package_identification[0m [1;30mDEBUG[0m [32mPackage 'src/aruco_detector' with type 'ros.ament_python' and name 'aruco_detector'[0m
[0.542s] [34mcolcon.colcon_core.package_identification[0m [1;30mLevel 1[0m _identify(src/aruco_markers_msgs) by extensions ['ignore', 'ignore_ament_install']
[0.542s] [34mcolcon.colcon_core.package_identification[0m [1;30mLevel 1[0m _identify(src/aruco_markers_msgs) by extension 'ignore'
[0.542s] [34mcolcon.colcon_core.package_identification[0m [1;30mLevel 1[0m _identify(src/aruco_markers_msgs) by extension 'ignore_ament_install'
[0.542s] [34mcolcon.colcon_core.package_identification[0m [1;30mLevel 1[0m _identify(src/aruco_markers_msgs) by extensions ['colcon_pkg']
[0.542s] [34mcolcon.colcon_core.package_identification[0m [1;30mLevel 1[0m _identify(src/aruco_markers_msgs) by extension 'colcon_pkg'
[0.542s] [34mcolcon.colcon_core.package_identification[0m [1;30mLevel 1[0m _identify(src/aruco_markers_msgs) by extensions ['colcon_meta']
[0.542s] [34mcolcon.colcon_core.package_identification[0m [1;30mLevel 1[0m _identify(src/aruco_markers_msgs) by extension 'colcon_meta'
[0.543s] [34mcolcon.colcon_core.package_identification[0m [1;30mLevel 1[0m _identify(src/aruco_markers_msgs) by extensions ['ros']
[0.543s] [34mcolcon.colcon_core.package_identification[0m [1;30mLevel 1[0m _identify(src/aruco_markers_msgs) by extension 'ros'
[0.544s] [34mcolcon.colcon_core.package_identification[0m [1;30mDEBUG[0m [32mPackage 'src/aruco_markers_msgs' with type 'ros.ament_cmake' and name 'aruco_markers_msgs'[0m
[0.545s] [34mcolcon.colcon_core.package_identification[0m [1;30mLevel 1[0m _identify(src/asr) by extensions ['ignore', 'ignore_ament_install']
[0.545s] [34mcolcon.colcon_core.package_identification[0m [1;30mLevel 1[0m _identify(src/asr) by extension 'ignore'
[0.545s] [34mcolcon.colcon_core.package_identification[0m [1;30mLevel 1[0m _identify(src/asr) by extension 'ignore_ament_install'
[0.545s] [34mcolcon.colcon_core.package_identification[0m [1;30mLevel 1[0m _identify(src/asr) by extensions ['colcon_pkg']
[0.545s] [34mcolcon.colcon_core.package_identification[0m [1;30mLevel 1[0m _identify(src/asr) by extension 'colcon_pkg'
[0.545s] [34mcolcon.colcon_core.package_identification[0m [1;30mLevel 1[0m _identify(src/asr) by extensions ['colcon_meta']
[0.545s] [34mcolcon.colcon_core.package_identification[0m [1;30mLevel 1[0m _identify(src/asr) by extension 'colcon_meta'
[0.545s] [34mcolcon.colcon_core.package_identification[0m [1;30mLevel 1[0m _identify(src/asr) by extensions ['ros']
[0.545s] [34mcolcon.colcon_core.package_identification[0m [1;30mLevel 1[0m _identify(src/asr) by extension 'ros'
[0.547s] [34mcolcon.colcon_core.package_identification[0m [1;30mDEBUG[0m [32mPackage 'src/asr' with type 'ros.ament_python' and name 'asr'[0m
[0.547s] [34mcolcon.colcon_core.package_identification[0m [1;30mLevel 1[0m _identify(src/go1_description) by extensions ['ignore', 'ignore_ament_install']
[0.548s] [34mcolcon.colcon_core.package_identification[0m [1;30mLevel 1[0m _identify(src/go1_description) by extension 'ignore'
[0.548s] [34mcolcon.colcon_core.package_identification[0m [1;30mLevel 1[0m _identify(src/go1_description) by extension 'ignore_ament_install'
[0.548s] [34mcolcon.colcon_core.package_identification[0m [1;30mLevel 1[0m _identify(src/go1_description) by extensions ['colcon_pkg']
[0.548s] [34mcolcon.colcon_core.package_identification[0m [1;30mLevel 1[0m _identify(src/go1_description) by extension 'colcon_pkg'
[0.548s] [34mcolcon.colcon_core.package_identification[0m [1;30mLevel 1[0m _identify(src/go1_description) by extensions ['colcon_meta']
[0.548s] [34mcolcon.colcon_core.package_identification[0m [1;30mLevel 1[0m _identify(src/go1_description) by extension 'colcon_meta'
[0.548s] [34mcolcon.colcon_core.package_identification[0m [1;30mLevel 1[0m _identify(src/go1_description) by extensions ['ros']
[0.548s] [34mcolcon.colcon_core.package_identification[0m [1;30mLevel 1[0m _identify(src/go1_description) by extension 'ros'
[0.550s] [34mcolcon.colcon_core.package_identification[0m [1;30mDEBUG[0m [32mPackage 'src/go1_description' with type 'ros.ament_python' and name 'go1_description'[0m
[0.550s] [34mcolcon.colcon_core.package_identification[0m [1;30mLevel 1[0m _identify(src/mapping_configuration) by extensions ['ignore', 'ignore_ament_install']
[0.550s] [34mcolcon.colcon_core.package_identification[0m [1;30mLevel 1[0m _identify(src/mapping_configuration) by extension 'ignore'
[0.550s] [34mcolcon.colcon_core.package_identification[0m [1;30mLevel 1[0m _identify(src/mapping_configuration) by extension 'ignore_ament_install'
[0.550s] [34mcolcon.colcon_core.package_identification[0m [1;30mLevel 1[0m _identify(src/mapping_configuration) by extensions ['colcon_pkg']
[0.551s] [34mcolcon.colcon_core.package_identification[0m [1;30mLevel 1[0m _identify(src/mapping_configuration) by extension 'colcon_pkg'
[0.551s] [34mcolcon.colcon_core.package_identification[0m [1;30mLevel 1[0m _identify(src/mapping_configuration) by extensions ['colcon_meta']
[0.551s] [34mcolcon.colcon_core.package_identification[0m [1;30mLevel 1[0m _identify(src/mapping_configuration) by extension 'colcon_meta'
[0.551s] [34mcolcon.colcon_core.package_identification[0m [1;30mLevel 1[0m _identify(src/mapping_configuration) by extensions ['ros']
[0.551s] [34mcolcon.colcon_core.package_identification[0m [1;30mLevel 1[0m _identify(src/mapping_configuration) by extension 'ros'
[0.552s] [34mcolcon.colcon_core.package_identification[0m [1;30mDEBUG[0m [32mPackage 'src/mapping_configuration' with type 'ros.ament_python' and name 'mapping_configuration'[0m
[0.553s] [34mcolcon.colcon_core.package_identification[0m [1;30mLevel 1[0m _identify(src/object_recognition) by extensions ['ignore', 'ignore_ament_install']
[0.553s] [34mcolcon.colcon_core.package_identification[0m [1;30mLevel 1[0m _identify(src/object_recognition) by extension 'ignore'
[0.553s] [34mcolcon.colcon_core.package_identification[0m [1;30mLevel 1[0m _identify(src/object_recognition) by extension 'ignore_ament_install'
[0.553s] [34mcolcon.colcon_core.package_identification[0m [1;30mLevel 1[0m _identify(src/object_recognition) by extensions ['colcon_pkg']
[0.553s] [34mcolcon.colcon_core.package_identification[0m [1;30mLevel 1[0m _identify(src/object_recognition) by extension 'colcon_pkg'
[0.553s] [34mcolcon.colcon_core.package_identification[0m [1;30mLevel 1[0m _identify(src/object_recognition) by extensions ['colcon_meta']
[0.553s] [34mcolcon.colcon_core.package_identification[0m [1;30mLevel 1[0m _identify(src/object_recognition) by extension 'colcon_meta'
[0.553s] [34mcolcon.colcon_core.package_identification[0m [1;30mLevel 1[0m _identify(src/object_recognition) by extensions ['ros']
[0.553s] [34mcolcon.colcon_core.package_identification[0m [1;30mLevel 1[0m _identify(src/object_recognition) by extension 'ros'
[0.555s] [34mcolcon.colcon_core.package_identification[0m [1;30mDEBUG[0m [32mPackage 'src/object_recognition' with type 'ros.ament_python' and name 'object_recognition'[0m
[0.556s] [34mcolcon.colcon_core.package_identification[0m [1;30mLevel 1[0m _identify(src/object_recognition_interfaces) by extensions ['ignore', 'ignore_ament_install']
[0.556s] [34mcolcon.colcon_core.package_identification[0m [1;30mLevel 1[0m _identify(src/object_recognition_interfaces) by extension 'ignore'
[0.556s] [34mcolcon.colcon_core.package_identification[0m [1;30mLevel 1[0m _identify(src/object_recognition_interfaces) by extension 'ignore_ament_install'
[0.556s] [34mcolcon.colcon_core.package_identification[0m [1;30mLevel 1[0m _identify(src/object_recognition_interfaces) by extensions ['colcon_pkg']
[0.556s] [34mcolcon.colcon_core.package_identification[0m [1;30mLevel 1[0m _identify(src/object_recognition_interfaces) by extension 'colcon_pkg'
[0.556s] [34mcolcon.colcon_core.package_identification[0m [1;30mLevel 1[0m _identify(src/object_recognition_interfaces) by extensions ['colcon_meta']
[0.556s] [34mcolcon.colcon_core.package_identification[0m [1;30mLevel 1[0m _identify(src/object_recognition_interfaces) by extension 'colcon_meta'
[0.556s] [34mcolcon.colcon_core.package_identification[0m [1;30mLevel 1[0m _identify(src/object_recognition_interfaces) by extensions ['ros']
[0.557s] [34mcolcon.colcon_core.package_identification[0m [1;30mLevel 1[0m _identify(src/object_recognition_interfaces) by extension 'ros'
[0.558s] [34mcolcon.colcon_core.package_identification[0m [1;30mDEBUG[0m [32mPackage 'src/object_recognition_interfaces' with type 'ros.ament_cmake' and name 'object_recognition_interfaces'[0m
[0.558s] [34mcolcon.colcon_core.package_identification[0m [1;30mLevel 1[0m _identify(src/slam_analysis) by extensions ['ignore', 'ignore_ament_install']
[0.558s] [34mcolcon.colcon_core.package_identification[0m [1;30mLevel 1[0m _identify(src/slam_analysis) by extension 'ignore'
[0.558s] [34mcolcon.colcon_core.package_identification[0m [1;30mLevel 1[0m _identify(src/slam_analysis) by extension 'ignore_ament_install'
[0.559s] [34mcolcon.colcon_core.package_identification[0m [1;30mLevel 1[0m _identify(src/slam_analysis) by extensions ['colcon_pkg']
[0.559s] [34mcolcon.colcon_core.package_identification[0m [1;30mLevel 1[0m _identify(src/slam_analysis) by extension 'colcon_pkg'
[0.559s] [34mcolcon.colcon_core.package_identification[0m [1;30mLevel 1[0m _identify(src/slam_analysis) by extensions ['colcon_meta']
[0.559s] [34mcolcon.colcon_core.package_identification[0m [1;30mLevel 1[0m _identify(src/slam_analysis) by extension 'colcon_meta'
[0.559s] [34mcolcon.colcon_core.package_identification[0m [1;30mLevel 1[0m _identify(src/slam_analysis) by extensions ['ros']
[0.559s] [34mcolcon.colcon_core.package_identification[0m [1;30mLevel 1[0m _identify(src/slam_analysis) by extension 'ros'
[0.561s] [34mcolcon.colcon_core.package_identification[0m [1;30mDEBUG[0m [32mPackage 'src/slam_analysis' with type 'ros.ament_python' and name 'slam_analysis'[0m
[0.561s] [34mcolcon.colcon_core.package_identification[0m [1;30mLevel 1[0m _identify(src/speech_to_goal) by extensions ['ignore', 'ignore_ament_install']
[0.561s] [34mcolcon.colcon_core.package_identification[0m [1;30mLevel 1[0m _identify(src/speech_to_goal) by extension 'ignore'
[0.561s] [34mcolcon.colcon_core.package_identification[0m [1;30mLevel 1[0m _identify(src/speech_to_goal) by extension 'ignore_ament_install'
[0.561s] [34mcolcon.colcon_core.package_identification[0m [1;30mLevel 1[0m _identify(src/speech_to_goal) by extensions ['colcon_pkg']
[0.561s] [34mcolcon.colcon_core.package_identification[0m [1;30mLevel 1[0m _identify(src/speech_to_goal) by extension 'colcon_pkg'
[0.562s] [34mcolcon.colcon_core.package_identification[0m [1;30mLevel 1[0m _identify(src/speech_to_goal) by extensions ['colcon_meta']
[0.562s] [34mcolcon.colcon_core.package_identification[0m [1;30mLevel 1[0m _identify(src/speech_to_goal) by extension 'colcon_meta'
[0.562s] [34mcolcon.colcon_core.package_identification[0m [1;30mLevel 1[0m _identify(src/speech_to_goal) by extensions ['ros']
[0.562s] [34mcolcon.colcon_core.package_identification[0m [1;30mLevel 1[0m _identify(src/speech_to_goal) by extension 'ros'
[0.564s] [34mcolcon.colcon_core.package_identification[0m [1;30mDEBUG[0m [32mPackage 'src/speech_to_goal' with type 'ros.ament_python' and name 'speech_to_goal'[0m
[0.564s] [34mcolcon.colcon_core.package_identification[0m [1;30mLevel 1[0m _identify(src/speech_to_goal_interfaces) by extensions ['ignore', 'ignore_ament_install']
[0.565s] [34mcolcon.colcon_core.package_identification[0m [1;30mLevel 1[0m _identify(src/speech_to_goal_interfaces) by extension 'ignore'
[0.565s] [34mcolcon.colcon_core.package_identification[0m [1;30mLevel 1[0m _identify(src/speech_to_goal_interfaces) by extension 'ignore_ament_install'
[0.565s] [34mcolcon.colcon_core.package_identification[0m [1;30mLevel 1[0m _identify(src/speech_to_goal_interfaces) by extensions ['colcon_pkg']
[0.565s] [34mcolcon.colcon_core.package_identification[0m [1;30mLevel 1[0m _identify(src/speech_to_goal_interfaces) by extension 'colcon_pkg'
[0.565s] [34mcolcon.colcon_core.package_identification[0m [1;30mLevel 1[0m _identify(src/speech_to_goal_interfaces) by extensions ['colcon_meta']
[0.565s] [34mcolcon.colcon_core.package_identification[0m [1;30mLevel 1[0m _identify(src/speech_to_goal_interfaces) by extension 'colcon_meta'
[0.565s] [34mcolcon.colcon_core.package_identification[0m [1;30mLevel 1[0m _identify(src/speech_to_goal_interfaces) by extensions ['ros']
[0.566s] [34mcolcon.colcon_core.package_identification[0m [1;30mLevel 1[0m _identify(src/speech_to_goal_interfaces) by extension 'ros'
[0.567s] [34mcolcon.colcon_core.package_identification[0m [1;30mDEBUG[0m [32mPackage 'src/speech_to_goal_interfaces' with type 'ros.ament_cmake' and name 'speech_to_goal_interfaces'[0m
[0.567s] [34mcolcon.colcon_core.package_identification[0m [1;30mLevel 1[0m _identify(src/standing_mode) by extensions ['ignore', 'ignore_ament_install']
[0.567s] [34mcolcon.colcon_core.package_identification[0m [1;30mLevel 1[0m _identify(src/standing_mode) by extension 'ignore'
[0.567s] [34mcolcon.colcon_core.package_identification[0m [1;30mLevel 1[0m _identify(src/standing_mode) by extension 'ignore_ament_install'
[0.568s] [34mcolcon.colcon_core.package_identification[0m [1;30mLevel 1[0m _identify(src/standing_mode) by extensions ['colcon_pkg']
[0.568s] [34mcolcon.colcon_core.package_identification[0m [1;30mLevel 1[0m _identify(src/standing_mode) by extension 'colcon_pkg'
[0.568s] [34mcolcon.colcon_core.package_identification[0m [1;30mLevel 1[0m _identify(src/standing_mode) by extensions ['colcon_meta']
[0.568s] [34mcolcon.colcon_core.package_identification[0m [1;30mLevel 1[0m _identify(src/standing_mode) by extension 'colcon_meta'
[0.568s] [34mcolcon.colcon_core.package_identification[0m [1;30mLevel 1[0m _identify(src/standing_mode) by extensions ['ros']
[0.568s] [34mcolcon.colcon_core.package_identification[0m [1;30mLevel 1[0m _identify(src/standing_mode) by extension 'ros'
[0.569s] [34mcolcon.colcon_core.package_identification[0m [1;30mDEBUG[0m [32mPackage 'src/standing_mode' with type 'ros.ament_python' and name 'standing_mode'[0m
[0.570s] [34mcolcon.colcon_core.package_identification[0m [1;30mLevel 1[0m _identify(src/unitree_legged_sdk) by extensions ['ignore', 'ignore_ament_install']
[0.570s] [34mcolcon.colcon_core.package_identification[0m [1;30mLevel 1[0m _identify(src/unitree_legged_sdk) by extension 'ignore'
[0.570s] [34mcolcon.colcon_core.package_identification[0m [1;30mLevel 1[0m _identify(src/unitree_legged_sdk) ignored
[0.570s] [34mcolcon.colcon_core.package_discovery[0m [1;30mLevel 1[0m discover_packages(recursive) using defaults
[0.570s] [34mcolcon.colcon_core.package_discovery[0m [1;30mLevel 1[0m discover_packages(ignore) discover
[0.570s] [34mcolcon.colcon_core.package_discovery[0m [1;30mLevel 1[0m discover_packages(ignore) using defaults
[0.570s] [34mcolcon.colcon_core.package_discovery[0m [1;30mLevel 1[0m discover_packages(path) discover
[0.570s] [34mcolcon.colcon_core.package_discovery[0m [1;30mLevel 1[0m discover_packages(path) using defaults
[0.621s] [34mcolcon.colcon_core.package_discovery[0m [1;30mLevel 1[0m discover_packages(prefix_path) check parameters
[0.622s] [34mcolcon.colcon_core.package_discovery[0m [1;30mLevel 1[0m discover_packages(prefix_path) discover
[0.629s] [34mcolcon.colcon_installed_package_information.package_discovery[0m [1;30mDEBUG[0m [32mFound 10 installed packages in /home/tknika/gral-iiriondo/unitree_ws/install[0m
[0.632s] [34mcolcon.colcon_installed_package_information.package_discovery[0m [1;30mDEBUG[0m [32mFound 281 installed packages in /opt/ros/humble[0m
[0.634s] [34mcolcon.colcon_core.package_discovery[0m [1;30mLevel 1[0m discover_packages(prefix_path) using defaults
[0.746s] [34mcolcon.colcon_core.verb[0m [1;30mLevel 5[0m set package 'aruco_markers_msgs' build argument 'cmake_args' from command line to 'None'
[0.746s] [34mcolcon.colcon_core.verb[0m [1;30mLevel 5[0m set package 'aruco_markers_msgs' build argument 'cmake_target' from command line to 'None'
[0.746s] [34mcolcon.colcon_core.verb[0m [1;30mLevel 5[0m set package 'aruco_markers_msgs' build argument 'cmake_target_skip_unavailable' from command line to 'False'
[0.746s] [34mcolcon.colcon_core.verb[0m [1;30mLevel 5[0m set package 'aruco_markers_msgs' build argument 'cmake_clean_cache' from command line to 'False'
[0.746s] [34mcolcon.colcon_core.verb[0m [1;30mLevel 5[0m set package 'aruco_markers_msgs' build argument 'cmake_clean_first' from command line to 'False'
[0.746s] [34mcolcon.colcon_core.verb[0m [1;30mLevel 5[0m set package 'aruco_markers_msgs' build argument 'cmake_force_configure' from command line to 'False'
[0.746s] [34mcolcon.colcon_core.verb[0m [1;30mLevel 5[0m set package 'aruco_markers_msgs' build argument 'ament_cmake_args' from command line to 'None'
[0.746s] [34mcolcon.colcon_core.verb[0m [1;30mLevel 5[0m set package 'aruco_markers_msgs' build argument 'catkin_cmake_args' from command line to 'None'
[0.746s] [34mcolcon.colcon_core.verb[0m [1;30mLevel 5[0m set package 'aruco_markers_msgs' build argument 'catkin_skip_building_tests' from command line to 'False'
[0.746s] [34mcolcon.colcon_core.verb[0m [1;30mDEBUG[0m [32mBuilding package 'aruco_markers_msgs' with the following arguments: {'ament_cmake_args': None, 'build_base': '/home/tknika/gral-iiriondo/unitree_ws/build/aruco_markers_msgs', 'catkin_cmake_args': None, 'catkin_skip_building_tests': False, 'cmake_args': None, 'cmake_clean_cache': False, 'cmake_clean_first': False, 'cmake_force_configure': False, 'cmake_target': None, 'cmake_target_skip_unavailable': False, 'install_base': '/home/tknika/gral-iiriondo/unitree_ws/install/aruco_markers_msgs', 'merge_install': False, 'path': '/home/tknika/gral-iiriondo/unitree_ws/src/aruco_markers_msgs', 'symlink_install': True, 'test_result_base': None}[0m
[0.747s] [34mcolcon.colcon_core.verb[0m [1;30mLevel 5[0m set package 'asr' build argument 'cmake_args' from command line to 'None'
[0.747s] [34mcolcon.colcon_core.verb[0m [1;30mLevel 5[0m set package 'asr' build argument 'cmake_target' from command line to 'None'
[0.747s] [34mcolcon.colcon_core.verb[0m [1;30mLevel 5[0m set package 'asr' build argument 'cmake_target_skip_unavailable' from command line to 'False'
[0.747s] [34mcolcon.colcon_core.verb[0m [1;30mLevel 5[0m set package 'asr' build argument 'cmake_clean_cache' from command line to 'False'
[0.747s] [34mcolcon.colcon_core.verb[0m [1;30mLevel 5[0m set package 'asr' build argument 'cmake_clean_first' from command line to 'False'
[0.747s] [34mcolcon.colcon_core.verb[0m [1;30mLevel 5[0m set package 'asr' build argument 'cmake_force_configure' from command line to 'False'
[0.747s] [34mcolcon.colcon_core.verb[0m [1;30mLevel 5[0m set package 'asr' build argument 'ament_cmake_args' from command line to 'None'
[0.748s] [34mcolcon.colcon_core.verb[0m [1;30mLevel 5[0m set package 'asr' build argument 'catkin_cmake_args' from command line to 'None'
[0.748s] [34mcolcon.colcon_core.verb[0m [1;30mLevel 5[0m set package 'asr' build argument 'catkin_skip_building_tests' from command line to 'False'
[0.748s] [34mcolcon.colcon_core.verb[0m [1;30mDEBUG[0m [32mBuilding package 'asr' with the following arguments: {'ament_cmake_args': None, 'build_base': '/home/tknika/gral-iiriondo/unitree_ws/build/asr', 'catkin_cmake_args': None, 'catkin_skip_building_tests': False, 'cmake_args': None, 'cmake_clean_cache': False, 'cmake_clean_first': False, 'cmake_force_configure': False, 'cmake_target': None, 'cmake_target_skip_unavailable': False, 'install_base': '/home/tknika/gral-iiriondo/unitree_ws/install/asr', 'merge_install': False, 'path': '/home/tknika/gral-iiriondo/unitree_ws/src/asr', 'symlink_install': True, 'test_result_base': None}[0m
[0.748s] [34mcolcon.colcon_core.verb[0m [1;30mLevel 5[0m set package 'go1_description' build argument 'cmake_args' from command line to 'None'
[0.748s] [34mcolcon.colcon_core.verb[0m [1;30mLevel 5[0m set package 'go1_description' build argument 'cmake_target' from command line to 'None'
[0.748s] [34mcolcon.colcon_core.verb[0m [1;30mLevel 5[0m set package 'go1_description' build argument 'cmake_target_skip_unavailable' from command line to 'False'
[0.748s] [34mcolcon.colcon_core.verb[0m [1;30mLevel 5[0m set package 'go1_description' build argument 'cmake_clean_cache' from command line to 'False'
[0.749s] [34mcolcon.colcon_core.verb[0m [1;30mLevel 5[0m set package 'go1_description' build argument 'cmake_clean_first' from command line to 'False'
[0.749s] [34mcolcon.colcon_core.verb[0m [1;30mLevel 5[0m set package 'go1_description' build argument 'cmake_force_configure' from command line to 'False'
[0.749s] [34mcolcon.colcon_core.verb[0m [1;30mLevel 5[0m set package 'go1_description' build argument 'ament_cmake_args' from command line to 'None'
[0.749s] [34mcolcon.colcon_core.verb[0m [1;30mLevel 5[0m set package 'go1_description' build argument 'catkin_cmake_args' from command line to 'None'
[0.749s] [34mcolcon.colcon_core.verb[0m [1;30mLevel 5[0m set package 'go1_description' build argument 'catkin_skip_building_tests' from command line to 'False'
[0.749s] [34mcolcon.colcon_core.verb[0m [1;30mDEBUG[0m [32mBuilding package 'go1_description' with the following arguments: {'ament_cmake_args': None, 'build_base': '/home/tknika/gral-iiriondo/unitree_ws/build/go1_description', 'catkin_cmake_args': None, 'catkin_skip_building_tests': False, 'cmake_args': None, 'cmake_clean_cache': False, 'cmake_clean_first': False, 'cmake_force_configure': False, 'cmake_target': None, 'cmake_target_skip_unavailable': False, 'install_base': '/home/tknika/gral-iiriondo/unitree_ws/install/go1_description', 'merge_install': False, 'path': '/home/tknika/gral-iiriondo/unitree_ws/src/go1_description', 'symlink_install': True, 'test_result_base': None}[0m
[0.749s] [34mcolcon.colcon_core.verb[0m [1;30mLevel 5[0m set package 'mapping_configuration' build argument 'cmake_args' from command line to 'None'
[0.749s] [34mcolcon.colcon_core.verb[0m [1;30mLevel 5[0m set package 'mapping_configuration' build argument 'cmake_target' from command line to 'None'
[0.749s] [34mcolcon.colcon_core.verb[0m [1;30mLevel 5[0m set package 'mapping_configuration' build argument 'cmake_target_skip_unavailable' from command line to 'False'
[0.750s] [34mcolcon.colcon_core.verb[0m [1;30mLevel 5[0m set package 'mapping_configuration' build argument 'cmake_clean_cache' from command line to 'False'
[0.750s] [34mcolcon.colcon_core.verb[0m [1;30mLevel 5[0m set package 'mapping_configuration' build argument 'cmake_clean_first' from command line to 'False'
[0.750s] [34mcolcon.colcon_core.verb[0m [1;30mLevel 5[0m set package 'mapping_configuration' build argument 'cmake_force_configure' from command line to 'False'
[0.750s] [34mcolcon.colcon_core.verb[0m [1;30mLevel 5[0m set package 'mapping_configuration' build argument 'ament_cmake_args' from command line to 'None'
[0.750s] [34mcolcon.colcon_core.verb[0m [1;30mLevel 5[0m set package 'mapping_configuration' build argument 'catkin_cmake_args' from command line to 'None'
[0.750s] [34mcolcon.colcon_core.verb[0m [1;30mLevel 5[0m set package 'mapping_configuration' build argument 'catkin_skip_building_tests' from command line to 'False'
[0.750s] [34mcolcon.colcon_core.verb[0m [1;30mDEBUG[0m [32mBuilding package 'mapping_configuration' with the following arguments: {'ament_cmake_args': None, 'build_base': '/home/tknika/gral-iiriondo/unitree_ws/build/mapping_configuration', 'catkin_cmake_args': None, 'catkin_skip_building_tests': False, 'cmake_args': None, 'cmake_clean_cache': False, 'cmake_clean_first': False, 'cmake_force_configure': False, 'cmake_target': None, 'cmake_target_skip_unavailable': False, 'install_base': '/home/tknika/gral-iiriondo/unitree_ws/install/mapping_configuration', 'merge_install': False, 'path': '/home/tknika/gral-iiriondo/unitree_ws/src/mapping_configuration', 'symlink_install': True, 'test_result_base': None}[0m
[0.750s] [34mcolcon.colcon_core.verb[0m [1;30mLevel 5[0m set package 'object_recognition_interfaces' build argument 'cmake_args' from command line to 'None'
[0.750s] [34mcolcon.colcon_core.verb[0m [1;30mLevel 5[0m set package 'object_recognition_interfaces' build argument 'cmake_target' from command line to 'None'
[0.750s] [34mcolcon.colcon_core.verb[0m [1;30mLevel 5[0m set package 'object_recognition_interfaces' build argument 'cmake_target_skip_unavailable' from command line to 'False'
[0.751s] [34mcolcon.colcon_core.verb[0m [1;30mLevel 5[0m set package 'object_recognition_interfaces' build argument 'cmake_clean_cache' from command line to 'False'
[0.751s] [34mcolcon.colcon_core.verb[0m [1;30mLevel 5[0m set package 'object_recognition_interfaces' build argument 'cmake_clean_first' from command line to 'False'
[0.751s] [34mcolcon.colcon_core.verb[0m [1;30mLevel 5[0m set package 'object_recognition_interfaces' build argument 'cmake_force_configure' from command line to 'False'
[0.751s] [34mcolcon.colcon_core.verb[0m [1;30mLevel 5[0m set package 'object_recognition_interfaces' build argument 'ament_cmake_args' from command line to 'None'
[0.751s] [34mcolcon.colcon_core.verb[0m [1;30mLevel 5[0m set package 'object_recognition_interfaces' build argument 'catkin_cmake_args' from command line to 'None'
[0.751s] [34mcolcon.colcon_core.verb[0m [1;30mLevel 5[0m set package 'object_recognition_interfaces' build argument 'catkin_skip_building_tests' from command line to 'False'
[0.751s] [34mcolcon.colcon_core.verb[0m [1;30mDEBUG[0m [32mBuilding package 'object_recognition_interfaces' with the following arguments: {'ament_cmake_args': None, 'build_base': '/home/tknika/gral-iiriondo/unitree_ws/build/object_recognition_interfaces', 'catkin_cmake_args': None, 'catkin_skip_building_tests': False, 'cmake_args': None, 'cmake_clean_cache': False, 'cmake_clean_first': False, 'cmake_force_configure': False, 'cmake_target': None, 'cmake_target_skip_unavailable': False, 'install_base': '/home/tknika/gral-iiriondo/unitree_ws/install/object_recognition_interfaces', 'merge_install': False, 'path': '/home/tknika/gral-iiriondo/unitree_ws/src/object_recognition_interfaces', 'symlink_install': True, 'test_result_base': None}[0m
[0.751s] [34mcolcon.colcon_core.verb[0m [1;30mLevel 5[0m set package 'slam_analysis' build argument 'cmake_args' from command line to 'None'
[0.751s] [34mcolcon.colcon_core.verb[0m [1;30mLevel 5[0m set package 'slam_analysis' build argument 'cmake_target' from command line to 'None'
[0.751s] [34mcolcon.colcon_core.verb[0m [1;30mLevel 5[0m set package 'slam_analysis' build argument 'cmake_target_skip_unavailable' from command line to 'False'
[0.751s] [34mcolcon.colcon_core.verb[0m [1;30mLevel 5[0m set package 'slam_analysis' build argument 'cmake_clean_cache' from command line to 'False'
[0.752s] [34mcolcon.colcon_core.verb[0m [1;30mLevel 5[0m set package 'slam_analysis' build argument 'cmake_clean_first' from command line to 'False'
[0.752s] [34mcolcon.colcon_core.verb[0m [1;30mLevel 5[0m set package 'slam_analysis' build argument 'cmake_force_configure' from command line to 'False'
[0.752s] [34mcolcon.colcon_core.verb[0m [1;30mLevel 5[0m set package 'slam_analysis' build argument 'ament_cmake_args' from command line to 'None'
[0.752s] [34mcolcon.colcon_core.verb[0m [1;30mLevel 5[0m set package 'slam_analysis' build argument 'catkin_cmake_args' from command line to 'None'
[0.752s] [34mcolcon.colcon_core.verb[0m [1;30mLevel 5[0m set package 'slam_analysis' build argument 'catkin_skip_building_tests' from command line to 'False'
[0.752s] [34mcolcon.colcon_core.verb[0m [1;30mDEBUG[0m [32mBuilding package 'slam_analysis' with the following arguments: {'ament_cmake_args': None, 'build_base': '/home/tknika/gral-iiriondo/unitree_ws/build/slam_analysis', 'catkin_cmake_args': None, 'catkin_skip_building_tests': False, 'cmake_args': None, 'cmake_clean_cache': False, 'cmake_clean_first': False, 'cmake_force_configure': False, 'cmake_target': None, 'cmake_target_skip_unavailable': False, 'install_base': '/home/tknika/gral-iiriondo/unitree_ws/install/slam_analysis', 'merge_install': False, 'path': '/home/tknika/gral-iiriondo/unitree_ws/src/slam_analysis', 'symlink_install': True, 'test_result_base': None}[0m
[0.752s] [34mcolcon.colcon_core.verb[0m [1;30mLevel 5[0m set package 'speech_to_goal_interfaces' build argument 'cmake_args' from command line to 'None'
[0.752s] [34mcolcon.colcon_core.verb[0m [1;30mLevel 5[0m set package 'speech_to_goal_interfaces' build argument 'cmake_target' from command line to 'None'
[0.752s] [34mcolcon.colcon_core.verb[0m [1;30mLevel 5[0m set package 'speech_to_goal_interfaces' build argument 'cmake_target_skip_unavailable' from command line to 'False'
[0.752s] [34mcolcon.colcon_core.verb[0m [1;30mLevel 5[0m set package 'speech_to_goal_interfaces' build argument 'cmake_clean_cache' from command line to 'False'
[0.753s] [34mcolcon.colcon_core.verb[0m [1;30mLevel 5[0m set package 'speech_to_goal_interfaces' build argument 'cmake_clean_first' from command line to 'False'
[0.753s] [34mcolcon.colcon_core.verb[0m [1;30mLevel 5[0m set package 'speech_to_goal_interfaces' build argument 'cmake_force_configure' from command line to 'False'
[0.753s] [34mcolcon.colcon_core.verb[0m [1;30mLevel 5[0m set package 'speech_to_goal_interfaces' build argument 'ament_cmake_args' from command line to 'None'
[0.753s] [34mcolcon.colcon_core.verb[0m [1;30mLevel 5[0m set package 'speech_to_goal_interfaces' build argument 'catkin_cmake_args' from command line to 'None'
[0.753s] [34mcolcon.colcon_core.verb[0m [1;30mLevel 5[0m set package 'speech_to_goal_interfaces' build argument 'catkin_skip_building_tests' from command line to 'False'
[0.753s] [34mcolcon.colcon_core.verb[0m [1;30mDEBUG[0m [32mBuilding package 'speech_to_goal_interfaces' with the following arguments: {'ament_cmake_args': None, 'build_base': '/home/tknika/gral-iiriondo/unitree_ws/build/speech_to_goal_interfaces', 'catkin_cmake_args': None, 'catkin_skip_building_tests': False, 'cmake_args': None, 'cmake_clean_cache': False, 'cmake_clean_first': False, 'cmake_force_configure': False, 'cmake_target': None, 'cmake_target_skip_unavailable': False, 'install_base': '/home/tknika/gral-iiriondo/unitree_ws/install/speech_to_goal_interfaces', 'merge_install': False, 'path': '/home/tknika/gral-iiriondo/unitree_ws/src/speech_to_goal_interfaces', 'symlink_install': True, 'test_result_base': None}[0m
[0.753s] [34mcolcon.colcon_core.verb[0m [1;30mLevel 5[0m set package 'standing_mode' build argument 'cmake_args' from command line to 'None'
[0.753s] [34mcolcon.colcon_core.verb[0m [1;30mLevel 5[0m set package 'standing_mode' build argument 'cmake_target' from command line to 'None'
[0.753s] [34mcolcon.colcon_core.verb[0m [1;30mLevel 5[0m set package 'standing_mode' build argument 'cmake_target_skip_unavailable' from command line to 'False'
[0.753s] [34mcolcon.colcon_core.verb[0m [1;30mLevel 5[0m set package 'standing_mode' build argument 'cmake_clean_cache' from command line to 'False'
[0.753s] [34mcolcon.colcon_core.verb[0m [1;30mLevel 5[0m set package 'standing_mode' build argument 'cmake_clean_first' from command line to 'False'
[0.754s] [34mcolcon.colcon_core.verb[0m [1;30mLevel 5[0m set package 'standing_mode' build argument 'cmake_force_configure' from command line to 'False'
[0.754s] [34mcolcon.colcon_core.verb[0m [1;30mLevel 5[0m set package 'standing_mode' build argument 'ament_cmake_args' from command line to 'None'
[0.754s] [34mcolcon.colcon_core.verb[0m [1;30mLevel 5[0m set package 'standing_mode' build argument 'catkin_cmake_args' from command line to 'None'
[0.754s] [34mcolcon.colcon_core.verb[0m [1;30mLevel 5[0m set package 'standing_mode' build argument 'catkin_skip_building_tests' from command line to 'False'
[0.754s] [34mcolcon.colcon_core.verb[0m [1;30mDEBUG[0m [32mBuilding package 'standing_mode' with the following arguments: {'ament_cmake_args': None, 'build_base': '/home/tknika/gral-iiriondo/unitree_ws/build/standing_mode', 'catkin_cmake_args': None, 'catkin_skip_building_tests': False, 'cmake_args': None, 'cmake_clean_cache': False, 'cmake_clean_first': False, 'cmake_force_configure': False, 'cmake_target': None, 'cmake_target_skip_unavailable': False, 'install_base': '/home/tknika/gral-iiriondo/unitree_ws/install/standing_mode', 'merge_install': False, 'path': '/home/tknika/gral-iiriondo/unitree_ws/src/standing_mode', 'symlink_install': True, 'test_result_base': None}[0m
[0.754s] [34mcolcon.colcon_core.verb[0m [1;30mLevel 5[0m set package 'aruco_detector' build argument 'cmake_args' from command line to 'None'
[0.754s] [34mcolcon.colcon_core.verb[0m [1;30mLevel 5[0m set package 'aruco_detector' build argument 'cmake_target' from command line to 'None'
[0.754s] [34mcolcon.colcon_core.verb[0m [1;30mLevel 5[0m set package 'aruco_detector' build argument 'cmake_target_skip_unavailable' from command line to 'False'
[0.754s] [34mcolcon.colcon_core.verb[0m [1;30mLevel 5[0m set package 'aruco_detector' build argument 'cmake_clean_cache' from command line to 'False'
[0.754s] [34mcolcon.colcon_core.verb[0m [1;30mLevel 5[0m set package 'aruco_detector' build argument 'cmake_clean_first' from command line to 'False'
[0.755s] [34mcolcon.colcon_core.verb[0m [1;30mLevel 5[0m set package 'aruco_detector' build argument 'cmake_force_configure' from command line to 'False'
[0.755s] [34mcolcon.colcon_core.verb[0m [1;30mLevel 5[0m set package 'aruco_detector' build argument 'ament_cmake_args' from command line to 'None'
[0.755s] [34mcolcon.colcon_core.verb[0m [1;30mLevel 5[0m set package 'aruco_detector' build argument 'catkin_cmake_args' from command line to 'None'
[0.755s] [34mcolcon.colcon_core.verb[0m [1;30mLevel 5[0m set package 'aruco_detector' build argument 'catkin_skip_building_tests' from command line to 'False'
[0.755s] [34mcolcon.colcon_core.verb[0m [1;30mDEBUG[0m [32mBuilding package 'aruco_detector' with the following arguments: {'ament_cmake_args': None, 'build_base': '/home/tknika/gral-iiriondo/unitree_ws/build/aruco_detector', 'catkin_cmake_args': None, 'catkin_skip_building_tests': False, 'cmake_args': None, 'cmake_clean_cache': False, 'cmake_clean_first': False, 'cmake_force_configure': False, 'cmake_target': None, 'cmake_target_skip_unavailable': False, 'install_base': '/home/tknika/gral-iiriondo/unitree_ws/install/aruco_detector', 'merge_install': False, 'path': '/home/tknika/gral-iiriondo/unitree_ws/src/aruco_detector', 'symlink_install': True, 'test_result_base': None}[0m
[0.755s] [34mcolcon.colcon_core.verb[0m [1;30mLevel 5[0m set package 'object_recognition' build argument 'cmake_args' from command line to 'None'
[0.755s] [34mcolcon.colcon_core.verb[0m [1;30mLevel 5[0m set package 'object_recognition' build argument 'cmake_target' from command line to 'None'
[0.755s] [34mcolcon.colcon_core.verb[0m [1;30mLevel 5[0m set package 'object_recognition' build argument 'cmake_target_skip_unavailable' from command line to 'False'
[0.755s] [34mcolcon.colcon_core.verb[0m [1;30mLevel 5[0m set package 'object_recognition' build argument 'cmake_clean_cache' from command line to 'False'
[0.755s] [34mcolcon.colcon_core.verb[0m [1;30mLevel 5[0m set package 'object_recognition' build argument 'cmake_clean_first' from command line to 'False'
[0.756s] [34mcolcon.colcon_core.verb[0m [1;30mLevel 5[0m set package 'object_recognition' build argument 'cmake_force_configure' from command line to 'False'
[0.756s] [34mcolcon.colcon_core.verb[0m [1;30mLevel 5[0m set package 'object_recognition' build argument 'ament_cmake_args' from command line to 'None'
[0.756s] [34mcolcon.colcon_core.verb[0m [1;30mLevel 5[0m set package 'object_recognition' build argument 'catkin_cmake_args' from command line to 'None'
[0.756s] [34mcolcon.colcon_core.verb[0m [1;30mLevel 5[0m set package 'object_recognition' build argument 'catkin_skip_building_tests' from command line to 'False'
[0.756s] [34mcolcon.colcon_core.verb[0m [1;30mDEBUG[0m [32mBuilding package 'object_recognition' with the following arguments: {'ament_cmake_args': None, 'build_base': '/home/tknika/gral-iiriondo/unitree_ws/build/object_recognition', 'catkin_cmake_args': None, 'catkin_skip_building_tests': False, 'cmake_args': None, 'cmake_clean_cache': False, 'cmake_clean_first': False, 'cmake_force_configure': False, 'cmake_target': None, 'cmake_target_skip_unavailable': False, 'install_base': '/home/tknika/gral-iiriondo/unitree_ws/install/object_recognition', 'merge_install': False, 'path': '/home/tknika/gral-iiriondo/unitree_ws/src/object_recognition', 'symlink_install': True, 'test_result_base': None}[0m
[0.756s] [34mcolcon.colcon_core.verb[0m [1;30mLevel 5[0m set package 'speech_to_goal' build argument 'cmake_args' from command line to 'None'
[0.756s] [34mcolcon.colcon_core.verb[0m [1;30mLevel 5[0m set package 'speech_to_goal' build argument 'cmake_target' from command line to 'None'
[0.757s] [34mcolcon.colcon_core.verb[0m [1;30mLevel 5[0m set package 'speech_to_goal' build argument 'cmake_target_skip_unavailable' from command line to 'False'
[0.757s] [34mcolcon.colcon_core.verb[0m [1;30mLevel 5[0m set package 'speech_to_goal' build argument 'cmake_clean_cache' from command line to 'False'
[0.757s] [34mcolcon.colcon_core.verb[0m [1;30mLevel 5[0m set package 'speech_to_goal' build argument 'cmake_clean_first' from command line to 'False'
[0.757s] [34mcolcon.colcon_core.verb[0m [1;30mLevel 5[0m set package 'speech_to_goal' build argument 'cmake_force_configure' from command line to 'False'
[0.757s] [34mcolcon.colcon_core.verb[0m [1;30mLevel 5[0m set package 'speech_to_goal' build argument 'ament_cmake_args' from command line to 'None'
[0.757s] [34mcolcon.colcon_core.verb[0m [1;30mLevel 5[0m set package 'speech_to_goal' build argument 'catkin_cmake_args' from command line to 'None'
[0.757s] [34mcolcon.colcon_core.verb[0m [1;30mLevel 5[0m set package 'speech_to_goal' build argument 'catkin_skip_building_tests' from command line to 'False'
[0.757s] [34mcolcon.colcon_core.verb[0m [1;30mDEBUG[0m [32mBuilding package 'speech_to_goal' with the following arguments: {'ament_cmake_args': None, 'build_base': '/home/tknika/gral-iiriondo/unitree_ws/build/speech_to_goal', 'catkin_cmake_args': None, 'catkin_skip_building_tests': False, 'cmake_args': None, 'cmake_clean_cache': False, 'cmake_clean_first': False, 'cmake_force_configure': False, 'cmake_target': None, 'cmake_target_skip_unavailable': False, 'install_base': '/home/tknika/gral-iiriondo/unitree_ws/install/speech_to_goal', 'merge_install': False, 'path': '/home/tknika/gral-iiriondo/unitree_ws/src/speech_to_goal', 'symlink_install': True, 'test_result_base': None}[0m
[0.757s] [34mcolcon.colcon_core.executor[0m [1;30mINFO[0m Executing jobs using 'parallel' executor
[0.760s] [34mcolcon.colcon_parallel_executor.executor.parallel[0m [1;30mDEBUG[0m [32mrun_until_complete[0m
[0.761s] [34mcolcon.colcon_ros.task.ament_cmake.build[0m [1;30mINFO[0m Building ROS package in '/home/tknika/gral-iiriondo/unitree_ws/src/object_recognition_interfaces' with build type 'ament_cmake'
[0.761s] [34mcolcon.colcon_cmake.task.cmake.build[0m [1;30mINFO[0m Building CMake package in '/home/tknika/gral-iiriondo/unitree_ws/src/object_recognition_interfaces'
[0.774s] [34mcolcon.colcon_core.plugin_system[0m [1;30mINFO[0m Skipping extension 'colcon_core.shell.bat': Not used on non-Windows systems
[0.775s] [34mcolcon.colcon_core.shell[0m [1;30mINFO[0m Skip shell extension 'powershell' for command environment: Not usable outside of PowerShell
[0.775s] [34mcolcon.colcon_core.shell[0m [1;30mDEBUG[0m [32mSkip shell extension 'dsv' for command environment[0m
[0.783s] [34mcolcon.colcon_ros.task.ament_cmake.build[0m [1;30mINFO[0m Building ROS package in '/home/tknika/gral-iiriondo/unitree_ws/src/aruco_markers_msgs' with build type 'ament_cmake'
[0.784s] [34mcolcon.colcon_cmake.task.cmake.build[0m [1;30mINFO[0m Building CMake package in '/home/tknika/gral-iiriondo/unitree_ws/src/aruco_markers_msgs'
[0.785s] [34mcolcon.colcon_core.shell[0m [1;30mINFO[0m Skip shell extension 'powershell' for command environment: Not usable outside of PowerShell
[0.785s] [34mcolcon.colcon_core.shell[0m [1;30mDEBUG[0m [32mSkip shell extension 'dsv' for command environment[0m
[0.793s] [34mcolcon.colcon_ros.task.ament_cmake.build[0m [1;30mINFO[0m Building ROS package in '/home/tknika/gral-iiriondo/unitree_ws/src/speech_to_goal_interfaces' with build type 'ament_cmake'
[0.793s] [34mcolcon.colcon_cmake.task.cmake.build[0m [1;30mINFO[0m Building CMake package in '/home/tknika/gral-iiriondo/unitree_ws/src/speech_to_goal_interfaces'
[0.794s] [34mcolcon.colcon_core.shell[0m [1;30mINFO[0m Skip shell extension 'powershell' for command environment: Not usable outside of PowerShell
[0.794s] [34mcolcon.colcon_core.shell[0m [1;30mDEBUG[0m [32mSkip shell extension 'dsv' for command environment[0m
[0.802s] [34mcolcon.colcon_ros.task.ament_python.build[0m [1;30mINFO[0m Building ROS package in '/home/tknika/gral-iiriondo/unitree_ws/src/asr' with build type 'ament_python'
[0.802s] [34mcolcon.colcon_core.shell[0m [1;30mLevel 1[0m create_environment_hook('asr', 'ament_prefix_path')
[0.803s] [34mcolcon.colcon_core.shell[0m [1;30mINFO[0m Creating environment hook '/home/tknika/gral-iiriondo/unitree_ws/install/asr/share/asr/hook/ament_prefix_path.ps1'
[0.805s] [34mcolcon.colcon_core.shell[0m [1;30mINFO[0m Creating environment descriptor '/home/tknika/gral-iiriondo/unitree_ws/install/asr/share/asr/hook/ament_prefix_path.dsv'
[0.807s] [34mcolcon.colcon_core.shell[0m [1;30mINFO[0m Creating environment hook '/home/tknika/gral-iiriondo/unitree_ws/install/asr/share/asr/hook/ament_prefix_path.sh'
[0.808s] [34mcolcon.colcon_core.shell[0m [1;30mINFO[0m Skip shell extension 'powershell' for command environment: Not usable outside of PowerShell
[0.809s] [34mcolcon.colcon_core.shell[0m [1;30mDEBUG[0m [32mSkip shell extension 'dsv' for command environment[0m
[0.815s] [34mcolcon.colcon_ros.task.ament_python.build[0m [1;30mINFO[0m Building ROS package in '/home/tknika/gral-iiriondo/unitree_ws/src/go1_description' with build type 'ament_python'
[0.815s] [34mcolcon.colcon_core.shell[0m [1;30mLevel 1[0m create_environment_hook('go1_description', 'ament_prefix_path')
[0.816s] [34mcolcon.colcon_core.shell[0m [1;30mINFO[0m Creating environment hook '/home/tknika/gral-iiriondo/unitree_ws/install/go1_description/share/go1_description/hook/ament_prefix_path.ps1'
[0.817s] [34mcolcon.colcon_core.shell[0m [1;30mINFO[0m Creating environment descriptor '/home/tknika/gral-iiriondo/unitree_ws/install/go1_description/share/go1_description/hook/ament_prefix_path.dsv'
[0.818s] [34mcolcon.colcon_core.shell[0m [1;30mINFO[0m Creating environment hook '/home/tknika/gral-iiriondo/unitree_ws/install/go1_description/share/go1_description/hook/ament_prefix_path.sh'
[0.819s] [34mcolcon.colcon_core.shell[0m [1;30mINFO[0m Skip shell extension 'powershell' for command environment: Not usable outside of PowerShell
[0.819s] [34mcolcon.colcon_core.shell[0m [1;30mDEBUG[0m [32mSkip shell extension 'dsv' for command environment[0m
[0.826s] [34mcolcon.colcon_ros.task.ament_python.build[0m [1;30mINFO[0m Building ROS package in '/home/tknika/gral-iiriondo/unitree_ws/src/mapping_configuration' with build type 'ament_python'
[0.826s] [34mcolcon.colcon_core.shell[0m [1;30mLevel 1[0m create_environment_hook('mapping_configuration', 'ament_prefix_path')
[0.827s] [34mcolcon.colcon_core.shell[0m [1;30mINFO[0m Creating environment hook '/home/tknika/gral-iiriondo/unitree_ws/install/mapping_configuration/share/mapping_configuration/hook/ament_prefix_path.ps1'
[0.828s] [34mcolcon.colcon_core.shell[0m [1;30mINFO[0m Creating environment descriptor '/home/tknika/gral-iiriondo/unitree_ws/install/mapping_configuration/share/mapping_configuration/hook/ament_prefix_path.dsv'
[0.829s] [34mcolcon.colcon_core.shell[0m [1;30mINFO[0m Creating environment hook '/home/tknika/gral-iiriondo/unitree_ws/install/mapping_configuration/share/mapping_configuration/hook/ament_prefix_path.sh'
[0.830s] [34mcolcon.colcon_core.shell[0m [1;30mINFO[0m Skip shell extension 'powershell' for command environment: Not usable outside of PowerShell
[0.830s] [34mcolcon.colcon_core.shell[0m [1;30mDEBUG[0m [32mSkip shell extension 'dsv' for command environment[0m
[0.837s] [34mcolcon.colcon_ros.task.ament_python.build[0m [1;30mINFO[0m Building ROS package in '/home/tknika/gral-iiriondo/unitree_ws/src/slam_analysis' with build type 'ament_python'
[0.837s] [34mcolcon.colcon_core.shell[0m [1;30mLevel 1[0m create_environment_hook('slam_analysis', 'ament_prefix_path')
[0.837s] [34mcolcon.colcon_core.shell[0m [1;30mINFO[0m Creating environment hook '/home/tknika/gral-iiriondo/unitree_ws/install/slam_analysis/share/slam_analysis/hook/ament_prefix_path.ps1'
[0.839s] [34mcolcon.colcon_core.shell[0m [1;30mINFO[0m Creating environment descriptor '/home/tknika/gral-iiriondo/unitree_ws/install/slam_analysis/share/slam_analysis/hook/ament_prefix_path.dsv'
[0.840s] [34mcolcon.colcon_core.shell[0m [1;30mINFO[0m Creating environment hook '/home/tknika/gral-iiriondo/unitree_ws/install/slam_analysis/share/slam_analysis/hook/ament_prefix_path.sh'
[0.841s] [34mcolcon.colcon_core.shell[0m [1;30mINFO[0m Skip shell extension 'powershell' for command environment: Not usable outside of PowerShell
[0.842s] [34mcolcon.colcon_core.shell[0m [1;30mDEBUG[0m [32mSkip shell extension 'dsv' for command environment[0m
[0.849s] [34mcolcon.colcon_ros.task.ament_python.build[0m [1;30mINFO[0m Building ROS package in '/home/tknika/gral-iiriondo/unitree_ws/src/standing_mode' with build type 'ament_python'
[0.850s] [34mcolcon.colcon_core.shell[0m [1;30mLevel 1[0m create_environment_hook('standing_mode', 'ament_prefix_path')
[0.850s] [34mcolcon.colcon_core.shell[0m [1;30mINFO[0m Creating environment hook '/home/tknika/gral-iiriondo/unitree_ws/install/standing_mode/share/standing_mode/hook/ament_prefix_path.ps1'
[0.851s] [34mcolcon.colcon_core.shell[0m [1;30mINFO[0m Creating environment descriptor '/home/tknika/gral-iiriondo/unitree_ws/install/standing_mode/share/standing_mode/hook/ament_prefix_path.dsv'
[0.852s] [34mcolcon.colcon_core.shell[0m [1;30mINFO[0m Creating environment hook '/home/tknika/gral-iiriondo/unitree_ws/install/standing_mode/share/standing_mode/hook/ament_prefix_path.sh'
[0.854s] [34mcolcon.colcon_core.shell[0m [1;30mINFO[0m Skip shell extension 'powershell' for command environment: Not usable outside of PowerShell
[0.854s] [34mcolcon.colcon_core.shell[0m [1;30mDEBUG[0m [32mSkip shell extension 'dsv' for command environment[0m
[0.872s] [34mcolcon.colcon_core.event_handler.log_command[0m [1;30mDEBUG[0m [32mInvoking command in '/home/tknika/gral-iiriondo/unitree_ws/build/object_recognition_interfaces': CMAKE_PREFIX_PATH=${CMAKE_PREFIX_PATH}:/home/tknika/gral-iiriondo/unitree_ws/install/standing_mode:/home/tknika/gral-iiriondo/unitree_ws/install/speech_to_goal:/home/tknika/gral-iiriondo/unitree_ws/install/object_recognition:/home/tknika/gral-iiriondo/unitree_ws/install/mapping_configuration:/home/tknika/gral-iiriondo/unitree_ws/install/go1_description:/home/tknika/gral-iiriondo/unitree_ws/install/asr:/home/tknika/gral-iiriondo/unitree_ws/install/aruco_detector:/opt/ros/humble /usr/bin/cmake --build /home/tknika/gral-iiriondo/unitree_ws/build/object_recognition_interfaces -- -j8 -l8[0m
[0.885s] [34mcolcon.colcon_core.event_handler.log_command[0m [1;30mDEBUG[0m [32mInvoking command in '/home/tknika/gral-iiriondo/unitree_ws/build/aruco_markers_msgs': CMAKE_PREFIX_PATH=${CMAKE_PREFIX_PATH}:/home/tknika/gral-iiriondo/unitree_ws/install/standing_mode:/home/tknika/gral-iiriondo/unitree_ws/install/speech_to_goal:/home/tknika/gral-iiriondo/unitree_ws/install/object_recognition:/home/tknika/gral-iiriondo/unitree_ws/install/mapping_configuration:/home/tknika/gral-iiriondo/unitree_ws/install/go1_description:/home/tknika/gral-iiriondo/unitree_ws/install/asr:/home/tknika/gral-iiriondo/unitree_ws/install/aruco_detector:/opt/ros/humble /usr/bin/cmake --build /home/tknika/gral-iiriondo/unitree_ws/build/aruco_markers_msgs -- -j8 -l8[0m
[0.895s] [34mcolcon.colcon_core.event_handler.log_command[0m [1;30mDEBUG[0m [32mInvoking command in '/home/tknika/gral-iiriondo/unitree_ws/build/speech_to_goal_interfaces': CMAKE_PREFIX_PATH=${CMAKE_PREFIX_PATH}:/home/tknika/gral-iiriondo/unitree_ws/install/standing_mode:/home/tknika/gral-iiriondo/unitree_ws/install/speech_to_goal:/home/tknika/gral-iiriondo/unitree_ws/install/object_recognition:/home/tknika/gral-iiriondo/unitree_ws/install/mapping_configuration:/home/tknika/gral-iiriondo/unitree_ws/install/go1_description:/home/tknika/gral-iiriondo/unitree_ws/install/asr:/home/tknika/gral-iiriondo/unitree_ws/install/aruco_detector:/opt/ros/humble /usr/bin/cmake --build /home/tknika/gral-iiriondo/unitree_ws/build/speech_to_goal_interfaces -- -j8 -l8[0m
[1.726s] [34mcolcon.colcon_core.task.python.build[0m [1;30mINFO[0m Building Python package in '/home/tknika/gral-iiriondo/unitree_ws/src/asr'
[1.727s] [34mcolcon.colcon_core.shell[0m [1;30mINFO[0m Skip shell extension 'powershell' for command environment: Not usable outside of PowerShell
[1.727s] [34mcolcon.colcon_core.shell[0m [1;30mDEBUG[0m [32mSkip shell extension 'dsv' for command environment[0m
[2.271s] [34mcolcon.colcon_core.task.python.build[0m [1;30mINFO[0m Building Python package in '/home/tknika/gral-iiriondo/unitree_ws/src/go1_description'
[2.272s] [34mcolcon.colcon_core.shell[0m [1;30mINFO[0m Skip shell extension 'powershell' for command environment: Not usable outside of PowerShell
[2.272s] [34mcolcon.colcon_core.shell[0m [1;30mDEBUG[0m [32mSkip shell extension 'dsv' for command environment[0m
[2.775s] [34mcolcon.colcon_core.task.python.build[0m [1;30mINFO[0m Building Python package in '/home/tknika/gral-iiriondo/unitree_ws/src/mapping_configuration'
[2.776s] [34mcolcon.colcon_core.shell[0m [1;30mINFO[0m Skip shell extension 'powershell' for command environment: Not usable outside of PowerShell
[2.776s] [34mcolcon.colcon_core.shell[0m [1;30mDEBUG[0m [32mSkip shell extension 'dsv' for command environment[0m
[3.276s] [34mcolcon.colcon_core.task.python.build[0m [1;30mINFO[0m Building Python package in '/home/tknika/gral-iiriondo/unitree_ws/src/slam_analysis'
[3.277s] [34mcolcon.colcon_core.shell[0m [1;30mINFO[0m Skip shell extension 'powershell' for command environment: Not usable outside of PowerShell
[3.277s] [34mcolcon.colcon_core.shell[0m [1;30mDEBUG[0m [32mSkip shell extension 'dsv' for command environment[0m
[3.307s] [34mcolcon.colcon_core.event_handler.log_command[0m [1;30mDEBUG[0m [32mInvoked command in '/home/tknika/gral-iiriondo/unitree_ws/build/speech_to_goal_interfaces' returned '0': CMAKE_PREFIX_PATH=${CMAKE_PREFIX_PATH}:/home/tknika/gral-iiriondo/unitree_ws/install/standing_mode:/home/tknika/gral-iiriondo/unitree_ws/install/speech_to_goal:/home/tknika/gral-iiriondo/unitree_ws/install/object_recognition:/home/tknika/gral-iiriondo/unitree_ws/install/mapping_configuration:/home/tknika/gral-iiriondo/unitree_ws/install/go1_description:/home/tknika/gral-iiriondo/unitree_ws/install/asr:/home/tknika/gral-iiriondo/unitree_ws/install/aruco_detector:/opt/ros/humble /usr/bin/cmake --build /home/tknika/gral-iiriondo/unitree_ws/build/speech_to_goal_interfaces -- -j8 -l8[0m
[3.321s] [34mcolcon.colcon_core.event_handler.log_command[0m [1;30mDEBUG[0m [32mInvoking command in '/home/tknika/gral-iiriondo/unitree_ws/build/speech_to_goal_interfaces': CMAKE_PREFIX_PATH=${CMAKE_PREFIX_PATH}:/home/tknika/gral-iiriondo/unitree_ws/install/standing_mode:/home/tknika/gral-iiriondo/unitree_ws/install/speech_to_goal:/home/tknika/gral-iiriondo/unitree_ws/install/object_recognition:/home/tknika/gral-iiriondo/unitree_ws/install/mapping_configuration:/home/tknika/gral-iiriondo/unitree_ws/install/go1_description:/home/tknika/gral-iiriondo/unitree_ws/install/asr:/home/tknika/gral-iiriondo/unitree_ws/install/aruco_detector:/opt/ros/humble /usr/bin/cmake --install /home/tknika/gral-iiriondo/unitree_ws/build/speech_to_goal_interfaces[0m
[3.323s] [34mcolcon.colcon_core.event_handler.log_command[0m [1;30mDEBUG[0m [32mInvoked command in '/home/tknika/gral-iiriondo/unitree_ws/build/aruco_markers_msgs' returned '0': CMAKE_PREFIX_PATH=${CMAKE_PREFIX_PATH}:/home/tknika/gral-iiriondo/unitree_ws/install/standing_mode:/home/tknika/gral-iiriondo/unitree_ws/install/speech_to_goal:/home/tknika/gral-iiriondo/unitree_ws/install/object_recognition:/home/tknika/gral-iiriondo/unitree_ws/install/mapping_configuration:/home/tknika/gral-iiriondo/unitree_ws/install/go1_description:/home/tknika/gral-iiriondo/unitree_ws/install/asr:/home/tknika/gral-iiriondo/unitree_ws/install/aruco_detector:/opt/ros/humble /usr/bin/cmake --build /home/tknika/gral-iiriondo/unitree_ws/build/aruco_markers_msgs -- -j8 -l8[0m
[3.329s] [34mcolcon.colcon_core.event_handler.log_command[0m [1;30mDEBUG[0m [32mInvoking command in '/home/tknika/gral-iiriondo/unitree_ws/build/aruco_markers_msgs': CMAKE_PREFIX_PATH=${CMAKE_PREFIX_PATH}:/home/tknika/gral-iiriondo/unitree_ws/install/standing_mode:/home/tknika/gral-iiriondo/unitree_ws/install/speech_to_goal:/home/tknika/gral-iiriondo/unitree_ws/install/object_recognition:/home/tknika/gral-iiriondo/unitree_ws/install/mapping_configuration:/home/tknika/gral-iiriondo/unitree_ws/install/go1_description:/home/tknika/gral-iiriondo/unitree_ws/install/asr:/home/tknika/gral-iiriondo/unitree_ws/install/aruco_detector:/opt/ros/humble /usr/bin/cmake --install /home/tknika/gral-iiriondo/unitree_ws/build/aruco_markers_msgs[0m
[3.330s] [34mcolcon.colcon_core.event_handler.log_command[0m [1;30mDEBUG[0m [32mInvoked command in '/home/tknika/gral-iiriondo/unitree_ws/build/object_recognition_interfaces' returned '0': CMAKE_PREFIX_PATH=${CMAKE_PREFIX_PATH}:/home/tknika/gral-iiriondo/unitree_ws/install/standing_mode:/home/tknika/gral-iiriondo/unitree_ws/install/speech_to_goal:/home/tknika/gral-iiriondo/unitree_ws/install/object_recognition:/home/tknika/gral-iiriondo/unitree_ws/install/mapping_configuration:/home/tknika/gral-iiriondo/unitree_ws/install/go1_description:/home/tknika/gral-iiriondo/unitree_ws/install/asr:/home/tknika/gral-iiriondo/unitree_ws/install/aruco_detector:/opt/ros/humble /usr/bin/cmake --build /home/tknika/gral-iiriondo/unitree_ws/build/object_recognition_interfaces -- -j8 -l8[0m
[3.333s] [34mcolcon.colcon_core.event_handler.log_command[0m [1;30mDEBUG[0m [32mInvoking command in '/home/tknika/gral-iiriondo/unitree_ws/build/object_recognition_interfaces': CMAKE_PREFIX_PATH=${CMAKE_PREFIX_PATH}:/home/tknika/gral-iiriondo/unitree_ws/install/standing_mode:/home/tknika/gral-iiriondo/unitree_ws/install/speech_to_goal:/home/tknika/gral-iiriondo/unitree_ws/install/object_recognition:/home/tknika/gral-iiriondo/unitree_ws/install/mapping_configuration:/home/tknika/gral-iiriondo/unitree_ws/install/go1_description:/home/tknika/gral-iiriondo/unitree_ws/install/asr:/home/tknika/gral-iiriondo/unitree_ws/install/aruco_detector:/opt/ros/humble /usr/bin/cmake --install /home/tknika/gral-iiriondo/unitree_ws/build/object_recognition_interfaces[0m
[3.829s] [34mcolcon.colcon_core.task.python.build[0m [1;30mINFO[0m Building Python package in '/home/tknika/gral-iiriondo/unitree_ws/src/standing_mode'
[3.830s] [34mcolcon.colcon_core.shell[0m [1;30mINFO[0m Skip shell extension 'powershell' for command environment: Not usable outside of PowerShell
[3.830s] [34mcolcon.colcon_core.shell[0m [1;30mDEBUG[0m [32mSkip shell extension 'dsv' for command environment[0m
[3.968s] [34mcolcon.colcon_core.environment[0m [1;30mLevel 1[0m create_environment_scripts_only(aruco_markers_msgs)
[3.970s] [34mcolcon.colcon_core.event_handler.log_command[0m [1;30mDEBUG[0m [32mInvoked command in '/home/tknika/gral-iiriondo/unitree_ws/build/aruco_markers_msgs' returned '0': CMAKE_PREFIX_PATH=${CMAKE_PREFIX_PATH}:/home/tknika/gral-iiriondo/unitree_ws/install/standing_mode:/home/tknika/gral-iiriondo/unitree_ws/install/speech_to_goal:/home/tknika/gral-iiriondo/unitree_ws/install/object_recognition:/home/tknika/gral-iiriondo/unitree_ws/install/mapping_configuration:/home/tknika/gral-iiriondo/unitree_ws/install/go1_description:/home/tknika/gral-iiriondo/unitree_ws/install/asr:/home/tknika/gral-iiriondo/unitree_ws/install/aruco_detector:/opt/ros/humble /usr/bin/cmake --install /home/tknika/gral-iiriondo/unitree_ws/build/aruco_markers_msgs[0m
[3.988s] [34mcolcon.colcon_core.environment[0m [1;30mLevel 1[0m checking '/home/tknika/gral-iiriondo/unitree_ws/install/aruco_markers_msgs' for CMake module files
[3.989s] [34mcolcon.colcon_core.environment[0m [1;30mLevel 1[0m checking '/home/tknika/gral-iiriondo/unitree_ws/install/aruco_markers_msgs' for CMake config files
[3.991s] [34mcolcon.colcon_core.shell[0m [1;30mLevel 1[0m create_environment_hook('aruco_markers_msgs', 'cmake_prefix_path')
[3.991s] [34mcolcon.colcon_core.shell[0m [1;30mINFO[0m Creating environment hook '/home/tknika/gral-iiriondo/unitree_ws/install/aruco_markers_msgs/share/aruco_markers_msgs/hook/cmake_prefix_path.ps1'
[3.994s] [34mcolcon.colcon_core.shell[0m [1;30mINFO[0m Creating environment descriptor '/home/tknika/gral-iiriondo/unitree_ws/install/aruco_markers_msgs/share/aruco_markers_msgs/hook/cmake_prefix_path.dsv'
[3.996s] [34mcolcon.colcon_core.shell[0m [1;30mINFO[0m Creating environment hook '/home/tknika/gral-iiriondo/unitree_ws/install/aruco_markers_msgs/share/aruco_markers_msgs/hook/cmake_prefix_path.sh'
[3.999s] [34mcolcon.colcon_core.environment[0m [1;30mLevel 1[0m checking '/home/tknika/gral-iiriondo/unitree_ws/install/aruco_markers_msgs/lib'
[3.999s] [34mcolcon.colcon_core.shell[0m [1;30mLevel 1[0m create_environment_hook('aruco_markers_msgs', 'ld_library_path_lib')
[4.000s] [34mcolcon.colcon_core.shell[0m [1;30mINFO[0m Creating environment hook '/home/tknika/gral-iiriondo/unitree_ws/install/aruco_markers_msgs/share/aruco_markers_msgs/hook/ld_library_path_lib.ps1'
[4.002s] [34mcolcon.colcon_core.shell[0m [1;30mINFO[0m Creating environment descriptor '/home/tknika/gral-iiriondo/unitree_ws/install/aruco_markers_msgs/share/aruco_markers_msgs/hook/ld_library_path_lib.dsv'
[4.004s] [34mcolcon.colcon_core.shell[0m [1;30mINFO[0m Creating environment hook '/home/tknika/gral-iiriondo/unitree_ws/install/aruco_markers_msgs/share/aruco_markers_msgs/hook/ld_library_path_lib.sh'
[4.005s] [34mcolcon.colcon_core.environment[0m [1;30mLevel 1[0m checking '/home/tknika/gral-iiriondo/unitree_ws/install/aruco_markers_msgs/bin'
[4.005s] [34mcolcon.colcon_core.environment[0m [1;30mLevel 1[0m checking '/home/tknika/gral-iiriondo/unitree_ws/install/aruco_markers_msgs/lib/pkgconfig/aruco_markers_msgs.pc'
[4.006s] [34mcolcon.colcon_core.environment[0m [1;30mLevel 1[0m checking '/home/tknika/gral-iiriondo/unitree_ws/install/aruco_markers_msgs/lib/python3.10/site-packages'
[4.007s] [34mcolcon.colcon_core.environment[0m [1;30mLevel 1[0m checking '/home/tknika/gral-iiriondo/unitree_ws/install/aruco_markers_msgs/bin'
[4.008s] [34mcolcon.colcon_core.shell[0m [1;30mINFO[0m Creating package script '/home/tknika/gral-iiriondo/unitree_ws/install/aruco_markers_msgs/share/aruco_markers_msgs/package.ps1'
[4.012s] [34mcolcon.colcon_core.shell[0m [1;30mINFO[0m Creating package descriptor '/home/tknika/gral-iiriondo/unitree_ws/install/aruco_markers_msgs/share/aruco_markers_msgs/package.dsv'
[4.014s] [34mcolcon.colcon_core.shell[0m [1;30mINFO[0m Creating package script '/home/tknika/gral-iiriondo/unitree_ws/install/aruco_markers_msgs/share/aruco_markers_msgs/package.sh'
[4.016s] [34mcolcon.colcon_core.shell[0m [1;30mINFO[0m Creating package script '/home/tknika/gral-iiriondo/unitree_ws/install/aruco_markers_msgs/share/aruco_markers_msgs/package.bash'
[4.019s] [34mcolcon.colcon_core.shell[0m [1;30mINFO[0m Creating package script '/home/tknika/gral-iiriondo/unitree_ws/install/aruco_markers_msgs/share/aruco_markers_msgs/package.zsh'
[4.022s] [34mcolcon.colcon_core.environment[0m [1;30mLevel 1[0m create_file_with_runtime_dependencies(/home/tknika/gral-iiriondo/unitree_ws/install/aruco_markers_msgs/share/colcon-core/packages/aruco_markers_msgs)
[4.023s] [34mcolcon.colcon_core.environment[0m [1;30mLevel 1[0m create_environment_scripts_only(aruco_markers_msgs)
[4.024s] [34mcolcon.colcon_core.environment[0m [1;30mLevel 1[0m checking '/home/tknika/gral-iiriondo/unitree_ws/install/aruco_markers_msgs' for CMake module files
[4.025s] [34mcolcon.colcon_core.environment[0m [1;30mLevel 1[0m checking '/home/tknika/gral-iiriondo/unitree_ws/install/aruco_markers_msgs' for CMake config files
[4.026s] [34mcolcon.colcon_core.shell[0m [1;30mLevel 1[0m create_environment_hook('aruco_markers_msgs', 'cmake_prefix_path')
[4.027s] [34mcolcon.colcon_core.shell[0m [1;30mINFO[0m Creating environment hook '/home/tknika/gral-iiriondo/unitree_ws/install/aruco_markers_msgs/share/aruco_markers_msgs/hook/cmake_prefix_path.ps1'
[4.028s] [34mcolcon.colcon_core.shell[0m [1;30mINFO[0m Creating environment descriptor '/home/tknika/gral-iiriondo/unitree_ws/install/aruco_markers_msgs/share/aruco_markers_msgs/hook/cmake_prefix_path.dsv'
[4.029s] [34mcolcon.colcon_core.shell[0m [1;30mINFO[0m Creating environment hook '/home/tknika/gral-iiriondo/unitree_ws/install/aruco_markers_msgs/share/aruco_markers_msgs/hook/cmake_prefix_path.sh'
[4.030s] [34mcolcon.colcon_core.environment[0m [1;30mLevel 1[0m checking '/home/tknika/gral-iiriondo/unitree_ws/install/aruco_markers_msgs/lib'
[4.031s] [34mcolcon.colcon_core.shell[0m [1;30mLevel 1[0m create_environment_hook('aruco_markers_msgs', 'ld_library_path_lib')
[4.031s] [34mcolcon.colcon_core.shell[0m [1;30mINFO[0m Creating environment hook '/home/tknika/gral-iiriondo/unitree_ws/install/aruco_markers_msgs/share/aruco_markers_msgs/hook/ld_library_path_lib.ps1'
[4.032s] [34mcolcon.colcon_core.shell[0m [1;30mINFO[0m Creating environment descriptor '/home/tknika/gral-iiriondo/unitree_ws/install/aruco_markers_msgs/share/aruco_markers_msgs/hook/ld_library_path_lib.dsv'
[4.033s] [34mcolcon.colcon_core.shell[0m [1;30mINFO[0m Creating environment hook '/home/tknika/gral-iiriondo/unitree_ws/install/aruco_markers_msgs/share/aruco_markers_msgs/hook/ld_library_path_lib.sh'
[4.034s] [34mcolcon.colcon_core.environment[0m [1;30mLevel 1[0m checking '/home/tknika/gral-iiriondo/unitree_ws/install/aruco_markers_msgs/bin'
[4.034s] [34mcolcon.colcon_core.environment[0m [1;30mLevel 1[0m checking '/home/tknika/gral-iiriondo/unitree_ws/install/aruco_markers_msgs/lib/pkgconfig/aruco_markers_msgs.pc'
[4.035s] [34mcolcon.colcon_core.environment[0m [1;30mLevel 1[0m checking '/home/tknika/gral-iiriondo/unitree_ws/install/aruco_markers_msgs/lib/python3.10/site-packages'
[4.036s] [34mcolcon.colcon_core.environment[0m [1;30mLevel 1[0m checking '/home/tknika/gral-iiriondo/unitree_ws/install/aruco_markers_msgs/bin'
[4.036s] [34mcolcon.colcon_core.shell[0m [1;30mINFO[0m Creating package script '/home/tknika/gral-iiriondo/unitree_ws/install/aruco_markers_msgs/share/aruco_markers_msgs/package.ps1'
[4.038s] [34mcolcon.colcon_core.shell[0m [1;30mINFO[0m Creating package descriptor '/home/tknika/gral-iiriondo/unitree_ws/install/aruco_markers_msgs/share/aruco_markers_msgs/package.dsv'
[4.039s] [34mcolcon.colcon_core.shell[0m [1;30mINFO[0m Creating package script '/home/tknika/gral-iiriondo/unitree_ws/install/aruco_markers_msgs/share/aruco_markers_msgs/package.sh'
[4.041s] [34mcolcon.colcon_core.shell[0m [1;30mINFO[0m Creating package script '/home/tknika/gral-iiriondo/unitree_ws/install/aruco_markers_msgs/share/aruco_markers_msgs/package.bash'
[4.042s] [34mcolcon.colcon_core.shell[0m [1;30mINFO[0m Creating package script '/home/tknika/gral-iiriondo/unitree_ws/install/aruco_markers_msgs/share/aruco_markers_msgs/package.zsh'
[4.043s] [34mcolcon.colcon_core.environment[0m [1;30mLevel 1[0m create_file_with_runtime_dependencies(/home/tknika/gral-iiriondo/unitree_ws/install/aruco_markers_msgs/share/colcon-core/packages/aruco_markers_msgs)
[4.045s] [34mcolcon.colcon_ros.task.ament_python.build[0m [1;30mINFO[0m Building ROS package in '/home/tknika/gral-iiriondo/unitree_ws/src/aruco_detector' with build type 'ament_python'
[4.046s] [34mcolcon.colcon_core.shell[0m [1;30mLevel 1[0m create_environment_hook('aruco_detector', 'ament_prefix_path')
[4.046s] [34mcolcon.colcon_core.shell[0m [1;30mINFO[0m Creating environment hook '/home/tknika/gral-iiriondo/unitree_ws/install/aruco_detector/share/aruco_detector/hook/ament_prefix_path.ps1'
[4.048s] [34mcolcon.colcon_core.shell[0m [1;30mINFO[0m Creating environment descriptor '/home/tknika/gral-iiriondo/unitree_ws/install/aruco_detector/share/aruco_detector/hook/ament_prefix_path.dsv'
[4.049s] [34mcolcon.colcon_core.shell[0m [1;30mINFO[0m Creating environment hook '/home/tknika/gral-iiriondo/unitree_ws/install/aruco_detector/share/aruco_detector/hook/ament_prefix_path.sh'
[4.050s] [34mcolcon.colcon_core.shell[0m [1;30mINFO[0m Skip shell extension 'powershell' for command environment: Not usable outside of PowerShell
[4.050s] [34mcolcon.colcon_core.shell[0m [1;30mDEBUG[0m [32mSkip shell extension 'dsv' for command environment[0m
[4.067s] [34mcolcon.colcon_core.environment[0m [1;30mLevel 1[0m create_environment_scripts_only(object_recognition_interfaces)
[4.068s] [34mcolcon.colcon_core.environment[0m [1;30mLevel 1[0m checking '/home/tknika/gral-iiriondo/unitree_ws/install/object_recognition_interfaces' for CMake module files
[4.069s] [34mcolcon.colcon_core.event_handler.log_command[0m [1;30mDEBUG[0m [32mInvoked command in '/home/tknika/gral-iiriondo/unitree_ws/build/object_recognition_interfaces' returned '0': CMAKE_PREFIX_PATH=${CMAKE_PREFIX_PATH}:/home/tknika/gral-iiriondo/unitree_ws/install/standing_mode:/home/tknika/gral-iiriondo/unitree_ws/install/speech_to_goal:/home/tknika/gral-iiriondo/unitree_ws/install/object_recognition:/home/tknika/gral-iiriondo/unitree_ws/install/mapping_configuration:/home/tknika/gral-iiriondo/unitree_ws/install/go1_description:/home/tknika/gral-iiriondo/unitree_ws/install/asr:/home/tknika/gral-iiriondo/unitree_ws/install/aruco_detector:/opt/ros/humble /usr/bin/cmake --install /home/tknika/gral-iiriondo/unitree_ws/build/object_recognition_interfaces[0m
[4.070s] [34mcolcon.colcon_core.environment[0m [1;30mLevel 1[0m checking '/home/tknika/gral-iiriondo/unitree_ws/install/object_recognition_interfaces' for CMake config files
[4.071s] [34mcolcon.colcon_core.shell[0m [1;30mLevel 1[0m create_environment_hook('object_recognition_interfaces', 'cmake_prefix_path')
[4.071s] [34mcolcon.colcon_core.shell[0m [1;30mINFO[0m Creating environment hook '/home/tknika/gral-iiriondo/unitree_ws/install/object_recognition_interfaces/share/object_recognition_interfaces/hook/cmake_prefix_path.ps1'
[4.073s] [34mcolcon.colcon_core.shell[0m [1;30mINFO[0m Creating environment descriptor '/home/tknika/gral-iiriondo/unitree_ws/install/object_recognition_interfaces/share/object_recognition_interfaces/hook/cmake_prefix_path.dsv'
[4.074s] [34mcolcon.colcon_core.shell[0m [1;30mINFO[0m Creating environment hook '/home/tknika/gral-iiriondo/unitree_ws/install/object_recognition_interfaces/share/object_recognition_interfaces/hook/cmake_prefix_path.sh'
[4.075s] [34mcolcon.colcon_core.environment[0m [1;30mLevel 1[0m checking '/home/tknika/gral-iiriondo/unitree_ws/install/object_recognition_interfaces/lib'
[4.075s] [34mcolcon.colcon_core.shell[0m [1;30mLevel 1[0m create_environment_hook('object_recognition_interfaces', 'ld_library_path_lib')
[4.076s] [34mcolcon.colcon_core.shell[0m [1;30mINFO[0m Creating environment hook '/home/tknika/gral-iiriondo/unitree_ws/install/object_recognition_interfaces/share/object_recognition_interfaces/hook/ld_library_path_lib.ps1'
[4.077s] [34mcolcon.colcon_core.shell[0m [1;30mINFO[0m Creating environment descriptor '/home/tknika/gral-iiriondo/unitree_ws/install/object_recognition_interfaces/share/object_recognition_interfaces/hook/ld_library_path_lib.dsv'
[4.077s] [34mcolcon.colcon_core.shell[0m [1;30mINFO[0m Creating environment hook '/home/tknika/gral-iiriondo/unitree_ws/install/object_recognition_interfaces/share/object_recognition_interfaces/hook/ld_library_path_lib.sh'
[4.078s] [34mcolcon.colcon_core.environment[0m [1;30mLevel 1[0m checking '/home/tknika/gral-iiriondo/unitree_ws/install/object_recognition_interfaces/bin'
[4.079s] [34mcolcon.colcon_core.environment[0m [1;30mLevel 1[0m checking '/home/tknika/gral-iiriondo/unitree_ws/install/object_recognition_interfaces/lib/pkgconfig/object_recognition_interfaces.pc'
[4.079s] [34mcolcon.colcon_core.environment[0m [1;30mLevel 1[0m checking '/home/tknika/gral-iiriondo/unitree_ws/install/object_recognition_interfaces/lib/python3.10/site-packages'
[4.080s] [34mcolcon.colcon_core.environment[0m [1;30mLevel 1[0m checking '/home/tknika/gral-iiriondo/unitree_ws/install/object_recognition_interfaces/bin'
[4.081s] [34mcolcon.colcon_core.shell[0m [1;30mINFO[0m Creating package script '/home/tknika/gral-iiriondo/unitree_ws/install/object_recognition_interfaces/share/object_recognition_interfaces/package.ps1'
[4.082s] [34mcolcon.colcon_core.shell[0m [1;30mINFO[0m Creating package descriptor '/home/tknika/gral-iiriondo/unitree_ws/install/object_recognition_interfaces/share/object_recognition_interfaces/package.dsv'
[4.083s] [34mcolcon.colcon_core.shell[0m [1;30mINFO[0m Creating package script '/home/tknika/gral-iiriondo/unitree_ws/install/object_recognition_interfaces/share/object_recognition_interfaces/package.sh'
[4.085s] [34mcolcon.colcon_core.shell[0m [1;30mINFO[0m Creating package script '/home/tknika/gral-iiriondo/unitree_ws/install/object_recognition_interfaces/share/object_recognition_interfaces/package.bash'
[4.086s] [34mcolcon.colcon_core.shell[0m [1;30mINFO[0m Creating package script '/home/tknika/gral-iiriondo/unitree_ws/install/object_recognition_interfaces/share/object_recognition_interfaces/package.zsh'
[4.087s] [34mcolcon.colcon_core.environment[0m [1;30mLevel 1[0m create_file_with_runtime_dependencies(/home/tknika/gral-iiriondo/unitree_ws/install/object_recognition_interfaces/share/colcon-core/packages/object_recognition_interfaces)
[4.088s] [34mcolcon.colcon_core.environment[0m [1;30mLevel 1[0m create_environment_scripts_only(object_recognition_interfaces)
[4.089s] [34mcolcon.colcon_core.environment[0m [1;30mLevel 1[0m checking '/home/tknika/gral-iiriondo/unitree_ws/install/object_recognition_interfaces' for CMake module files
[4.090s] [34mcolcon.colcon_core.environment[0m [1;30mLevel 1[0m checking '/home/tknika/gral-iiriondo/unitree_ws/install/object_recognition_interfaces' for CMake config files
[4.091s] [34mcolcon.colcon_core.shell[0m [1;30mLevel 1[0m create_environment_hook('object_recognition_interfaces', 'cmake_prefix_path')
[4.091s] [34mcolcon.colcon_core.shell[0m [1;30mINFO[0m Creating environment hook '/home/tknika/gral-iiriondo/unitree_ws/install/object_recognition_interfaces/share/object_recognition_interfaces/hook/cmake_prefix_path.ps1'
[4.093s] [34mcolcon.colcon_core.shell[0m [1;30mINFO[0m Creating environment descriptor '/home/tknika/gral-iiriondo/unitree_ws/install/object_recognition_interfaces/share/object_recognition_interfaces/hook/cmake_prefix_path.dsv'
[4.094s] [34mcolcon.colcon_core.shell[0m [1;30mINFO[0m Creating environment hook '/home/tknika/gral-iiriondo/unitree_ws/install/object_recognition_interfaces/share/object_recognition_interfaces/hook/cmake_prefix_path.sh'
[4.095s] [34mcolcon.colcon_core.environment[0m [1;30mLevel 1[0m checking '/home/tknika/gral-iiriondo/unitree_ws/install/object_recognition_interfaces/lib'
[4.095s] [34mcolcon.colcon_core.shell[0m [1;30mLevel 1[0m create_environment_hook('object_recognition_interfaces', 'ld_library_path_lib')
[4.096s] [34mcolcon.colcon_core.shell[0m [1;30mINFO[0m Creating environment hook '/home/tknika/gral-iiriondo/unitree_ws/install/object_recognition_interfaces/share/object_recognition_interfaces/hook/ld_library_path_lib.ps1'
[4.097s] [34mcolcon.colcon_core.shell[0m [1;30mINFO[0m Creating environment descriptor '/home/tknika/gral-iiriondo/unitree_ws/install/object_recognition_interfaces/share/object_recognition_interfaces/hook/ld_library_path_lib.dsv'
[4.098s] [34mcolcon.colcon_core.shell[0m [1;30mINFO[0m Creating environment hook '/home/tknika/gral-iiriondo/unitree_ws/install/object_recognition_interfaces/share/object_recognition_interfaces/hook/ld_library_path_lib.sh'
[4.099s] [34mcolcon.colcon_core.environment[0m [1;30mLevel 1[0m checking '/home/tknika/gral-iiriondo/unitree_ws/install/object_recognition_interfaces/bin'
[4.099s] [34mcolcon.colcon_core.environment[0m [1;30mLevel 1[0m checking '/home/tknika/gral-iiriondo/unitree_ws/install/object_recognition_interfaces/lib/pkgconfig/object_recognition_interfaces.pc'
[4.100s] [34mcolcon.colcon_core.environment[0m [1;30mLevel 1[0m checking '/home/tknika/gral-iiriondo/unitree_ws/install/object_recognition_interfaces/lib/python3.10/site-packages'
[4.100s] [34mcolcon.colcon_core.environment[0m [1;30mLevel 1[0m checking '/home/tknika/gral-iiriondo/unitree_ws/install/object_recognition_interfaces/bin'
[4.101s] [34mcolcon.colcon_core.shell[0m [1;30mINFO[0m Creating package script '/home/tknika/gral-iiriondo/unitree_ws/install/object_recognition_interfaces/share/object_recognition_interfaces/package.ps1'
[4.105s] [34mcolcon.colcon_core.shell[0m [1;30mINFO[0m Creating package descriptor '/home/tknika/gral-iiriondo/unitree_ws/install/object_recognition_interfaces/share/object_recognition_interfaces/package.dsv'
[4.108s] [34mcolcon.colcon_core.shell[0m [1;30mINFO[0m Creating package script '/home/tknika/gral-iiriondo/unitree_ws/install/object_recognition_interfaces/share/object_recognition_interfaces/package.sh'
[4.110s] [34mcolcon.colcon_core.shell[0m [1;30mINFO[0m Creating package script '/home/tknika/gral-iiriondo/unitree_ws/install/object_recognition_interfaces/share/object_recognition_interfaces/package.bash'
[4.111s] [34mcolcon.colcon_core.shell[0m [1;30mINFO[0m Creating package script '/home/tknika/gral-iiriondo/unitree_ws/install/object_recognition_interfaces/share/object_recognition_interfaces/package.zsh'
[4.112s] [34mcolcon.colcon_core.environment[0m [1;30mLevel 1[0m create_file_with_runtime_dependencies(/home/tknika/gral-iiriondo/unitree_ws/install/object_recognition_interfaces/share/colcon-core/packages/object_recognition_interfaces)
[4.113s] [34mcolcon.colcon_core.environment[0m [1;30mLevel 1[0m create_environment_scripts_only(speech_to_goal_interfaces)
[4.115s] [34mcolcon.colcon_core.event_handler.log_command[0m [1;30mDEBUG[0m [32mInvoked command in '/home/tknika/gral-iiriondo/unitree_ws/build/speech_to_goal_interfaces' returned '0': CMAKE_PREFIX_PATH=${CMAKE_PREFIX_PATH}:/home/tknika/gral-iiriondo/unitree_ws/install/standing_mode:/home/tknika/gral-iiriondo/unitree_ws/install/speech_to_goal:/home/tknika/gral-iiriondo/unitree_ws/install/object_recognition:/home/tknika/gral-iiriondo/unitree_ws/install/mapping_configuration:/home/tknika/gral-iiriondo/unitree_ws/install/go1_description:/home/tknika/gral-iiriondo/unitree_ws/install/asr:/home/tknika/gral-iiriondo/unitree_ws/install/aruco_detector:/opt/ros/humble /usr/bin/cmake --install /home/tknika/gral-iiriondo/unitree_ws/build/speech_to_goal_interfaces[0m
[4.116s] [34mcolcon.colcon_core.environment[0m [1;30mLevel 1[0m checking '/home/tknika/gral-iiriondo/unitree_ws/install/speech_to_goal_interfaces' for CMake module files
[4.124s] [34mcolcon.colcon_core.environment[0m [1;30mLevel 1[0m checking '/home/tknika/gral-iiriondo/unitree_ws/install/speech_to_goal_interfaces' for CMake config files
[4.126s] [34mcolcon.colcon_core.shell[0m [1;30mLevel 1[0m create_environment_hook('speech_to_goal_interfaces', 'cmake_prefix_path')
[4.127s] [34mcolcon.colcon_core.shell[0m [1;30mINFO[0m Creating environment hook '/home/tknika/gral-iiriondo/unitree_ws/install/speech_to_goal_interfaces/share/speech_to_goal_interfaces/hook/cmake_prefix_path.ps1'
[4.128s] [34mcolcon.colcon_core.shell[0m [1;30mINFO[0m Creating environment descriptor '/home/tknika/gral-iiriondo/unitree_ws/install/speech_to_goal_interfaces/share/speech_to_goal_interfaces/hook/cmake_prefix_path.dsv'
[4.129s] [34mcolcon.colcon_core.shell[0m [1;30mINFO[0m Creating environment hook '/home/tknika/gral-iiriondo/unitree_ws/install/speech_to_goal_interfaces/share/speech_to_goal_interfaces/hook/cmake_prefix_path.sh'
[4.131s] [34mcolcon.colcon_core.environment[0m [1;30mLevel 1[0m checking '/home/tknika/gral-iiriondo/unitree_ws/install/speech_to_goal_interfaces/lib'
[4.131s] [34mcolcon.colcon_core.shell[0m [1;30mLevel 1[0m create_environment_hook('speech_to_goal_interfaces', 'ld_library_path_lib')
[4.131s] [34mcolcon.colcon_core.shell[0m [1;30mINFO[0m Creating environment hook '/home/tknika/gral-iiriondo/unitree_ws/install/speech_to_goal_interfaces/share/speech_to_goal_interfaces/hook/ld_library_path_lib.ps1'
[4.133s] [34mcolcon.colcon_core.shell[0m [1;30mINFO[0m Creating environment descriptor '/home/tknika/gral-iiriondo/unitree_ws/install/speech_to_goal_interfaces/share/speech_to_goal_interfaces/hook/ld_library_path_lib.dsv'
[4.134s] [34mcolcon.colcon_core.shell[0m [1;30mINFO[0m Creating environment hook '/home/tknika/gral-iiriondo/unitree_ws/install/speech_to_goal_interfaces/share/speech_to_goal_interfaces/hook/ld_library_path_lib.sh'
[4.135s] [34mcolcon.colcon_core.environment[0m [1;30mLevel 1[0m checking '/home/tknika/gral-iiriondo/unitree_ws/install/speech_to_goal_interfaces/bin'
[4.136s] [34mcolcon.colcon_core.environment[0m [1;30mLevel 1[0m checking '/home/tknika/gral-iiriondo/unitree_ws/install/speech_to_goal_interfaces/lib/pkgconfig/speech_to_goal_interfaces.pc'
[4.136s] [34mcolcon.colcon_core.environment[0m [1;30mLevel 1[0m checking '/home/tknika/gral-iiriondo/unitree_ws/install/speech_to_goal_interfaces/lib/python3.10/site-packages'
[4.137s] [34mcolcon.colcon_core.environment[0m [1;30mLevel 1[0m checking '/home/tknika/gral-iiriondo/unitree_ws/install/speech_to_goal_interfaces/bin'
[4.138s] [34mcolcon.colcon_core.shell[0m [1;30mINFO[0m Creating package script '/home/tknika/gral-iiriondo/unitree_ws/install/speech_to_goal_interfaces/share/speech_to_goal_interfaces/package.ps1'
[4.139s] [34mcolcon.colcon_core.shell[0m [1;30mINFO[0m Creating package descriptor '/home/tknika/gral-iiriondo/unitree_ws/install/speech_to_goal_interfaces/share/speech_to_goal_interfaces/package.dsv'
[4.141s] [34mcolcon.colcon_core.shell[0m [1;30mINFO[0m Creating package script '/home/tknika/gral-iiriondo/unitree_ws/install/speech_to_goal_interfaces/share/speech_to_goal_interfaces/package.sh'
[4.142s] [34mcolcon.colcon_core.shell[0m [1;30mINFO[0m Creating package script '/home/tknika/gral-iiriondo/unitree_ws/install/speech_to_goal_interfaces/share/speech_to_goal_interfaces/package.bash'
[4.143s] [34mcolcon.colcon_core.shell[0m [1;30mINFO[0m Creating package script '/home/tknika/gral-iiriondo/unitree_ws/install/speech_to_goal_interfaces/share/speech_to_goal_interfaces/package.zsh'
[4.144s] [34mcolcon.colcon_core.environment[0m [1;30mLevel 1[0m create_file_with_runtime_dependencies(/home/tknika/gral-iiriondo/unitree_ws/install/speech_to_goal_interfaces/share/colcon-core/packages/speech_to_goal_interfaces)
[4.145s] [34mcolcon.colcon_core.environment[0m [1;30mLevel 1[0m create_environment_scripts_only(speech_to_goal_interfaces)
[4.146s] [34mcolcon.colcon_core.environment[0m [1;30mLevel 1[0m checking '/home/tknika/gral-iiriondo/unitree_ws/install/speech_to_goal_interfaces' for CMake module files
[4.147s] [34mcolcon.colcon_core.environment[0m [1;30mLevel 1[0m checking '/home/tknika/gral-iiriondo/unitree_ws/install/speech_to_goal_interfaces' for CMake config files
[4.148s] [34mcolcon.colcon_core.shell[0m [1;30mLevel 1[0m create_environment_hook('speech_to_goal_interfaces', 'cmake_prefix_path')
[4.149s] [34mcolcon.colcon_core.shell[0m [1;30mINFO[0m Creating environment hook '/home/tknika/gral-iiriondo/unitree_ws/install/speech_to_goal_interfaces/share/speech_to_goal_interfaces/hook/cmake_prefix_path.ps1'
[4.150s] [34mcolcon.colcon_core.shell[0m [1;30mINFO[0m Creating environment descriptor '/home/tknika/gral-iiriondo/unitree_ws/install/speech_to_goal_interfaces/share/speech_to_goal_interfaces/hook/cmake_prefix_path.dsv'
[4.151s] [34mcolcon.colcon_core.shell[0m [1;30mINFO[0m Creating environment hook '/home/tknika/gral-iiriondo/unitree_ws/install/speech_to_goal_interfaces/share/speech_to_goal_interfaces/hook/cmake_prefix_path.sh'
[4.152s] [34mcolcon.colcon_core.environment[0m [1;30mLevel 1[0m checking '/home/tknika/gral-iiriondo/unitree_ws/install/speech_to_goal_interfaces/lib'
[4.153s] [34mcolcon.colcon_core.shell[0m [1;30mLevel 1[0m create_environment_hook('speech_to_goal_interfaces', 'ld_library_path_lib')
[4.153s] [34mcolcon.colcon_core.shell[0m [1;30mINFO[0m Creating environment hook '/home/tknika/gral-iiriondo/unitree_ws/install/speech_to_goal_interfaces/share/speech_to_goal_interfaces/hook/ld_library_path_lib.ps1'
[4.154s] [34mcolcon.colcon_core.shell[0m [1;30mINFO[0m Creating environment descriptor '/home/tknika/gral-iiriondo/unitree_ws/install/speech_to_goal_interfaces/share/speech_to_goal_interfaces/hook/ld_library_path_lib.dsv'
[4.155s] [34mcolcon.colcon_core.shell[0m [1;30mINFO[0m Creating environment hook '/home/tknika/gral-iiriondo/unitree_ws/install/speech_to_goal_interfaces/share/speech_to_goal_interfaces/hook/ld_library_path_lib.sh'
[4.156s] [34mcolcon.colcon_core.environment[0m [1;30mLevel 1[0m checking '/home/tknika/gral-iiriondo/unitree_ws/install/speech_to_goal_interfaces/bin'
[4.157s] [34mcolcon.colcon_core.environment[0m [1;30mLevel 1[0m checking '/home/tknika/gral-iiriondo/unitree_ws/install/speech_to_goal_interfaces/lib/pkgconfig/speech_to_goal_interfaces.pc'
[4.157s] [34mcolcon.colcon_core.environment[0m [1;30mLevel 1[0m checking '/home/tknika/gral-iiriondo/unitree_ws/install/speech_to_goal_interfaces/lib/python3.10/site-packages'
[4.158s] [34mcolcon.colcon_core.environment[0m [1;30mLevel 1[0m checking '/home/tknika/gral-iiriondo/unitree_ws/install/speech_to_goal_interfaces/bin'
[4.159s] [34mcolcon.colcon_core.shell[0m [1;30mINFO[0m Creating package script '/home/tknika/gral-iiriondo/unitree_ws/install/speech_to_goal_interfaces/share/speech_to_goal_interfaces/package.ps1'
[4.163s] [34mcolcon.colcon_core.shell[0m [1;30mINFO[0m Creating package descriptor '/home/tknika/gral-iiriondo/unitree_ws/install/speech_to_goal_interfaces/share/speech_to_goal_interfaces/package.dsv'
[4.165s] [34mcolcon.colcon_core.shell[0m [1;30mINFO[0m Creating package script '/home/tknika/gral-iiriondo/unitree_ws/install/speech_to_goal_interfaces/share/speech_to_goal_interfaces/package.sh'
[4.166s] [34mcolcon.colcon_core.shell[0m [1;30mINFO[0m Creating package script '/home/tknika/gral-iiriondo/unitree_ws/install/speech_to_goal_interfaces/share/speech_to_goal_interfaces/package.bash'
[4.167s] [34mcolcon.colcon_core.shell[0m [1;30mINFO[0m Creating package script '/home/tknika/gral-iiriondo/unitree_ws/install/speech_to_goal_interfaces/share/speech_to_goal_interfaces/package.zsh'
[4.168s] [34mcolcon.colcon_core.environment[0m [1;30mLevel 1[0m create_file_with_runtime_dependencies(/home/tknika/gral-iiriondo/unitree_ws/install/speech_to_goal_interfaces/share/colcon-core/packages/speech_to_goal_interfaces)
[4.170s] [34mcolcon.colcon_ros.task.ament_python.build[0m [1;30mINFO[0m Building ROS package in '/home/tknika/gral-iiriondo/unitree_ws/src/object_recognition' with build type 'ament_python'
[4.171s] [34mcolcon.colcon_core.shell[0m [1;30mLevel 1[0m create_environment_hook('object_recognition', 'ament_prefix_path')
[4.172s] [34mcolcon.colcon_core.shell[0m [1;30mINFO[0m Creating environment hook '/home/tknika/gral-iiriondo/unitree_ws/install/object_recognition/share/object_recognition/hook/ament_prefix_path.ps1'
[4.173s] [34mcolcon.colcon_core.shell[0m [1;30mINFO[0m Creating environment descriptor '/home/tknika/gral-iiriondo/unitree_ws/install/object_recognition/share/object_recognition/hook/ament_prefix_path.dsv'
[4.174s] [34mcolcon.colcon_core.shell[0m [1;30mINFO[0m Creating environment hook '/home/tknika/gral-iiriondo/unitree_ws/install/object_recognition/share/object_recognition/hook/ament_prefix_path.sh'
[4.176s] [34mcolcon.colcon_core.shell[0m [1;30mINFO[0m Skip shell extension 'powershell' for command environment: Not usable outside of PowerShell
[4.176s] [34mcolcon.colcon_core.shell[0m [1;30mDEBUG[0m [32mSkip shell extension 'dsv' for command environment[0m
[4.186s] [34mcolcon.colcon_ros.task.ament_python.build[0m [1;30mINFO[0m Building ROS package in '/home/tknika/gral-iiriondo/unitree_ws/src/speech_to_goal' with build type 'ament_python'
[4.186s] [34mcolcon.colcon_core.shell[0m [1;30mLevel 1[0m create_environment_hook('speech_to_goal', 'ament_prefix_path')
[4.187s] [34mcolcon.colcon_core.shell[0m [1;30mINFO[0m Creating environment hook '/home/tknika/gral-iiriondo/unitree_ws/install/speech_to_goal/share/speech_to_goal/hook/ament_prefix_path.ps1'
[4.189s] [34mcolcon.colcon_core.shell[0m [1;30mINFO[0m Creating environment descriptor '/home/tknika/gral-iiriondo/unitree_ws/install/speech_to_goal/share/speech_to_goal/hook/ament_prefix_path.dsv'
[4.189s] [34mcolcon.colcon_core.shell[0m [1;30mINFO[0m Creating environment hook '/home/tknika/gral-iiriondo/unitree_ws/install/speech_to_goal/share/speech_to_goal/hook/ament_prefix_path.sh'
[4.191s] [34mcolcon.colcon_core.shell[0m [1;30mINFO[0m Skip shell extension 'powershell' for command environment: Not usable outside of PowerShell
[4.191s] [34mcolcon.colcon_core.shell[0m [1;30mDEBUG[0m [32mSkip shell extension 'dsv' for command environment[0m
[4.800s] [34mcolcon.colcon_core.task.python.build[0m [1;30mINFO[0m Building Python package in '/home/tknika/gral-iiriondo/unitree_ws/src/aruco_detector'
[4.801s] [34mcolcon.colcon_core.shell[0m [1;30mINFO[0m Skip shell extension 'powershell' for command environment: Not usable outside of PowerShell
[4.801s] [34mcolcon.colcon_core.shell[0m [1;30mDEBUG[0m [32mSkip shell extension 'dsv' for command environment[0m
[5.379s] [34mcolcon.colcon_core.task.python.build[0m [1;30mINFO[0m Building Python package in '/home/tknika/gral-iiriondo/unitree_ws/src/object_recognition'
[5.379s] [34mcolcon.colcon_core.shell[0m [1;30mINFO[0m Skip shell extension 'powershell' for command environment: Not usable outside of PowerShell
[5.380s] [34mcolcon.colcon_core.shell[0m [1;30mDEBUG[0m [32mSkip shell extension 'dsv' for command environment[0m
[5.885s] [34mcolcon.colcon_core.task.python.build[0m [1;30mINFO[0m Building Python package in '/home/tknika/gral-iiriondo/unitree_ws/src/speech_to_goal'
[5.886s] [34mcolcon.colcon_core.shell[0m [1;30mINFO[0m Skip shell extension 'powershell' for command environment: Not usable outside of PowerShell
[5.886s] [34mcolcon.colcon_core.shell[0m [1;30mDEBUG[0m [32mSkip shell extension 'dsv' for command environment[0m
[5.907s] [34mcolcon.colcon_core.event_handler.log_command[0m [1;30mDEBUG[0m [32mInvoking command in '/home/tknika/gral-iiriondo/unitree_ws/build/standing_mode': PYTHONPATH=/home/tknika/gral-iiriondo/unitree_ws/build/standing_mode/prefix_override:/usr/lib/python3/dist-packages/colcon_core/task/python/colcon_distutils_commands:/home/tknika/gral-iiriondo/unitree_ws/install/standing_mode/lib/python3.10/site-packages:${PYTHONPATH} /usr/bin/python3 -W ignore:setup.py install is deprecated -W ignore:easy_install command is deprecated setup.py develop --editable --build-directory /home/tknika/gral-iiriondo/unitree_ws/build/standing_mode/build --no-deps symlink_data[0m
[5.910s] [34mcolcon.colcon_core.event_handler.log_command[0m [1;30mDEBUG[0m [32mInvoking command in '/home/tknika/gral-iiriondo/unitree_ws/build/asr': PYTHONPATH=/home/tknika/gral-iiriondo/unitree_ws/build/asr/prefix_override:/usr/lib/python3/dist-packages/colcon_core/task/python/colcon_distutils_commands:/home/tknika/gral-iiriondo/unitree_ws/install/asr/lib/python3.10/site-packages:${PYTHONPATH} /usr/bin/python3 -W ignore:setup.py install is deprecated -W ignore:easy_install command is deprecated setup.py develop --editable --build-directory /home/tknika/gral-iiriondo/unitree_ws/build/asr/build --no-deps symlink_data[0m
[5.918s] [34mcolcon.colcon_core.event_handler.log_command[0m [1;30mDEBUG[0m [32mInvoking command in '/home/tknika/gral-iiriondo/unitree_ws/build/go1_description': PYTHONPATH=/home/tknika/gral-iiriondo/unitree_ws/build/go1_description/prefix_override:/usr/lib/python3/dist-packages/colcon_core/task/python/colcon_distutils_commands:/home/tknika/gral-iiriondo/unitree_ws/install/go1_description/lib/python3.10/site-packages:${PYTHONPATH} /usr/bin/python3 -W ignore:setup.py install is deprecated -W ignore:easy_install command is deprecated setup.py develop --editable --build-directory /home/tknika/gral-iiriondo/unitree_ws/build/go1_description/build --no-deps symlink_data[0m
[5.923s] [34mcolcon.colcon_core.event_handler.log_command[0m [1;30mDEBUG[0m [32mInvoking command in '/home/tknika/gral-iiriondo/unitree_ws/build/mapping_configuration': PYTHONPATH=/home/tknika/gral-iiriondo/unitree_ws/build/mapping_configuration/prefix_override:/usr/lib/python3/dist-packages/colcon_core/task/python/colcon_distutils_commands:/home/tknika/gral-iiriondo/unitree_ws/install/mapping_configuration/lib/python3.10/site-packages:${PYTHONPATH} /usr/bin/python3 -W ignore:setup.py install is deprecated -W ignore:easy_install command is deprecated setup.py develop --editable --build-directory /home/tknika/gral-iiriondo/unitree_ws/build/mapping_configuration/build --no-deps symlink_data[0m
[5.930s] [34mcolcon.colcon_core.event_handler.log_command[0m [1;30mDEBUG[0m [32mInvoking command in '/home/tknika/gral-iiriondo/unitree_ws/build/slam_analysis': PYTHONPATH=/home/tknika/gral-iiriondo/unitree_ws/build/slam_analysis/prefix_override:/usr/lib/python3/dist-packages/colcon_core/task/python/colcon_distutils_commands:/home/tknika/gral-iiriondo/unitree_ws/install/slam_analysis/lib/python3.10/site-packages:${PYTHONPATH} /usr/bin/python3 -W ignore:setup.py install is deprecated -W ignore:easy_install command is deprecated setup.py develop --editable --build-directory /home/tknika/gral-iiriondo/unitree_ws/build/slam_analysis/build --no-deps symlink_data[0m
[7.174s] [34mcolcon.colcon_core.event_handler.log_command[0m [1;30mDEBUG[0m [32mInvoking command in '/home/tknika/gral-iiriondo/unitree_ws/build/aruco_detector': CMAKE_PREFIX_PATH=/home/tknika/gral-iiriondo/unitree_ws/install/aruco_markers_msgs:/home/tknika/gral-iiriondo/unitree_ws/install/speech_to_goal_interfaces:/home/tknika/gral-iiriondo/unitree_ws/install/object_recognition_interfaces LD_LIBRARY_PATH=/home/tknika/gral-iiriondo/unitree_ws/install/aruco_markers_msgs/lib:/home/tknika/gral-iiriondo/unitree_ws/install/speech_to_goal_interfaces/lib:/home/tknika/gral-iiriondo/unitree_ws/install/object_recognition_interfaces/lib:/usr/lib/aarch64-linux-gnu/nvidia:/usr/local/cuda/lib64:/opt/ros/humble/opt/rviz_ogre_vendor/lib:/opt/ros/humble/lib/aarch64-linux-gnu:/opt/ros/humble/lib:/usr/local/cuda-12.6/lib64 PYTHONPATH=/home/tknika/gral-iiriondo/unitree_ws/build/aruco_detector/prefix_override:/usr/lib/python3/dist-packages/colcon_core/task/python/colcon_distutils_commands:/home/tknika/gral-iiriondo/unitree_ws/install/aruco_detector/lib/python3.10/site-packages:${PYTHONPATH} /usr/bin/python3 -W ignore:setup.py install is deprecated -W ignore:easy_install command is deprecated setup.py develop --editable --build-directory /home/tknika/gral-iiriondo/unitree_ws/build/aruco_detector/build --no-deps symlink_data[0m
[7.320s] [34mcolcon.colcon_core.event_handler.log_command[0m [1;30mDEBUG[0m [32mInvoking command in '/home/tknika/gral-iiriondo/unitree_ws/build/object_recognition': CMAKE_PREFIX_PATH=/home/tknika/gral-iiriondo/unitree_ws/install/object_recognition_interfaces:/home/tknika/gral-iiriondo/unitree_ws/install/speech_to_goal_interfaces:/home/tknika/gral-iiriondo/unitree_ws/install/aruco_markers_msgs LD_LIBRARY_PATH=/home/tknika/gral-iiriondo/unitree_ws/install/object_recognition_interfaces/lib:/home/tknika/gral-iiriondo/unitree_ws/install/speech_to_goal_interfaces/lib:/home/tknika/gral-iiriondo/unitree_ws/install/aruco_markers_msgs/lib:/usr/lib/aarch64-linux-gnu/nvidia:/usr/local/cuda/lib64:/opt/ros/humble/opt/rviz_ogre_vendor/lib:/opt/ros/humble/lib/aarch64-linux-gnu:/opt/ros/humble/lib:/usr/local/cuda-12.6/lib64 PYTHONPATH=/home/tknika/gral-iiriondo/unitree_ws/build/object_recognition/prefix_override:/usr/lib/python3/dist-packages/colcon_core/task/python/colcon_distutils_commands:/home/tknika/gral-iiriondo/unitree_ws/install/object_recognition/lib/python3.10/site-packages:${PYTHONPATH} /usr/bin/python3 -W ignore:setup.py install is deprecated -W ignore:easy_install command is deprecated setup.py develop --editable --build-directory /home/tknika/gral-iiriondo/unitree_ws/build/object_recognition/build --no-deps symlink_data[0m
[7.453s] [34mcolcon.colcon_core.shell[0m [1;30mLevel 1[0m create_environment_hook('standing_mode', 'pythonpath_develop')
[7.454s] [34mcolcon.colcon_core.shell[0m [1;30mINFO[0m Creating environment hook '/home/tknika/gral-iiriondo/unitree_ws/build/standing_mode/share/standing_mode/hook/pythonpath_develop.ps1'
[7.456s] [34mcolcon.colcon_core.event_handler.log_command[0m [1;30mDEBUG[0m [32mInvoked command in '/home/tknika/gral-iiriondo/unitree_ws/build/standing_mode' returned '0': PYTHONPATH=/home/tknika/gral-iiriondo/unitree_ws/build/standing_mode/prefix_override:/usr/lib/python3/dist-packages/colcon_core/task/python/colcon_distutils_commands:/home/tknika/gral-iiriondo/unitree_ws/install/standing_mode/lib/python3.10/site-packages:${PYTHONPATH} /usr/bin/python3 -W ignore:setup.py install is deprecated -W ignore:easy_install command is deprecated setup.py develop --editable --build-directory /home/tknika/gral-iiriondo/unitree_ws/build/standing_mode/build --no-deps symlink_data[0m
[7.457s] [34mcolcon.colcon_core.shell[0m [1;30mINFO[0m Creating environment descriptor '/home/tknika/gral-iiriondo/unitree_ws/build/standing_mode/share/standing_mode/hook/pythonpath_develop.dsv'
[7.458s] [34mcolcon.colcon_core.shell[0m [1;30mINFO[0m Creating environment hook '/home/tknika/gral-iiriondo/unitree_ws/build/standing_mode/share/standing_mode/hook/pythonpath_develop.sh'
[7.460s] [34mcolcon.colcon_core.environment[0m [1;30mLevel 1[0m checking '/home/tknika/gral-iiriondo/unitree_ws/install/standing_mode' for CMake module files
[7.463s] [34mcolcon.colcon_core.environment[0m [1;30mLevel 1[0m checking '/home/tknika/gral-iiriondo/unitree_ws/install/standing_mode' for CMake config files
[7.467s] [34mcolcon.colcon_core.environment[0m [1;30mLevel 1[0m checking '/home/tknika/gral-iiriondo/unitree_ws/install/standing_mode/lib'
[7.468s] [34mcolcon.colcon_core.environment[0m [1;30mLevel 1[0m checking '/home/tknika/gral-iiriondo/unitree_ws/install/standing_mode/bin'
[7.468s] [34mcolcon.colcon_core.environment[0m [1;30mLevel 1[0m checking '/home/tknika/gral-iiriondo/unitree_ws/install/standing_mode/lib/pkgconfig/standing_mode.pc'
[7.469s] [34mcolcon.colcon_core.environment[0m [1;30mLevel 1[0m checking '/home/tknika/gral-iiriondo/unitree_ws/install/standing_mode/lib/python3.10/site-packages'
[7.469s] [34mcolcon.colcon_core.shell[0m [1;30mLevel 1[0m create_environment_hook('standing_mode', 'pythonpath')
[7.470s] [34mcolcon.colcon_core.shell[0m [1;30mINFO[0m Creating environment hook '/home/tknika/gral-iiriondo/unitree_ws/install/standing_mode/share/standing_mode/hook/pythonpath.ps1'
[7.480s] [34mcolcon.colcon_core.shell[0m [1;30mINFO[0m Creating environment descriptor '/home/tknika/gral-iiriondo/unitree_ws/install/standing_mode/share/standing_mode/hook/pythonpath.dsv'
[7.482s] [34mcolcon.colcon_core.shell[0m [1;30mINFO[0m Creating environment hook '/home/tknika/gral-iiriondo/unitree_ws/install/standing_mode/share/standing_mode/hook/pythonpath.sh'
[7.484s] [34mcolcon.colcon_core.environment[0m [1;30mLevel 1[0m checking '/home/tknika/gral-iiriondo/unitree_ws/install/standing_mode/bin'
[7.484s] [34mcolcon.colcon_core.environment[0m [1;30mLevel 1[0m create_environment_scripts_only(standing_mode)
[7.485s] [34mcolcon.colcon_core.shell[0m [1;30mINFO[0m Creating package script '/home/tknika/gral-iiriondo/unitree_ws/install/standing_mode/share/standing_mode/package.ps1'
[7.486s] [34mcolcon.colcon_core.shell[0m [1;30mINFO[0m Creating package descriptor '/home/tknika/gral-iiriondo/unitree_ws/install/standing_mode/share/standing_mode/package.dsv'
[7.492s] [34mcolcon.colcon_core.shell[0m [1;30mINFO[0m Creating package script '/home/tknika/gral-iiriondo/unitree_ws/install/standing_mode/share/standing_mode/package.sh'
[7.494s] [34mcolcon.colcon_core.shell[0m [1;30mINFO[0m Creating package script '/home/tknika/gral-iiriondo/unitree_ws/install/standing_mode/share/standing_mode/package.bash'
[7.495s] [34mcolcon.colcon_core.shell[0m [1;30mINFO[0m Creating package script '/home/tknika/gral-iiriondo/unitree_ws/install/standing_mode/share/standing_mode/package.zsh'
[7.496s] [34mcolcon.colcon_core.environment[0m [1;30mLevel 1[0m create_file_with_runtime_dependencies(/home/tknika/gral-iiriondo/unitree_ws/install/standing_mode/share/colcon-core/packages/standing_mode)
[7.621s] [34mcolcon.colcon_core.event_handler.log_command[0m [1;30mDEBUG[0m [32mInvoking command in '/home/tknika/gral-iiriondo/unitree_ws/build/speech_to_goal': LD_LIBRARY_PATH=/home/tknika/gral-iiriondo/unitree_ws/install/speech_to_goal_interfaces/lib:/home/tknika/gral-iiriondo/unitree_ws/install/object_recognition_interfaces/lib:/home/tknika/gral-iiriondo/unitree_ws/install/aruco_markers_msgs/lib:/usr/lib/aarch64-linux-gnu/nvidia:/usr/local/cuda/lib64:/opt/ros/humble/opt/rviz_ogre_vendor/lib:/opt/ros/humble/lib/aarch64-linux-gnu:/opt/ros/humble/lib:/usr/local/cuda-12.6/lib64 PYTHONPATH=/home/tknika/gral-iiriondo/unitree_ws/build/speech_to_goal/prefix_override:/usr/lib/python3/dist-packages/colcon_core/task/python/colcon_distutils_commands:/home/tknika/gral-iiriondo/unitree_ws/install/speech_to_goal/lib/python3.10/site-packages:${PYTHONPATH} /usr/bin/python3 -W ignore:setup.py install is deprecated -W ignore:easy_install command is deprecated setup.py develop --editable --build-directory /home/tknika/gral-iiriondo/unitree_ws/build/speech_to_goal/build --no-deps symlink_data[0m
[7.739s] [34mcolcon.colcon_core.shell[0m [1;30mLevel 1[0m create_environment_hook('mapping_configuration', 'pythonpath_develop')
[7.740s] [34mcolcon.colcon_core.shell[0m [1;30mINFO[0m Creating environment hook '/home/tknika/gral-iiriondo/unitree_ws/build/mapping_configuration/share/mapping_configuration/hook/pythonpath_develop.ps1'
[7.742s] [34mcolcon.colcon_core.event_handler.log_command[0m [1;30mDEBUG[0m [32mInvoked command in '/home/tknika/gral-iiriondo/unitree_ws/build/mapping_configuration' returned '0': PYTHONPATH=/home/tknika/gral-iiriondo/unitree_ws/build/mapping_configuration/prefix_override:/usr/lib/python3/dist-packages/colcon_core/task/python/colcon_distutils_commands:/home/tknika/gral-iiriondo/unitree_ws/install/mapping_configuration/lib/python3.10/site-packages:${PYTHONPATH} /usr/bin/python3 -W ignore:setup.py install is deprecated -W ignore:easy_install command is deprecated setup.py develop --editable --build-directory /home/tknika/gral-iiriondo/unitree_ws/build/mapping_configuration/build --no-deps symlink_data[0m
[7.743s] [34mcolcon.colcon_core.shell[0m [1;30mINFO[0m Creating environment descriptor '/home/tknika/gral-iiriondo/unitree_ws/build/mapping_configuration/share/mapping_configuration/hook/pythonpath_develop.dsv'
[7.744s] [34mcolcon.colcon_core.shell[0m [1;30mINFO[0m Creating environment hook '/home/tknika/gral-iiriondo/unitree_ws/build/mapping_configuration/share/mapping_configuration/hook/pythonpath_develop.sh'
[7.745s] [34mcolcon.colcon_core.environment[0m [1;30mLevel 1[0m checking '/home/tknika/gral-iiriondo/unitree_ws/install/mapping_configuration' for CMake module files
[7.746s] [34mcolcon.colcon_core.environment[0m [1;30mLevel 1[0m checking '/home/tknika/gral-iiriondo/unitree_ws/install/mapping_configuration' for CMake config files
[7.747s] [34mcolcon.colcon_core.environment[0m [1;30mLevel 1[0m checking '/home/tknika/gral-iiriondo/unitree_ws/install/mapping_configuration/lib'
[7.748s] [34mcolcon.colcon_core.environment[0m [1;30mLevel 1[0m checking '/home/tknika/gral-iiriondo/unitree_ws/install/mapping_configuration/bin'
[7.748s] [34mcolcon.colcon_core.environment[0m [1;30mLevel 1[0m checking '/home/tknika/gral-iiriondo/unitree_ws/install/mapping_configuration/lib/pkgconfig/mapping_configuration.pc'
[7.748s] [34mcolcon.colcon_core.environment[0m [1;30mLevel 1[0m checking '/home/tknika/gral-iiriondo/unitree_ws/install/mapping_configuration/lib/python3.10/site-packages'
[7.749s] [34mcolcon.colcon_core.shell[0m [1;30mLevel 1[0m create_environment_hook('mapping_configuration', 'pythonpath')
[7.749s] [34mcolcon.colcon_core.shell[0m [1;30mINFO[0m Creating environment hook '/home/tknika/gral-iiriondo/unitree_ws/install/mapping_configuration/share/mapping_configuration/hook/pythonpath.ps1'
[7.750s] [34mcolcon.colcon_core.shell[0m [1;30mINFO[0m Creating environment descriptor '/home/tknika/gral-iiriondo/unitree_ws/install/mapping_configuration/share/mapping_configuration/hook/pythonpath.dsv'
[7.752s] [34mcolcon.colcon_core.shell[0m [1;30mINFO[0m Creating environment hook '/home/tknika/gral-iiriondo/unitree_ws/install/mapping_configuration/share/mapping_configuration/hook/pythonpath.sh'
[7.754s] [34mcolcon.colcon_core.environment[0m [1;30mLevel 1[0m checking '/home/tknika/gral-iiriondo/unitree_ws/install/mapping_configuration/bin'
[7.754s] [34mcolcon.colcon_core.environment[0m [1;30mLevel 1[0m create_environment_scripts_only(mapping_configuration)
[7.755s] [34mcolcon.colcon_core.shell[0m [1;30mINFO[0m Creating package script '/home/tknika/gral-iiriondo/unitree_ws/install/mapping_configuration/share/mapping_configuration/package.ps1'
[7.757s] [34mcolcon.colcon_core.shell[0m [1;30mINFO[0m Creating package descriptor '/home/tknika/gral-iiriondo/unitree_ws/install/mapping_configuration/share/mapping_configuration/package.dsv'
[7.758s] [34mcolcon.colcon_core.shell[0m [1;30mINFO[0m Creating package script '/home/tknika/gral-iiriondo/unitree_ws/install/mapping_configuration/share/mapping_configuration/package.sh'
[7.759s] [34mcolcon.colcon_core.shell[0m [1;30mINFO[0m Creating package script '/home/tknika/gral-iiriondo/unitree_ws/install/mapping_configuration/share/mapping_configuration/package.bash'
[7.760s] [34mcolcon.colcon_core.shell[0m [1;30mINFO[0m Creating package script '/home/tknika/gral-iiriondo/unitree_ws/install/mapping_configuration/share/mapping_configuration/package.zsh'
[7.761s] [34mcolcon.colcon_core.environment[0m [1;30mLevel 1[0m create_file_with_runtime_dependencies(/home/tknika/gral-iiriondo/unitree_ws/install/mapping_configuration/share/colcon-core/packages/mapping_configuration)
[7.854s] [34mcolcon.colcon_core.shell[0m [1;30mLevel 1[0m create_environment_hook('slam_analysis', 'pythonpath_develop')
[7.855s] [34mcolcon.colcon_core.shell[0m [1;30mINFO[0m Creating environment hook '/home/tknika/gral-iiriondo/unitree_ws/build/slam_analysis/share/slam_analysis/hook/pythonpath_develop.ps1'
[7.856s] [34mcolcon.colcon_core.shell[0m [1;30mINFO[0m Creating environment descriptor '/home/tknika/gral-iiriondo/unitree_ws/build/slam_analysis/share/slam_analysis/hook/pythonpath_develop.dsv'
[7.857s] [34mcolcon.colcon_core.shell[0m [1;30mINFO[0m Creating environment hook '/home/tknika/gral-iiriondo/unitree_ws/build/slam_analysis/share/slam_analysis/hook/pythonpath_develop.sh'
[7.859s] [34mcolcon.colcon_core.environment[0m [1;30mLevel 1[0m checking '/home/tknika/gral-iiriondo/unitree_ws/install/slam_analysis' for CMake module files
[7.860s] [34mcolcon.colcon_core.event_handler.log_command[0m [1;30mDEBUG[0m [32mInvoked command in '/home/tknika/gral-iiriondo/unitree_ws/build/slam_analysis' returned '0': PYTHONPATH=/home/tknika/gral-iiriondo/unitree_ws/build/slam_analysis/prefix_override:/usr/lib/python3/dist-packages/colcon_core/task/python/colcon_distutils_commands:/home/tknika/gral-iiriondo/unitree_ws/install/slam_analysis/lib/python3.10/site-packages:${PYTHONPATH} /usr/bin/python3 -W ignore:setup.py install is deprecated -W ignore:easy_install command is deprecated setup.py develop --editable --build-directory /home/tknika/gral-iiriondo/unitree_ws/build/slam_analysis/build --no-deps symlink_data[0m
[7.861s] [34mcolcon.colcon_core.environment[0m [1;30mLevel 1[0m checking '/home/tknika/gral-iiriondo/unitree_ws/install/slam_analysis' for CMake config files
[7.862s] [34mcolcon.colcon_core.environment[0m [1;30mLevel 1[0m checking '/home/tknika/gral-iiriondo/unitree_ws/install/slam_analysis/lib'
[7.862s] [34mcolcon.colcon_core.environment[0m [1;30mLevel 1[0m checking '/home/tknika/gral-iiriondo/unitree_ws/install/slam_analysis/bin'
[7.864s] [34mcolcon.colcon_core.environment[0m [1;30mLevel 1[0m checking '/home/tknika/gral-iiriondo/unitree_ws/install/slam_analysis/lib/pkgconfig/slam_analysis.pc'
[7.864s] [34mcolcon.colcon_core.environment[0m [1;30mLevel 1[0m checking '/home/tknika/gral-iiriondo/unitree_ws/install/slam_analysis/lib/python3.10/site-packages'
[7.867s] [34mcolcon.colcon_core.shell[0m [1;30mLevel 1[0m create_environment_hook('slam_analysis', 'pythonpath')
[7.868s] [34mcolcon.colcon_core.shell[0m [1;30mINFO[0m Creating environment hook '/home/tknika/gral-iiriondo/unitree_ws/install/slam_analysis/share/slam_analysis/hook/pythonpath.ps1'
[7.869s] [34mcolcon.colcon_core.shell[0m [1;30mINFO[0m Creating environment descriptor '/home/tknika/gral-iiriondo/unitree_ws/install/slam_analysis/share/slam_analysis/hook/pythonpath.dsv'
[7.870s] [34mcolcon.colcon_core.shell[0m [1;30mINFO[0m Creating environment hook '/home/tknika/gral-iiriondo/unitree_ws/install/slam_analysis/share/slam_analysis/hook/pythonpath.sh'
[7.873s] [34mcolcon.colcon_core.environment[0m [1;30mLevel 1[0m checking '/home/tknika/gral-iiriondo/unitree_ws/install/slam_analysis/bin'
[7.874s] [34mcolcon.colcon_core.environment[0m [1;30mLevel 1[0m create_environment_scripts_only(slam_analysis)
[7.876s] [34mcolcon.colcon_core.shell[0m [1;30mINFO[0m Creating package script '/home/tknika/gral-iiriondo/unitree_ws/install/slam_analysis/share/slam_analysis/package.ps1'
[7.878s] [34mcolcon.colcon_core.shell[0m [1;30mINFO[0m Creating package descriptor '/home/tknika/gral-iiriondo/unitree_ws/install/slam_analysis/share/slam_analysis/package.dsv'
[7.879s] [34mcolcon.colcon_core.shell[0m [1;30mINFO[0m Creating package script '/home/tknika/gral-iiriondo/unitree_ws/install/slam_analysis/share/slam_analysis/package.sh'
[7.880s] [34mcolcon.colcon_core.shell[0m [1;30mINFO[0m Creating package script '/home/tknika/gral-iiriondo/unitree_ws/install/slam_analysis/share/slam_analysis/package.bash'
[7.880s] [34mcolcon.colcon_core.shell[0m [1;30mINFO[0m Creating package script '/home/tknika/gral-iiriondo/unitree_ws/install/slam_analysis/share/slam_analysis/package.zsh'
[7.881s] [34mcolcon.colcon_core.environment[0m [1;30mLevel 1[0m create_file_with_runtime_dependencies(/home/tknika/gral-iiriondo/unitree_ws/install/slam_analysis/share/colcon-core/packages/slam_analysis)
[8.066s] [34mcolcon.colcon_core.shell[0m [1;30mLevel 1[0m create_environment_hook('go1_description', 'pythonpath_develop')
[8.067s] [34mcolcon.colcon_core.shell[0m [1;30mINFO[0m Creating environment hook '/home/tknika/gral-iiriondo/unitree_ws/build/go1_description/share/go1_description/hook/pythonpath_develop.ps1'
[8.070s] [34mcolcon.colcon_core.event_handler.log_command[0m [1;30mDEBUG[0m [32mInvoked command in '/home/tknika/gral-iiriondo/unitree_ws/build/go1_description' returned '0': PYTHONPATH=/home/tknika/gral-iiriondo/unitree_ws/build/go1_description/prefix_override:/usr/lib/python3/dist-packages/colcon_core/task/python/colcon_distutils_commands:/home/tknika/gral-iiriondo/unitree_ws/install/go1_description/lib/python3.10/site-packages:${PYTHONPATH} /usr/bin/python3 -W ignore:setup.py install is deprecated -W ignore:easy_install command is deprecated setup.py develop --editable --build-directory /home/tknika/gral-iiriondo/unitree_ws/build/go1_description/build --no-deps symlink_data[0m
[8.070s] [34mcolcon.colcon_core.shell[0m [1;30mINFO[0m Creating environment descriptor '/home/tknika/gral-iiriondo/unitree_ws/build/go1_description/share/go1_description/hook/pythonpath_develop.dsv'
[8.072s] [34mcolcon.colcon_core.shell[0m [1;30mINFO[0m Creating environment hook '/home/tknika/gral-iiriondo/unitree_ws/build/go1_description/share/go1_description/hook/pythonpath_develop.sh'
[8.075s] [34mcolcon.colcon_core.environment[0m [1;30mLevel 1[0m checking '/home/tknika/gral-iiriondo/unitree_ws/install/go1_description' for CMake module files
[8.076s] [34mcolcon.colcon_core.environment[0m [1;30mLevel 1[0m checking '/home/tknika/gral-iiriondo/unitree_ws/install/go1_description' for CMake config files
[8.078s] [34mcolcon.colcon_core.environment[0m [1;30mLevel 1[0m checking '/home/tknika/gral-iiriondo/unitree_ws/install/go1_description/lib'
[8.078s] [34mcolcon.colcon_core.environment[0m [1;30mLevel 1[0m checking '/home/tknika/gral-iiriondo/unitree_ws/install/go1_description/bin'
[8.078s] [34mcolcon.colcon_core.environment[0m [1;30mLevel 1[0m checking '/home/tknika/gral-iiriondo/unitree_ws/install/go1_description/lib/pkgconfig/go1_description.pc'
[8.079s] [34mcolcon.colcon_core.environment[0m [1;30mLevel 1[0m checking '/home/tknika/gral-iiriondo/unitree_ws/install/go1_description/lib/python3.10/site-packages'
[8.079s] [34mcolcon.colcon_core.shell[0m [1;30mLevel 1[0m create_environment_hook('go1_description', 'pythonpath')
[8.079s] [34mcolcon.colcon_core.shell[0m [1;30mINFO[0m Creating environment hook '/home/tknika/gral-iiriondo/unitree_ws/install/go1_description/share/go1_description/hook/pythonpath.ps1'
[8.081s] [34mcolcon.colcon_core.shell[0m [1;30mINFO[0m Creating environment descriptor '/home/tknika/gral-iiriondo/unitree_ws/install/go1_description/share/go1_description/hook/pythonpath.dsv'
[8.082s] [34mcolcon.colcon_core.shell[0m [1;30mINFO[0m Creating environment hook '/home/tknika/gral-iiriondo/unitree_ws/install/go1_description/share/go1_description/hook/pythonpath.sh'
[8.084s] [34mcolcon.colcon_core.environment[0m [1;30mLevel 1[0m checking '/home/tknika/gral-iiriondo/unitree_ws/install/go1_description/bin'
[8.085s] [34mcolcon.colcon_core.environment[0m [1;30mLevel 1[0m create_environment_scripts_only(go1_description)
[8.085s] [34mcolcon.colcon_core.shell[0m [1;30mINFO[0m Creating package script '/home/tknika/gral-iiriondo/unitree_ws/install/go1_description/share/go1_description/package.ps1'
[8.087s] [34mcolcon.colcon_core.shell[0m [1;30mINFO[0m Creating package descriptor '/home/tknika/gral-iiriondo/unitree_ws/install/go1_description/share/go1_description/package.dsv'
[8.089s] [34mcolcon.colcon_core.shell[0m [1;30mINFO[0m Creating package script '/home/tknika/gral-iiriondo/unitree_ws/install/go1_description/share/go1_description/package.sh'
[8.091s] [34mcolcon.colcon_core.shell[0m [1;30mINFO[0m Creating package script '/home/tknika/gral-iiriondo/unitree_ws/install/go1_description/share/go1_description/package.bash'
[8.092s] [34mcolcon.colcon_core.shell[0m [1;30mINFO[0m Creating package script '/home/tknika/gral-iiriondo/unitree_ws/install/go1_description/share/go1_description/package.zsh'
[8.093s] [34mcolcon.colcon_core.environment[0m [1;30mLevel 1[0m create_file_with_runtime_dependencies(/home/tknika/gral-iiriondo/unitree_ws/install/go1_description/share/colcon-core/packages/go1_description)
[8.116s] [34mcolcon.colcon_core.shell[0m [1;30mLevel 1[0m create_environment_hook('asr', 'pythonpath_develop')
[8.117s] [34mcolcon.colcon_core.event_handler.log_command[0m [1;30mDEBUG[0m [32mInvoked command in '/home/tknika/gral-iiriondo/unitree_ws/build/asr' returned '0': PYTHONPATH=/home/tknika/gral-iiriondo/unitree_ws/build/asr/prefix_override:/usr/lib/python3/dist-packages/colcon_core/task/python/colcon_distutils_commands:/home/tknika/gral-iiriondo/unitree_ws/install/asr/lib/python3.10/site-packages:${PYTHONPATH} /usr/bin/python3 -W ignore:setup.py install is deprecated -W ignore:easy_install command is deprecated setup.py develop --editable --build-directory /home/tknika/gral-iiriondo/unitree_ws/build/asr/build --no-deps symlink_data[0m
[8.117s] [34mcolcon.colcon_core.shell[0m [1;30mINFO[0m Creating environment hook '/home/tknika/gral-iiriondo/unitree_ws/build/asr/share/asr/hook/pythonpath_develop.ps1'
[8.119s] [34mcolcon.colcon_core.shell[0m [1;30mINFO[0m Creating environment descriptor '/home/tknika/gral-iiriondo/unitree_ws/build/asr/share/asr/hook/pythonpath_develop.dsv'
[8.120s] [34mcolcon.colcon_core.shell[0m [1;30mINFO[0m Creating environment hook '/home/tknika/gral-iiriondo/unitree_ws/build/asr/share/asr/hook/pythonpath_develop.sh'
[8.122s] [34mcolcon.colcon_core.environment[0m [1;30mLevel 1[0m checking '/home/tknika/gral-iiriondo/unitree_ws/install/asr' for CMake module files
[8.123s] [34mcolcon.colcon_core.environment[0m [1;30mLevel 1[0m checking '/home/tknika/gral-iiriondo/unitree_ws/install/asr' for CMake config files
[8.124s] [34mcolcon.colcon_core.environment[0m [1;30mLevel 1[0m checking '/home/tknika/gral-iiriondo/unitree_ws/install/asr/lib'
[8.124s] [34mcolcon.colcon_core.environment[0m [1;30mLevel 1[0m checking '/home/tknika/gral-iiriondo/unitree_ws/install/asr/bin'
[8.124s] [34mcolcon.colcon_core.environment[0m [1;30mLevel 1[0m checking '/home/tknika/gral-iiriondo/unitree_ws/install/asr/lib/pkgconfig/asr.pc'
[8.125s] [34mcolcon.colcon_core.environment[0m [1;30mLevel 1[0m checking '/home/tknika/gral-iiriondo/unitree_ws/install/asr/lib/python3.10/site-packages'
[8.125s] [34mcolcon.colcon_core.shell[0m [1;30mLevel 1[0m create_environment_hook('asr', 'pythonpath')
[8.126s] [34mcolcon.colcon_core.shell[0m [1;30mINFO[0m Creating environment hook '/home/tknika/gral-iiriondo/unitree_ws/install/asr/share/asr/hook/pythonpath.ps1'
[8.127s] [34mcolcon.colcon_core.shell[0m [1;30mINFO[0m Creating environment descriptor '/home/tknika/gral-iiriondo/unitree_ws/install/asr/share/asr/hook/pythonpath.dsv'
[8.128s] [34mcolcon.colcon_core.shell[0m [1;30mINFO[0m Creating environment hook '/home/tknika/gral-iiriondo/unitree_ws/install/asr/share/asr/hook/pythonpath.sh'
[8.129s] [34mcolcon.colcon_core.environment[0m [1;30mLevel 1[0m checking '/home/tknika/gral-iiriondo/unitree_ws/install/asr/bin'
[8.129s] [34mcolcon.colcon_core.environment[0m [1;30mLevel 1[0m create_environment_scripts_only(asr)
[8.130s] [34mcolcon.colcon_core.shell[0m [1;30mINFO[0m Creating package script '/home/tknika/gral-iiriondo/unitree_ws/install/asr/share/asr/package.ps1'
[8.132s] [34mcolcon.colcon_core.shell[0m [1;30mINFO[0m Creating package descriptor '/home/tknika/gral-iiriondo/unitree_ws/install/asr/share/asr/package.dsv'
[8.133s] [34mcolcon.colcon_core.shell[0m [1;30mINFO[0m Creating package script '/home/tknika/gral-iiriondo/unitree_ws/install/asr/share/asr/package.sh'
[8.134s] [34mcolcon.colcon_core.shell[0m [1;30mINFO[0m Creating package script '/home/tknika/gral-iiriondo/unitree_ws/install/asr/share/asr/package.bash'
[8.135s] [34mcolcon.colcon_core.shell[0m [1;30mINFO[0m Creating package script '/home/tknika/gral-iiriondo/unitree_ws/install/asr/share/asr/package.zsh'
[8.136s] [34mcolcon.colcon_core.environment[0m [1;30mLevel 1[0m create_file_with_runtime_dependencies(/home/tknika/gral-iiriondo/unitree_ws/install/asr/share/colcon-core/packages/asr)
[8.706s] [34mcolcon.colcon_core.shell[0m [1;30mLevel 1[0m create_environment_hook('aruco_detector', 'pythonpath_develop')
[8.707s] [34mcolcon.colcon_core.shell[0m [1;30mINFO[0m Creating environment hook '/home/tknika/gral-iiriondo/unitree_ws/build/aruco_detector/share/aruco_detector/hook/pythonpath_develop.ps1'
[8.707s] [34mcolcon.colcon_core.event_handler.log_command[0m [1;30mDEBUG[0m [32mInvoked command in '/home/tknika/gral-iiriondo/unitree_ws/build/aruco_detector' returned '0': CMAKE_PREFIX_PATH=/home/tknika/gral-iiriondo/unitree_ws/install/aruco_markers_msgs:/home/tknika/gral-iiriondo/unitree_ws/install/speech_to_goal_interfaces:/home/tknika/gral-iiriondo/unitree_ws/install/object_recognition_interfaces LD_LIBRARY_PATH=/home/tknika/gral-iiriondo/unitree_ws/install/aruco_markers_msgs/lib:/home/tknika/gral-iiriondo/unitree_ws/install/speech_to_goal_interfaces/lib:/home/tknika/gral-iiriondo/unitree_ws/install/object_recognition_interfaces/lib:/usr/lib/aarch64-linux-gnu/nvidia:/usr/local/cuda/lib64:/opt/ros/humble/opt/rviz_ogre_vendor/lib:/opt/ros/humble/lib/aarch64-linux-gnu:/opt/ros/humble/lib:/usr/local/cuda-12.6/lib64 PYTHONPATH=/home/tknika/gral-iiriondo/unitree_ws/build/aruco_detector/prefix_override:/usr/lib/python3/dist-packages/colcon_core/task/python/colcon_distutils_commands:/home/tknika/gral-iiriondo/unitree_ws/install/aruco_detector/lib/python3.10/site-packages:${PYTHONPATH} /usr/bin/python3 -W ignore:setup.py install is deprecated -W ignore:easy_install command is deprecated setup.py develop --editable --build-directory /home/tknika/gral-iiriondo/unitree_ws/build/aruco_detector/build --no-deps symlink_data[0m
[8.709s] [34mcolcon.colcon_core.shell[0m [1;30mINFO[0m Creating environment descriptor '/home/tknika/gral-iiriondo/unitree_ws/build/aruco_detector/share/aruco_detector/hook/pythonpath_develop.dsv'
[8.710s] [34mcolcon.colcon_core.shell[0m [1;30mINFO[0m Creating environment hook '/home/tknika/gral-iiriondo/unitree_ws/build/aruco_detector/share/aruco_detector/hook/pythonpath_develop.sh'
[8.712s] [34mcolcon.colcon_core.environment[0m [1;30mLevel 1[0m checking '/home/tknika/gral-iiriondo/unitree_ws/install/aruco_detector' for CMake module files
[8.713s] [34mcolcon.colcon_core.environment[0m [1;30mLevel 1[0m checking '/home/tknika/gral-iiriondo/unitree_ws/install/aruco_detector' for CMake config files
[8.717s] [34mcolcon.colcon_core.environment[0m [1;30mLevel 1[0m checking '/home/tknika/gral-iiriondo/unitree_ws/install/aruco_detector/lib'
[8.717s] [34mcolcon.colcon_core.environment[0m [1;30mLevel 1[0m checking '/home/tknika/gral-iiriondo/unitree_ws/install/aruco_detector/bin'
[8.718s] [34mcolcon.colcon_core.environment[0m [1;30mLevel 1[0m checking '/home/tknika/gral-iiriondo/unitree_ws/install/aruco_detector/lib/pkgconfig/aruco_detector.pc'
[8.718s] [34mcolcon.colcon_core.environment[0m [1;30mLevel 1[0m checking '/home/tknika/gral-iiriondo/unitree_ws/install/aruco_detector/lib/python3.10/site-packages'
[8.718s] [34mcolcon.colcon_core.shell[0m [1;30mLevel 1[0m create_environment_hook('aruco_detector', 'pythonpath')
[8.719s] [34mcolcon.colcon_core.shell[0m [1;30mINFO[0m Creating environment hook '/home/tknika/gral-iiriondo/unitree_ws/install/aruco_detector/share/aruco_detector/hook/pythonpath.ps1'
[8.722s] [34mcolcon.colcon_core.shell[0m [1;30mINFO[0m Creating environment descriptor '/home/tknika/gral-iiriondo/unitree_ws/install/aruco_detector/share/aruco_detector/hook/pythonpath.dsv'
[8.724s] [34mcolcon.colcon_core.shell[0m [1;30mINFO[0m Creating environment hook '/home/tknika/gral-iiriondo/unitree_ws/install/aruco_detector/share/aruco_detector/hook/pythonpath.sh'
[8.731s] [34mcolcon.colcon_core.environment[0m [1;30mLevel 1[0m checking '/home/tknika/gral-iiriondo/unitree_ws/install/aruco_detector/bin'
[8.731s] [34mcolcon.colcon_core.environment[0m [1;30mLevel 1[0m create_environment_scripts_only(aruco_detector)
[8.733s] [34mcolcon.colcon_core.shell[0m [1;30mINFO[0m Creating package script '/home/tknika/gral-iiriondo/unitree_ws/install/aruco_detector/share/aruco_detector/package.ps1'
[8.740s] [34mcolcon.colcon_core.shell[0m [1;30mINFO[0m Creating package descriptor '/home/tknika/gral-iiriondo/unitree_ws/install/aruco_detector/share/aruco_detector/package.dsv'
[8.746s] [34mcolcon.colcon_core.shell[0m [1;30mINFO[0m Creating package script '/home/tknika/gral-iiriondo/unitree_ws/install/aruco_detector/share/aruco_detector/package.sh'
[8.748s] [34mcolcon.colcon_core.shell[0m [1;30mINFO[0m Creating package script '/home/tknika/gral-iiriondo/unitree_ws/install/aruco_detector/share/aruco_detector/package.bash'
[8.749s] [34mcolcon.colcon_core.shell[0m [1;30mINFO[0m Creating package script '/home/tknika/gral-iiriondo/unitree_ws/install/aruco_detector/share/aruco_detector/package.zsh'
[8.750s] [34mcolcon.colcon_core.environment[0m [1;30mLevel 1[0m create_file_with_runtime_dependencies(/home/tknika/gral-iiriondo/unitree_ws/install/aruco_detector/share/colcon-core/packages/aruco_detector)
[8.871s] [34mcolcon.colcon_core.shell[0m [1;30mLevel 1[0m create_environment_hook('object_recognition', 'pythonpath_develop')
[8.872s] [34mcolcon.colcon_core.shell[0m [1;30mINFO[0m Creating environment hook '/home/tknika/gral-iiriondo/unitree_ws/build/object_recognition/share/object_recognition/hook/pythonpath_develop.ps1'
[8.873s] [34mcolcon.colcon_core.event_handler.log_command[0m [1;30mDEBUG[0m [32mInvoked command in '/home/tknika/gral-iiriondo/unitree_ws/build/object_recognition' returned '0': CMAKE_PREFIX_PATH=/home/tknika/gral-iiriondo/unitree_ws/install/object_recognition_interfaces:/home/tknika/gral-iiriondo/unitree_ws/install/speech_to_goal_interfaces:/home/tknika/gral-iiriondo/unitree_ws/install/aruco_markers_msgs LD_LIBRARY_PATH=/home/tknika/gral-iiriondo/unitree_ws/install/object_recognition_interfaces/lib:/home/tknika/gral-iiriondo/unitree_ws/install/speech_to_goal_interfaces/lib:/home/tknika/gral-iiriondo/unitree_ws/install/aruco_markers_msgs/lib:/usr/lib/aarch64-linux-gnu/nvidia:/usr/local/cuda/lib64:/opt/ros/humble/opt/rviz_ogre_vendor/lib:/opt/ros/humble/lib/aarch64-linux-gnu:/opt/ros/humble/lib:/usr/local/cuda-12.6/lib64 PYTHONPATH=/home/tknika/gral-iiriondo/unitree_ws/build/object_recognition/prefix_override:/usr/lib/python3/dist-packages/colcon_core/task/python/colcon_distutils_commands:/home/tknika/gral-iiriondo/unitree_ws/install/object_recognition/lib/python3.10/site-packages:${PYTHONPATH} /usr/bin/python3 -W ignore:setup.py install is deprecated -W ignore:easy_install command is deprecated setup.py develop --editable --build-directory /home/tknika/gral-iiriondo/unitree_ws/build/object_recognition/build --no-deps symlink_data[0m
[8.874s] [34mcolcon.colcon_core.shell[0m [1;30mINFO[0m Creating environment descriptor '/home/tknika/gral-iiriondo/unitree_ws/build/object_recognition/share/object_recognition/hook/pythonpath_develop.dsv'
[8.875s] [34mcolcon.colcon_core.shell[0m [1;30mINFO[0m Creating environment hook '/home/tknika/gral-iiriondo/unitree_ws/build/object_recognition/share/object_recognition/hook/pythonpath_develop.sh'
[8.876s] [34mcolcon.colcon_core.environment[0m [1;30mLevel 1[0m checking '/home/tknika/gral-iiriondo/unitree_ws/install/object_recognition' for CMake module files
[8.877s] [34mcolcon.colcon_core.environment[0m [1;30mLevel 1[0m checking '/home/tknika/gral-iiriondo/unitree_ws/install/object_recognition' for CMake config files
[8.878s] [34mcolcon.colcon_core.environment[0m [1;30mLevel 1[0m checking '/home/tknika/gral-iiriondo/unitree_ws/install/object_recognition/lib'
[8.879s] [34mcolcon.colcon_core.environment[0m [1;30mLevel 1[0m checking '/home/tknika/gral-iiriondo/unitree_ws/install/object_recognition/bin'
[8.879s] [34mcolcon.colcon_core.environment[0m [1;30mLevel 1[0m checking '/home/tknika/gral-iiriondo/unitree_ws/install/object_recognition/lib/pkgconfig/object_recognition.pc'
[8.879s] [34mcolcon.colcon_core.environment[0m [1;30mLevel 1[0m checking '/home/tknika/gral-iiriondo/unitree_ws/install/object_recognition/lib/python3.10/site-packages'
[8.879s] [34mcolcon.colcon_core.shell[0m [1;30mLevel 1[0m create_environment_hook('object_recognition', 'pythonpath')
[8.880s] [34mcolcon.colcon_core.shell[0m [1;30mINFO[0m Creating environment hook '/home/tknika/gral-iiriondo/unitree_ws/install/object_recognition/share/object_recognition/hook/pythonpath.ps1'
[8.881s] [34mcolcon.colcon_core.shell[0m [1;30mINFO[0m Creating environment descriptor '/home/tknika/gral-iiriondo/unitree_ws/install/object_recognition/share/object_recognition/hook/pythonpath.dsv'
[8.881s] [34mcolcon.colcon_core.shell[0m [1;30mINFO[0m Creating environment hook '/home/tknika/gral-iiriondo/unitree_ws/install/object_recognition/share/object_recognition/hook/pythonpath.sh'
[8.883s] [34mcolcon.colcon_core.environment[0m [1;30mLevel 1[0m checking '/home/tknika/gral-iiriondo/unitree_ws/install/object_recognition/bin'
[8.883s] [34mcolcon.colcon_core.environment[0m [1;30mLevel 1[0m create_environment_scripts_only(object_recognition)
[8.884s] [34mcolcon.colcon_core.shell[0m [1;30mINFO[0m Creating package script '/home/tknika/gral-iiriondo/unitree_ws/install/object_recognition/share/object_recognition/package.ps1'
[8.885s] [34mcolcon.colcon_core.shell[0m [1;30mINFO[0m Creating package descriptor '/home/tknika/gral-iiriondo/unitree_ws/install/object_recognition/share/object_recognition/package.dsv'
[8.886s] [34mcolcon.colcon_core.shell[0m [1;30mINFO[0m Creating package script '/home/tknika/gral-iiriondo/unitree_ws/install/object_recognition/share/object_recognition/package.sh'
[8.887s] [34mcolcon.colcon_core.shell[0m [1;30mINFO[0m Creating package script '/home/tknika/gral-iiriondo/unitree_ws/install/object_recognition/share/object_recognition/package.bash'
[8.888s] [34mcolcon.colcon_core.shell[0m [1;30mINFO[0m Creating package script '/home/tknika/gral-iiriondo/unitree_ws/install/object_recognition/share/object_recognition/package.zsh'
[8.888s] [34mcolcon.colcon_core.environment[0m [1;30mLevel 1[0m create_file_with_runtime_dependencies(/home/tknika/gral-iiriondo/unitree_ws/install/object_recognition/share/colcon-core/packages/object_recognition)
[9.073s] [34mcolcon.colcon_core.shell[0m [1;30mLevel 1[0m create_environment_hook('speech_to_goal', 'pythonpath_develop')
[9.075s] [34mcolcon.colcon_core.shell[0m [1;30mINFO[0m Creating environment hook '/home/tknika/gral-iiriondo/unitree_ws/build/speech_to_goal/share/speech_to_goal/hook/pythonpath_develop.ps1'
[9.075s] [34mcolcon.colcon_core.event_handler.log_command[0m [1;30mDEBUG[0m [32mInvoked command in '/home/tknika/gral-iiriondo/unitree_ws/build/speech_to_goal' returned '0': LD_LIBRARY_PATH=/home/tknika/gral-iiriondo/unitree_ws/install/speech_to_goal_interfaces/lib:/home/tknika/gral-iiriondo/unitree_ws/install/object_recognition_interfaces/lib:/home/tknika/gral-iiriondo/unitree_ws/install/aruco_markers_msgs/lib:/usr/lib/aarch64-linux-gnu/nvidia:/usr/local/cuda/lib64:/opt/ros/humble/opt/rviz_ogre_vendor/lib:/opt/ros/humble/lib/aarch64-linux-gnu:/opt/ros/humble/lib:/usr/local/cuda-12.6/lib64 PYTHONPATH=/home/tknika/gral-iiriondo/unitree_ws/build/speech_to_goal/prefix_override:/usr/lib/python3/dist-packages/colcon_core/task/python/colcon_distutils_commands:/home/tknika/gral-iiriondo/unitree_ws/install/speech_to_goal/lib/python3.10/site-packages:${PYTHONPATH} /usr/bin/python3 -W ignore:setup.py install is deprecated -W ignore:easy_install command is deprecated setup.py develop --editable --build-directory /home/tknika/gral-iiriondo/unitree_ws/build/speech_to_goal/build --no-deps symlink_data[0m
[9.077s] [34mcolcon.colcon_core.shell[0m [1;30mINFO[0m Creating environment descriptor '/home/tknika/gral-iiriondo/unitree_ws/build/speech_to_goal/share/speech_to_goal/hook/pythonpath_develop.dsv'
[9.078s] [34mcolcon.colcon_core.shell[0m [1;30mINFO[0m Creating environment hook '/home/tknika/gral-iiriondo/unitree_ws/build/speech_to_goal/share/speech_to_goal/hook/pythonpath_develop.sh'
[9.080s] [34mcolcon.colcon_core.environment[0m [1;30mLevel 1[0m checking '/home/tknika/gral-iiriondo/unitree_ws/install/speech_to_goal' for CMake module files
[9.081s] [34mcolcon.colcon_core.environment[0m [1;30mLevel 1[0m checking '/home/tknika/gral-iiriondo/unitree_ws/install/speech_to_goal' for CMake config files
[9.083s] [34mcolcon.colcon_core.environment[0m [1;30mLevel 1[0m checking '/home/tknika/gral-iiriondo/unitree_ws/install/speech_to_goal/lib'
[9.083s] [34mcolcon.colcon_core.environment[0m [1;30mLevel 1[0m checking '/home/tknika/gral-iiriondo/unitree_ws/install/speech_to_goal/bin'
[9.083s] [34mcolcon.colcon_core.environment[0m [1;30mLevel 1[0m checking '/home/tknika/gral-iiriondo/unitree_ws/install/speech_to_goal/lib/pkgconfig/speech_to_goal.pc'
[9.084s] [34mcolcon.colcon_core.environment[0m [1;30mLevel 1[0m checking '/home/tknika/gral-iiriondo/unitree_ws/install/speech_to_goal/lib/python3.10/site-packages'
[9.084s] [34mcolcon.colcon_core.shell[0m [1;30mLevel 1[0m create_environment_hook('speech_to_goal', 'pythonpath')
[9.085s] [34mcolcon.colcon_core.shell[0m [1;30mINFO[0m Creating environment hook '/home/tknika/gral-iiriondo/unitree_ws/install/speech_to_goal/share/speech_to_goal/hook/pythonpath.ps1'
[9.086s] [34mcolcon.colcon_core.shell[0m [1;30mINFO[0m Creating environment descriptor '/home/tknika/gral-iiriondo/unitree_ws/install/speech_to_goal/share/speech_to_goal/hook/pythonpath.dsv'
[9.087s] [34mcolcon.colcon_core.shell[0m [1;30mINFO[0m Creating environment hook '/home/tknika/gral-iiriondo/unitree_ws/install/speech_to_goal/share/speech_to_goal/hook/pythonpath.sh'
[9.090s] [34mcolcon.colcon_core.environment[0m [1;30mLevel 1[0m checking '/home/tknika/gral-iiriondo/unitree_ws/install/speech_to_goal/bin'
[9.090s] [34mcolcon.colcon_core.environment[0m [1;30mLevel 1[0m create_environment_scripts_only(speech_to_goal)
[9.091s] [34mcolcon.colcon_core.shell[0m [1;30mINFO[0m Creating package script '/home/tknika/gral-iiriondo/unitree_ws/install/speech_to_goal/share/speech_to_goal/package.ps1'
[9.093s] [34mcolcon.colcon_core.shell[0m [1;30mINFO[0m Creating package descriptor '/home/tknika/gral-iiriondo/unitree_ws/install/speech_to_goal/share/speech_to_goal/package.dsv'
[9.095s] [34mcolcon.colcon_core.shell[0m [1;30mINFO[0m Creating package script '/home/tknika/gral-iiriondo/unitree_ws/install/speech_to_goal/share/speech_to_goal/package.sh'
[9.096s] [34mcolcon.colcon_core.shell[0m [1;30mINFO[0m Creating package script '/home/tknika/gral-iiriondo/unitree_ws/install/speech_to_goal/share/speech_to_goal/package.bash'
[9.098s] [34mcolcon.colcon_core.shell[0m [1;30mINFO[0m Creating package script '/home/tknika/gral-iiriondo/unitree_ws/install/speech_to_goal/share/speech_to_goal/package.zsh'
[9.099s] [34mcolcon.colcon_core.environment[0m [1;30mLevel 1[0m create_file_with_runtime_dependencies(/home/tknika/gral-iiriondo/unitree_ws/install/speech_to_goal/share/colcon-core/packages/speech_to_goal)
[9.100s] [34mcolcon.colcon_parallel_executor.executor.parallel[0m [1;30mDEBUG[0m [32mclosing loop[0m
[9.101s] [34mcolcon.colcon_parallel_executor.executor.parallel[0m [1;30mDEBUG[0m [32mloop closed[0m
[9.101s] [34mcolcon.colcon_parallel_executor.executor.parallel[0m [1;30mDEBUG[0m [32mrun_until_complete finished with '0'[0m
[9.102s] [34mcolcon.colcon_core.event_reactor[0m [1;30mDEBUG[0m [32mjoining thread[0m
[9.121s] [34mcolcon.colcon_core.plugin_system[0m [1;30mINFO[0m Skipping extension 'colcon_notification.desktop_notification.terminal_notifier': Not used on non-Darwin systems
[9.121s] [34mcolcon.colcon_core.plugin_system[0m [1;30mINFO[0m Skipping extension 'colcon_notification.desktop_notification.win32': Not used on non-Windows systems
[9.121s] [34mcolcon.colcon_notification.desktop_notification[0m [1;30mINFO[0m Sending desktop notification using 'notify2'
[9.168s] [34mcolcon.colcon_core.event_reactor[0m [1;30mDEBUG[0m [32mjoined thread[0m
[9.169s] [34mcolcon.colcon_core.shell[0m [1;30mINFO[0m Creating prefix script '/home/tknika/gral-iiriondo/unitree_ws/install/local_setup.ps1'
[9.175s] [34mcolcon.colcon_core.shell[0m [1;30mINFO[0m Creating prefix util module '/home/tknika/gral-iiriondo/unitree_ws/install/_local_setup_util_ps1.py'
[9.179s] [34mcolcon.colcon_core.shell[0m [1;30mINFO[0m Creating prefix chain script '/home/tknika/gral-iiriondo/unitree_ws/install/setup.ps1'
[9.183s] [34mcolcon.colcon_core.shell[0m [1;30mINFO[0m Creating prefix script '/home/tknika/gral-iiriondo/unitree_ws/install/local_setup.sh'
[9.184s] [34mcolcon.colcon_core.shell[0m [1;30mINFO[0m Creating prefix util module '/home/tknika/gral-iiriondo/unitree_ws/install/_local_setup_util_sh.py'
[9.186s] [34mcolcon.colcon_core.shell[0m [1;30mINFO[0m Creating prefix chain script '/home/tknika/gral-iiriondo/unitree_ws/install/setup.sh'
[9.190s] [34mcolcon.colcon_core.shell[0m [1;30mINFO[0m Creating prefix script '/home/tknika/gral-iiriondo/unitree_ws/install/local_setup.bash'
[9.191s] [34mcolcon.colcon_core.shell[0m [1;30mINFO[0m Creating prefix chain script '/home/tknika/gral-iiriondo/unitree_ws/install/setup.bash'
[9.195s] [34mcolcon.colcon_core.shell[0m [1;30mINFO[0m Creating prefix script '/home/tknika/gral-iiriondo/unitree_ws/install/local_setup.zsh'
[9.196s] [34mcolcon.colcon_core.shell[0m [1;30mINFO[0m Creating prefix chain script '/home/tknika/gral-iiriondo/unitree_ws/install/setup.zsh'
