[0.000000] (-) TimerEvent: {}
[0.000761] (aruco_markers_msgs) JobQueued: {'identifier': 'aruco_markers_msgs', 'dependencies': OrderedDict()}
[0.001532] (asr) JobQueued: {'identifier': 'asr', 'dependencies': OrderedDict()}
[0.001788] (go1_description) JobQueued: {'identifier': 'go1_description', 'dependencies': OrderedDict()}
[0.002431] (mapping_configuration) JobQueued: {'identifier': 'mapping_configuration', 'dependencies': OrderedDict()}
[0.002550] (object_recognition_interfaces) JobQueued: {'identifier': 'object_recognition_interfaces', 'dependencies': OrderedDict()}
[0.003536] (speech_to_goal_interfaces) JobQueued: {'identifier': 'speech_to_goal_interfaces', 'dependencies': OrderedDict()}
[0.003679] (standing_mode) JobQueued: {'identifier': 'standing_mode', 'dependencies': OrderedDict()}
[0.004433] (aruco_detector) JobQueued: {'identifier': 'aruco_detector', 'dependencies': OrderedDict([('aruco_markers_msgs', '/home/tknika/gral-iiriondo/unitree_ws/install/aruco_markers_msgs')])}
[0.004581] (object_recognition) JobQueued: {'identifier': 'object_recognition', 'dependencies': OrderedDict([('object_recognition_interfaces', '/home/tknika/gral-iiriondo/unitree_ws/install/object_recognition_interfaces')])}
[0.004703] (speech_to_goal) JobQueued: {'identifier': 'speech_to_goal', 'dependencies': OrderedDict([('object_recognition_interfaces', '/home/tknika/gral-iiriondo/unitree_ws/install/object_recognition_interfaces'), ('speech_to_goal_interfaces', '/home/tknika/gral-iiriondo/unitree_ws/install/speech_to_goal_interfaces')])}
[0.004804] (object_recognition_interfaces) JobStarted: {'identifier': 'object_recognition_interfaces'}
[0.014093] (aruco_markers_msgs) JobStarted: {'identifier': 'aruco_markers_msgs'}
[0.020893] (speech_to_goal_interfaces) JobStarted: {'identifier': 'speech_to_goal_interfaces'}
[0.030255] (asr) JobStarted: {'identifier': 'asr'}
[0.041779] (go1_description) JobStarted: {'identifier': 'go1_description'}
[0.053075] (mapping_configuration) JobStarted: {'identifier': 'mapping_configuration'}
[0.063956] (standing_mode) JobStarted: {'identifier': 'standing_mode'}
[0.077782] (object_recognition_interfaces) JobProgress: {'identifier': 'object_recognition_interfaces', 'progress': 'cmake'}
[0.078756] (object_recognition_interfaces) Command: {'cmd': ['/usr/bin/cmake', '/home/tknika/gral-iiriondo/unitree_ws/src/object_recognition_interfaces', '-DAMENT_CMAKE_SYMLINK_INSTALL=1', '-DCMAKE_INSTALL_PREFIX=/home/tknika/gral-iiriondo/unitree_ws/install/object_recognition_interfaces'], 'cwd': '/home/tknika/gral-iiriondo/unitree_ws/build/object_recognition_interfaces', 'env': OrderedDict([('GJS_DEBUG_TOPICS', 'JS ERROR;JS LOG'), ('LESSOPEN', '| /usr/bin/lesspipe %s'), ('USER', 'tknika'), ('OLLAMA_LLM_LIBRARY', 'cuda'), ('XDG_SESSION_TYPE', 'x11'), ('SHLVL', '2'), ('LD_LIBRARY_PATH', '/home/tknika/gral-iiriondo/unitree_ws/install/speech_to_goal_interfaces/lib:/home/tknika/gral-iiriondo/unitree_ws/install/object_recognition_interfaces/lib:/home/tknika/gral-iiriondo/unitree_ws/install/aruco_markers_msgs/lib:/usr/lib/aarch64-linux-gnu/nvidia:/usr/local/cuda/lib64:/usr/local/cuda-12.6/lib64:/usr/lib/aarch64-linux-gnu/nvidia:/usr/local/cuda/lib64:/opt/ros/humble/opt/rviz_ogre_vendor/lib:/opt/ros/humble/lib/aarch64-linux-gnu:/opt/ros/humble/lib:/usr/local/cuda-12.6/lib64:'), ('HOME', '/home/tknika'), ('OLDPWD', '/home/tknika/gral-iiriondo/docker'), ('DESKTOP_SESSION', 'ubuntu'), ('GIO_LAUNCHED_DESKTOP_FILE', '/usr/share/applications/terminator.desktop'), ('ROS_PYTHON_VERSION', '3'), ('GNOME_SHELL_SESSION_MODE', 'ubuntu'), ('GTK_MODULES', 'gail:atk-bridge'), ('MANAGERPID', '2429'), ('SYSTEMD_EXEC_PID', '2600'), ('DBUS_SESSION_BUS_ADDRESS', 'unix:path=/run/user/1000/bus'), ('COLORTERM', 'truecolor'), ('TERMINATOR_DBUS_NAME', 'net.tenshu.Terminator23558193cd9818af7fe4d2c2f5bd9d00f'), ('GIO_LAUNCHED_DESKTOP_FILE_PID', '5283'), ('IM_CONFIG_PHASE', '1'), ('COLCON_PREFIX_PATH', '/home/tknika/gral-iiriondo/unitree_ws/install'), ('CUDA_VISIBLE_DEVICES', '0'), ('ROS_DISTRO', 'humble'), ('GTK_IM_MODULE', 'ibus'), ('LOGNAME', 'tknika'), ('JOURNAL_STREAM', '8:53456'), ('_', '/usr/bin/colcon'), ('ROS_VERSION', '2'), ('XDG_SESSION_CLASS', 'user'), ('USERNAME', 'tknika'), ('TERM', 'xterm-256color'), ('GNOME_DESKTOP_SESSION_ID', 'this-is-deprecated'), ('ROS_LOCALHOST_ONLY', '0'), ('WINDOWPATH', '2'), ('PATH', '/usr/local/cuda-12.6/bin:/opt/ros/humble/bin:/usr/local/cuda-12.6/bin:/home/tknika/.cargo/bin:/home/tknika/.local/bin:/usr/local/sbin:/usr/local/bin:/usr/sbin:/usr/bin:/sbin:/bin:/usr/games:/usr/local/games:/snap/bin:/snap/bin'), ('SESSION_MANAGER', 'local/ubuntu:@/tmp/.ICE-unix/2576,unix/ubuntu:/tmp/.ICE-unix/2576'), ('INVOCATION_ID', 'd6126b6a242b499eb25ad0c9f51c9430'), ('XDG_MENU_PREFIX', 'gnome-'), ('XDG_RUNTIME_DIR', '/run/user/1000'), ('DISPLAY', ':1'), ('TERMINATOR_DBUS_PATH', '/net/tenshu/Terminator2'), ('LANG', 'en_US.UTF-8'), ('XDG_CURRENT_DESKTOP', 'ubuntu:GNOME'), ('IBUS_DISABLE_SNOOPER', '1'), ('RMW_IMPLEMENTATION', 'rmw_cyclonedds_cpp'), ('XMODIFIERS', '@im=ibus'), ('XDG_SESSION_DESKTOP', 'ubuntu'), ('XAUTHORITY', '/run/user/1000/gdm/Xauthority'), ('LS_COLORS', 'rs=0:di=01;34:ln=01;36:mh=00:pi=40;33:so=01;35:do=01;35:bd=40;33;01:cd=40;33;01:or=40;31;01:mi=00:su=37;41:sg=30;43:ca=30;41:tw=30;42:ow=34;42:st=37;44:ex=01;32:*.tar=01;31:*.tgz=01;31:*.arc=01;31:*.arj=01;31:*.taz=01;31:*.lha=01;31:*.lz4=01;31:*.lzh=01;31:*.lzma=01;31:*.tlz=01;31:*.txz=01;31:*.tzo=01;31:*.t7z=01;31:*.zip=01;31:*.z=01;31:*.dz=01;31:*.gz=01;31:*.lrz=01;31:*.lz=01;31:*.lzo=01;31:*.xz=01;31:*.zst=01;31:*.tzst=01;31:*.bz2=01;31:*.bz=01;31:*.tbz=01;31:*.tbz2=01;31:*.tz=01;31:*.deb=01;31:*.rpm=01;31:*.jar=01;31:*.war=01;31:*.ear=01;31:*.sar=01;31:*.rar=01;31:*.alz=01;31:*.ace=01;31:*.zoo=01;31:*.cpio=01;31:*.7z=01;31:*.rz=01;31:*.cab=01;31:*.wim=01;31:*.swm=01;31:*.dwm=01;31:*.esd=01;31:*.jpg=01;35:*.jpeg=01;35:*.mjpg=01;35:*.mjpeg=01;35:*.gif=01;35:*.bmp=01;35:*.pbm=01;35:*.pgm=01;35:*.ppm=01;35:*.tga=01;35:*.xbm=01;35:*.xpm=01;35:*.tif=01;35:*.tiff=01;35:*.png=01;35:*.svg=01;35:*.svgz=01;35:*.mng=01;35:*.pcx=01;35:*.mov=01;35:*.mpg=01;35:*.mpeg=01;35:*.m2v=01;35:*.mkv=01;35:*.webm=01;35:*.webp=01;35:*.ogm=01;35:*.mp4=01;35:*.m4v=01;35:*.mp4v=01;35:*.vob=01;35:*.qt=01;35:*.nuv=01;35:*.wmv=01;35:*.asf=01;35:*.rm=01;35:*.rmvb=01;35:*.flc=01;35:*.avi=01;35:*.fli=01;35:*.flv=01;35:*.gl=01;35:*.dl=01;35:*.xcf=01;35:*.xwd=01;35:*.yuv=01;35:*.cgm=01;35:*.emf=01;35:*.ogv=01;35:*.ogx=01;35:*.aac=00;36:*.au=00;36:*.flac=00;36:*.m4a=00;36:*.mid=00;36:*.midi=00;36:*.mka=00;36:*.mp3=00;36:*.mpc=00;36:*.ogg=00;36:*.ra=00;36:*.wav=00;36:*.oga=00;36:*.opus=00;36:*.spx=00;36:*.xspf=00;36:'), ('SSH_AGENT_LAUNCHER', 'gnome-keyring'), ('SSH_AUTH_SOCK', '/run/user/1000/keyring/ssh'), ('ROS_DOMAIN_ID', '42'), ('AMENT_PREFIX_PATH', '/home/tknika/gral-iiriondo/unitree_ws/install/standing_mode:/home/tknika/gral-iiriondo/unitree_ws/install/speech_to_goal:/home/tknika/gral-iiriondo/unitree_ws/install/speech_to_goal_interfaces:/home/tknika/gral-iiriondo/unitree_ws/install/slam_analysis:/home/tknika/gral-iiriondo/unitree_ws/install/object_recognition:/home/tknika/gral-iiriondo/unitree_ws/install/object_recognition_interfaces:/home/tknika/gral-iiriondo/unitree_ws/install/mapping_configuration:/home/tknika/gral-iiriondo/unitree_ws/install/go1_description:/home/tknika/gral-iiriondo/unitree_ws/install/asr:/home/tknika/gral-iiriondo/unitree_ws/install/aruco_detector:/home/tknika/gral-iiriondo/unitree_ws/install/aruco_markers_msgs:/opt/ros/humble'), ('SHELL', '/bin/bash'), ('TERMINATOR_UUID', 'urn:uuid:620aa88c-a79c-4fae-9e73-5e28589bde45'), ('QT_ACCESSIBILITY', '1'), ('GDMSESSION', 'ubuntu'), ('LESSCLOSE', '/usr/bin/lesspipe %s %s'), ('GPG_AGENT_INFO', '/run/user/1000/gnupg/S.gpg-agent:0:1'), ('GJS_DEBUG_OUTPUT', 'stderr'), ('QT_IM_MODULE', 'ibus'), ('PWD', '/home/tknika/gral-iiriondo/unitree_ws/build/object_recognition_interfaces'), ('XDG_CONFIG_DIRS', '/etc/xdg/xdg-ubuntu:/etc/xdg'), ('XDG_DATA_DIRS', '/usr/share/ubuntu:/usr/share/gnome:/usr/local/share/:/usr/share/:/var/lib/snapd/desktop'), ('PYTHONPATH', '/home/tknika/gral-iiriondo/unitree_ws/build/standing_mode:/home/tknika/gral-iiriondo/unitree_ws/install/standing_mode/lib/python3.10/site-packages:/home/tknika/gral-iiriondo/unitree_ws/build/speech_to_goal:/home/tknika/gral-iiriondo/unitree_ws/install/speech_to_goal/lib/python3.10/site-packages:/home/tknika/gral-iiriondo/unitree_ws/install/speech_to_goal_interfaces/local/lib/python3.10/dist-packages:/home/tknika/gral-iiriondo/unitree_ws/build/slam_analysis:/home/tknika/gral-iiriondo/unitree_ws/install/slam_analysis/lib/python3.10/site-packages:/home/tknika/gral-iiriondo/unitree_ws/build/object_recognition:/home/tknika/gral-iiriondo/unitree_ws/install/object_recognition/lib/python3.10/site-packages:/home/tknika/gral-iiriondo/unitree_ws/install/object_recognition_interfaces/local/lib/python3.10/dist-packages:/home/tknika/gral-iiriondo/unitree_ws/build/mapping_configuration:/home/tknika/gral-iiriondo/unitree_ws/install/mapping_configuration/lib/python3.10/site-packages:/home/tknika/gral-iiriondo/unitree_ws/build/go1_description:/home/tknika/gral-iiriondo/unitree_ws/install/go1_description/lib/python3.10/site-packages:/home/tknika/gral-iiriondo/unitree_ws/build/asr:/home/tknika/gral-iiriondo/unitree_ws/install/asr/lib/python3.10/site-packages:/home/tknika/gral-iiriondo/unitree_ws/build/aruco_detector:/home/tknika/gral-iiriondo/unitree_ws/install/aruco_detector/lib/python3.10/site-packages:/home/tknika/gral-iiriondo/unitree_ws/install/aruco_markers_msgs/local/lib/python3.10/dist-packages:/home/tknika/gral-iiriondo-main/unitree_ws/src/unitree_legged_sdk/lib/python/arm64:/home/tknika/gral-iiriondo-main/unitree_ws/src/unitree_legged_sdk/lib/python/arm64:/opt/ros/humble/lib/python3.10/site-packages:/opt/ros/humble/local/lib/python3.10/dist-packages'), ('COLCON', '1'), ('VTE_VERSION', '6800'), ('CMAKE_PREFIX_PATH', '/home/tknika/gral-iiriondo/unitree_ws/install/speech_to_goal_interfaces:/home/tknika/gral-iiriondo/unitree_ws/install/object_recognition_interfaces:/home/tknika/gral-iiriondo/unitree_ws/install/aruco_markers_msgs:/home/tknika/gral-iiriondo/unitree_ws/install/standing_mode:/home/tknika/gral-iiriondo/unitree_ws/install/speech_to_goal:/home/tknika/gral-iiriondo/unitree_ws/install/slam_analysis:/home/tknika/gral-iiriondo/unitree_ws/install/object_recognition:/home/tknika/gral-iiriondo/unitree_ws/install/mapping_configuration:/home/tknika/gral-iiriondo/unitree_ws/install/go1_description:/home/tknika/gral-iiriondo/unitree_ws/install/asr:/home/tknika/gral-iiriondo/unitree_ws/install/aruco_detector:/opt/ros/humble')]), 'shell': False}
[0.083380] (aruco_markers_msgs) JobProgress: {'identifier': 'aruco_markers_msgs', 'progress': 'cmake'}
[0.084254] (aruco_markers_msgs) Command: {'cmd': ['/usr/bin/cmake', '/home/tknika/gral-iiriondo/unitree_ws/src/aruco_markers_msgs', '-DAMENT_CMAKE_SYMLINK_INSTALL=1', '-DCMAKE_INSTALL_PREFIX=/home/tknika/gral-iiriondo/unitree_ws/install/aruco_markers_msgs'], 'cwd': '/home/tknika/gral-iiriondo/unitree_ws/build/aruco_markers_msgs', 'env': OrderedDict([('GJS_DEBUG_TOPICS', 'JS ERROR;JS LOG'), ('LESSOPEN', '| /usr/bin/lesspipe %s'), ('USER', 'tknika'), ('OLLAMA_LLM_LIBRARY', 'cuda'), ('XDG_SESSION_TYPE', 'x11'), ('SHLVL', '2'), ('LD_LIBRARY_PATH', '/home/tknika/gral-iiriondo/unitree_ws/install/speech_to_goal_interfaces/lib:/home/tknika/gral-iiriondo/unitree_ws/install/object_recognition_interfaces/lib:/home/tknika/gral-iiriondo/unitree_ws/install/aruco_markers_msgs/lib:/usr/lib/aarch64-linux-gnu/nvidia:/usr/local/cuda/lib64:/usr/local/cuda-12.6/lib64:/usr/lib/aarch64-linux-gnu/nvidia:/usr/local/cuda/lib64:/opt/ros/humble/opt/rviz_ogre_vendor/lib:/opt/ros/humble/lib/aarch64-linux-gnu:/opt/ros/humble/lib:/usr/local/cuda-12.6/lib64:'), ('HOME', '/home/tknika'), ('OLDPWD', '/home/tknika/gral-iiriondo/docker'), ('DESKTOP_SESSION', 'ubuntu'), ('GIO_LAUNCHED_DESKTOP_FILE', '/usr/share/applications/terminator.desktop'), ('ROS_PYTHON_VERSION', '3'), ('GNOME_SHELL_SESSION_MODE', 'ubuntu'), ('GTK_MODULES', 'gail:atk-bridge'), ('MANAGERPID', '2429'), ('SYSTEMD_EXEC_PID', '2600'), ('DBUS_SESSION_BUS_ADDRESS', 'unix:path=/run/user/1000/bus'), ('COLORTERM', 'truecolor'), ('TERMINATOR_DBUS_NAME', 'net.tenshu.Terminator23558193cd9818af7fe4d2c2f5bd9d00f'), ('GIO_LAUNCHED_DESKTOP_FILE_PID', '5283'), ('IM_CONFIG_PHASE', '1'), ('COLCON_PREFIX_PATH', '/home/tknika/gral-iiriondo/unitree_ws/install'), ('CUDA_VISIBLE_DEVICES', '0'), ('ROS_DISTRO', 'humble'), ('GTK_IM_MODULE', 'ibus'), ('LOGNAME', 'tknika'), ('JOURNAL_STREAM', '8:53456'), ('_', '/usr/bin/colcon'), ('ROS_VERSION', '2'), ('XDG_SESSION_CLASS', 'user'), ('USERNAME', 'tknika'), ('TERM', 'xterm-256color'), ('GNOME_DESKTOP_SESSION_ID', 'this-is-deprecated'), ('ROS_LOCALHOST_ONLY', '0'), ('WINDOWPATH', '2'), ('PATH', '/usr/local/cuda-12.6/bin:/opt/ros/humble/bin:/usr/local/cuda-12.6/bin:/home/tknika/.cargo/bin:/home/tknika/.local/bin:/usr/local/sbin:/usr/local/bin:/usr/sbin:/usr/bin:/sbin:/bin:/usr/games:/usr/local/games:/snap/bin:/snap/bin'), ('SESSION_MANAGER', 'local/ubuntu:@/tmp/.ICE-unix/2576,unix/ubuntu:/tmp/.ICE-unix/2576'), ('INVOCATION_ID', 'd6126b6a242b499eb25ad0c9f51c9430'), ('XDG_MENU_PREFIX', 'gnome-'), ('XDG_RUNTIME_DIR', '/run/user/1000'), ('DISPLAY', ':1'), ('TERMINATOR_DBUS_PATH', '/net/tenshu/Terminator2'), ('LANG', 'en_US.UTF-8'), ('XDG_CURRENT_DESKTOP', 'ubuntu:GNOME'), ('IBUS_DISABLE_SNOOPER', '1'), ('RMW_IMPLEMENTATION', 'rmw_cyclonedds_cpp'), ('XMODIFIERS', '@im=ibus'), ('XDG_SESSION_DESKTOP', 'ubuntu'), ('XAUTHORITY', '/run/user/1000/gdm/Xauthority'), ('LS_COLORS', 'rs=0:di=01;34:ln=01;36:mh=00:pi=40;33:so=01;35:do=01;35:bd=40;33;01:cd=40;33;01:or=40;31;01:mi=00:su=37;41:sg=30;43:ca=30;41:tw=30;42:ow=34;42:st=37;44:ex=01;32:*.tar=01;31:*.tgz=01;31:*.arc=01;31:*.arj=01;31:*.taz=01;31:*.lha=01;31:*.lz4=01;31:*.lzh=01;31:*.lzma=01;31:*.tlz=01;31:*.txz=01;31:*.tzo=01;31:*.t7z=01;31:*.zip=01;31:*.z=01;31:*.dz=01;31:*.gz=01;31:*.lrz=01;31:*.lz=01;31:*.lzo=01;31:*.xz=01;31:*.zst=01;31:*.tzst=01;31:*.bz2=01;31:*.bz=01;31:*.tbz=01;31:*.tbz2=01;31:*.tz=01;31:*.deb=01;31:*.rpm=01;31:*.jar=01;31:*.war=01;31:*.ear=01;31:*.sar=01;31:*.rar=01;31:*.alz=01;31:*.ace=01;31:*.zoo=01;31:*.cpio=01;31:*.7z=01;31:*.rz=01;31:*.cab=01;31:*.wim=01;31:*.swm=01;31:*.dwm=01;31:*.esd=01;31:*.jpg=01;35:*.jpeg=01;35:*.mjpg=01;35:*.mjpeg=01;35:*.gif=01;35:*.bmp=01;35:*.pbm=01;35:*.pgm=01;35:*.ppm=01;35:*.tga=01;35:*.xbm=01;35:*.xpm=01;35:*.tif=01;35:*.tiff=01;35:*.png=01;35:*.svg=01;35:*.svgz=01;35:*.mng=01;35:*.pcx=01;35:*.mov=01;35:*.mpg=01;35:*.mpeg=01;35:*.m2v=01;35:*.mkv=01;35:*.webm=01;35:*.webp=01;35:*.ogm=01;35:*.mp4=01;35:*.m4v=01;35:*.mp4v=01;35:*.vob=01;35:*.qt=01;35:*.nuv=01;35:*.wmv=01;35:*.asf=01;35:*.rm=01;35:*.rmvb=01;35:*.flc=01;35:*.avi=01;35:*.fli=01;35:*.flv=01;35:*.gl=01;35:*.dl=01;35:*.xcf=01;35:*.xwd=01;35:*.yuv=01;35:*.cgm=01;35:*.emf=01;35:*.ogv=01;35:*.ogx=01;35:*.aac=00;36:*.au=00;36:*.flac=00;36:*.m4a=00;36:*.mid=00;36:*.midi=00;36:*.mka=00;36:*.mp3=00;36:*.mpc=00;36:*.ogg=00;36:*.ra=00;36:*.wav=00;36:*.oga=00;36:*.opus=00;36:*.spx=00;36:*.xspf=00;36:'), ('SSH_AGENT_LAUNCHER', 'gnome-keyring'), ('SSH_AUTH_SOCK', '/run/user/1000/keyring/ssh'), ('ROS_DOMAIN_ID', '42'), ('AMENT_PREFIX_PATH', '/home/tknika/gral-iiriondo/unitree_ws/install/standing_mode:/home/tknika/gral-iiriondo/unitree_ws/install/speech_to_goal:/home/tknika/gral-iiriondo/unitree_ws/install/speech_to_goal_interfaces:/home/tknika/gral-iiriondo/unitree_ws/install/slam_analysis:/home/tknika/gral-iiriondo/unitree_ws/install/object_recognition:/home/tknika/gral-iiriondo/unitree_ws/install/object_recognition_interfaces:/home/tknika/gral-iiriondo/unitree_ws/install/mapping_configuration:/home/tknika/gral-iiriondo/unitree_ws/install/go1_description:/home/tknika/gral-iiriondo/unitree_ws/install/asr:/home/tknika/gral-iiriondo/unitree_ws/install/aruco_detector:/home/tknika/gral-iiriondo/unitree_ws/install/aruco_markers_msgs:/opt/ros/humble'), ('SHELL', '/bin/bash'), ('TERMINATOR_UUID', 'urn:uuid:620aa88c-a79c-4fae-9e73-5e28589bde45'), ('QT_ACCESSIBILITY', '1'), ('GDMSESSION', 'ubuntu'), ('LESSCLOSE', '/usr/bin/lesspipe %s %s'), ('GPG_AGENT_INFO', '/run/user/1000/gnupg/S.gpg-agent:0:1'), ('GJS_DEBUG_OUTPUT', 'stderr'), ('QT_IM_MODULE', 'ibus'), ('PWD', '/home/tknika/gral-iiriondo/unitree_ws/build/aruco_markers_msgs'), ('XDG_CONFIG_DIRS', '/etc/xdg/xdg-ubuntu:/etc/xdg'), ('XDG_DATA_DIRS', '/usr/share/ubuntu:/usr/share/gnome:/usr/local/share/:/usr/share/:/var/lib/snapd/desktop'), ('PYTHONPATH', '/home/tknika/gral-iiriondo/unitree_ws/build/standing_mode:/home/tknika/gral-iiriondo/unitree_ws/install/standing_mode/lib/python3.10/site-packages:/home/tknika/gral-iiriondo/unitree_ws/build/speech_to_goal:/home/tknika/gral-iiriondo/unitree_ws/install/speech_to_goal/lib/python3.10/site-packages:/home/tknika/gral-iiriondo/unitree_ws/install/speech_to_goal_interfaces/local/lib/python3.10/dist-packages:/home/tknika/gral-iiriondo/unitree_ws/build/slam_analysis:/home/tknika/gral-iiriondo/unitree_ws/install/slam_analysis/lib/python3.10/site-packages:/home/tknika/gral-iiriondo/unitree_ws/build/object_recognition:/home/tknika/gral-iiriondo/unitree_ws/install/object_recognition/lib/python3.10/site-packages:/home/tknika/gral-iiriondo/unitree_ws/install/object_recognition_interfaces/local/lib/python3.10/dist-packages:/home/tknika/gral-iiriondo/unitree_ws/build/mapping_configuration:/home/tknika/gral-iiriondo/unitree_ws/install/mapping_configuration/lib/python3.10/site-packages:/home/tknika/gral-iiriondo/unitree_ws/build/go1_description:/home/tknika/gral-iiriondo/unitree_ws/install/go1_description/lib/python3.10/site-packages:/home/tknika/gral-iiriondo/unitree_ws/build/asr:/home/tknika/gral-iiriondo/unitree_ws/install/asr/lib/python3.10/site-packages:/home/tknika/gral-iiriondo/unitree_ws/build/aruco_detector:/home/tknika/gral-iiriondo/unitree_ws/install/aruco_detector/lib/python3.10/site-packages:/home/tknika/gral-iiriondo/unitree_ws/install/aruco_markers_msgs/local/lib/python3.10/dist-packages:/home/tknika/gral-iiriondo-main/unitree_ws/src/unitree_legged_sdk/lib/python/arm64:/home/tknika/gral-iiriondo-main/unitree_ws/src/unitree_legged_sdk/lib/python/arm64:/opt/ros/humble/lib/python3.10/site-packages:/opt/ros/humble/local/lib/python3.10/dist-packages'), ('COLCON', '1'), ('VTE_VERSION', '6800'), ('CMAKE_PREFIX_PATH', '/home/tknika/gral-iiriondo/unitree_ws/install/speech_to_goal_interfaces:/home/tknika/gral-iiriondo/unitree_ws/install/object_recognition_interfaces:/home/tknika/gral-iiriondo/unitree_ws/install/aruco_markers_msgs:/home/tknika/gral-iiriondo/unitree_ws/install/standing_mode:/home/tknika/gral-iiriondo/unitree_ws/install/speech_to_goal:/home/tknika/gral-iiriondo/unitree_ws/install/slam_analysis:/home/tknika/gral-iiriondo/unitree_ws/install/object_recognition:/home/tknika/gral-iiriondo/unitree_ws/install/mapping_configuration:/home/tknika/gral-iiriondo/unitree_ws/install/go1_description:/home/tknika/gral-iiriondo/unitree_ws/install/asr:/home/tknika/gral-iiriondo/unitree_ws/install/aruco_detector:/opt/ros/humble')]), 'shell': False}
[0.088618] (speech_to_goal_interfaces) JobProgress: {'identifier': 'speech_to_goal_interfaces', 'progress': 'cmake'}
[0.091393] (speech_to_goal_interfaces) Command: {'cmd': ['/usr/bin/cmake', '/home/tknika/gral-iiriondo/unitree_ws/src/speech_to_goal_interfaces', '-DAMENT_CMAKE_SYMLINK_INSTALL=1', '-DCMAKE_INSTALL_PREFIX=/home/tknika/gral-iiriondo/unitree_ws/install/speech_to_goal_interfaces'], 'cwd': '/home/tknika/gral-iiriondo/unitree_ws/build/speech_to_goal_interfaces', 'env': OrderedDict([('GJS_DEBUG_TOPICS', 'JS ERROR;JS LOG'), ('LESSOPEN', '| /usr/bin/lesspipe %s'), ('USER', 'tknika'), ('OLLAMA_LLM_LIBRARY', 'cuda'), ('XDG_SESSION_TYPE', 'x11'), ('SHLVL', '2'), ('LD_LIBRARY_PATH', '/home/tknika/gral-iiriondo/unitree_ws/install/speech_to_goal_interfaces/lib:/home/tknika/gral-iiriondo/unitree_ws/install/object_recognition_interfaces/lib:/home/tknika/gral-iiriondo/unitree_ws/install/aruco_markers_msgs/lib:/usr/lib/aarch64-linux-gnu/nvidia:/usr/local/cuda/lib64:/usr/local/cuda-12.6/lib64:/usr/lib/aarch64-linux-gnu/nvidia:/usr/local/cuda/lib64:/opt/ros/humble/opt/rviz_ogre_vendor/lib:/opt/ros/humble/lib/aarch64-linux-gnu:/opt/ros/humble/lib:/usr/local/cuda-12.6/lib64:'), ('HOME', '/home/tknika'), ('OLDPWD', '/home/tknika/gral-iiriondo/docker'), ('DESKTOP_SESSION', 'ubuntu'), ('GIO_LAUNCHED_DESKTOP_FILE', '/usr/share/applications/terminator.desktop'), ('ROS_PYTHON_VERSION', '3'), ('GNOME_SHELL_SESSION_MODE', 'ubuntu'), ('GTK_MODULES', 'gail:atk-bridge'), ('MANAGERPID', '2429'), ('SYSTEMD_EXEC_PID', '2600'), ('DBUS_SESSION_BUS_ADDRESS', 'unix:path=/run/user/1000/bus'), ('COLORTERM', 'truecolor'), ('TERMINATOR_DBUS_NAME', 'net.tenshu.Terminator23558193cd9818af7fe4d2c2f5bd9d00f'), ('GIO_LAUNCHED_DESKTOP_FILE_PID', '5283'), ('IM_CONFIG_PHASE', '1'), ('COLCON_PREFIX_PATH', '/home/tknika/gral-iiriondo/unitree_ws/install'), ('CUDA_VISIBLE_DEVICES', '0'), ('ROS_DISTRO', 'humble'), ('GTK_IM_MODULE', 'ibus'), ('LOGNAME', 'tknika'), ('JOURNAL_STREAM', '8:53456'), ('_', '/usr/bin/colcon'), ('ROS_VERSION', '2'), ('XDG_SESSION_CLASS', 'user'), ('USERNAME', 'tknika'), ('TERM', 'xterm-256color'), ('GNOME_DESKTOP_SESSION_ID', 'this-is-deprecated'), ('ROS_LOCALHOST_ONLY', '0'), ('WINDOWPATH', '2'), ('PATH', '/usr/local/cuda-12.6/bin:/opt/ros/humble/bin:/usr/local/cuda-12.6/bin:/home/tknika/.cargo/bin:/home/tknika/.local/bin:/usr/local/sbin:/usr/local/bin:/usr/sbin:/usr/bin:/sbin:/bin:/usr/games:/usr/local/games:/snap/bin:/snap/bin'), ('SESSION_MANAGER', 'local/ubuntu:@/tmp/.ICE-unix/2576,unix/ubuntu:/tmp/.ICE-unix/2576'), ('INVOCATION_ID', 'd6126b6a242b499eb25ad0c9f51c9430'), ('XDG_MENU_PREFIX', 'gnome-'), ('XDG_RUNTIME_DIR', '/run/user/1000'), ('DISPLAY', ':1'), ('TERMINATOR_DBUS_PATH', '/net/tenshu/Terminator2'), ('LANG', 'en_US.UTF-8'), ('XDG_CURRENT_DESKTOP', 'ubuntu:GNOME'), ('IBUS_DISABLE_SNOOPER', '1'), ('RMW_IMPLEMENTATION', 'rmw_cyclonedds_cpp'), ('XMODIFIERS', '@im=ibus'), ('XDG_SESSION_DESKTOP', 'ubuntu'), ('XAUTHORITY', '/run/user/1000/gdm/Xauthority'), ('LS_COLORS', 'rs=0:di=01;34:ln=01;36:mh=00:pi=40;33:so=01;35:do=01;35:bd=40;33;01:cd=40;33;01:or=40;31;01:mi=00:su=37;41:sg=30;43:ca=30;41:tw=30;42:ow=34;42:st=37;44:ex=01;32:*.tar=01;31:*.tgz=01;31:*.arc=01;31:*.arj=01;31:*.taz=01;31:*.lha=01;31:*.lz4=01;31:*.lzh=01;31:*.lzma=01;31:*.tlz=01;31:*.txz=01;31:*.tzo=01;31:*.t7z=01;31:*.zip=01;31:*.z=01;31:*.dz=01;31:*.gz=01;31:*.lrz=01;31:*.lz=01;31:*.lzo=01;31:*.xz=01;31:*.zst=01;31:*.tzst=01;31:*.bz2=01;31:*.bz=01;31:*.tbz=01;31:*.tbz2=01;31:*.tz=01;31:*.deb=01;31:*.rpm=01;31:*.jar=01;31:*.war=01;31:*.ear=01;31:*.sar=01;31:*.rar=01;31:*.alz=01;31:*.ace=01;31:*.zoo=01;31:*.cpio=01;31:*.7z=01;31:*.rz=01;31:*.cab=01;31:*.wim=01;31:*.swm=01;31:*.dwm=01;31:*.esd=01;31:*.jpg=01;35:*.jpeg=01;35:*.mjpg=01;35:*.mjpeg=01;35:*.gif=01;35:*.bmp=01;35:*.pbm=01;35:*.pgm=01;35:*.ppm=01;35:*.tga=01;35:*.xbm=01;35:*.xpm=01;35:*.tif=01;35:*.tiff=01;35:*.png=01;35:*.svg=01;35:*.svgz=01;35:*.mng=01;35:*.pcx=01;35:*.mov=01;35:*.mpg=01;35:*.mpeg=01;35:*.m2v=01;35:*.mkv=01;35:*.webm=01;35:*.webp=01;35:*.ogm=01;35:*.mp4=01;35:*.m4v=01;35:*.mp4v=01;35:*.vob=01;35:*.qt=01;35:*.nuv=01;35:*.wmv=01;35:*.asf=01;35:*.rm=01;35:*.rmvb=01;35:*.flc=01;35:*.avi=01;35:*.fli=01;35:*.flv=01;35:*.gl=01;35:*.dl=01;35:*.xcf=01;35:*.xwd=01;35:*.yuv=01;35:*.cgm=01;35:*.emf=01;35:*.ogv=01;35:*.ogx=01;35:*.aac=00;36:*.au=00;36:*.flac=00;36:*.m4a=00;36:*.mid=00;36:*.midi=00;36:*.mka=00;36:*.mp3=00;36:*.mpc=00;36:*.ogg=00;36:*.ra=00;36:*.wav=00;36:*.oga=00;36:*.opus=00;36:*.spx=00;36:*.xspf=00;36:'), ('SSH_AGENT_LAUNCHER', 'gnome-keyring'), ('SSH_AUTH_SOCK', '/run/user/1000/keyring/ssh'), ('ROS_DOMAIN_ID', '42'), ('AMENT_PREFIX_PATH', '/home/tknika/gral-iiriondo/unitree_ws/install/standing_mode:/home/tknika/gral-iiriondo/unitree_ws/install/speech_to_goal:/home/tknika/gral-iiriondo/unitree_ws/install/speech_to_goal_interfaces:/home/tknika/gral-iiriondo/unitree_ws/install/slam_analysis:/home/tknika/gral-iiriondo/unitree_ws/install/object_recognition:/home/tknika/gral-iiriondo/unitree_ws/install/object_recognition_interfaces:/home/tknika/gral-iiriondo/unitree_ws/install/mapping_configuration:/home/tknika/gral-iiriondo/unitree_ws/install/go1_description:/home/tknika/gral-iiriondo/unitree_ws/install/asr:/home/tknika/gral-iiriondo/unitree_ws/install/aruco_detector:/home/tknika/gral-iiriondo/unitree_ws/install/aruco_markers_msgs:/opt/ros/humble'), ('SHELL', '/bin/bash'), ('TERMINATOR_UUID', 'urn:uuid:620aa88c-a79c-4fae-9e73-5e28589bde45'), ('QT_ACCESSIBILITY', '1'), ('GDMSESSION', 'ubuntu'), ('LESSCLOSE', '/usr/bin/lesspipe %s %s'), ('GPG_AGENT_INFO', '/run/user/1000/gnupg/S.gpg-agent:0:1'), ('GJS_DEBUG_OUTPUT', 'stderr'), ('QT_IM_MODULE', 'ibus'), ('PWD', '/home/tknika/gral-iiriondo/unitree_ws/build/speech_to_goal_interfaces'), ('XDG_CONFIG_DIRS', '/etc/xdg/xdg-ubuntu:/etc/xdg'), ('XDG_DATA_DIRS', '/usr/share/ubuntu:/usr/share/gnome:/usr/local/share/:/usr/share/:/var/lib/snapd/desktop'), ('PYTHONPATH', '/home/tknika/gral-iiriondo/unitree_ws/build/standing_mode:/home/tknika/gral-iiriondo/unitree_ws/install/standing_mode/lib/python3.10/site-packages:/home/tknika/gral-iiriondo/unitree_ws/build/speech_to_goal:/home/tknika/gral-iiriondo/unitree_ws/install/speech_to_goal/lib/python3.10/site-packages:/home/tknika/gral-iiriondo/unitree_ws/install/speech_to_goal_interfaces/local/lib/python3.10/dist-packages:/home/tknika/gral-iiriondo/unitree_ws/build/slam_analysis:/home/tknika/gral-iiriondo/unitree_ws/install/slam_analysis/lib/python3.10/site-packages:/home/tknika/gral-iiriondo/unitree_ws/build/object_recognition:/home/tknika/gral-iiriondo/unitree_ws/install/object_recognition/lib/python3.10/site-packages:/home/tknika/gral-iiriondo/unitree_ws/install/object_recognition_interfaces/local/lib/python3.10/dist-packages:/home/tknika/gral-iiriondo/unitree_ws/build/mapping_configuration:/home/tknika/gral-iiriondo/unitree_ws/install/mapping_configuration/lib/python3.10/site-packages:/home/tknika/gral-iiriondo/unitree_ws/build/go1_description:/home/tknika/gral-iiriondo/unitree_ws/install/go1_description/lib/python3.10/site-packages:/home/tknika/gral-iiriondo/unitree_ws/build/asr:/home/tknika/gral-iiriondo/unitree_ws/install/asr/lib/python3.10/site-packages:/home/tknika/gral-iiriondo/unitree_ws/build/aruco_detector:/home/tknika/gral-iiriondo/unitree_ws/install/aruco_detector/lib/python3.10/site-packages:/home/tknika/gral-iiriondo/unitree_ws/install/aruco_markers_msgs/local/lib/python3.10/dist-packages:/home/tknika/gral-iiriondo-main/unitree_ws/src/unitree_legged_sdk/lib/python/arm64:/home/tknika/gral-iiriondo-main/unitree_ws/src/unitree_legged_sdk/lib/python/arm64:/opt/ros/humble/lib/python3.10/site-packages:/opt/ros/humble/local/lib/python3.10/dist-packages'), ('COLCON', '1'), ('VTE_VERSION', '6800'), ('CMAKE_PREFIX_PATH', '/home/tknika/gral-iiriondo/unitree_ws/install/speech_to_goal_interfaces:/home/tknika/gral-iiriondo/unitree_ws/install/object_recognition_interfaces:/home/tknika/gral-iiriondo/unitree_ws/install/aruco_markers_msgs:/home/tknika/gral-iiriondo/unitree_ws/install/standing_mode:/home/tknika/gral-iiriondo/unitree_ws/install/speech_to_goal:/home/tknika/gral-iiriondo/unitree_ws/install/slam_analysis:/home/tknika/gral-iiriondo/unitree_ws/install/object_recognition:/home/tknika/gral-iiriondo/unitree_ws/install/mapping_configuration:/home/tknika/gral-iiriondo/unitree_ws/install/go1_description:/home/tknika/gral-iiriondo/unitree_ws/install/asr:/home/tknika/gral-iiriondo/unitree_ws/install/aruco_detector:/opt/ros/humble')]), 'shell': False}
[0.099493] (-) TimerEvent: {}
[0.200321] (-) TimerEvent: {}
[0.301095] (-) TimerEvent: {}
[0.401867] (-) TimerEvent: {}
[0.502608] (-) TimerEvent: {}
[0.603332] (-) TimerEvent: {}
[0.704433] (-) TimerEvent: {}
[0.805110] (-) TimerEvent: {}
[0.905835] (-) TimerEvent: {}
[1.006536] (-) TimerEvent: {}
[1.107409] (-) TimerEvent: {}
[1.208490] (-) TimerEvent: {}
[1.309289] (-) TimerEvent: {}
[1.411788] (-) TimerEvent: {}
[1.512829] (-) TimerEvent: {}
[1.614341] (-) TimerEvent: {}
[1.715035] (-) TimerEvent: {}
[1.816451] (-) TimerEvent: {}
[1.917133] (-) TimerEvent: {}
[2.017946] (-) TimerEvent: {}
[2.118837] (-) TimerEvent: {}
[2.219625] (-) TimerEvent: {}
[2.320510] (-) TimerEvent: {}
[2.421447] (-) TimerEvent: {}
[2.522142] (-) TimerEvent: {}
[2.622878] (-) TimerEvent: {}
[2.706667] (object_recognition_interfaces) StdoutLine: {'line': b'-- The C compiler identification is GNU 11.4.0\n'}
[2.707430] (object_recognition_interfaces) StdoutLine: {'line': b'-- The CXX compiler identification is GNU 11.4.0\n'}
[2.708634] (object_recognition_interfaces) StdoutLine: {'line': b'-- Detecting C compiler ABI info\n'}
[2.709816] (object_recognition_interfaces) StdoutLine: {'line': b'-- Detecting C compiler ABI info - done\n'}
[2.710524] (object_recognition_interfaces) StdoutLine: {'line': b'-- Check for working C compiler: /usr/bin/cc - skipped\n'}
[2.710678] (object_recognition_interfaces) StdoutLine: {'line': b'-- Detecting C compile features\n'}
[2.710814] (object_recognition_interfaces) StdoutLine: {'line': b'-- Detecting C compile features - done\n'}
[2.710941] (object_recognition_interfaces) StdoutLine: {'line': b'-- Detecting CXX compiler ABI info\n'}
[2.712118] (object_recognition_interfaces) StdoutLine: {'line': b'-- Detecting CXX compiler ABI info - done\n'}
[2.712503] (object_recognition_interfaces) StdoutLine: {'line': b'-- Check for working CXX compiler: /usr/bin/c++ - skipped\n'}
[2.712851] (object_recognition_interfaces) StdoutLine: {'line': b'-- Detecting CXX compile features\n'}
[2.713156] (object_recognition_interfaces) StdoutLine: {'line': b'-- Detecting CXX compile features - done\n'}
[2.713295] (object_recognition_interfaces) StdoutLine: {'line': b'-- Found ament_cmake: 1.3.14 (/opt/ros/humble/share/ament_cmake/cmake)\n'}
[2.713423] (object_recognition_interfaces) StdoutLine: {'line': b'-- Found Python3: /usr/bin/python3 (found version "3.10.12") found components: Interpreter \n'}
[2.713560] (object_recognition_interfaces) StdoutLine: {'line': b'-- Override CMake install command with custom implementation using symlinks instead of copying resources\n'}
[2.713689] (object_recognition_interfaces) StdoutLine: {'line': b'-- Found rosidl_default_generators: 1.2.1 (/opt/ros/humble/share/rosidl_default_generators/cmake)\n'}
[2.713813] (object_recognition_interfaces) StdoutLine: {'line': b'-- Using all available rosidl_typesupport_c: rosidl_typesupport_fastrtps_c;rosidl_typesupport_introspection_c\n'}
[2.713936] (object_recognition_interfaces) StdoutLine: {'line': b'-- Found rosidl_adapter: 3.1.8 (/opt/ros/humble/share/rosidl_adapter/cmake)\n'}
[2.714059] (object_recognition_interfaces) StdoutLine: {'line': b'-- Using all available rosidl_typesupport_cpp: rosidl_typesupport_fastrtps_cpp;rosidl_typesupport_introspection_cpp\n'}
[2.714177] (aruco_markers_msgs) StdoutLine: {'line': b'-- The C compiler identification is GNU 11.4.0\n'}
[2.714398] (aruco_markers_msgs) StdoutLine: {'line': b'-- The CXX compiler identification is GNU 11.4.0\n'}
[2.714522] (aruco_markers_msgs) StdoutLine: {'line': b'-- Detecting C compiler ABI info\n'}
[2.714638] (aruco_markers_msgs) StdoutLine: {'line': b'-- Detecting C compiler ABI info - done\n'}
[2.714753] (aruco_markers_msgs) StdoutLine: {'line': b'-- Check for working C compiler: /usr/bin/cc - skipped\n'}
[2.715019] (aruco_markers_msgs) StdoutLine: {'line': b'-- Detecting C compile features\n'}
[2.715151] (aruco_markers_msgs) StdoutLine: {'line': b'-- Detecting C compile features - done\n'}
[2.715267] (aruco_markers_msgs) StdoutLine: {'line': b'-- Detecting CXX compiler ABI info\n'}
[2.715380] (aruco_markers_msgs) StdoutLine: {'line': b'-- Detecting CXX compiler ABI info - done\n'}
[2.715503] (aruco_markers_msgs) StdoutLine: {'line': b'-- Check for working CXX compiler: /usr/bin/c++ - skipped\n'}
[2.715620] (aruco_markers_msgs) StdoutLine: {'line': b'-- Detecting CXX compile features\n'}
[2.715736] (aruco_markers_msgs) StdoutLine: {'line': b'-- Detecting CXX compile features - done\n'}
[2.715849] (aruco_markers_msgs) StdoutLine: {'line': b'-- Found ament_cmake: 1.3.14 (/opt/ros/humble/share/ament_cmake/cmake)\n'}
[2.715965] (aruco_markers_msgs) StdoutLine: {'line': b'-- Found Python3: /usr/bin/python3 (found version "3.10.12") found components: Interpreter \n'}
[2.716081] (aruco_markers_msgs) StdoutLine: {'line': b'-- Override CMake install command with custom implementation using symlinks instead of copying resources\n'}
[2.716197] (aruco_markers_msgs) StdoutLine: {'line': b'-- Found std_msgs: 4.9.1 (/opt/ros/humble/share/std_msgs/cmake)\n'}
[2.716310] (aruco_markers_msgs) StdoutLine: {'line': b'-- Found rosidl_generator_c: 3.1.8 (/opt/ros/humble/share/rosidl_generator_c/cmake)\n'}
[2.716459] (aruco_markers_msgs) StdoutLine: {'line': b'-- Found rosidl_adapter: 3.1.8 (/opt/ros/humble/share/rosidl_adapter/cmake)\n'}
[2.716577] (aruco_markers_msgs) StdoutLine: {'line': b'-- Found rosidl_generator_cpp: 3.1.8 (/opt/ros/humble/share/rosidl_generator_cpp/cmake)\n'}
[2.716694] (aruco_markers_msgs) StdoutLine: {'line': b'-- Using all available rosidl_typesupport_c: rosidl_typesupport_fastrtps_c;rosidl_typesupport_introspection_c\n'}
[2.716808] (aruco_markers_msgs) StdoutLine: {'line': b'-- Using all available rosidl_typesupport_cpp: rosidl_typesupport_fastrtps_cpp;rosidl_typesupport_introspection_cpp\n'}
[2.717330] (speech_to_goal_interfaces) StdoutLine: {'line': b'-- The C compiler identification is GNU 11.4.0\n'}
[2.719010] (speech_to_goal_interfaces) StdoutLine: {'line': b'-- The CXX compiler identification is GNU 11.4.0\n'}
[2.719438] (speech_to_goal_interfaces) StdoutLine: {'line': b'-- Detecting C compiler ABI info\n'}
[2.721991] (speech_to_goal_interfaces) StdoutLine: {'line': b'-- Detecting C compiler ABI info - done\n'}
[2.722213] (speech_to_goal_interfaces) StdoutLine: {'line': b'-- Check for working C compiler: /usr/bin/cc - skipped\n'}
[2.722357] (speech_to_goal_interfaces) StdoutLine: {'line': b'-- Detecting C compile features\n'}
[2.722483] (speech_to_goal_interfaces) StdoutLine: {'line': b'-- Detecting C compile features - done\n'}
[2.722602] (speech_to_goal_interfaces) StdoutLine: {'line': b'-- Detecting CXX compiler ABI info\n'}
[2.722725] (speech_to_goal_interfaces) StdoutLine: {'line': b'-- Detecting CXX compiler ABI info - done\n'}
[2.722847] (-) TimerEvent: {}
[2.723234] (speech_to_goal_interfaces) StdoutLine: {'line': b'-- Check for working CXX compiler: /usr/bin/c++ - skipped\n'}
[2.723406] (speech_to_goal_interfaces) StdoutLine: {'line': b'-- Detecting CXX compile features\n'}
[2.723529] (speech_to_goal_interfaces) StdoutLine: {'line': b'-- Detecting CXX compile features - done\n'}
[2.723643] (speech_to_goal_interfaces) StdoutLine: {'line': b'-- Found ament_cmake: 1.3.14 (/opt/ros/humble/share/ament_cmake/cmake)\n'}
[2.723758] (speech_to_goal_interfaces) StdoutLine: {'line': b'-- Found Python3: /usr/bin/python3 (found version "3.10.12") found components: Interpreter \n'}
[2.723872] (speech_to_goal_interfaces) StdoutLine: {'line': b'-- Override CMake install command with custom implementation using symlinks instead of copying resources\n'}
[2.723982] (speech_to_goal_interfaces) StdoutLine: {'line': b'-- Found rosidl_default_generators: 1.2.1 (/opt/ros/humble/share/rosidl_default_generators/cmake)\n'}
[2.724344] (speech_to_goal_interfaces) StdoutLine: {'line': b'-- Using all available rosidl_typesupport_c: rosidl_typesupport_fastrtps_c;rosidl_typesupport_introspection_c\n'}
[2.724586] (speech_to_goal_interfaces) StdoutLine: {'line': b'-- Found rosidl_adapter: 3.1.8 (/opt/ros/humble/share/rosidl_adapter/cmake)\n'}
[2.724906] (speech_to_goal_interfaces) StdoutLine: {'line': b'-- Using all available rosidl_typesupport_cpp: rosidl_typesupport_fastrtps_cpp;rosidl_typesupport_introspection_cpp\n'}
[2.742319] (aruco_markers_msgs) StdoutLine: {'line': b'-- Found geometry_msgs: 4.9.1 (/opt/ros/humble/share/geometry_msgs/cmake)\n'}
[2.770676] (aruco_markers_msgs) StdoutLine: {'line': b'-- Found rosidl_default_generators: 1.2.1 (/opt/ros/humble/share/rosidl_default_generators/cmake)\n'}
[2.823060] (-) TimerEvent: {}
[2.923799] (-) TimerEvent: {}
[3.024462] (-) TimerEvent: {}
[3.125131] (-) TimerEvent: {}
[3.225849] (-) TimerEvent: {}
[3.326617] (-) TimerEvent: {}
[3.406608] (object_recognition_interfaces) StdoutLine: {'line': b'-- Found ament_cmake_ros: 0.10.0 (/opt/ros/humble/share/ament_cmake_ros/cmake)\n'}
[3.426763] (-) TimerEvent: {}
[3.467045] (speech_to_goal_interfaces) StdoutLine: {'line': b'-- Found ament_cmake_ros: 0.10.0 (/opt/ros/humble/share/ament_cmake_ros/cmake)\n'}
[3.517085] (aruco_markers_msgs) StdoutLine: {'line': b'-- Found ament_cmake_ros: 0.10.0 (/opt/ros/humble/share/ament_cmake_ros/cmake)\n'}
[3.527080] (-) TimerEvent: {}
[3.634556] (-) TimerEvent: {}
[3.735399] (-) TimerEvent: {}
[3.836105] (-) TimerEvent: {}
[3.855074] (object_recognition_interfaces) StdoutLine: {'line': b'-- Using all available rosidl_typesupport_c: rosidl_typesupport_fastrtps_c;rosidl_typesupport_introspection_c\n'}
[3.936271] (-) TimerEvent: {}
[4.023342] (speech_to_goal_interfaces) StdoutLine: {'line': b'-- Using all available rosidl_typesupport_c: rosidl_typesupport_fastrtps_c;rosidl_typesupport_introspection_c\n'}
[4.036549] (-) TimerEvent: {}
[4.137728] (-) TimerEvent: {}
[4.239086] (-) TimerEvent: {}
[4.340185] (-) TimerEvent: {}
[4.441401] (-) TimerEvent: {}
[4.510918] (object_recognition_interfaces) StdoutLine: {'line': b'-- Using all available rosidl_typesupport_cpp: rosidl_typesupport_fastrtps_cpp;rosidl_typesupport_introspection_cpp\n'}
[4.541630] (-) TimerEvent: {}
[4.571350] (object_recognition_interfaces) StdoutLine: {'line': b'-- Found PythonInterp: /usr/bin/python3 (found suitable version "3.10.12", minimum required is "3.6") \n'}
[4.575930] (aruco_markers_msgs) StdoutLine: {'line': b'-- Using all available rosidl_typesupport_c: rosidl_typesupport_fastrtps_c;rosidl_typesupport_introspection_c\n'}
[4.576984] (object_recognition_interfaces) StdoutLine: {'line': b'-- Found python_cmake_module: 0.10.0 (/opt/ros/humble/share/python_cmake_module/cmake)\n'}
[4.641775] (-) TimerEvent: {}
[4.695807] (object_recognition_interfaces) StdoutLine: {'line': b'-- Found PythonLibs: /usr/lib/aarch64-linux-gnu/libpython3.10.so (found suitable version "3.10.12", minimum required is "3.5") \n'}
[4.696431] (object_recognition_interfaces) StdoutLine: {'line': b'-- Using PYTHON_EXECUTABLE: /usr/bin/python3\n'}
[4.696644] (object_recognition_interfaces) StdoutLine: {'line': b'-- Using PYTHON_INCLUDE_DIRS: /usr/include/python3.10\n'}
[4.696792] (object_recognition_interfaces) StdoutLine: {'line': b'-- Using PYTHON_LIBRARIES: /usr/lib/aarch64-linux-gnu/libpython3.10.so\n'}
[4.734614] (speech_to_goal_interfaces) StdoutLine: {'line': b'-- Using all available rosidl_typesupport_cpp: rosidl_typesupport_fastrtps_cpp;rosidl_typesupport_introspection_cpp\n'}
[4.742308] (-) TimerEvent: {}
[4.783520] (object_recognition_interfaces) StdoutLine: {'line': b'-- Found PythonExtra: .so  \n'}
[4.837002] (speech_to_goal_interfaces) StdoutLine: {'line': b'-- Found PythonInterp: /usr/bin/python3 (found suitable version "3.10.12", minimum required is "3.6") \n'}
[4.841414] (speech_to_goal_interfaces) StdoutLine: {'line': b'-- Found python_cmake_module: 0.10.0 (/opt/ros/humble/share/python_cmake_module/cmake)\n'}
[4.845386] (-) TimerEvent: {}
[4.946567] (-) TimerEvent: {}
[4.979698] (speech_to_goal_interfaces) StdoutLine: {'line': b'-- Found PythonLibs: /usr/lib/aarch64-linux-gnu/libpython3.10.so (found suitable version "3.10.12", minimum required is "3.5") \n'}
[4.984331] (aruco_markers_msgs) StdoutLine: {'line': b'-- Using all available rosidl_typesupport_cpp: rosidl_typesupport_fastrtps_cpp;rosidl_typesupport_introspection_cpp\n'}
[4.986045] (speech_to_goal_interfaces) StdoutLine: {'line': b'-- Using PYTHON_EXECUTABLE: /usr/bin/python3\n'}
[4.986734] (speech_to_goal_interfaces) StdoutLine: {'line': b'-- Using PYTHON_INCLUDE_DIRS: /usr/include/python3.10\n'}
[4.987310] (speech_to_goal_interfaces) StdoutLine: {'line': b'-- Using PYTHON_LIBRARIES: /usr/lib/aarch64-linux-gnu/libpython3.10.so\n'}
[5.046751] (-) TimerEvent: {}
[5.047929] (speech_to_goal_interfaces) StdoutLine: {'line': b'-- Found PythonExtra: .so  \n'}
[5.112726] (aruco_markers_msgs) StdoutLine: {'line': b'-- Found PythonInterp: /usr/bin/python3 (found suitable version "3.10.12", minimum required is "3.6") \n'}
[5.118824] (aruco_markers_msgs) StdoutLine: {'line': b'-- Found python_cmake_module: 0.10.0 (/opt/ros/humble/share/python_cmake_module/cmake)\n'}
[5.136383] (object_recognition_interfaces) StdoutLine: {'line': b'-- Found ament_lint_auto: 0.12.15 (/opt/ros/humble/share/ament_lint_auto/cmake)\n'}
[5.146880] (-) TimerEvent: {}
[5.196276] (asr) Command: {'cmd': ['/usr/bin/python3', '-W', 'ignore:setup.py install is deprecated', '-W', 'ignore:easy_install command is deprecated', 'setup.py', 'develop', '--editable', '--build-directory', '/home/tknika/gral-iiriondo/unitree_ws/build/asr/build', '--no-deps', 'symlink_data'], 'cwd': '/home/tknika/gral-iiriondo/unitree_ws/build/asr', 'env': {'GJS_DEBUG_TOPICS': 'JS ERROR;JS LOG', 'LESSOPEN': '| /usr/bin/lesspipe %s', 'USER': 'tknika', 'OLLAMA_LLM_LIBRARY': 'cuda', 'XDG_SESSION_TYPE': 'x11', 'SHLVL': '2', 'LD_LIBRARY_PATH': '/home/tknika/gral-iiriondo/unitree_ws/install/speech_to_goal_interfaces/lib:/home/tknika/gral-iiriondo/unitree_ws/install/object_recognition_interfaces/lib:/home/tknika/gral-iiriondo/unitree_ws/install/aruco_markers_msgs/lib:/usr/lib/aarch64-linux-gnu/nvidia:/usr/local/cuda/lib64:/usr/local/cuda-12.6/lib64:/usr/lib/aarch64-linux-gnu/nvidia:/usr/local/cuda/lib64:/opt/ros/humble/opt/rviz_ogre_vendor/lib:/opt/ros/humble/lib/aarch64-linux-gnu:/opt/ros/humble/lib:/usr/local/cuda-12.6/lib64:', 'HOME': '/home/tknika', 'OLDPWD': '/home/tknika/gral-iiriondo/docker', 'DESKTOP_SESSION': 'ubuntu', 'GIO_LAUNCHED_DESKTOP_FILE': '/usr/share/applications/terminator.desktop', 'ROS_PYTHON_VERSION': '3', 'GNOME_SHELL_SESSION_MODE': 'ubuntu', 'GTK_MODULES': 'gail:atk-bridge', 'MANAGERPID': '2429', 'SYSTEMD_EXEC_PID': '2600', 'DBUS_SESSION_BUS_ADDRESS': 'unix:path=/run/user/1000/bus', 'COLORTERM': 'truecolor', 'TERMINATOR_DBUS_NAME': 'net.tenshu.Terminator23558193cd9818af7fe4d2c2f5bd9d00f', 'GIO_LAUNCHED_DESKTOP_FILE_PID': '5283', 'IM_CONFIG_PHASE': '1', 'COLCON_PREFIX_PATH': '/home/tknika/gral-iiriondo/unitree_ws/install', 'CUDA_VISIBLE_DEVICES': '0', 'ROS_DISTRO': 'humble', 'GTK_IM_MODULE': 'ibus', 'LOGNAME': 'tknika', 'JOURNAL_STREAM': '8:53456', '_': '/usr/bin/colcon', 'ROS_VERSION': '2', 'XDG_SESSION_CLASS': 'user', 'USERNAME': 'tknika', 'TERM': 'xterm-256color', 'GNOME_DESKTOP_SESSION_ID': 'this-is-deprecated', 'ROS_LOCALHOST_ONLY': '0', 'WINDOWPATH': '2', 'PATH': '/usr/local/cuda-12.6/bin:/opt/ros/humble/bin:/usr/local/cuda-12.6/bin:/home/tknika/.cargo/bin:/home/tknika/.local/bin:/usr/local/sbin:/usr/local/bin:/usr/sbin:/usr/bin:/sbin:/bin:/usr/games:/usr/local/games:/snap/bin:/snap/bin', 'SESSION_MANAGER': 'local/ubuntu:@/tmp/.ICE-unix/2576,unix/ubuntu:/tmp/.ICE-unix/2576', 'INVOCATION_ID': 'd6126b6a242b499eb25ad0c9f51c9430', 'XDG_MENU_PREFIX': 'gnome-', 'XDG_RUNTIME_DIR': '/run/user/1000', 'DISPLAY': ':1', 'TERMINATOR_DBUS_PATH': '/net/tenshu/Terminator2', 'LANG': 'en_US.UTF-8', 'XDG_CURRENT_DESKTOP': 'ubuntu:GNOME', 'IBUS_DISABLE_SNOOPER': '1', 'RMW_IMPLEMENTATION': 'rmw_cyclonedds_cpp', 'XMODIFIERS': '@im=ibus', 'XDG_SESSION_DESKTOP': 'ubuntu', 'XAUTHORITY': '/run/user/1000/gdm/Xauthority', 'LS_COLORS': 'rs=0:di=01;34:ln=01;36:mh=00:pi=40;33:so=01;35:do=01;35:bd=40;33;01:cd=40;33;01:or=40;31;01:mi=00:su=37;41:sg=30;43:ca=30;41:tw=30;42:ow=34;42:st=37;44:ex=01;32:*.tar=01;31:*.tgz=01;31:*.arc=01;31:*.arj=01;31:*.taz=01;31:*.lha=01;31:*.lz4=01;31:*.lzh=01;31:*.lzma=01;31:*.tlz=01;31:*.txz=01;31:*.tzo=01;31:*.t7z=01;31:*.zip=01;31:*.z=01;31:*.dz=01;31:*.gz=01;31:*.lrz=01;31:*.lz=01;31:*.lzo=01;31:*.xz=01;31:*.zst=01;31:*.tzst=01;31:*.bz2=01;31:*.bz=01;31:*.tbz=01;31:*.tbz2=01;31:*.tz=01;31:*.deb=01;31:*.rpm=01;31:*.jar=01;31:*.war=01;31:*.ear=01;31:*.sar=01;31:*.rar=01;31:*.alz=01;31:*.ace=01;31:*.zoo=01;31:*.cpio=01;31:*.7z=01;31:*.rz=01;31:*.cab=01;31:*.wim=01;31:*.swm=01;31:*.dwm=01;31:*.esd=01;31:*.jpg=01;35:*.jpeg=01;35:*.mjpg=01;35:*.mjpeg=01;35:*.gif=01;35:*.bmp=01;35:*.pbm=01;35:*.pgm=01;35:*.ppm=01;35:*.tga=01;35:*.xbm=01;35:*.xpm=01;35:*.tif=01;35:*.tiff=01;35:*.png=01;35:*.svg=01;35:*.svgz=01;35:*.mng=01;35:*.pcx=01;35:*.mov=01;35:*.mpg=01;35:*.mpeg=01;35:*.m2v=01;35:*.mkv=01;35:*.webm=01;35:*.webp=01;35:*.ogm=01;35:*.mp4=01;35:*.m4v=01;35:*.mp4v=01;35:*.vob=01;35:*.qt=01;35:*.nuv=01;35:*.wmv=01;35:*.asf=01;35:*.rm=01;35:*.rmvb=01;35:*.flc=01;35:*.avi=01;35:*.fli=01;35:*.flv=01;35:*.gl=01;35:*.dl=01;35:*.xcf=01;35:*.xwd=01;35:*.yuv=01;35:*.cgm=01;35:*.emf=01;35:*.ogv=01;35:*.ogx=01;35:*.aac=00;36:*.au=00;36:*.flac=00;36:*.m4a=00;36:*.mid=00;36:*.midi=00;36:*.mka=00;36:*.mp3=00;36:*.mpc=00;36:*.ogg=00;36:*.ra=00;36:*.wav=00;36:*.oga=00;36:*.opus=00;36:*.spx=00;36:*.xspf=00;36:', 'SSH_AGENT_LAUNCHER': 'gnome-keyring', 'SSH_AUTH_SOCK': '/run/user/1000/keyring/ssh', 'ROS_DOMAIN_ID': '42', 'AMENT_PREFIX_PATH': '/home/tknika/gral-iiriondo/unitree_ws/install/standing_mode:/home/tknika/gral-iiriondo/unitree_ws/install/speech_to_goal:/home/tknika/gral-iiriondo/unitree_ws/install/speech_to_goal_interfaces:/home/tknika/gral-iiriondo/unitree_ws/install/slam_analysis:/home/tknika/gral-iiriondo/unitree_ws/install/object_recognition:/home/tknika/gral-iiriondo/unitree_ws/install/object_recognition_interfaces:/home/tknika/gral-iiriondo/unitree_ws/install/mapping_configuration:/home/tknika/gral-iiriondo/unitree_ws/install/go1_description:/home/tknika/gral-iiriondo/unitree_ws/install/asr:/home/tknika/gral-iiriondo/unitree_ws/install/aruco_detector:/home/tknika/gral-iiriondo/unitree_ws/install/aruco_markers_msgs:/opt/ros/humble', 'SHELL': '/bin/bash', 'TERMINATOR_UUID': 'urn:uuid:620aa88c-a79c-4fae-9e73-5e28589bde45', 'QT_ACCESSIBILITY': '1', 'GDMSESSION': 'ubuntu', 'LESSCLOSE': '/usr/bin/lesspipe %s %s', 'GPG_AGENT_INFO': '/run/user/1000/gnupg/S.gpg-agent:0:1', 'GJS_DEBUG_OUTPUT': 'stderr', 'QT_IM_MODULE': 'ibus', 'PWD': '/home/tknika/gral-iiriondo/unitree_ws/build/asr', 'XDG_CONFIG_DIRS': '/etc/xdg/xdg-ubuntu:/etc/xdg', 'XDG_DATA_DIRS': '/usr/share/ubuntu:/usr/share/gnome:/usr/local/share/:/usr/share/:/var/lib/snapd/desktop', 'PYTHONPATH': '/home/tknika/gral-iiriondo/unitree_ws/build/asr/prefix_override:/usr/lib/python3/dist-packages/colcon_core/task/python/colcon_distutils_commands:/home/tknika/gral-iiriondo/unitree_ws/install/asr/lib/python3.10/site-packages:/home/tknika/gral-iiriondo/unitree_ws/build/standing_mode:/home/tknika/gral-iiriondo/unitree_ws/install/standing_mode/lib/python3.10/site-packages:/home/tknika/gral-iiriondo/unitree_ws/build/speech_to_goal:/home/tknika/gral-iiriondo/unitree_ws/install/speech_to_goal/lib/python3.10/site-packages:/home/tknika/gral-iiriondo/unitree_ws/install/speech_to_goal_interfaces/local/lib/python3.10/dist-packages:/home/tknika/gral-iiriondo/unitree_ws/build/slam_analysis:/home/tknika/gral-iiriondo/unitree_ws/install/slam_analysis/lib/python3.10/site-packages:/home/tknika/gral-iiriondo/unitree_ws/build/object_recognition:/home/tknika/gral-iiriondo/unitree_ws/install/object_recognition/lib/python3.10/site-packages:/home/tknika/gral-iiriondo/unitree_ws/install/object_recognition_interfaces/local/lib/python3.10/dist-packages:/home/tknika/gral-iiriondo/unitree_ws/build/mapping_configuration:/home/tknika/gral-iiriondo/unitree_ws/install/mapping_configuration/lib/python3.10/site-packages:/home/tknika/gral-iiriondo/unitree_ws/build/go1_description:/home/tknika/gral-iiriondo/unitree_ws/install/go1_description/lib/python3.10/site-packages:/home/tknika/gral-iiriondo/unitree_ws/build/asr:/home/tknika/gral-iiriondo/unitree_ws/install/asr/lib/python3.10/site-packages:/home/tknika/gral-iiriondo/unitree_ws/build/aruco_detector:/home/tknika/gral-iiriondo/unitree_ws/install/aruco_detector/lib/python3.10/site-packages:/home/tknika/gral-iiriondo/unitree_ws/install/aruco_markers_msgs/local/lib/python3.10/dist-packages:/home/tknika/gral-iiriondo-main/unitree_ws/src/unitree_legged_sdk/lib/python/arm64:/home/tknika/gral-iiriondo-main/unitree_ws/src/unitree_legged_sdk/lib/python/arm64:/opt/ros/humble/lib/python3.10/site-packages:/opt/ros/humble/local/lib/python3.10/dist-packages', 'COLCON': '1', 'VTE_VERSION': '6800', 'CMAKE_PREFIX_PATH': '/home/tknika/gral-iiriondo/unitree_ws/install/speech_to_goal_interfaces:/home/tknika/gral-iiriondo/unitree_ws/install/object_recognition_interfaces:/home/tknika/gral-iiriondo/unitree_ws/install/aruco_markers_msgs'}, 'shell': False}
[5.197999] (object_recognition_interfaces) StdoutLine: {'line': b"-- Added test 'lint_cmake' to check CMake code style\n"}
[5.199149] (object_recognition_interfaces) StdoutLine: {'line': b"-- Added test 'xmllint' to check XML markup files\n"}
[5.218010] (object_recognition_interfaces) StdoutLine: {'line': b'-- Configuring done\n'}
[5.238930] (aruco_markers_msgs) StdoutLine: {'line': b'-- Found PythonLibs: /usr/lib/aarch64-linux-gnu/libpython3.10.so (found suitable version "3.10.12", minimum required is "3.5") \n'}
[5.239438] (aruco_markers_msgs) StdoutLine: {'line': b'-- Using PYTHON_EXECUTABLE: /usr/bin/python3\n'}
[5.239619] (aruco_markers_msgs) StdoutLine: {'line': b'-- Using PYTHON_INCLUDE_DIRS: /usr/include/python3.10\n'}
[5.240167] (aruco_markers_msgs) StdoutLine: {'line': b'-- Using PYTHON_LIBRARIES: /usr/lib/aarch64-linux-gnu/libpython3.10.so\n'}
[5.247045] (-) TimerEvent: {}
[5.276500] (mapping_configuration) Command: {'cmd': ['/usr/bin/python3', '-W', 'ignore:setup.py install is deprecated', '-W', 'ignore:easy_install command is deprecated', 'setup.py', 'develop', '--editable', '--build-directory', '/home/tknika/gral-iiriondo/unitree_ws/build/mapping_configuration/build', '--no-deps', 'symlink_data'], 'cwd': '/home/tknika/gral-iiriondo/unitree_ws/build/mapping_configuration', 'env': {'GJS_DEBUG_TOPICS': 'JS ERROR;JS LOG', 'LESSOPEN': '| /usr/bin/lesspipe %s', 'USER': 'tknika', 'OLLAMA_LLM_LIBRARY': 'cuda', 'XDG_SESSION_TYPE': 'x11', 'SHLVL': '2', 'LD_LIBRARY_PATH': '/home/tknika/gral-iiriondo/unitree_ws/install/speech_to_goal_interfaces/lib:/home/tknika/gral-iiriondo/unitree_ws/install/object_recognition_interfaces/lib:/home/tknika/gral-iiriondo/unitree_ws/install/aruco_markers_msgs/lib:/usr/lib/aarch64-linux-gnu/nvidia:/usr/local/cuda/lib64:/usr/local/cuda-12.6/lib64:/usr/lib/aarch64-linux-gnu/nvidia:/usr/local/cuda/lib64:/opt/ros/humble/opt/rviz_ogre_vendor/lib:/opt/ros/humble/lib/aarch64-linux-gnu:/opt/ros/humble/lib:/usr/local/cuda-12.6/lib64:', 'HOME': '/home/tknika', 'OLDPWD': '/home/tknika/gral-iiriondo/docker', 'DESKTOP_SESSION': 'ubuntu', 'GIO_LAUNCHED_DESKTOP_FILE': '/usr/share/applications/terminator.desktop', 'ROS_PYTHON_VERSION': '3', 'GNOME_SHELL_SESSION_MODE': 'ubuntu', 'GTK_MODULES': 'gail:atk-bridge', 'MANAGERPID': '2429', 'SYSTEMD_EXEC_PID': '2600', 'DBUS_SESSION_BUS_ADDRESS': 'unix:path=/run/user/1000/bus', 'COLORTERM': 'truecolor', 'TERMINATOR_DBUS_NAME': 'net.tenshu.Terminator23558193cd9818af7fe4d2c2f5bd9d00f', 'GIO_LAUNCHED_DESKTOP_FILE_PID': '5283', 'IM_CONFIG_PHASE': '1', 'COLCON_PREFIX_PATH': '/home/tknika/gral-iiriondo/unitree_ws/install', 'CUDA_VISIBLE_DEVICES': '0', 'ROS_DISTRO': 'humble', 'GTK_IM_MODULE': 'ibus', 'LOGNAME': 'tknika', 'JOURNAL_STREAM': '8:53456', '_': '/usr/bin/colcon', 'ROS_VERSION': '2', 'XDG_SESSION_CLASS': 'user', 'USERNAME': 'tknika', 'TERM': 'xterm-256color', 'GNOME_DESKTOP_SESSION_ID': 'this-is-deprecated', 'ROS_LOCALHOST_ONLY': '0', 'WINDOWPATH': '2', 'PATH': '/usr/local/cuda-12.6/bin:/opt/ros/humble/bin:/usr/local/cuda-12.6/bin:/home/tknika/.cargo/bin:/home/tknika/.local/bin:/usr/local/sbin:/usr/local/bin:/usr/sbin:/usr/bin:/sbin:/bin:/usr/games:/usr/local/games:/snap/bin:/snap/bin', 'SESSION_MANAGER': 'local/ubuntu:@/tmp/.ICE-unix/2576,unix/ubuntu:/tmp/.ICE-unix/2576', 'INVOCATION_ID': 'd6126b6a242b499eb25ad0c9f51c9430', 'XDG_MENU_PREFIX': 'gnome-', 'XDG_RUNTIME_DIR': '/run/user/1000', 'DISPLAY': ':1', 'TERMINATOR_DBUS_PATH': '/net/tenshu/Terminator2', 'LANG': 'en_US.UTF-8', 'XDG_CURRENT_DESKTOP': 'ubuntu:GNOME', 'IBUS_DISABLE_SNOOPER': '1', 'RMW_IMPLEMENTATION': 'rmw_cyclonedds_cpp', 'XMODIFIERS': '@im=ibus', 'XDG_SESSION_DESKTOP': 'ubuntu', 'XAUTHORITY': '/run/user/1000/gdm/Xauthority', 'LS_COLORS': 'rs=0:di=01;34:ln=01;36:mh=00:pi=40;33:so=01;35:do=01;35:bd=40;33;01:cd=40;33;01:or=40;31;01:mi=00:su=37;41:sg=30;43:ca=30;41:tw=30;42:ow=34;42:st=37;44:ex=01;32:*.tar=01;31:*.tgz=01;31:*.arc=01;31:*.arj=01;31:*.taz=01;31:*.lha=01;31:*.lz4=01;31:*.lzh=01;31:*.lzma=01;31:*.tlz=01;31:*.txz=01;31:*.tzo=01;31:*.t7z=01;31:*.zip=01;31:*.z=01;31:*.dz=01;31:*.gz=01;31:*.lrz=01;31:*.lz=01;31:*.lzo=01;31:*.xz=01;31:*.zst=01;31:*.tzst=01;31:*.bz2=01;31:*.bz=01;31:*.tbz=01;31:*.tbz2=01;31:*.tz=01;31:*.deb=01;31:*.rpm=01;31:*.jar=01;31:*.war=01;31:*.ear=01;31:*.sar=01;31:*.rar=01;31:*.alz=01;31:*.ace=01;31:*.zoo=01;31:*.cpio=01;31:*.7z=01;31:*.rz=01;31:*.cab=01;31:*.wim=01;31:*.swm=01;31:*.dwm=01;31:*.esd=01;31:*.jpg=01;35:*.jpeg=01;35:*.mjpg=01;35:*.mjpeg=01;35:*.gif=01;35:*.bmp=01;35:*.pbm=01;35:*.pgm=01;35:*.ppm=01;35:*.tga=01;35:*.xbm=01;35:*.xpm=01;35:*.tif=01;35:*.tiff=01;35:*.png=01;35:*.svg=01;35:*.svgz=01;35:*.mng=01;35:*.pcx=01;35:*.mov=01;35:*.mpg=01;35:*.mpeg=01;35:*.m2v=01;35:*.mkv=01;35:*.webm=01;35:*.webp=01;35:*.ogm=01;35:*.mp4=01;35:*.m4v=01;35:*.mp4v=01;35:*.vob=01;35:*.qt=01;35:*.nuv=01;35:*.wmv=01;35:*.asf=01;35:*.rm=01;35:*.rmvb=01;35:*.flc=01;35:*.avi=01;35:*.fli=01;35:*.flv=01;35:*.gl=01;35:*.dl=01;35:*.xcf=01;35:*.xwd=01;35:*.yuv=01;35:*.cgm=01;35:*.emf=01;35:*.ogv=01;35:*.ogx=01;35:*.aac=00;36:*.au=00;36:*.flac=00;36:*.m4a=00;36:*.mid=00;36:*.midi=00;36:*.mka=00;36:*.mp3=00;36:*.mpc=00;36:*.ogg=00;36:*.ra=00;36:*.wav=00;36:*.oga=00;36:*.opus=00;36:*.spx=00;36:*.xspf=00;36:', 'SSH_AGENT_LAUNCHER': 'gnome-keyring', 'SSH_AUTH_SOCK': '/run/user/1000/keyring/ssh', 'ROS_DOMAIN_ID': '42', 'AMENT_PREFIX_PATH': '/home/tknika/gral-iiriondo/unitree_ws/install/standing_mode:/home/tknika/gral-iiriondo/unitree_ws/install/speech_to_goal:/home/tknika/gral-iiriondo/unitree_ws/install/speech_to_goal_interfaces:/home/tknika/gral-iiriondo/unitree_ws/install/slam_analysis:/home/tknika/gral-iiriondo/unitree_ws/install/object_recognition:/home/tknika/gral-iiriondo/unitree_ws/install/object_recognition_interfaces:/home/tknika/gral-iiriondo/unitree_ws/install/mapping_configuration:/home/tknika/gral-iiriondo/unitree_ws/install/go1_description:/home/tknika/gral-iiriondo/unitree_ws/install/asr:/home/tknika/gral-iiriondo/unitree_ws/install/aruco_detector:/home/tknika/gral-iiriondo/unitree_ws/install/aruco_markers_msgs:/opt/ros/humble', 'SHELL': '/bin/bash', 'TERMINATOR_UUID': 'urn:uuid:620aa88c-a79c-4fae-9e73-5e28589bde45', 'QT_ACCESSIBILITY': '1', 'GDMSESSION': 'ubuntu', 'LESSCLOSE': '/usr/bin/lesspipe %s %s', 'GPG_AGENT_INFO': '/run/user/1000/gnupg/S.gpg-agent:0:1', 'GJS_DEBUG_OUTPUT': 'stderr', 'QT_IM_MODULE': 'ibus', 'PWD': '/home/tknika/gral-iiriondo/unitree_ws/build/mapping_configuration', 'XDG_CONFIG_DIRS': '/etc/xdg/xdg-ubuntu:/etc/xdg', 'XDG_DATA_DIRS': '/usr/share/ubuntu:/usr/share/gnome:/usr/local/share/:/usr/share/:/var/lib/snapd/desktop', 'PYTHONPATH': '/home/tknika/gral-iiriondo/unitree_ws/build/mapping_configuration/prefix_override:/usr/lib/python3/dist-packages/colcon_core/task/python/colcon_distutils_commands:/home/tknika/gral-iiriondo/unitree_ws/install/mapping_configuration/lib/python3.10/site-packages:/home/tknika/gral-iiriondo/unitree_ws/build/standing_mode:/home/tknika/gral-iiriondo/unitree_ws/install/standing_mode/lib/python3.10/site-packages:/home/tknika/gral-iiriondo/unitree_ws/build/speech_to_goal:/home/tknika/gral-iiriondo/unitree_ws/install/speech_to_goal/lib/python3.10/site-packages:/home/tknika/gral-iiriondo/unitree_ws/install/speech_to_goal_interfaces/local/lib/python3.10/dist-packages:/home/tknika/gral-iiriondo/unitree_ws/build/slam_analysis:/home/tknika/gral-iiriondo/unitree_ws/install/slam_analysis/lib/python3.10/site-packages:/home/tknika/gral-iiriondo/unitree_ws/build/object_recognition:/home/tknika/gral-iiriondo/unitree_ws/install/object_recognition/lib/python3.10/site-packages:/home/tknika/gral-iiriondo/unitree_ws/install/object_recognition_interfaces/local/lib/python3.10/dist-packages:/home/tknika/gral-iiriondo/unitree_ws/build/mapping_configuration:/home/tknika/gral-iiriondo/unitree_ws/install/mapping_configuration/lib/python3.10/site-packages:/home/tknika/gral-iiriondo/unitree_ws/build/go1_description:/home/tknika/gral-iiriondo/unitree_ws/install/go1_description/lib/python3.10/site-packages:/home/tknika/gral-iiriondo/unitree_ws/build/asr:/home/tknika/gral-iiriondo/unitree_ws/install/asr/lib/python3.10/site-packages:/home/tknika/gral-iiriondo/unitree_ws/build/aruco_detector:/home/tknika/gral-iiriondo/unitree_ws/install/aruco_detector/lib/python3.10/site-packages:/home/tknika/gral-iiriondo/unitree_ws/install/aruco_markers_msgs/local/lib/python3.10/dist-packages:/home/tknika/gral-iiriondo-main/unitree_ws/src/unitree_legged_sdk/lib/python/arm64:/home/tknika/gral-iiriondo-main/unitree_ws/src/unitree_legged_sdk/lib/python/arm64:/opt/ros/humble/lib/python3.10/site-packages:/opt/ros/humble/local/lib/python3.10/dist-packages', 'COLCON': '1', 'VTE_VERSION': '6800', 'CMAKE_PREFIX_PATH': '/home/tknika/gral-iiriondo/unitree_ws/install/speech_to_goal_interfaces:/home/tknika/gral-iiriondo/unitree_ws/install/object_recognition_interfaces:/home/tknika/gral-iiriondo/unitree_ws/install/aruco_markers_msgs'}, 'shell': False}
[5.347229] (-) TimerEvent: {}
[5.349748] (aruco_markers_msgs) StdoutLine: {'line': b'-- Found PythonExtra: .so  \n'}
[5.356771] (standing_mode) Command: {'cmd': ['/usr/bin/python3', '-W', 'ignore:setup.py install is deprecated', '-W', 'ignore:easy_install command is deprecated', 'setup.py', 'develop', '--editable', '--build-directory', '/home/tknika/gral-iiriondo/unitree_ws/build/standing_mode/build', '--no-deps', 'symlink_data'], 'cwd': '/home/tknika/gral-iiriondo/unitree_ws/build/standing_mode', 'env': {'GJS_DEBUG_TOPICS': 'JS ERROR;JS LOG', 'LESSOPEN': '| /usr/bin/lesspipe %s', 'USER': 'tknika', 'OLLAMA_LLM_LIBRARY': 'cuda', 'XDG_SESSION_TYPE': 'x11', 'SHLVL': '2', 'LD_LIBRARY_PATH': '/home/tknika/gral-iiriondo/unitree_ws/install/speech_to_goal_interfaces/lib:/home/tknika/gral-iiriondo/unitree_ws/install/object_recognition_interfaces/lib:/home/tknika/gral-iiriondo/unitree_ws/install/aruco_markers_msgs/lib:/usr/lib/aarch64-linux-gnu/nvidia:/usr/local/cuda/lib64:/usr/local/cuda-12.6/lib64:/usr/lib/aarch64-linux-gnu/nvidia:/usr/local/cuda/lib64:/opt/ros/humble/opt/rviz_ogre_vendor/lib:/opt/ros/humble/lib/aarch64-linux-gnu:/opt/ros/humble/lib:/usr/local/cuda-12.6/lib64:', 'HOME': '/home/tknika', 'OLDPWD': '/home/tknika/gral-iiriondo/docker', 'DESKTOP_SESSION': 'ubuntu', 'GIO_LAUNCHED_DESKTOP_FILE': '/usr/share/applications/terminator.desktop', 'ROS_PYTHON_VERSION': '3', 'GNOME_SHELL_SESSION_MODE': 'ubuntu', 'GTK_MODULES': 'gail:atk-bridge', 'MANAGERPID': '2429', 'SYSTEMD_EXEC_PID': '2600', 'DBUS_SESSION_BUS_ADDRESS': 'unix:path=/run/user/1000/bus', 'COLORTERM': 'truecolor', 'TERMINATOR_DBUS_NAME': 'net.tenshu.Terminator23558193cd9818af7fe4d2c2f5bd9d00f', 'GIO_LAUNCHED_DESKTOP_FILE_PID': '5283', 'IM_CONFIG_PHASE': '1', 'COLCON_PREFIX_PATH': '/home/tknika/gral-iiriondo/unitree_ws/install', 'CUDA_VISIBLE_DEVICES': '0', 'ROS_DISTRO': 'humble', 'GTK_IM_MODULE': 'ibus', 'LOGNAME': 'tknika', 'JOURNAL_STREAM': '8:53456', '_': '/usr/bin/colcon', 'ROS_VERSION': '2', 'XDG_SESSION_CLASS': 'user', 'USERNAME': 'tknika', 'TERM': 'xterm-256color', 'GNOME_DESKTOP_SESSION_ID': 'this-is-deprecated', 'ROS_LOCALHOST_ONLY': '0', 'WINDOWPATH': '2', 'PATH': '/usr/local/cuda-12.6/bin:/opt/ros/humble/bin:/usr/local/cuda-12.6/bin:/home/tknika/.cargo/bin:/home/tknika/.local/bin:/usr/local/sbin:/usr/local/bin:/usr/sbin:/usr/bin:/sbin:/bin:/usr/games:/usr/local/games:/snap/bin:/snap/bin', 'SESSION_MANAGER': 'local/ubuntu:@/tmp/.ICE-unix/2576,unix/ubuntu:/tmp/.ICE-unix/2576', 'INVOCATION_ID': 'd6126b6a242b499eb25ad0c9f51c9430', 'XDG_MENU_PREFIX': 'gnome-', 'XDG_RUNTIME_DIR': '/run/user/1000', 'DISPLAY': ':1', 'TERMINATOR_DBUS_PATH': '/net/tenshu/Terminator2', 'LANG': 'en_US.UTF-8', 'XDG_CURRENT_DESKTOP': 'ubuntu:GNOME', 'IBUS_DISABLE_SNOOPER': '1', 'RMW_IMPLEMENTATION': 'rmw_cyclonedds_cpp', 'XMODIFIERS': '@im=ibus', 'XDG_SESSION_DESKTOP': 'ubuntu', 'XAUTHORITY': '/run/user/1000/gdm/Xauthority', 'LS_COLORS': 'rs=0:di=01;34:ln=01;36:mh=00:pi=40;33:so=01;35:do=01;35:bd=40;33;01:cd=40;33;01:or=40;31;01:mi=00:su=37;41:sg=30;43:ca=30;41:tw=30;42:ow=34;42:st=37;44:ex=01;32:*.tar=01;31:*.tgz=01;31:*.arc=01;31:*.arj=01;31:*.taz=01;31:*.lha=01;31:*.lz4=01;31:*.lzh=01;31:*.lzma=01;31:*.tlz=01;31:*.txz=01;31:*.tzo=01;31:*.t7z=01;31:*.zip=01;31:*.z=01;31:*.dz=01;31:*.gz=01;31:*.lrz=01;31:*.lz=01;31:*.lzo=01;31:*.xz=01;31:*.zst=01;31:*.tzst=01;31:*.bz2=01;31:*.bz=01;31:*.tbz=01;31:*.tbz2=01;31:*.tz=01;31:*.deb=01;31:*.rpm=01;31:*.jar=01;31:*.war=01;31:*.ear=01;31:*.sar=01;31:*.rar=01;31:*.alz=01;31:*.ace=01;31:*.zoo=01;31:*.cpio=01;31:*.7z=01;31:*.rz=01;31:*.cab=01;31:*.wim=01;31:*.swm=01;31:*.dwm=01;31:*.esd=01;31:*.jpg=01;35:*.jpeg=01;35:*.mjpg=01;35:*.mjpeg=01;35:*.gif=01;35:*.bmp=01;35:*.pbm=01;35:*.pgm=01;35:*.ppm=01;35:*.tga=01;35:*.xbm=01;35:*.xpm=01;35:*.tif=01;35:*.tiff=01;35:*.png=01;35:*.svg=01;35:*.svgz=01;35:*.mng=01;35:*.pcx=01;35:*.mov=01;35:*.mpg=01;35:*.mpeg=01;35:*.m2v=01;35:*.mkv=01;35:*.webm=01;35:*.webp=01;35:*.ogm=01;35:*.mp4=01;35:*.m4v=01;35:*.mp4v=01;35:*.vob=01;35:*.qt=01;35:*.nuv=01;35:*.wmv=01;35:*.asf=01;35:*.rm=01;35:*.rmvb=01;35:*.flc=01;35:*.avi=01;35:*.fli=01;35:*.flv=01;35:*.gl=01;35:*.dl=01;35:*.xcf=01;35:*.xwd=01;35:*.yuv=01;35:*.cgm=01;35:*.emf=01;35:*.ogv=01;35:*.ogx=01;35:*.aac=00;36:*.au=00;36:*.flac=00;36:*.m4a=00;36:*.mid=00;36:*.midi=00;36:*.mka=00;36:*.mp3=00;36:*.mpc=00;36:*.ogg=00;36:*.ra=00;36:*.wav=00;36:*.oga=00;36:*.opus=00;36:*.spx=00;36:*.xspf=00;36:', 'SSH_AGENT_LAUNCHER': 'gnome-keyring', 'SSH_AUTH_SOCK': '/run/user/1000/keyring/ssh', 'ROS_DOMAIN_ID': '42', 'AMENT_PREFIX_PATH': '/home/tknika/gral-iiriondo/unitree_ws/install/standing_mode:/home/tknika/gral-iiriondo/unitree_ws/install/speech_to_goal:/home/tknika/gral-iiriondo/unitree_ws/install/speech_to_goal_interfaces:/home/tknika/gral-iiriondo/unitree_ws/install/slam_analysis:/home/tknika/gral-iiriondo/unitree_ws/install/object_recognition:/home/tknika/gral-iiriondo/unitree_ws/install/object_recognition_interfaces:/home/tknika/gral-iiriondo/unitree_ws/install/mapping_configuration:/home/tknika/gral-iiriondo/unitree_ws/install/go1_description:/home/tknika/gral-iiriondo/unitree_ws/install/asr:/home/tknika/gral-iiriondo/unitree_ws/install/aruco_detector:/home/tknika/gral-iiriondo/unitree_ws/install/aruco_markers_msgs:/opt/ros/humble', 'SHELL': '/bin/bash', 'TERMINATOR_UUID': 'urn:uuid:620aa88c-a79c-4fae-9e73-5e28589bde45', 'QT_ACCESSIBILITY': '1', 'GDMSESSION': 'ubuntu', 'LESSCLOSE': '/usr/bin/lesspipe %s %s', 'GPG_AGENT_INFO': '/run/user/1000/gnupg/S.gpg-agent:0:1', 'GJS_DEBUG_OUTPUT': 'stderr', 'QT_IM_MODULE': 'ibus', 'PWD': '/home/tknika/gral-iiriondo/unitree_ws/build/standing_mode', 'XDG_CONFIG_DIRS': '/etc/xdg/xdg-ubuntu:/etc/xdg', 'XDG_DATA_DIRS': '/usr/share/ubuntu:/usr/share/gnome:/usr/local/share/:/usr/share/:/var/lib/snapd/desktop', 'PYTHONPATH': '/home/tknika/gral-iiriondo/unitree_ws/build/standing_mode/prefix_override:/usr/lib/python3/dist-packages/colcon_core/task/python/colcon_distutils_commands:/home/tknika/gral-iiriondo/unitree_ws/install/standing_mode/lib/python3.10/site-packages:/home/tknika/gral-iiriondo/unitree_ws/build/standing_mode:/home/tknika/gral-iiriondo/unitree_ws/install/standing_mode/lib/python3.10/site-packages:/home/tknika/gral-iiriondo/unitree_ws/build/speech_to_goal:/home/tknika/gral-iiriondo/unitree_ws/install/speech_to_goal/lib/python3.10/site-packages:/home/tknika/gral-iiriondo/unitree_ws/install/speech_to_goal_interfaces/local/lib/python3.10/dist-packages:/home/tknika/gral-iiriondo/unitree_ws/build/slam_analysis:/home/tknika/gral-iiriondo/unitree_ws/install/slam_analysis/lib/python3.10/site-packages:/home/tknika/gral-iiriondo/unitree_ws/build/object_recognition:/home/tknika/gral-iiriondo/unitree_ws/install/object_recognition/lib/python3.10/site-packages:/home/tknika/gral-iiriondo/unitree_ws/install/object_recognition_interfaces/local/lib/python3.10/dist-packages:/home/tknika/gral-iiriondo/unitree_ws/build/mapping_configuration:/home/tknika/gral-iiriondo/unitree_ws/install/mapping_configuration/lib/python3.10/site-packages:/home/tknika/gral-iiriondo/unitree_ws/build/go1_description:/home/tknika/gral-iiriondo/unitree_ws/install/go1_description/lib/python3.10/site-packages:/home/tknika/gral-iiriondo/unitree_ws/build/asr:/home/tknika/gral-iiriondo/unitree_ws/install/asr/lib/python3.10/site-packages:/home/tknika/gral-iiriondo/unitree_ws/build/aruco_detector:/home/tknika/gral-iiriondo/unitree_ws/install/aruco_detector/lib/python3.10/site-packages:/home/tknika/gral-iiriondo/unitree_ws/install/aruco_markers_msgs/local/lib/python3.10/dist-packages:/home/tknika/gral-iiriondo-main/unitree_ws/src/unitree_legged_sdk/lib/python/arm64:/home/tknika/gral-iiriondo-main/unitree_ws/src/unitree_legged_sdk/lib/python/arm64:/opt/ros/humble/lib/python3.10/site-packages:/opt/ros/humble/local/lib/python3.10/dist-packages', 'COLCON': '1', 'VTE_VERSION': '6800', 'CMAKE_PREFIX_PATH': '/home/tknika/gral-iiriondo/unitree_ws/install/speech_to_goal_interfaces:/home/tknika/gral-iiriondo/unitree_ws/install/object_recognition_interfaces:/home/tknika/gral-iiriondo/unitree_ws/install/aruco_markers_msgs'}, 'shell': False}
[5.365171] (object_recognition_interfaces) StdoutLine: {'line': b'-- Generating done\n'}
[5.378875] (speech_to_goal_interfaces) StdoutLine: {'line': b'-- Configuring done\n'}
[5.404360] (object_recognition_interfaces) StdoutLine: {'line': b'-- Build files have been written to: /home/tknika/gral-iiriondo/unitree_ws/build/object_recognition_interfaces\n'}
[5.443765] (object_recognition_interfaces) CommandEnded: {'returncode': 0}
[5.444935] (object_recognition_interfaces) JobProgress: {'identifier': 'object_recognition_interfaces', 'progress': 'build'}
[5.445014] (object_recognition_interfaces) Command: {'cmd': ['/usr/bin/cmake', '--build', '/home/tknika/gral-iiriondo/unitree_ws/build/object_recognition_interfaces', '--', '-j8', '-l8'], 'cwd': '/home/tknika/gral-iiriondo/unitree_ws/build/object_recognition_interfaces', 'env': OrderedDict([('GJS_DEBUG_TOPICS', 'JS ERROR;JS LOG'), ('LESSOPEN', '| /usr/bin/lesspipe %s'), ('USER', 'tknika'), ('OLLAMA_LLM_LIBRARY', 'cuda'), ('XDG_SESSION_TYPE', 'x11'), ('SHLVL', '2'), ('LD_LIBRARY_PATH', '/home/tknika/gral-iiriondo/unitree_ws/install/speech_to_goal_interfaces/lib:/home/tknika/gral-iiriondo/unitree_ws/install/object_recognition_interfaces/lib:/home/tknika/gral-iiriondo/unitree_ws/install/aruco_markers_msgs/lib:/usr/lib/aarch64-linux-gnu/nvidia:/usr/local/cuda/lib64:/usr/local/cuda-12.6/lib64:/usr/lib/aarch64-linux-gnu/nvidia:/usr/local/cuda/lib64:/opt/ros/humble/opt/rviz_ogre_vendor/lib:/opt/ros/humble/lib/aarch64-linux-gnu:/opt/ros/humble/lib:/usr/local/cuda-12.6/lib64:'), ('HOME', '/home/tknika'), ('OLDPWD', '/home/tknika/gral-iiriondo/docker'), ('DESKTOP_SESSION', 'ubuntu'), ('GIO_LAUNCHED_DESKTOP_FILE', '/usr/share/applications/terminator.desktop'), ('ROS_PYTHON_VERSION', '3'), ('GNOME_SHELL_SESSION_MODE', 'ubuntu'), ('GTK_MODULES', 'gail:atk-bridge'), ('MANAGERPID', '2429'), ('SYSTEMD_EXEC_PID', '2600'), ('DBUS_SESSION_BUS_ADDRESS', 'unix:path=/run/user/1000/bus'), ('COLORTERM', 'truecolor'), ('TERMINATOR_DBUS_NAME', 'net.tenshu.Terminator23558193cd9818af7fe4d2c2f5bd9d00f'), ('GIO_LAUNCHED_DESKTOP_FILE_PID', '5283'), ('IM_CONFIG_PHASE', '1'), ('COLCON_PREFIX_PATH', '/home/tknika/gral-iiriondo/unitree_ws/install'), ('CUDA_VISIBLE_DEVICES', '0'), ('ROS_DISTRO', 'humble'), ('GTK_IM_MODULE', 'ibus'), ('LOGNAME', 'tknika'), ('JOURNAL_STREAM', '8:53456'), ('_', '/usr/bin/colcon'), ('ROS_VERSION', '2'), ('XDG_SESSION_CLASS', 'user'), ('USERNAME', 'tknika'), ('TERM', 'xterm-256color'), ('GNOME_DESKTOP_SESSION_ID', 'this-is-deprecated'), ('ROS_LOCALHOST_ONLY', '0'), ('WINDOWPATH', '2'), ('PATH', '/usr/local/cuda-12.6/bin:/opt/ros/humble/bin:/usr/local/cuda-12.6/bin:/home/tknika/.cargo/bin:/home/tknika/.local/bin:/usr/local/sbin:/usr/local/bin:/usr/sbin:/usr/bin:/sbin:/bin:/usr/games:/usr/local/games:/snap/bin:/snap/bin'), ('SESSION_MANAGER', 'local/ubuntu:@/tmp/.ICE-unix/2576,unix/ubuntu:/tmp/.ICE-unix/2576'), ('INVOCATION_ID', 'd6126b6a242b499eb25ad0c9f51c9430'), ('XDG_MENU_PREFIX', 'gnome-'), ('XDG_RUNTIME_DIR', '/run/user/1000'), ('DISPLAY', ':1'), ('TERMINATOR_DBUS_PATH', '/net/tenshu/Terminator2'), ('LANG', 'en_US.UTF-8'), ('XDG_CURRENT_DESKTOP', 'ubuntu:GNOME'), ('IBUS_DISABLE_SNOOPER', '1'), ('RMW_IMPLEMENTATION', 'rmw_cyclonedds_cpp'), ('XMODIFIERS', '@im=ibus'), ('XDG_SESSION_DESKTOP', 'ubuntu'), ('XAUTHORITY', '/run/user/1000/gdm/Xauthority'), ('LS_COLORS', 'rs=0:di=01;34:ln=01;36:mh=00:pi=40;33:so=01;35:do=01;35:bd=40;33;01:cd=40;33;01:or=40;31;01:mi=00:su=37;41:sg=30;43:ca=30;41:tw=30;42:ow=34;42:st=37;44:ex=01;32:*.tar=01;31:*.tgz=01;31:*.arc=01;31:*.arj=01;31:*.taz=01;31:*.lha=01;31:*.lz4=01;31:*.lzh=01;31:*.lzma=01;31:*.tlz=01;31:*.txz=01;31:*.tzo=01;31:*.t7z=01;31:*.zip=01;31:*.z=01;31:*.dz=01;31:*.gz=01;31:*.lrz=01;31:*.lz=01;31:*.lzo=01;31:*.xz=01;31:*.zst=01;31:*.tzst=01;31:*.bz2=01;31:*.bz=01;31:*.tbz=01;31:*.tbz2=01;31:*.tz=01;31:*.deb=01;31:*.rpm=01;31:*.jar=01;31:*.war=01;31:*.ear=01;31:*.sar=01;31:*.rar=01;31:*.alz=01;31:*.ace=01;31:*.zoo=01;31:*.cpio=01;31:*.7z=01;31:*.rz=01;31:*.cab=01;31:*.wim=01;31:*.swm=01;31:*.dwm=01;31:*.esd=01;31:*.jpg=01;35:*.jpeg=01;35:*.mjpg=01;35:*.mjpeg=01;35:*.gif=01;35:*.bmp=01;35:*.pbm=01;35:*.pgm=01;35:*.ppm=01;35:*.tga=01;35:*.xbm=01;35:*.xpm=01;35:*.tif=01;35:*.tiff=01;35:*.png=01;35:*.svg=01;35:*.svgz=01;35:*.mng=01;35:*.pcx=01;35:*.mov=01;35:*.mpg=01;35:*.mpeg=01;35:*.m2v=01;35:*.mkv=01;35:*.webm=01;35:*.webp=01;35:*.ogm=01;35:*.mp4=01;35:*.m4v=01;35:*.mp4v=01;35:*.vob=01;35:*.qt=01;35:*.nuv=01;35:*.wmv=01;35:*.asf=01;35:*.rm=01;35:*.rmvb=01;35:*.flc=01;35:*.avi=01;35:*.fli=01;35:*.flv=01;35:*.gl=01;35:*.dl=01;35:*.xcf=01;35:*.xwd=01;35:*.yuv=01;35:*.cgm=01;35:*.emf=01;35:*.ogv=01;35:*.ogx=01;35:*.aac=00;36:*.au=00;36:*.flac=00;36:*.m4a=00;36:*.mid=00;36:*.midi=00;36:*.mka=00;36:*.mp3=00;36:*.mpc=00;36:*.ogg=00;36:*.ra=00;36:*.wav=00;36:*.oga=00;36:*.opus=00;36:*.spx=00;36:*.xspf=00;36:'), ('SSH_AGENT_LAUNCHER', 'gnome-keyring'), ('SSH_AUTH_SOCK', '/run/user/1000/keyring/ssh'), ('ROS_DOMAIN_ID', '42'), ('AMENT_PREFIX_PATH', '/home/tknika/gral-iiriondo/unitree_ws/install/standing_mode:/home/tknika/gral-iiriondo/unitree_ws/install/speech_to_goal:/home/tknika/gral-iiriondo/unitree_ws/install/speech_to_goal_interfaces:/home/tknika/gral-iiriondo/unitree_ws/install/slam_analysis:/home/tknika/gral-iiriondo/unitree_ws/install/object_recognition:/home/tknika/gral-iiriondo/unitree_ws/install/object_recognition_interfaces:/home/tknika/gral-iiriondo/unitree_ws/install/mapping_configuration:/home/tknika/gral-iiriondo/unitree_ws/install/go1_description:/home/tknika/gral-iiriondo/unitree_ws/install/asr:/home/tknika/gral-iiriondo/unitree_ws/install/aruco_detector:/home/tknika/gral-iiriondo/unitree_ws/install/aruco_markers_msgs:/opt/ros/humble'), ('SHELL', '/bin/bash'), ('TERMINATOR_UUID', 'urn:uuid:620aa88c-a79c-4fae-9e73-5e28589bde45'), ('QT_ACCESSIBILITY', '1'), ('GDMSESSION', 'ubuntu'), ('LESSCLOSE', '/usr/bin/lesspipe %s %s'), ('GPG_AGENT_INFO', '/run/user/1000/gnupg/S.gpg-agent:0:1'), ('GJS_DEBUG_OUTPUT', 'stderr'), ('QT_IM_MODULE', 'ibus'), ('PWD', '/home/tknika/gral-iiriondo/unitree_ws/build/object_recognition_interfaces'), ('XDG_CONFIG_DIRS', '/etc/xdg/xdg-ubuntu:/etc/xdg'), ('XDG_DATA_DIRS', '/usr/share/ubuntu:/usr/share/gnome:/usr/local/share/:/usr/share/:/var/lib/snapd/desktop'), ('PYTHONPATH', '/home/tknika/gral-iiriondo/unitree_ws/build/standing_mode:/home/tknika/gral-iiriondo/unitree_ws/install/standing_mode/lib/python3.10/site-packages:/home/tknika/gral-iiriondo/unitree_ws/build/speech_to_goal:/home/tknika/gral-iiriondo/unitree_ws/install/speech_to_goal/lib/python3.10/site-packages:/home/tknika/gral-iiriondo/unitree_ws/install/speech_to_goal_interfaces/local/lib/python3.10/dist-packages:/home/tknika/gral-iiriondo/unitree_ws/build/slam_analysis:/home/tknika/gral-iiriondo/unitree_ws/install/slam_analysis/lib/python3.10/site-packages:/home/tknika/gral-iiriondo/unitree_ws/build/object_recognition:/home/tknika/gral-iiriondo/unitree_ws/install/object_recognition/lib/python3.10/site-packages:/home/tknika/gral-iiriondo/unitree_ws/install/object_recognition_interfaces/local/lib/python3.10/dist-packages:/home/tknika/gral-iiriondo/unitree_ws/build/mapping_configuration:/home/tknika/gral-iiriondo/unitree_ws/install/mapping_configuration/lib/python3.10/site-packages:/home/tknika/gral-iiriondo/unitree_ws/build/go1_description:/home/tknika/gral-iiriondo/unitree_ws/install/go1_description/lib/python3.10/site-packages:/home/tknika/gral-iiriondo/unitree_ws/build/asr:/home/tknika/gral-iiriondo/unitree_ws/install/asr/lib/python3.10/site-packages:/home/tknika/gral-iiriondo/unitree_ws/build/aruco_detector:/home/tknika/gral-iiriondo/unitree_ws/install/aruco_detector/lib/python3.10/site-packages:/home/tknika/gral-iiriondo/unitree_ws/install/aruco_markers_msgs/local/lib/python3.10/dist-packages:/home/tknika/gral-iiriondo-main/unitree_ws/src/unitree_legged_sdk/lib/python/arm64:/home/tknika/gral-iiriondo-main/unitree_ws/src/unitree_legged_sdk/lib/python/arm64:/opt/ros/humble/lib/python3.10/site-packages:/opt/ros/humble/local/lib/python3.10/dist-packages'), ('COLCON', '1'), ('VTE_VERSION', '6800'), ('CMAKE_PREFIX_PATH', '/home/tknika/gral-iiriondo/unitree_ws/install/speech_to_goal_interfaces:/home/tknika/gral-iiriondo/unitree_ws/install/object_recognition_interfaces:/home/tknika/gral-iiriondo/unitree_ws/install/aruco_markers_msgs:/home/tknika/gral-iiriondo/unitree_ws/install/standing_mode:/home/tknika/gral-iiriondo/unitree_ws/install/speech_to_goal:/home/tknika/gral-iiriondo/unitree_ws/install/slam_analysis:/home/tknika/gral-iiriondo/unitree_ws/install/object_recognition:/home/tknika/gral-iiriondo/unitree_ws/install/mapping_configuration:/home/tknika/gral-iiriondo/unitree_ws/install/go1_description:/home/tknika/gral-iiriondo/unitree_ws/install/asr:/home/tknika/gral-iiriondo/unitree_ws/install/aruco_detector:/opt/ros/humble')]), 'shell': False}
[5.447329] (-) TimerEvent: {}
[5.525791] (speech_to_goal_interfaces) StdoutLine: {'line': b'-- Generating done\n'}
[5.537721] (go1_description) Command: {'cmd': ['/usr/bin/python3', '-W', 'ignore:setup.py install is deprecated', '-W', 'ignore:easy_install command is deprecated', 'setup.py', 'develop', '--editable', '--build-directory', '/home/tknika/gral-iiriondo/unitree_ws/build/go1_description/build', '--no-deps', 'symlink_data'], 'cwd': '/home/tknika/gral-iiriondo/unitree_ws/build/go1_description', 'env': {'GJS_DEBUG_TOPICS': 'JS ERROR;JS LOG', 'LESSOPEN': '| /usr/bin/lesspipe %s', 'USER': 'tknika', 'OLLAMA_LLM_LIBRARY': 'cuda', 'XDG_SESSION_TYPE': 'x11', 'SHLVL': '2', 'LD_LIBRARY_PATH': '/home/tknika/gral-iiriondo/unitree_ws/install/speech_to_goal_interfaces/lib:/home/tknika/gral-iiriondo/unitree_ws/install/object_recognition_interfaces/lib:/home/tknika/gral-iiriondo/unitree_ws/install/aruco_markers_msgs/lib:/usr/lib/aarch64-linux-gnu/nvidia:/usr/local/cuda/lib64:/usr/local/cuda-12.6/lib64:/usr/lib/aarch64-linux-gnu/nvidia:/usr/local/cuda/lib64:/opt/ros/humble/opt/rviz_ogre_vendor/lib:/opt/ros/humble/lib/aarch64-linux-gnu:/opt/ros/humble/lib:/usr/local/cuda-12.6/lib64:', 'HOME': '/home/tknika', 'OLDPWD': '/home/tknika/gral-iiriondo/docker', 'DESKTOP_SESSION': 'ubuntu', 'GIO_LAUNCHED_DESKTOP_FILE': '/usr/share/applications/terminator.desktop', 'ROS_PYTHON_VERSION': '3', 'GNOME_SHELL_SESSION_MODE': 'ubuntu', 'GTK_MODULES': 'gail:atk-bridge', 'MANAGERPID': '2429', 'SYSTEMD_EXEC_PID': '2600', 'DBUS_SESSION_BUS_ADDRESS': 'unix:path=/run/user/1000/bus', 'COLORTERM': 'truecolor', 'TERMINATOR_DBUS_NAME': 'net.tenshu.Terminator23558193cd9818af7fe4d2c2f5bd9d00f', 'GIO_LAUNCHED_DESKTOP_FILE_PID': '5283', 'IM_CONFIG_PHASE': '1', 'COLCON_PREFIX_PATH': '/home/tknika/gral-iiriondo/unitree_ws/install', 'CUDA_VISIBLE_DEVICES': '0', 'ROS_DISTRO': 'humble', 'GTK_IM_MODULE': 'ibus', 'LOGNAME': 'tknika', 'JOURNAL_STREAM': '8:53456', '_': '/usr/bin/colcon', 'ROS_VERSION': '2', 'XDG_SESSION_CLASS': 'user', 'USERNAME': 'tknika', 'TERM': 'xterm-256color', 'GNOME_DESKTOP_SESSION_ID': 'this-is-deprecated', 'ROS_LOCALHOST_ONLY': '0', 'WINDOWPATH': '2', 'PATH': '/usr/local/cuda-12.6/bin:/opt/ros/humble/bin:/usr/local/cuda-12.6/bin:/home/tknika/.cargo/bin:/home/tknika/.local/bin:/usr/local/sbin:/usr/local/bin:/usr/sbin:/usr/bin:/sbin:/bin:/usr/games:/usr/local/games:/snap/bin:/snap/bin', 'SESSION_MANAGER': 'local/ubuntu:@/tmp/.ICE-unix/2576,unix/ubuntu:/tmp/.ICE-unix/2576', 'INVOCATION_ID': 'd6126b6a242b499eb25ad0c9f51c9430', 'XDG_MENU_PREFIX': 'gnome-', 'XDG_RUNTIME_DIR': '/run/user/1000', 'DISPLAY': ':1', 'TERMINATOR_DBUS_PATH': '/net/tenshu/Terminator2', 'LANG': 'en_US.UTF-8', 'XDG_CURRENT_DESKTOP': 'ubuntu:GNOME', 'IBUS_DISABLE_SNOOPER': '1', 'RMW_IMPLEMENTATION': 'rmw_cyclonedds_cpp', 'XMODIFIERS': '@im=ibus', 'XDG_SESSION_DESKTOP': 'ubuntu', 'XAUTHORITY': '/run/user/1000/gdm/Xauthority', 'LS_COLORS': 'rs=0:di=01;34:ln=01;36:mh=00:pi=40;33:so=01;35:do=01;35:bd=40;33;01:cd=40;33;01:or=40;31;01:mi=00:su=37;41:sg=30;43:ca=30;41:tw=30;42:ow=34;42:st=37;44:ex=01;32:*.tar=01;31:*.tgz=01;31:*.arc=01;31:*.arj=01;31:*.taz=01;31:*.lha=01;31:*.lz4=01;31:*.lzh=01;31:*.lzma=01;31:*.tlz=01;31:*.txz=01;31:*.tzo=01;31:*.t7z=01;31:*.zip=01;31:*.z=01;31:*.dz=01;31:*.gz=01;31:*.lrz=01;31:*.lz=01;31:*.lzo=01;31:*.xz=01;31:*.zst=01;31:*.tzst=01;31:*.bz2=01;31:*.bz=01;31:*.tbz=01;31:*.tbz2=01;31:*.tz=01;31:*.deb=01;31:*.rpm=01;31:*.jar=01;31:*.war=01;31:*.ear=01;31:*.sar=01;31:*.rar=01;31:*.alz=01;31:*.ace=01;31:*.zoo=01;31:*.cpio=01;31:*.7z=01;31:*.rz=01;31:*.cab=01;31:*.wim=01;31:*.swm=01;31:*.dwm=01;31:*.esd=01;31:*.jpg=01;35:*.jpeg=01;35:*.mjpg=01;35:*.mjpeg=01;35:*.gif=01;35:*.bmp=01;35:*.pbm=01;35:*.pgm=01;35:*.ppm=01;35:*.tga=01;35:*.xbm=01;35:*.xpm=01;35:*.tif=01;35:*.tiff=01;35:*.png=01;35:*.svg=01;35:*.svgz=01;35:*.mng=01;35:*.pcx=01;35:*.mov=01;35:*.mpg=01;35:*.mpeg=01;35:*.m2v=01;35:*.mkv=01;35:*.webm=01;35:*.webp=01;35:*.ogm=01;35:*.mp4=01;35:*.m4v=01;35:*.mp4v=01;35:*.vob=01;35:*.qt=01;35:*.nuv=01;35:*.wmv=01;35:*.asf=01;35:*.rm=01;35:*.rmvb=01;35:*.flc=01;35:*.avi=01;35:*.fli=01;35:*.flv=01;35:*.gl=01;35:*.dl=01;35:*.xcf=01;35:*.xwd=01;35:*.yuv=01;35:*.cgm=01;35:*.emf=01;35:*.ogv=01;35:*.ogx=01;35:*.aac=00;36:*.au=00;36:*.flac=00;36:*.m4a=00;36:*.mid=00;36:*.midi=00;36:*.mka=00;36:*.mp3=00;36:*.mpc=00;36:*.ogg=00;36:*.ra=00;36:*.wav=00;36:*.oga=00;36:*.opus=00;36:*.spx=00;36:*.xspf=00;36:', 'SSH_AGENT_LAUNCHER': 'gnome-keyring', 'SSH_AUTH_SOCK': '/run/user/1000/keyring/ssh', 'ROS_DOMAIN_ID': '42', 'AMENT_PREFIX_PATH': '/home/tknika/gral-iiriondo/unitree_ws/install/standing_mode:/home/tknika/gral-iiriondo/unitree_ws/install/speech_to_goal:/home/tknika/gral-iiriondo/unitree_ws/install/speech_to_goal_interfaces:/home/tknika/gral-iiriondo/unitree_ws/install/slam_analysis:/home/tknika/gral-iiriondo/unitree_ws/install/object_recognition:/home/tknika/gral-iiriondo/unitree_ws/install/object_recognition_interfaces:/home/tknika/gral-iiriondo/unitree_ws/install/mapping_configuration:/home/tknika/gral-iiriondo/unitree_ws/install/go1_description:/home/tknika/gral-iiriondo/unitree_ws/install/asr:/home/tknika/gral-iiriondo/unitree_ws/install/aruco_detector:/home/tknika/gral-iiriondo/unitree_ws/install/aruco_markers_msgs:/opt/ros/humble', 'SHELL': '/bin/bash', 'TERMINATOR_UUID': 'urn:uuid:620aa88c-a79c-4fae-9e73-5e28589bde45', 'QT_ACCESSIBILITY': '1', 'GDMSESSION': 'ubuntu', 'LESSCLOSE': '/usr/bin/lesspipe %s %s', 'GPG_AGENT_INFO': '/run/user/1000/gnupg/S.gpg-agent:0:1', 'GJS_DEBUG_OUTPUT': 'stderr', 'QT_IM_MODULE': 'ibus', 'PWD': '/home/tknika/gral-iiriondo/unitree_ws/build/go1_description', 'XDG_CONFIG_DIRS': '/etc/xdg/xdg-ubuntu:/etc/xdg', 'XDG_DATA_DIRS': '/usr/share/ubuntu:/usr/share/gnome:/usr/local/share/:/usr/share/:/var/lib/snapd/desktop', 'PYTHONPATH': '/home/tknika/gral-iiriondo/unitree_ws/build/go1_description/prefix_override:/usr/lib/python3/dist-packages/colcon_core/task/python/colcon_distutils_commands:/home/tknika/gral-iiriondo/unitree_ws/install/go1_description/lib/python3.10/site-packages:/home/tknika/gral-iiriondo/unitree_ws/build/standing_mode:/home/tknika/gral-iiriondo/unitree_ws/install/standing_mode/lib/python3.10/site-packages:/home/tknika/gral-iiriondo/unitree_ws/build/speech_to_goal:/home/tknika/gral-iiriondo/unitree_ws/install/speech_to_goal/lib/python3.10/site-packages:/home/tknika/gral-iiriondo/unitree_ws/install/speech_to_goal_interfaces/local/lib/python3.10/dist-packages:/home/tknika/gral-iiriondo/unitree_ws/build/slam_analysis:/home/tknika/gral-iiriondo/unitree_ws/install/slam_analysis/lib/python3.10/site-packages:/home/tknika/gral-iiriondo/unitree_ws/build/object_recognition:/home/tknika/gral-iiriondo/unitree_ws/install/object_recognition/lib/python3.10/site-packages:/home/tknika/gral-iiriondo/unitree_ws/install/object_recognition_interfaces/local/lib/python3.10/dist-packages:/home/tknika/gral-iiriondo/unitree_ws/build/mapping_configuration:/home/tknika/gral-iiriondo/unitree_ws/install/mapping_configuration/lib/python3.10/site-packages:/home/tknika/gral-iiriondo/unitree_ws/build/go1_description:/home/tknika/gral-iiriondo/unitree_ws/install/go1_description/lib/python3.10/site-packages:/home/tknika/gral-iiriondo/unitree_ws/build/asr:/home/tknika/gral-iiriondo/unitree_ws/install/asr/lib/python3.10/site-packages:/home/tknika/gral-iiriondo/unitree_ws/build/aruco_detector:/home/tknika/gral-iiriondo/unitree_ws/install/aruco_detector/lib/python3.10/site-packages:/home/tknika/gral-iiriondo/unitree_ws/install/aruco_markers_msgs/local/lib/python3.10/dist-packages:/home/tknika/gral-iiriondo-main/unitree_ws/src/unitree_legged_sdk/lib/python/arm64:/home/tknika/gral-iiriondo-main/unitree_ws/src/unitree_legged_sdk/lib/python/arm64:/opt/ros/humble/lib/python3.10/site-packages:/opt/ros/humble/local/lib/python3.10/dist-packages', 'COLCON': '1', 'VTE_VERSION': '6800', 'CMAKE_PREFIX_PATH': '/home/tknika/gral-iiriondo/unitree_ws/install/speech_to_goal_interfaces:/home/tknika/gral-iiriondo/unitree_ws/install/object_recognition_interfaces:/home/tknika/gral-iiriondo/unitree_ws/install/aruco_markers_msgs'}, 'shell': False}
[5.547498] (-) TimerEvent: {}
[5.566467] (speech_to_goal_interfaces) StdoutLine: {'line': b'-- Build files have been written to: /home/tknika/gral-iiriondo/unitree_ws/build/speech_to_goal_interfaces\n'}
[5.584565] (object_recognition_interfaces) StdoutLine: {'line': b'[  2%] \x1b[34m\x1b[1mGenerating C code for ROS interfaces\x1b[0m\n'}
[5.618945] (speech_to_goal_interfaces) CommandEnded: {'returncode': 0}
[5.620586] (speech_to_goal_interfaces) JobProgress: {'identifier': 'speech_to_goal_interfaces', 'progress': 'build'}
[5.620671] (speech_to_goal_interfaces) Command: {'cmd': ['/usr/bin/cmake', '--build', '/home/tknika/gral-iiriondo/unitree_ws/build/speech_to_goal_interfaces', '--', '-j8', '-l8'], 'cwd': '/home/tknika/gral-iiriondo/unitree_ws/build/speech_to_goal_interfaces', 'env': OrderedDict([('GJS_DEBUG_TOPICS', 'JS ERROR;JS LOG'), ('LESSOPEN', '| /usr/bin/lesspipe %s'), ('USER', 'tknika'), ('OLLAMA_LLM_LIBRARY', 'cuda'), ('XDG_SESSION_TYPE', 'x11'), ('SHLVL', '2'), ('LD_LIBRARY_PATH', '/home/tknika/gral-iiriondo/unitree_ws/install/speech_to_goal_interfaces/lib:/home/tknika/gral-iiriondo/unitree_ws/install/object_recognition_interfaces/lib:/home/tknika/gral-iiriondo/unitree_ws/install/aruco_markers_msgs/lib:/usr/lib/aarch64-linux-gnu/nvidia:/usr/local/cuda/lib64:/usr/local/cuda-12.6/lib64:/usr/lib/aarch64-linux-gnu/nvidia:/usr/local/cuda/lib64:/opt/ros/humble/opt/rviz_ogre_vendor/lib:/opt/ros/humble/lib/aarch64-linux-gnu:/opt/ros/humble/lib:/usr/local/cuda-12.6/lib64:'), ('HOME', '/home/tknika'), ('OLDPWD', '/home/tknika/gral-iiriondo/docker'), ('DESKTOP_SESSION', 'ubuntu'), ('GIO_LAUNCHED_DESKTOP_FILE', '/usr/share/applications/terminator.desktop'), ('ROS_PYTHON_VERSION', '3'), ('GNOME_SHELL_SESSION_MODE', 'ubuntu'), ('GTK_MODULES', 'gail:atk-bridge'), ('MANAGERPID', '2429'), ('SYSTEMD_EXEC_PID', '2600'), ('DBUS_SESSION_BUS_ADDRESS', 'unix:path=/run/user/1000/bus'), ('COLORTERM', 'truecolor'), ('TERMINATOR_DBUS_NAME', 'net.tenshu.Terminator23558193cd9818af7fe4d2c2f5bd9d00f'), ('GIO_LAUNCHED_DESKTOP_FILE_PID', '5283'), ('IM_CONFIG_PHASE', '1'), ('COLCON_PREFIX_PATH', '/home/tknika/gral-iiriondo/unitree_ws/install'), ('CUDA_VISIBLE_DEVICES', '0'), ('ROS_DISTRO', 'humble'), ('GTK_IM_MODULE', 'ibus'), ('LOGNAME', 'tknika'), ('JOURNAL_STREAM', '8:53456'), ('_', '/usr/bin/colcon'), ('ROS_VERSION', '2'), ('XDG_SESSION_CLASS', 'user'), ('USERNAME', 'tknika'), ('TERM', 'xterm-256color'), ('GNOME_DESKTOP_SESSION_ID', 'this-is-deprecated'), ('ROS_LOCALHOST_ONLY', '0'), ('WINDOWPATH', '2'), ('PATH', '/usr/local/cuda-12.6/bin:/opt/ros/humble/bin:/usr/local/cuda-12.6/bin:/home/tknika/.cargo/bin:/home/tknika/.local/bin:/usr/local/sbin:/usr/local/bin:/usr/sbin:/usr/bin:/sbin:/bin:/usr/games:/usr/local/games:/snap/bin:/snap/bin'), ('SESSION_MANAGER', 'local/ubuntu:@/tmp/.ICE-unix/2576,unix/ubuntu:/tmp/.ICE-unix/2576'), ('INVOCATION_ID', 'd6126b6a242b499eb25ad0c9f51c9430'), ('XDG_MENU_PREFIX', 'gnome-'), ('XDG_RUNTIME_DIR', '/run/user/1000'), ('DISPLAY', ':1'), ('TERMINATOR_DBUS_PATH', '/net/tenshu/Terminator2'), ('LANG', 'en_US.UTF-8'), ('XDG_CURRENT_DESKTOP', 'ubuntu:GNOME'), ('IBUS_DISABLE_SNOOPER', '1'), ('RMW_IMPLEMENTATION', 'rmw_cyclonedds_cpp'), ('XMODIFIERS', '@im=ibus'), ('XDG_SESSION_DESKTOP', 'ubuntu'), ('XAUTHORITY', '/run/user/1000/gdm/Xauthority'), ('LS_COLORS', 'rs=0:di=01;34:ln=01;36:mh=00:pi=40;33:so=01;35:do=01;35:bd=40;33;01:cd=40;33;01:or=40;31;01:mi=00:su=37;41:sg=30;43:ca=30;41:tw=30;42:ow=34;42:st=37;44:ex=01;32:*.tar=01;31:*.tgz=01;31:*.arc=01;31:*.arj=01;31:*.taz=01;31:*.lha=01;31:*.lz4=01;31:*.lzh=01;31:*.lzma=01;31:*.tlz=01;31:*.txz=01;31:*.tzo=01;31:*.t7z=01;31:*.zip=01;31:*.z=01;31:*.dz=01;31:*.gz=01;31:*.lrz=01;31:*.lz=01;31:*.lzo=01;31:*.xz=01;31:*.zst=01;31:*.tzst=01;31:*.bz2=01;31:*.bz=01;31:*.tbz=01;31:*.tbz2=01;31:*.tz=01;31:*.deb=01;31:*.rpm=01;31:*.jar=01;31:*.war=01;31:*.ear=01;31:*.sar=01;31:*.rar=01;31:*.alz=01;31:*.ace=01;31:*.zoo=01;31:*.cpio=01;31:*.7z=01;31:*.rz=01;31:*.cab=01;31:*.wim=01;31:*.swm=01;31:*.dwm=01;31:*.esd=01;31:*.jpg=01;35:*.jpeg=01;35:*.mjpg=01;35:*.mjpeg=01;35:*.gif=01;35:*.bmp=01;35:*.pbm=01;35:*.pgm=01;35:*.ppm=01;35:*.tga=01;35:*.xbm=01;35:*.xpm=01;35:*.tif=01;35:*.tiff=01;35:*.png=01;35:*.svg=01;35:*.svgz=01;35:*.mng=01;35:*.pcx=01;35:*.mov=01;35:*.mpg=01;35:*.mpeg=01;35:*.m2v=01;35:*.mkv=01;35:*.webm=01;35:*.webp=01;35:*.ogm=01;35:*.mp4=01;35:*.m4v=01;35:*.mp4v=01;35:*.vob=01;35:*.qt=01;35:*.nuv=01;35:*.wmv=01;35:*.asf=01;35:*.rm=01;35:*.rmvb=01;35:*.flc=01;35:*.avi=01;35:*.fli=01;35:*.flv=01;35:*.gl=01;35:*.dl=01;35:*.xcf=01;35:*.xwd=01;35:*.yuv=01;35:*.cgm=01;35:*.emf=01;35:*.ogv=01;35:*.ogx=01;35:*.aac=00;36:*.au=00;36:*.flac=00;36:*.m4a=00;36:*.mid=00;36:*.midi=00;36:*.mka=00;36:*.mp3=00;36:*.mpc=00;36:*.ogg=00;36:*.ra=00;36:*.wav=00;36:*.oga=00;36:*.opus=00;36:*.spx=00;36:*.xspf=00;36:'), ('SSH_AGENT_LAUNCHER', 'gnome-keyring'), ('SSH_AUTH_SOCK', '/run/user/1000/keyring/ssh'), ('ROS_DOMAIN_ID', '42'), ('AMENT_PREFIX_PATH', '/home/tknika/gral-iiriondo/unitree_ws/install/standing_mode:/home/tknika/gral-iiriondo/unitree_ws/install/speech_to_goal:/home/tknika/gral-iiriondo/unitree_ws/install/speech_to_goal_interfaces:/home/tknika/gral-iiriondo/unitree_ws/install/slam_analysis:/home/tknika/gral-iiriondo/unitree_ws/install/object_recognition:/home/tknika/gral-iiriondo/unitree_ws/install/object_recognition_interfaces:/home/tknika/gral-iiriondo/unitree_ws/install/mapping_configuration:/home/tknika/gral-iiriondo/unitree_ws/install/go1_description:/home/tknika/gral-iiriondo/unitree_ws/install/asr:/home/tknika/gral-iiriondo/unitree_ws/install/aruco_detector:/home/tknika/gral-iiriondo/unitree_ws/install/aruco_markers_msgs:/opt/ros/humble'), ('SHELL', '/bin/bash'), ('TERMINATOR_UUID', 'urn:uuid:620aa88c-a79c-4fae-9e73-5e28589bde45'), ('QT_ACCESSIBILITY', '1'), ('GDMSESSION', 'ubuntu'), ('LESSCLOSE', '/usr/bin/lesspipe %s %s'), ('GPG_AGENT_INFO', '/run/user/1000/gnupg/S.gpg-agent:0:1'), ('GJS_DEBUG_OUTPUT', 'stderr'), ('QT_IM_MODULE', 'ibus'), ('PWD', '/home/tknika/gral-iiriondo/unitree_ws/build/speech_to_goal_interfaces'), ('XDG_CONFIG_DIRS', '/etc/xdg/xdg-ubuntu:/etc/xdg'), ('XDG_DATA_DIRS', '/usr/share/ubuntu:/usr/share/gnome:/usr/local/share/:/usr/share/:/var/lib/snapd/desktop'), ('PYTHONPATH', '/home/tknika/gral-iiriondo/unitree_ws/build/standing_mode:/home/tknika/gral-iiriondo/unitree_ws/install/standing_mode/lib/python3.10/site-packages:/home/tknika/gral-iiriondo/unitree_ws/build/speech_to_goal:/home/tknika/gral-iiriondo/unitree_ws/install/speech_to_goal/lib/python3.10/site-packages:/home/tknika/gral-iiriondo/unitree_ws/install/speech_to_goal_interfaces/local/lib/python3.10/dist-packages:/home/tknika/gral-iiriondo/unitree_ws/build/slam_analysis:/home/tknika/gral-iiriondo/unitree_ws/install/slam_analysis/lib/python3.10/site-packages:/home/tknika/gral-iiriondo/unitree_ws/build/object_recognition:/home/tknika/gral-iiriondo/unitree_ws/install/object_recognition/lib/python3.10/site-packages:/home/tknika/gral-iiriondo/unitree_ws/install/object_recognition_interfaces/local/lib/python3.10/dist-packages:/home/tknika/gral-iiriondo/unitree_ws/build/mapping_configuration:/home/tknika/gral-iiriondo/unitree_ws/install/mapping_configuration/lib/python3.10/site-packages:/home/tknika/gral-iiriondo/unitree_ws/build/go1_description:/home/tknika/gral-iiriondo/unitree_ws/install/go1_description/lib/python3.10/site-packages:/home/tknika/gral-iiriondo/unitree_ws/build/asr:/home/tknika/gral-iiriondo/unitree_ws/install/asr/lib/python3.10/site-packages:/home/tknika/gral-iiriondo/unitree_ws/build/aruco_detector:/home/tknika/gral-iiriondo/unitree_ws/install/aruco_detector/lib/python3.10/site-packages:/home/tknika/gral-iiriondo/unitree_ws/install/aruco_markers_msgs/local/lib/python3.10/dist-packages:/home/tknika/gral-iiriondo-main/unitree_ws/src/unitree_legged_sdk/lib/python/arm64:/home/tknika/gral-iiriondo-main/unitree_ws/src/unitree_legged_sdk/lib/python/arm64:/opt/ros/humble/lib/python3.10/site-packages:/opt/ros/humble/local/lib/python3.10/dist-packages'), ('COLCON', '1'), ('VTE_VERSION', '6800'), ('CMAKE_PREFIX_PATH', '/home/tknika/gral-iiriondo/unitree_ws/install/speech_to_goal_interfaces:/home/tknika/gral-iiriondo/unitree_ws/install/object_recognition_interfaces:/home/tknika/gral-iiriondo/unitree_ws/install/aruco_markers_msgs:/home/tknika/gral-iiriondo/unitree_ws/install/standing_mode:/home/tknika/gral-iiriondo/unitree_ws/install/speech_to_goal:/home/tknika/gral-iiriondo/unitree_ws/install/slam_analysis:/home/tknika/gral-iiriondo/unitree_ws/install/object_recognition:/home/tknika/gral-iiriondo/unitree_ws/install/mapping_configuration:/home/tknika/gral-iiriondo/unitree_ws/install/go1_description:/home/tknika/gral-iiriondo/unitree_ws/install/asr:/home/tknika/gral-iiriondo/unitree_ws/install/aruco_detector:/opt/ros/humble')]), 'shell': False}
[5.647660] (-) TimerEvent: {}
[5.682238] (object_recognition_interfaces) StdoutLine: {'line': b'[  2%] Built target ament_cmake_python_symlink_object_recognition_interfaces\n'}
[5.707374] (object_recognition_interfaces) StdoutLine: {'line': b'[  5%] \x1b[34m\x1b[1mGenerating Rust code for ROS interfaces\x1b[0m\n'}
[5.723968] (object_recognition_interfaces) StdoutLine: {'line': b'[  7%] \x1b[34m\x1b[1mGenerating C++ code for ROS interfaces\x1b[0m\n'}
[5.747827] (-) TimerEvent: {}
[5.815416] (aruco_markers_msgs) StdoutLine: {'line': b'-- Found ament_lint_auto: 0.12.15 (/opt/ros/humble/share/ament_lint_auto/cmake)\n'}
[5.848017] (-) TimerEvent: {}
[5.949208] (-) TimerEvent: {}
[5.959509] (aruco_markers_msgs) StdoutLine: {'line': b"-- Added test 'copyright' to check source files copyright and LICENSE\n"}
[5.963793] (aruco_markers_msgs) StdoutLine: {'line': b"-- Added test 'lint_cmake' to check CMake code style\n"}
[5.966069] (aruco_markers_msgs) StdoutLine: {'line': b"-- Added test 'xmllint' to check XML markup files\n"}
[5.996103] (aruco_markers_msgs) StdoutLine: {'line': b'-- Configuring done\n'}
[6.049393] (-) TimerEvent: {}
[6.150069] (-) TimerEvent: {}
[6.250730] (-) TimerEvent: {}
[6.332392] (aruco_markers_msgs) StdoutLine: {'line': b'-- Generating done\n'}
[6.350896] (-) TimerEvent: {}
[6.419654] (aruco_markers_msgs) StdoutLine: {'line': b'-- Build files have been written to: /home/tknika/gral-iiriondo/unitree_ws/build/aruco_markers_msgs\n'}
[6.451065] (-) TimerEvent: {}
[6.459647] (asr) StdoutLine: {'line': b'running develop\n'}
[6.481353] (speech_to_goal_interfaces) StdoutLine: {'line': b'[  2%] \x1b[34m\x1b[1mGenerating C code for ROS interfaces\x1b[0m\n'}
[6.482213] (speech_to_goal_interfaces) StdoutLine: {'line': b'[  4%] \x1b[34m\x1b[1mGenerating C++ code for ROS interfaces\x1b[0m\n'}
[6.482418] (speech_to_goal_interfaces) StdoutLine: {'line': b'[  6%] \x1b[34m\x1b[1mGenerating Rust code for ROS interfaces\x1b[0m\n'}
[6.482567] (speech_to_goal_interfaces) StdoutLine: {'line': b'[  6%] Built target ament_cmake_python_symlink_speech_to_goal_interfaces\n'}
[6.498872] (aruco_markers_msgs) CommandEnded: {'returncode': 0}
[6.500034] (aruco_markers_msgs) JobProgress: {'identifier': 'aruco_markers_msgs', 'progress': 'build'}
[6.500108] (aruco_markers_msgs) Command: {'cmd': ['/usr/bin/cmake', '--build', '/home/tknika/gral-iiriondo/unitree_ws/build/aruco_markers_msgs', '--', '-j8', '-l8'], 'cwd': '/home/tknika/gral-iiriondo/unitree_ws/build/aruco_markers_msgs', 'env': OrderedDict([('GJS_DEBUG_TOPICS', 'JS ERROR;JS LOG'), ('LESSOPEN', '| /usr/bin/lesspipe %s'), ('USER', 'tknika'), ('OLLAMA_LLM_LIBRARY', 'cuda'), ('XDG_SESSION_TYPE', 'x11'), ('SHLVL', '2'), ('LD_LIBRARY_PATH', '/home/tknika/gral-iiriondo/unitree_ws/install/speech_to_goal_interfaces/lib:/home/tknika/gral-iiriondo/unitree_ws/install/object_recognition_interfaces/lib:/home/tknika/gral-iiriondo/unitree_ws/install/aruco_markers_msgs/lib:/usr/lib/aarch64-linux-gnu/nvidia:/usr/local/cuda/lib64:/usr/local/cuda-12.6/lib64:/usr/lib/aarch64-linux-gnu/nvidia:/usr/local/cuda/lib64:/opt/ros/humble/opt/rviz_ogre_vendor/lib:/opt/ros/humble/lib/aarch64-linux-gnu:/opt/ros/humble/lib:/usr/local/cuda-12.6/lib64:'), ('HOME', '/home/tknika'), ('OLDPWD', '/home/tknika/gral-iiriondo/docker'), ('DESKTOP_SESSION', 'ubuntu'), ('GIO_LAUNCHED_DESKTOP_FILE', '/usr/share/applications/terminator.desktop'), ('ROS_PYTHON_VERSION', '3'), ('GNOME_SHELL_SESSION_MODE', 'ubuntu'), ('GTK_MODULES', 'gail:atk-bridge'), ('MANAGERPID', '2429'), ('SYSTEMD_EXEC_PID', '2600'), ('DBUS_SESSION_BUS_ADDRESS', 'unix:path=/run/user/1000/bus'), ('COLORTERM', 'truecolor'), ('TERMINATOR_DBUS_NAME', 'net.tenshu.Terminator23558193cd9818af7fe4d2c2f5bd9d00f'), ('GIO_LAUNCHED_DESKTOP_FILE_PID', '5283'), ('IM_CONFIG_PHASE', '1'), ('COLCON_PREFIX_PATH', '/home/tknika/gral-iiriondo/unitree_ws/install'), ('CUDA_VISIBLE_DEVICES', '0'), ('ROS_DISTRO', 'humble'), ('GTK_IM_MODULE', 'ibus'), ('LOGNAME', 'tknika'), ('JOURNAL_STREAM', '8:53456'), ('_', '/usr/bin/colcon'), ('ROS_VERSION', '2'), ('XDG_SESSION_CLASS', 'user'), ('USERNAME', 'tknika'), ('TERM', 'xterm-256color'), ('GNOME_DESKTOP_SESSION_ID', 'this-is-deprecated'), ('ROS_LOCALHOST_ONLY', '0'), ('WINDOWPATH', '2'), ('PATH', '/usr/local/cuda-12.6/bin:/opt/ros/humble/bin:/usr/local/cuda-12.6/bin:/home/tknika/.cargo/bin:/home/tknika/.local/bin:/usr/local/sbin:/usr/local/bin:/usr/sbin:/usr/bin:/sbin:/bin:/usr/games:/usr/local/games:/snap/bin:/snap/bin'), ('SESSION_MANAGER', 'local/ubuntu:@/tmp/.ICE-unix/2576,unix/ubuntu:/tmp/.ICE-unix/2576'), ('INVOCATION_ID', 'd6126b6a242b499eb25ad0c9f51c9430'), ('XDG_MENU_PREFIX', 'gnome-'), ('XDG_RUNTIME_DIR', '/run/user/1000'), ('DISPLAY', ':1'), ('TERMINATOR_DBUS_PATH', '/net/tenshu/Terminator2'), ('LANG', 'en_US.UTF-8'), ('XDG_CURRENT_DESKTOP', 'ubuntu:GNOME'), ('IBUS_DISABLE_SNOOPER', '1'), ('RMW_IMPLEMENTATION', 'rmw_cyclonedds_cpp'), ('XMODIFIERS', '@im=ibus'), ('XDG_SESSION_DESKTOP', 'ubuntu'), ('XAUTHORITY', '/run/user/1000/gdm/Xauthority'), ('LS_COLORS', 'rs=0:di=01;34:ln=01;36:mh=00:pi=40;33:so=01;35:do=01;35:bd=40;33;01:cd=40;33;01:or=40;31;01:mi=00:su=37;41:sg=30;43:ca=30;41:tw=30;42:ow=34;42:st=37;44:ex=01;32:*.tar=01;31:*.tgz=01;31:*.arc=01;31:*.arj=01;31:*.taz=01;31:*.lha=01;31:*.lz4=01;31:*.lzh=01;31:*.lzma=01;31:*.tlz=01;31:*.txz=01;31:*.tzo=01;31:*.t7z=01;31:*.zip=01;31:*.z=01;31:*.dz=01;31:*.gz=01;31:*.lrz=01;31:*.lz=01;31:*.lzo=01;31:*.xz=01;31:*.zst=01;31:*.tzst=01;31:*.bz2=01;31:*.bz=01;31:*.tbz=01;31:*.tbz2=01;31:*.tz=01;31:*.deb=01;31:*.rpm=01;31:*.jar=01;31:*.war=01;31:*.ear=01;31:*.sar=01;31:*.rar=01;31:*.alz=01;31:*.ace=01;31:*.zoo=01;31:*.cpio=01;31:*.7z=01;31:*.rz=01;31:*.cab=01;31:*.wim=01;31:*.swm=01;31:*.dwm=01;31:*.esd=01;31:*.jpg=01;35:*.jpeg=01;35:*.mjpg=01;35:*.mjpeg=01;35:*.gif=01;35:*.bmp=01;35:*.pbm=01;35:*.pgm=01;35:*.ppm=01;35:*.tga=01;35:*.xbm=01;35:*.xpm=01;35:*.tif=01;35:*.tiff=01;35:*.png=01;35:*.svg=01;35:*.svgz=01;35:*.mng=01;35:*.pcx=01;35:*.mov=01;35:*.mpg=01;35:*.mpeg=01;35:*.m2v=01;35:*.mkv=01;35:*.webm=01;35:*.webp=01;35:*.ogm=01;35:*.mp4=01;35:*.m4v=01;35:*.mp4v=01;35:*.vob=01;35:*.qt=01;35:*.nuv=01;35:*.wmv=01;35:*.asf=01;35:*.rm=01;35:*.rmvb=01;35:*.flc=01;35:*.avi=01;35:*.fli=01;35:*.flv=01;35:*.gl=01;35:*.dl=01;35:*.xcf=01;35:*.xwd=01;35:*.yuv=01;35:*.cgm=01;35:*.emf=01;35:*.ogv=01;35:*.ogx=01;35:*.aac=00;36:*.au=00;36:*.flac=00;36:*.m4a=00;36:*.mid=00;36:*.midi=00;36:*.mka=00;36:*.mp3=00;36:*.mpc=00;36:*.ogg=00;36:*.ra=00;36:*.wav=00;36:*.oga=00;36:*.opus=00;36:*.spx=00;36:*.xspf=00;36:'), ('SSH_AGENT_LAUNCHER', 'gnome-keyring'), ('SSH_AUTH_SOCK', '/run/user/1000/keyring/ssh'), ('ROS_DOMAIN_ID', '42'), ('AMENT_PREFIX_PATH', '/home/tknika/gral-iiriondo/unitree_ws/install/standing_mode:/home/tknika/gral-iiriondo/unitree_ws/install/speech_to_goal:/home/tknika/gral-iiriondo/unitree_ws/install/speech_to_goal_interfaces:/home/tknika/gral-iiriondo/unitree_ws/install/slam_analysis:/home/tknika/gral-iiriondo/unitree_ws/install/object_recognition:/home/tknika/gral-iiriondo/unitree_ws/install/object_recognition_interfaces:/home/tknika/gral-iiriondo/unitree_ws/install/mapping_configuration:/home/tknika/gral-iiriondo/unitree_ws/install/go1_description:/home/tknika/gral-iiriondo/unitree_ws/install/asr:/home/tknika/gral-iiriondo/unitree_ws/install/aruco_detector:/home/tknika/gral-iiriondo/unitree_ws/install/aruco_markers_msgs:/opt/ros/humble'), ('SHELL', '/bin/bash'), ('TERMINATOR_UUID', 'urn:uuid:620aa88c-a79c-4fae-9e73-5e28589bde45'), ('QT_ACCESSIBILITY', '1'), ('GDMSESSION', 'ubuntu'), ('LESSCLOSE', '/usr/bin/lesspipe %s %s'), ('GPG_AGENT_INFO', '/run/user/1000/gnupg/S.gpg-agent:0:1'), ('GJS_DEBUG_OUTPUT', 'stderr'), ('QT_IM_MODULE', 'ibus'), ('PWD', '/home/tknika/gral-iiriondo/unitree_ws/build/aruco_markers_msgs'), ('XDG_CONFIG_DIRS', '/etc/xdg/xdg-ubuntu:/etc/xdg'), ('XDG_DATA_DIRS', '/usr/share/ubuntu:/usr/share/gnome:/usr/local/share/:/usr/share/:/var/lib/snapd/desktop'), ('PYTHONPATH', '/home/tknika/gral-iiriondo/unitree_ws/build/standing_mode:/home/tknika/gral-iiriondo/unitree_ws/install/standing_mode/lib/python3.10/site-packages:/home/tknika/gral-iiriondo/unitree_ws/build/speech_to_goal:/home/tknika/gral-iiriondo/unitree_ws/install/speech_to_goal/lib/python3.10/site-packages:/home/tknika/gral-iiriondo/unitree_ws/install/speech_to_goal_interfaces/local/lib/python3.10/dist-packages:/home/tknika/gral-iiriondo/unitree_ws/build/slam_analysis:/home/tknika/gral-iiriondo/unitree_ws/install/slam_analysis/lib/python3.10/site-packages:/home/tknika/gral-iiriondo/unitree_ws/build/object_recognition:/home/tknika/gral-iiriondo/unitree_ws/install/object_recognition/lib/python3.10/site-packages:/home/tknika/gral-iiriondo/unitree_ws/install/object_recognition_interfaces/local/lib/python3.10/dist-packages:/home/tknika/gral-iiriondo/unitree_ws/build/mapping_configuration:/home/tknika/gral-iiriondo/unitree_ws/install/mapping_configuration/lib/python3.10/site-packages:/home/tknika/gral-iiriondo/unitree_ws/build/go1_description:/home/tknika/gral-iiriondo/unitree_ws/install/go1_description/lib/python3.10/site-packages:/home/tknika/gral-iiriondo/unitree_ws/build/asr:/home/tknika/gral-iiriondo/unitree_ws/install/asr/lib/python3.10/site-packages:/home/tknika/gral-iiriondo/unitree_ws/build/aruco_detector:/home/tknika/gral-iiriondo/unitree_ws/install/aruco_detector/lib/python3.10/site-packages:/home/tknika/gral-iiriondo/unitree_ws/install/aruco_markers_msgs/local/lib/python3.10/dist-packages:/home/tknika/gral-iiriondo-main/unitree_ws/src/unitree_legged_sdk/lib/python/arm64:/home/tknika/gral-iiriondo-main/unitree_ws/src/unitree_legged_sdk/lib/python/arm64:/opt/ros/humble/lib/python3.10/site-packages:/opt/ros/humble/local/lib/python3.10/dist-packages'), ('COLCON', '1'), ('VTE_VERSION', '6800'), ('CMAKE_PREFIX_PATH', '/home/tknika/gral-iiriondo/unitree_ws/install/speech_to_goal_interfaces:/home/tknika/gral-iiriondo/unitree_ws/install/object_recognition_interfaces:/home/tknika/gral-iiriondo/unitree_ws/install/aruco_markers_msgs:/home/tknika/gral-iiriondo/unitree_ws/install/standing_mode:/home/tknika/gral-iiriondo/unitree_ws/install/speech_to_goal:/home/tknika/gral-iiriondo/unitree_ws/install/slam_analysis:/home/tknika/gral-iiriondo/unitree_ws/install/object_recognition:/home/tknika/gral-iiriondo/unitree_ws/install/mapping_configuration:/home/tknika/gral-iiriondo/unitree_ws/install/go1_description:/home/tknika/gral-iiriondo/unitree_ws/install/asr:/home/tknika/gral-iiriondo/unitree_ws/install/aruco_detector:/opt/ros/humble')]), 'shell': False}
[6.551223] (-) TimerEvent: {}
[6.651931] (-) TimerEvent: {}
[6.727135] (mapping_configuration) StdoutLine: {'line': b'running develop\n'}
[6.752108] (-) TimerEvent: {}
[6.852773] (-) TimerEvent: {}
[6.953454] (-) TimerEvent: {}
[6.955765] (go1_description) StdoutLine: {'line': b'running develop\n'}
[7.053636] (-) TimerEvent: {}
[7.081349] (standing_mode) StdoutLine: {'line': b'running develop\n'}
[7.112749] (object_recognition_interfaces) StdoutLine: {'line': b'[  7%] Built target object_recognition_interfaces__rs\n'}
[7.153801] (-) TimerEvent: {}
[7.254455] (-) TimerEvent: {}
[7.274753] (object_recognition_interfaces) StdoutLine: {'line': b'running egg_info\n'}
[7.288426] (object_recognition_interfaces) StdoutLine: {'line': b'creating object_recognition_interfaces.egg-info\n'}
[7.354618] (-) TimerEvent: {}
[7.375585] (object_recognition_interfaces) StdoutLine: {'line': b'writing object_recognition_interfaces.egg-info/PKG-INFO\n'}
[7.394270] (object_recognition_interfaces) StdoutLine: {'line': b'writing dependency_links to object_recognition_interfaces.egg-info/dependency_links.txt\n'}
[7.395282] (object_recognition_interfaces) StdoutLine: {'line': b'writing top-level names to object_recognition_interfaces.egg-info/top_level.txt\n'}
[7.395922] (object_recognition_interfaces) StdoutLine: {'line': b"writing manifest file 'object_recognition_interfaces.egg-info/SOURCES.txt'\n"}
[7.454759] (-) TimerEvent: {}
[7.557688] (-) TimerEvent: {}
[7.658351] (-) TimerEvent: {}
[7.661888] (go1_description) StdoutLine: {'line': b'running egg_info\n'}
[7.662882] (go1_description) StdoutLine: {'line': b'creating go1_description.egg-info\n'}
[7.682635] (object_recognition_interfaces) StdoutLine: {'line': b"reading manifest file 'object_recognition_interfaces.egg-info/SOURCES.txt'\n"}
[7.684733] (object_recognition_interfaces) StdoutLine: {'line': b"writing manifest file 'object_recognition_interfaces.egg-info/SOURCES.txt'\n"}
[7.695688] (go1_description) StdoutLine: {'line': b'writing go1_description.egg-info/PKG-INFO\n'}
[7.696548] (go1_description) StdoutLine: {'line': b'writing dependency_links to go1_description.egg-info/dependency_links.txt\n'}
[7.697007] (go1_description) StdoutLine: {'line': b'writing requirements to go1_description.egg-info/requires.txt\n'}
[7.697640] (go1_description) StdoutLine: {'line': b'writing top-level names to go1_description.egg-info/top_level.txt\n'}
[7.697843] (go1_description) StdoutLine: {'line': b"writing manifest file 'go1_description.egg-info/SOURCES.txt'\n"}
[7.758505] (-) TimerEvent: {}
[7.773655] (go1_description) StdoutLine: {'line': b"reading manifest file 'go1_description.egg-info/SOURCES.txt'\n"}
[7.774108] (go1_description) StdoutLine: {'line': b"writing manifest file 'go1_description.egg-info/SOURCES.txt'\n"}
[7.785643] (mapping_configuration) StdoutLine: {'line': b'running egg_info\n'}
[7.786100] (mapping_configuration) StdoutLine: {'line': b'creating mapping_configuration.egg-info\n'}
[7.816738] (go1_description) StdoutLine: {'line': b'running build_ext\n'}
[7.817221] (go1_description) StdoutLine: {'line': b'Creating /home/tknika/gral-iiriondo/unitree_ws/install/go1_description/lib/python3.10/site-packages/go1-description.egg-link (link to .)\n'}
[7.818820] (go1_description) StdoutLine: {'line': b'\n'}
[7.819726] (go1_description) StdoutLine: {'line': b'Installed /home/tknika/gral-iiriondo/unitree_ws/build/go1_description\n'}
[7.820244] (go1_description) StdoutLine: {'line': b'running symlink_data\n'}
[7.820804] (go1_description) StdoutLine: {'line': b'creating /home/tknika/gral-iiriondo/unitree_ws/install/go1_description/share/ament_index\n'}
[7.821373] (go1_description) StdoutLine: {'line': b'creating /home/tknika/gral-iiriondo/unitree_ws/install/go1_description/share/ament_index/resource_index\n'}
[7.821898] (go1_description) StdoutLine: {'line': b'creating /home/tknika/gral-iiriondo/unitree_ws/install/go1_description/share/ament_index/resource_index/packages\n'}
[7.822459] (go1_description) StdoutLine: {'line': b'symbolically linking /home/tknika/gral-iiriondo/unitree_ws/build/go1_description/resource/go1_description -> /home/tknika/gral-iiriondo/unitree_ws/install/go1_description/share/ament_index/resource_index/packages\n'}
[7.822845] (go1_description) StdoutLine: {'line': b'symbolically linking /home/tknika/gral-iiriondo/unitree_ws/build/go1_description/package.xml -> /home/tknika/gral-iiriondo/unitree_ws/install/go1_description/share/go1_description\n'}
[7.823272] (go1_description) StdoutLine: {'line': b'creating /home/tknika/gral-iiriondo/unitree_ws/install/go1_description/share/go1_description/launch\n'}
[7.823427] (go1_description) StdoutLine: {'line': b'symbolically linking /home/tknika/gral-iiriondo/unitree_ws/build/go1_description/launch/go1_rviz.launch.py -> /home/tknika/gral-iiriondo/unitree_ws/install/go1_description/share/go1_description/launch\n'}
[7.823555] (go1_description) StdoutLine: {'line': b'creating /home/tknika/gral-iiriondo/unitree_ws/install/go1_description/share/go1_description/urdf\n'}
[7.823674] (go1_description) StdoutLine: {'line': b'symbolically linking /home/tknika/gral-iiriondo/unitree_ws/build/go1_description/urdf/go1.urdf -> /home/tknika/gral-iiriondo/unitree_ws/install/go1_description/share/go1_description/urdf\n'}
[7.823802] (go1_description) StdoutLine: {'line': b'creating /home/tknika/gral-iiriondo/unitree_ws/install/go1_description/share/go1_description/xacro\n'}
[7.823937] (go1_description) StdoutLine: {'line': b'symbolically linking /home/tknika/gral-iiriondo/unitree_ws/build/go1_description/xacro/const.xacro -> /home/tknika/gral-iiriondo/unitree_ws/install/go1_description/share/go1_description/xacro\n'}
[7.824063] (go1_description) StdoutLine: {'line': b'symbolically linking /home/tknika/gral-iiriondo/unitree_ws/build/go1_description/xacro/gazebo.xacro -> /home/tknika/gral-iiriondo/unitree_ws/install/go1_description/share/go1_description/xacro\n'}
[7.824177] (go1_description) StdoutLine: {'line': b'symbolically linking /home/tknika/gral-iiriondo/unitree_ws/build/go1_description/xacro/depthCamera.xacro -> /home/tknika/gral-iiriondo/unitree_ws/install/go1_description/share/go1_description/xacro\n'}
[7.824295] (go1_description) StdoutLine: {'line': b'symbolically linking /home/tknika/gral-iiriondo/unitree_ws/build/go1_description/xacro/materials.xacro -> /home/tknika/gral-iiriondo/unitree_ws/install/go1_description/share/go1_description/xacro\n'}
[7.824407] (go1_description) StdoutLine: {'line': b'symbolically linking /home/tknika/gral-iiriondo/unitree_ws/build/go1_description/xacro/transmission.xacro -> /home/tknika/gral-iiriondo/unitree_ws/install/go1_description/share/go1_description/xacro\n'}
[7.824523] (go1_description) StdoutLine: {'line': b'symbolically linking /home/tknika/gral-iiriondo/unitree_ws/build/go1_description/xacro/robot.xacro -> /home/tknika/gral-iiriondo/unitree_ws/install/go1_description/share/go1_description/xacro\n'}
[7.824674] (go1_description) StdoutLine: {'line': b'symbolically linking /home/tknika/gral-iiriondo/unitree_ws/build/go1_description/xacro/leg.xacro -> /home/tknika/gral-iiriondo/unitree_ws/install/go1_description/share/go1_description/xacro\n'}
[7.824797] (go1_description) StdoutLine: {'line': b'symbolically linking /home/tknika/gral-iiriondo/unitree_ws/build/go1_description/xacro/ultraSound.xacro -> /home/tknika/gral-iiriondo/unitree_ws/install/go1_description/share/go1_description/xacro\n'}
[7.824910] (go1_description) StdoutLine: {'line': b'creating /home/tknika/gral-iiriondo/unitree_ws/install/go1_description/share/go1_description/meshes\n'}
[7.825020] (go1_description) StdoutLine: {'line': b'symbolically linking /home/tknika/gral-iiriondo/unitree_ws/build/go1_description/meshes/calf.dae -> /home/tknika/gral-iiriondo/unitree_ws/install/go1_description/share/go1_description/meshes\n'}
[7.825129] (go1_description) StdoutLine: {'line': b'symbolically linking /home/tknika/gral-iiriondo/unitree_ws/build/go1_description/meshes/hip.dae -> /home/tknika/gral-iiriondo/unitree_ws/install/go1_description/share/go1_description/meshes\n'}
[7.825286] (go1_description) StdoutLine: {'line': b'symbolically linking /home/tknika/gral-iiriondo/unitree_ws/build/go1_description/meshes/ultraSound.dae -> /home/tknika/gral-iiriondo/unitree_ws/install/go1_description/share/go1_description/meshes\n'}
[7.825426] (go1_description) StdoutLine: {'line': b'symbolically linking /home/tknika/gral-iiriondo/unitree_ws/build/go1_description/meshes/depthCamera.dae -> /home/tknika/gral-iiriondo/unitree_ws/install/go1_description/share/go1_description/meshes\n'}
[7.825569] (go1_description) StdoutLine: {'line': b'symbolically linking /home/tknika/gral-iiriondo/unitree_ws/build/go1_description/meshes/thigh.dae -> /home/tknika/gral-iiriondo/unitree_ws/install/go1_description/share/go1_description/meshes\n'}
[7.825690] (go1_description) StdoutLine: {'line': b'symbolically linking /home/tknika/gral-iiriondo/unitree_ws/build/go1_description/meshes/thigh_mirror.dae -> /home/tknika/gral-iiriondo/unitree_ws/install/go1_description/share/go1_description/meshes\n'}
[7.825803] (go1_description) StdoutLine: {'line': b'symbolically linking /home/tknika/gral-iiriondo/unitree_ws/build/go1_description/meshes/trunk.dae -> /home/tknika/gral-iiriondo/unitree_ws/install/go1_description/share/go1_description/meshes\n'}
[7.858667] (-) TimerEvent: {}
[7.859798] (asr) StdoutLine: {'line': b'running egg_info\n'}
[7.860193] (asr) StdoutLine: {'line': b'creating asr.egg-info\n'}
[7.922801] (mapping_configuration) StdoutLine: {'line': b'writing mapping_configuration.egg-info/PKG-INFO\n'}
[7.923694] (mapping_configuration) StdoutLine: {'line': b'writing dependency_links to mapping_configuration.egg-info/dependency_links.txt\n'}
[7.926279] (mapping_configuration) StdoutLine: {'line': b'writing entry points to mapping_configuration.egg-info/entry_points.txt\n'}
[7.929200] (mapping_configuration) StdoutLine: {'line': b'writing requirements to mapping_configuration.egg-info/requires.txt\n'}
[7.929864] (mapping_configuration) StdoutLine: {'line': b'writing top-level names to mapping_configuration.egg-info/top_level.txt\n'}
[7.936174] (mapping_configuration) StdoutLine: {'line': b"writing manifest file 'mapping_configuration.egg-info/SOURCES.txt'\n"}
[7.943015] (asr) StdoutLine: {'line': b'writing asr.egg-info/PKG-INFO\n'}
[7.944719] (asr) StdoutLine: {'line': b'writing dependency_links to asr.egg-info/dependency_links.txt\n'}
[7.946798] (asr) StdoutLine: {'line': b'writing entry points to asr.egg-info/entry_points.txt\n'}
[7.947528] (asr) StdoutLine: {'line': b'writing requirements to asr.egg-info/requires.txt\n'}
[7.950201] (asr) StdoutLine: {'line': b'writing top-level names to asr.egg-info/top_level.txt\n'}
[7.950957] (asr) StdoutLine: {'line': b"writing manifest file 'asr.egg-info/SOURCES.txt'\n"}
[7.958826] (-) TimerEvent: {}
[8.059560] (-) TimerEvent: {}
[8.062619] (speech_to_goal_interfaces) StdoutLine: {'line': b'running egg_info\n'}
[8.064878] (speech_to_goal_interfaces) StdoutLine: {'line': b'creating speech_to_goal_interfaces.egg-info\n'}
[8.094224] (aruco_markers_msgs) StdoutLine: {'line': b'[  2%] \x1b[34m\x1b[1mGenerating C code for ROS interfaces\x1b[0m\n'}
[8.100720] (aruco_markers_msgs) StdoutLine: {'line': b'[  5%] \x1b[34m\x1b[1mGenerating Rust code for ROS interfaces\x1b[0m\n'}
[8.100950] (aruco_markers_msgs) StdoutLine: {'line': b'[  7%] \x1b[34m\x1b[1mGenerating C++ code for ROS interfaces\x1b[0m\n'}
[8.101092] (aruco_markers_msgs) StdoutLine: {'line': b'[  7%] Built target ament_cmake_python_symlink_aruco_markers_msgs\n'}
[8.101232] (go1_description) CommandEnded: {'returncode': 0}
[8.134505] (mapping_configuration) StdoutLine: {'line': b"reading manifest file 'mapping_configuration.egg-info/SOURCES.txt'\n"}
[8.136596] (mapping_configuration) StdoutLine: {'line': b"writing manifest file 'mapping_configuration.egg-info/SOURCES.txt'\n"}
[8.143589] (asr) StdoutLine: {'line': b"reading manifest file 'asr.egg-info/SOURCES.txt'\n"}
[8.147477] (asr) StdoutLine: {'line': b"writing manifest file 'asr.egg-info/SOURCES.txt'\n"}
[8.160641] (-) TimerEvent: {}
[8.191831] (speech_to_goal_interfaces) StdoutLine: {'line': b'writing speech_to_goal_interfaces.egg-info/PKG-INFO\n'}
[8.192568] (mapping_configuration) StdoutLine: {'line': b'running build_ext\n'}
[8.192806] (mapping_configuration) StdoutLine: {'line': b'Creating /home/tknika/gral-iiriondo/unitree_ws/install/mapping_configuration/lib/python3.10/site-packages/mapping-configuration.egg-link (link to .)\n'}
[8.194498] (object_recognition_interfaces) StdoutLine: {'line': b'[  7%] Built target object_recognition_interfaces__cpp\n'}
[8.196519] (mapping_configuration) StdoutLine: {'line': b'Installing mapping_publishers script to /home/tknika/gral-iiriondo/unitree_ws/install/mapping_configuration/lib/mapping_configuration\n'}
[8.196828] (mapping_configuration) StdoutLine: {'line': b'\n'}
[8.196968] (mapping_configuration) StdoutLine: {'line': b'Installed /home/tknika/gral-iiriondo/unitree_ws/build/mapping_configuration\n'}
[8.197100] (mapping_configuration) StdoutLine: {'line': b'running symlink_data\n'}
[8.202290] (mapping_configuration) StdoutLine: {'line': b'creating /home/tknika/gral-iiriondo/unitree_ws/install/mapping_configuration/share/ament_index\n'}
[8.210710] (mapping_configuration) StdoutLine: {'line': b'creating /home/tknika/gral-iiriondo/unitree_ws/install/mapping_configuration/share/ament_index/resource_index\n'}
[8.210962] (mapping_configuration) StdoutLine: {'line': b'creating /home/tknika/gral-iiriondo/unitree_ws/install/mapping_configuration/share/ament_index/resource_index/packages\n'}
[8.211109] (mapping_configuration) StdoutLine: {'line': b'symbolically linking /home/tknika/gral-iiriondo/unitree_ws/build/mapping_configuration/resource/mapping_configuration -> /home/tknika/gral-iiriondo/unitree_ws/install/mapping_configuration/share/ament_index/resource_index/packages\n'}
[8.211249] (mapping_configuration) StdoutLine: {'line': b'symbolically linking /home/tknika/gral-iiriondo/unitree_ws/build/mapping_configuration/package.xml -> /home/tknika/gral-iiriondo/unitree_ws/install/mapping_configuration/share/mapping_configuration\n'}
[8.220579] (speech_to_goal_interfaces) StdoutLine: {'line': b'writing dependency_links to speech_to_goal_interfaces.egg-info/dependency_links.txt\n'}
[8.221128] (speech_to_goal_interfaces) StdoutLine: {'line': b'writing top-level names to speech_to_goal_interfaces.egg-info/top_level.txt\n'}
[8.221853] (speech_to_goal_interfaces) StdoutLine: {'line': b"writing manifest file 'speech_to_goal_interfaces.egg-info/SOURCES.txt'\n"}
[8.222034] (object_recognition_interfaces) StdoutLine: {'line': b'[  7%] Built target ament_cmake_python_build_object_recognition_interfaces_egg\n'}
[8.241732] (go1_description) JobEnded: {'identifier': 'go1_description', 'rc': 0}
[8.260838] (-) TimerEvent: {}
[8.262307] (asr) StdoutLine: {'line': b'running build_ext\n'}
[8.263019] (asr) StdoutLine: {'line': b'Creating /home/tknika/gral-iiriondo/unitree_ws/install/asr/lib/python3.10/site-packages/asr.egg-link (link to .)\n'}
[8.264267] (standing_mode) StdoutLine: {'line': b'running egg_info\n'}
[8.264697] (standing_mode) StdoutLine: {'line': b'creating standing_mode.egg-info\n'}
[8.265151] (asr) StdoutLine: {'line': b'Installing vosk_node script to /home/tknika/gral-iiriondo/unitree_ws/install/asr/lib/asr\n'}
[8.270833] (asr) StdoutLine: {'line': b'Installing whisper_medium_node script to /home/tknika/gral-iiriondo/unitree_ws/install/asr/lib/asr\n'}
[8.272151] (asr) StdoutLine: {'line': b'\n'}
[8.272496] (asr) StdoutLine: {'line': b'Installed /home/tknika/gral-iiriondo/unitree_ws/build/asr\n'}
[8.272832] (asr) StdoutLine: {'line': b'running symlink_data\n'}
[8.273321] (asr) StdoutLine: {'line': b'creating /home/tknika/gral-iiriondo/unitree_ws/install/asr/share/ament_index\n'}
[8.273840] (asr) StdoutLine: {'line': b'creating /home/tknika/gral-iiriondo/unitree_ws/install/asr/share/ament_index/resource_index\n'}
[8.274285] (asr) StdoutLine: {'line': b'creating /home/tknika/gral-iiriondo/unitree_ws/install/asr/share/ament_index/resource_index/packages\n'}
[8.274839] (asr) StdoutLine: {'line': b'symbolically linking /home/tknika/gral-iiriondo/unitree_ws/build/asr/resource/asr -> /home/tknika/gral-iiriondo/unitree_ws/install/asr/share/ament_index/resource_index/packages\n'}
[8.275457] (asr) StdoutLine: {'line': b'symbolically linking /home/tknika/gral-iiriondo/unitree_ws/build/asr/package.xml -> /home/tknika/gral-iiriondo/unitree_ws/install/asr/share/asr\n'}
[8.275896] (asr) StdoutLine: {'line': b'creating /home/tknika/gral-iiriondo/unitree_ws/install/asr/share/asr/launch\n'}
[8.276429] (asr) StdoutLine: {'line': b'symbolically linking /home/tknika/gral-iiriondo/unitree_ws/build/asr/launch/vosk.launch.py -> /home/tknika/gral-iiriondo/unitree_ws/install/asr/share/asr/launch\n'}
[8.279071] (asr) StdoutLine: {'line': b'symbolically linking /home/tknika/gral-iiriondo/unitree_ws/build/asr/launch/whisper_medium.launch.py -> /home/tknika/gral-iiriondo/unitree_ws/install/asr/share/asr/launch\n'}
[8.294994] (object_recognition_interfaces) StdoutLine: {'line': b'[ 10%] \x1b[34m\x1b[1mGenerating C++ type support for eProsima Fast-RTPS\x1b[0m\n'}
[8.295899] (standing_mode) StdoutLine: {'line': b'writing standing_mode.egg-info/PKG-INFO\n'}
[8.296744] (standing_mode) StdoutLine: {'line': b'writing dependency_links to standing_mode.egg-info/dependency_links.txt\n'}
[8.297358] (standing_mode) StdoutLine: {'line': b'writing entry points to standing_mode.egg-info/entry_points.txt\n'}
[8.297804] (standing_mode) StdoutLine: {'line': b'writing requirements to standing_mode.egg-info/requires.txt\n'}
[8.298076] (standing_mode) StdoutLine: {'line': b'writing top-level names to standing_mode.egg-info/top_level.txt\n'}
[8.298412] (standing_mode) StdoutLine: {'line': b"writing manifest file 'standing_mode.egg-info/SOURCES.txt'\n"}
[8.310106] (object_recognition_interfaces) StdoutLine: {'line': b'[ 12%] \x1b[34m\x1b[1mGenerating C++ type support dispatch for ROS interfaces\x1b[0m\n'}
[8.317187] (object_recognition_interfaces) StdoutLine: {'line': b'[ 15%] \x1b[34m\x1b[1mGenerating C++ introspection for ROS interfaces\x1b[0m\n'}
[8.360985] (-) TimerEvent: {}
[8.419465] (standing_mode) StdoutLine: {'line': b"reading manifest file 'standing_mode.egg-info/SOURCES.txt'\n"}
[8.427708] (standing_mode) StdoutLine: {'line': b"writing manifest file 'standing_mode.egg-info/SOURCES.txt'\n"}
[8.442139] (object_recognition_interfaces) StdoutLine: {'line': b'[ 17%] \x1b[32mBuilding C object CMakeFiles/object_recognition_interfaces__rosidl_generator_c.dir/rosidl_generator_c/object_recognition_interfaces/srv/detail/detect_object__functions.c.o\x1b[0m\n'}
[8.452998] (object_recognition_interfaces) StdoutLine: {'line': b'[ 20%] \x1b[32mBuilding C object CMakeFiles/object_recognition_interfaces__rosidl_generator_c.dir/rosidl_generator_c/object_recognition_interfaces/srv/detail/add_object__functions.c.o\x1b[0m\n'}
[8.461767] (-) TimerEvent: {}
[8.542358] (standing_mode) StdoutLine: {'line': b'running build_ext\n'}
[8.543050] (speech_to_goal_interfaces) StdoutLine: {'line': b"reading manifest file 'speech_to_goal_interfaces.egg-info/SOURCES.txt'\n"}
[8.543284] (standing_mode) StdoutLine: {'line': b'Creating /home/tknika/gral-iiriondo/unitree_ws/install/standing_mode/lib/python3.10/site-packages/standing-mode.egg-link (link to .)\n'}
[8.544016] (speech_to_goal_interfaces) StdoutLine: {'line': b"writing manifest file 'speech_to_goal_interfaces.egg-info/SOURCES.txt'\n"}
[8.545568] (standing_mode) StdoutLine: {'line': b'Installing standing_mode script to /home/tknika/gral-iiriondo/unitree_ws/install/standing_mode/lib/standing_mode\n'}
[8.555044] (standing_mode) StdoutLine: {'line': b'\n'}
[8.556663] (standing_mode) StdoutLine: {'line': b'Installed /home/tknika/gral-iiriondo/unitree_ws/build/standing_mode\n'}
[8.556917] (standing_mode) StdoutLine: {'line': b'running symlink_data\n'}
[8.557067] (standing_mode) StdoutLine: {'line': b'creating /home/tknika/gral-iiriondo/unitree_ws/install/standing_mode/share/ament_index\n'}
[8.557209] (standing_mode) StdoutLine: {'line': b'creating /home/tknika/gral-iiriondo/unitree_ws/install/standing_mode/share/ament_index/resource_index\n'}
[8.557343] (standing_mode) StdoutLine: {'line': b'creating /home/tknika/gral-iiriondo/unitree_ws/install/standing_mode/share/ament_index/resource_index/packages\n'}
[8.559653] (standing_mode) StdoutLine: {'line': b'symbolically linking /home/tknika/gral-iiriondo/unitree_ws/build/standing_mode/resource/standing_mode -> /home/tknika/gral-iiriondo/unitree_ws/install/standing_mode/share/ament_index/resource_index/packages\n'}
[8.560147] (standing_mode) StdoutLine: {'line': b'symbolically linking /home/tknika/gral-iiriondo/unitree_ws/build/standing_mode/package.xml -> /home/tknika/gral-iiriondo/unitree_ws/install/standing_mode/share/standing_mode\n'}
[8.560323] (standing_mode) StdoutLine: {'line': b'creating /home/tknika/gral-iiriondo/unitree_ws/install/standing_mode/share/standing_mode/launch\n'}
[8.560461] (standing_mode) StdoutLine: {'line': b'symbolically linking /home/tknika/gral-iiriondo/unitree_ws/build/standing_mode/launch/standing_mode.launch.py -> /home/tknika/gral-iiriondo/unitree_ws/install/standing_mode/share/standing_mode/launch\n'}
[8.560597] (standing_mode) StdoutLine: {'line': b'creating /home/tknika/gral-iiriondo/unitree_ws/install/standing_mode/share/standing_mode/script\n'}
[8.560724] (standing_mode) StdoutLine: {'line': b'symbolically linking /home/tknika/gral-iiriondo/unitree_ws/build/standing_mode/script/unitree_stand.py -> /home/tknika/gral-iiriondo/unitree_ws/install/standing_mode/share/standing_mode/script\n'}
[8.561974] (-) TimerEvent: {}
[8.577674] (mapping_configuration) CommandEnded: {'returncode': 0}
[8.593869] (mapping_configuration) JobEnded: {'identifier': 'mapping_configuration', 'rc': 0}
[8.597766] (speech_to_goal_interfaces) StdoutLine: {'line': b'[  6%] Built target speech_to_goal_interfaces__rs\n'}
[8.662138] (-) TimerEvent: {}
[8.765694] (-) TimerEvent: {}
[8.785891] (asr) CommandEnded: {'returncode': 0}
[8.816322] (asr) JobEnded: {'identifier': 'asr', 'rc': 0}
[8.865844] (-) TimerEvent: {}
[8.890375] (object_recognition_interfaces) StdoutLine: {'line': b'[ 22%] \x1b[32m\x1b[1mLinking C shared library libobject_recognition_interfaces__rosidl_generator_c.so\x1b[0m\n'}
[8.965994] (-) TimerEvent: {}
[9.014085] (aruco_markers_msgs) StdoutLine: {'line': b'running egg_info\n'}
[9.017181] (speech_to_goal_interfaces) StdoutLine: {'line': b'[  6%] Built target ament_cmake_python_build_speech_to_goal_interfaces_egg\n'}
[9.028814] (aruco_markers_msgs) StdoutLine: {'line': b'creating aruco_markers_msgs.egg-info\n'}
[9.066150] (-) TimerEvent: {}
[9.068819] (aruco_markers_msgs) StdoutLine: {'line': b'writing aruco_markers_msgs.egg-info/PKG-INFO\n'}
[9.070922] (aruco_markers_msgs) StdoutLine: {'line': b'writing dependency_links to aruco_markers_msgs.egg-info/dependency_links.txt\n'}
[9.071429] (aruco_markers_msgs) StdoutLine: {'line': b'writing top-level names to aruco_markers_msgs.egg-info/top_level.txt\n'}
[9.071701] (aruco_markers_msgs) StdoutLine: {'line': b"writing manifest file 'aruco_markers_msgs.egg-info/SOURCES.txt'\n"}
[9.109642] (standing_mode) CommandEnded: {'returncode': 0}
[9.115666] (speech_to_goal_interfaces) StdoutLine: {'line': b'[  8%] \x1b[32mBuilding C object CMakeFiles/speech_to_goal_interfaces__rosidl_generator_c.dir/rosidl_generator_c/speech_to_goal_interfaces/msg/detail/waypoint__functions.c.o\x1b[0m\n'}
[9.152438] (standing_mode) JobEnded: {'identifier': 'standing_mode', 'rc': 0}
[9.156689] (speech_to_goal_interfaces) StdoutLine: {'line': b'[ 10%] \x1b[32mBuilding C object CMakeFiles/speech_to_goal_interfaces__rosidl_generator_c.dir/rosidl_generator_c/speech_to_goal_interfaces/srv/detail/detect_intent__functions.c.o\x1b[0m\n'}
[9.159900] (aruco_markers_msgs) StdoutLine: {'line': b'[ 10%] \x1b[32mBuilding C object CMakeFiles/aruco_markers_msgs__rosidl_generator_c.dir/rosidl_generator_c/aruco_markers_msgs/msg/detail/marker__functions.c.o\x1b[0m\n'}
[9.160665] (speech_to_goal_interfaces) StdoutLine: {'line': b'[ 12%] \x1b[32mBuilding C object CMakeFiles/speech_to_goal_interfaces__rosidl_generator_c.dir/rosidl_generator_c/speech_to_goal_interfaces/srv/detail/llm_query__functions.c.o\x1b[0m\n'}
[9.166345] (-) TimerEvent: {}
[9.166897] (object_recognition_interfaces) StdoutLine: {'line': b'[ 22%] Built target object_recognition_interfaces__rosidl_generator_c\n'}
[9.171462] (aruco_markers_msgs) StdoutLine: {'line': b'[ 12%] \x1b[32mBuilding C object CMakeFiles/aruco_markers_msgs__rosidl_generator_c.dir/rosidl_generator_c/aruco_markers_msgs/msg/detail/marker_array__functions.c.o\x1b[0m\n'}
[9.218250] (object_recognition_interfaces) StdoutLine: {'line': b'[ 25%] \x1b[34m\x1b[1mGenerating C type support for eProsima Fast-RTPS\x1b[0m\n'}
[9.240075] (aruco_markers_msgs) StdoutLine: {'line': b"reading manifest file 'aruco_markers_msgs.egg-info/SOURCES.txt'\n"}
[9.242825] (aruco_markers_msgs) StdoutLine: {'line': b"writing manifest file 'aruco_markers_msgs.egg-info/SOURCES.txt'\n"}
[9.262098] (object_recognition_interfaces) StdoutLine: {'line': b'[ 27%] \x1b[34m\x1b[1mGenerating C introspection for ROS interfaces\x1b[0m\n'}
[9.266519] (-) TimerEvent: {}
[9.268571] (aruco_markers_msgs) StdoutLine: {'line': b'[ 12%] Built target aruco_markers_msgs__rs\n'}
[9.279171] (object_recognition_interfaces) StdoutLine: {'line': b'[ 30%] \x1b[34m\x1b[1mGenerating C type support dispatch for ROS interfaces\x1b[0m\n'}
[9.366714] (-) TimerEvent: {}
[9.467405] (-) TimerEvent: {}
[9.484322] (aruco_markers_msgs) StdoutLine: {'line': b'[ 15%] \x1b[32m\x1b[1mLinking C shared library libaruco_markers_msgs__rosidl_generator_c.so\x1b[0m\n'}
[9.506475] (speech_to_goal_interfaces) StdoutLine: {'line': b'[ 12%] Built target speech_to_goal_interfaces__cpp\n'}
[9.528212] (aruco_markers_msgs) StdoutLine: {'line': b'[ 15%] Built target aruco_markers_msgs__cpp\n'}
[9.560907] (speech_to_goal_interfaces) StdoutLine: {'line': b'[ 14%] \x1b[34m\x1b[1mGenerating C++ type support dispatch for ROS interfaces\x1b[0m\n'}
[9.567585] (speech_to_goal_interfaces) StdoutLine: {'line': b'[ 16%] \x1b[32m\x1b[1mLinking C shared library libspeech_to_goal_interfaces__rosidl_generator_c.so\x1b[0m\n'}
[9.568089] (-) TimerEvent: {}
[9.575529] (aruco_markers_msgs) StdoutLine: {'line': b'[ 15%] Built target ament_cmake_python_build_aruco_markers_msgs_egg\n'}
[9.576607] (speech_to_goal_interfaces) StdoutLine: {'line': b'[ 18%] \x1b[34m\x1b[1mGenerating C++ type support for eProsima Fast-RTPS\x1b[0m\n'}
[9.589943] (aruco_markers_msgs) StdoutLine: {'line': b'[ 17%] \x1b[34m\x1b[1mGenerating C++ introspection for ROS interfaces\x1b[0m\n'}
[9.618635] (aruco_markers_msgs) StdoutLine: {'line': b'[ 20%] \x1b[34m\x1b[1mGenerating C++ type support for eProsima Fast-RTPS\x1b[0m\n'}
[9.624668] (aruco_markers_msgs) StdoutLine: {'line': b'[ 22%] \x1b[34m\x1b[1mGenerating C++ type support dispatch for ROS interfaces\x1b[0m\n'}
[9.636721] (speech_to_goal_interfaces) StdoutLine: {'line': b'[ 20%] \x1b[34m\x1b[1mGenerating C++ introspection for ROS interfaces\x1b[0m\n'}
[9.668498] (-) TimerEvent: {}
[9.725915] (aruco_markers_msgs) StdoutLine: {'line': b'[ 22%] Built target aruco_markers_msgs__rosidl_generator_c\n'}
[9.768653] (-) TimerEvent: {}
[9.823529] (aruco_markers_msgs) StdoutLine: {'line': b'[ 27%] \x1b[34m\x1b[1mGenerating C introspection for ROS interfaces\x1b[0m\n'}
[9.838685] (speech_to_goal_interfaces) StdoutLine: {'line': b'[ 20%] Built target speech_to_goal_interfaces__rosidl_generator_c\n'}
[9.842638] (aruco_markers_msgs) StdoutLine: {'line': b'[ 27%] \x1b[34m\x1b[1mGenerating C type support for eProsima Fast-RTPS\x1b[0m\n'}
[9.845779] (aruco_markers_msgs) StdoutLine: {'line': b'[ 30%] \x1b[34m\x1b[1mGenerating C type support dispatch for ROS interfaces\x1b[0m\n'}
[9.868819] (-) TimerEvent: {}
[9.965622] (speech_to_goal_interfaces) StdoutLine: {'line': b'[ 22%] \x1b[34m\x1b[1mGenerating C introspection for ROS interfaces\x1b[0m\n'}
[9.969776] (-) TimerEvent: {}
[9.971784] (speech_to_goal_interfaces) StdoutLine: {'line': b'[ 25%] \x1b[34m\x1b[1mGenerating C type support for eProsima Fast-RTPS\x1b[0m\n'}
[9.984943] (speech_to_goal_interfaces) StdoutLine: {'line': b'[ 27%] \x1b[34m\x1b[1mGenerating C type support dispatch for ROS interfaces\x1b[0m\n'}
[10.072162] (-) TimerEvent: {}
[10.173595] (-) TimerEvent: {}
[10.274537] (-) TimerEvent: {}
[10.375957] (-) TimerEvent: {}
[10.477094] (-) TimerEvent: {}
[10.578090] (-) TimerEvent: {}
[10.679101] (-) TimerEvent: {}
[10.691595] (object_recognition_interfaces) StdoutLine: {'line': b'[ 32%] \x1b[32mBuilding CXX object CMakeFiles/object_recognition_interfaces__rosidl_typesupport_cpp.dir/rosidl_typesupport_cpp/object_recognition_interfaces/srv/add_object__type_support.cpp.o\x1b[0m\n'}
[10.698924] (object_recognition_interfaces) StdoutLine: {'line': b'[ 35%] \x1b[32mBuilding CXX object CMakeFiles/object_recognition_interfaces__rosidl_typesupport_cpp.dir/rosidl_typesupport_cpp/object_recognition_interfaces/srv/detect_object__type_support.cpp.o\x1b[0m\n'}
[10.779270] (-) TimerEvent: {}
[10.880283] (-) TimerEvent: {}
[10.981299] (-) TimerEvent: {}
[11.082294] (-) TimerEvent: {}
[11.118608] (object_recognition_interfaces) StdoutLine: {'line': b'[ 37%] \x1b[32mBuilding CXX object CMakeFiles/object_recognition_interfaces__rosidl_typesupport_introspection_cpp.dir/rosidl_typesupport_introspection_cpp/object_recognition_interfaces/srv/detail/detect_object__type_support.cpp.o\x1b[0m\n'}
[11.128310] (object_recognition_interfaces) StdoutLine: {'line': b'[ 40%] \x1b[32mBuilding CXX object CMakeFiles/object_recognition_interfaces__rosidl_typesupport_introspection_cpp.dir/rosidl_typesupport_introspection_cpp/object_recognition_interfaces/srv/detail/add_object__type_support.cpp.o\x1b[0m\n'}
[11.182449] (-) TimerEvent: {}
[11.230888] (object_recognition_interfaces) StdoutLine: {'line': b'[ 42%] \x1b[32mBuilding CXX object CMakeFiles/object_recognition_interfaces__rosidl_typesupport_fastrtps_cpp.dir/rosidl_typesupport_fastrtps_cpp/object_recognition_interfaces/srv/detail/dds_fastrtps/detect_object__type_support.cpp.o\x1b[0m\n'}
[11.282601] (-) TimerEvent: {}
[11.383652] (-) TimerEvent: {}
[11.484909] (-) TimerEvent: {}
[11.585942] (-) TimerEvent: {}
[11.686950] (-) TimerEvent: {}
[11.787966] (-) TimerEvent: {}
[11.889061] (-) TimerEvent: {}
[11.912574] (aruco_markers_msgs) StdoutLine: {'line': b'[ 32%] \x1b[32mBuilding CXX object CMakeFiles/aruco_markers_msgs__rosidl_typesupport_fastrtps_c.dir/rosidl_typesupport_fastrtps_c/aruco_markers_msgs/msg/detail/marker__type_support_c.cpp.o\x1b[0m\n'}
[11.950895] (aruco_markers_msgs) StdoutLine: {'line': b'[ 35%] \x1b[32mBuilding CXX object CMakeFiles/aruco_markers_msgs__rosidl_typesupport_fastrtps_c.dir/rosidl_typesupport_fastrtps_c/aruco_markers_msgs/msg/detail/marker_array__type_support_c.cpp.o\x1b[0m\n'}
[11.989747] (-) TimerEvent: {}
[12.091018] (-) TimerEvent: {}
[12.106341] (object_recognition_interfaces) StdoutLine: {'line': b'[ 45%] \x1b[32mBuilding C object CMakeFiles/object_recognition_interfaces__rosidl_typesupport_introspection_c.dir/rosidl_typesupport_introspection_c/object_recognition_interfaces/srv/detail/detect_object__type_support.c.o\x1b[0m\n'}
[12.108023] (object_recognition_interfaces) StdoutLine: {'line': b'[ 47%] \x1b[32mBuilding CXX object CMakeFiles/object_recognition_interfaces__rosidl_typesupport_c.dir/rosidl_typesupport_c/object_recognition_interfaces/srv/detect_object__type_support.cpp.o\x1b[0m\n'}
[12.191208] (-) TimerEvent: {}
[12.215286] (object_recognition_interfaces) StdoutLine: {'line': b'[ 50%] \x1b[32mBuilding CXX object CMakeFiles/object_recognition_interfaces__rosidl_typesupport_fastrtps_c.dir/rosidl_typesupport_fastrtps_c/object_recognition_interfaces/srv/detail/detect_object__type_support_c.cpp.o\x1b[0m\n'}
[12.271092] (aruco_markers_msgs) StdoutLine: {'line': b'[ 37%] \x1b[32mBuilding CXX object CMakeFiles/aruco_markers_msgs__rosidl_typesupport_introspection_cpp.dir/rosidl_typesupport_introspection_cpp/aruco_markers_msgs/msg/detail/marker__type_support.cpp.o\x1b[0m\n'}
[12.282785] (aruco_markers_msgs) StdoutLine: {'line': b'[ 40%] \x1b[32mBuilding CXX object CMakeFiles/aruco_markers_msgs__rosidl_typesupport_introspection_cpp.dir/rosidl_typesupport_introspection_cpp/aruco_markers_msgs/msg/detail/marker_array__type_support.cpp.o\x1b[0m\n'}
[12.291376] (-) TimerEvent: {}
[12.315579] (object_recognition_interfaces) StdoutLine: {'line': b'[ 52%] \x1b[32mBuilding CXX object CMakeFiles/object_recognition_interfaces__rosidl_typesupport_fastrtps_cpp.dir/rosidl_typesupport_fastrtps_cpp/object_recognition_interfaces/srv/detail/dds_fastrtps/add_object__type_support.cpp.o\x1b[0m\n'}
[12.389037] (object_recognition_interfaces) StdoutLine: {'line': b'[ 55%] \x1b[32mBuilding C object CMakeFiles/object_recognition_interfaces__rosidl_typesupport_introspection_c.dir/rosidl_typesupport_introspection_c/object_recognition_interfaces/srv/detail/add_object__type_support.c.o\x1b[0m\n'}
[12.391501] (-) TimerEvent: {}
[12.430281] (aruco_markers_msgs) StdoutLine: {'line': b'[ 42%] \x1b[32mBuilding CXX object CMakeFiles/aruco_markers_msgs__rosidl_typesupport_fastrtps_cpp.dir/rosidl_typesupport_fastrtps_cpp/aruco_markers_msgs/msg/detail/dds_fastrtps/marker__type_support.cpp.o\x1b[0m\n'}
[12.483419] (object_recognition_interfaces) StdoutLine: {'line': b'[ 57%] \x1b[32mBuilding CXX object CMakeFiles/object_recognition_interfaces__rosidl_typesupport_c.dir/rosidl_typesupport_c/object_recognition_interfaces/srv/add_object__type_support.cpp.o\x1b[0m\n'}
[12.491683] (-) TimerEvent: {}
[12.555688] (speech_to_goal_interfaces) StdoutLine: {'line': b'[ 29%] \x1b[32mBuilding C object CMakeFiles/speech_to_goal_interfaces__rosidl_typesupport_introspection_c.dir/rosidl_typesupport_introspection_c/speech_to_goal_interfaces/msg/detail/waypoint__type_support.c.o\x1b[0m\n'}
[12.576289] (speech_to_goal_interfaces) StdoutLine: {'line': b'[ 31%] \x1b[32mBuilding C object CMakeFiles/speech_to_goal_interfaces__rosidl_typesupport_introspection_c.dir/rosidl_typesupport_introspection_c/speech_to_goal_interfaces/srv/detail/llm_query__type_support.c.o\x1b[0m\n'}
[12.591868] (-) TimerEvent: {}
[12.607084] (speech_to_goal_interfaces) StdoutLine: {'line': b'[ 33%] \x1b[32mBuilding C object CMakeFiles/speech_to_goal_interfaces__rosidl_typesupport_introspection_c.dir/rosidl_typesupport_introspection_c/speech_to_goal_interfaces/srv/detail/detect_intent__type_support.c.o\x1b[0m\n'}
[12.643408] (speech_to_goal_interfaces) StdoutLine: {'line': b'[ 35%] \x1b[32mBuilding CXX object CMakeFiles/speech_to_goal_interfaces__rosidl_typesupport_cpp.dir/rosidl_typesupport_cpp/speech_to_goal_interfaces/msg/waypoint__type_support.cpp.o\x1b[0m\n'}
[12.658807] (object_recognition_interfaces) StdoutLine: {'line': b'[ 60%] \x1b[32m\x1b[1mLinking CXX shared library libobject_recognition_interfaces__rosidl_typesupport_cpp.so\x1b[0m\n'}
[12.691792] (speech_to_goal_interfaces) StdoutLine: {'line': b'[ 37%] \x1b[32mBuilding CXX object CMakeFiles/speech_to_goal_interfaces__rosidl_typesupport_introspection_cpp.dir/rosidl_typesupport_introspection_cpp/speech_to_goal_interfaces/msg/detail/waypoint__type_support.cpp.o\x1b[0m\n'}
[12.692332] (-) TimerEvent: {}
[12.710896] (object_recognition_interfaces) StdoutLine: {'line': b'[ 62%] \x1b[32m\x1b[1mLinking C shared library libobject_recognition_interfaces__rosidl_typesupport_introspection_c.so\x1b[0m\n'}
[12.783122] (object_recognition_interfaces) StdoutLine: {'line': b'[ 65%] \x1b[32m\x1b[1mLinking CXX shared library libobject_recognition_interfaces__rosidl_typesupport_c.so\x1b[0m\n'}
[12.783890] (speech_to_goal_interfaces) StdoutLine: {'line': b'[ 39%] \x1b[32mBuilding CXX object CMakeFiles/speech_to_goal_interfaces__rosidl_typesupport_introspection_cpp.dir/rosidl_typesupport_introspection_cpp/speech_to_goal_interfaces/srv/detail/llm_query__type_support.cpp.o\x1b[0m\n'}
[12.792532] (-) TimerEvent: {}
[12.798957] (aruco_markers_msgs) StdoutLine: {'line': b'[ 45%] \x1b[32mBuilding CXX object CMakeFiles/aruco_markers_msgs__rosidl_typesupport_cpp.dir/rosidl_typesupport_cpp/aruco_markers_msgs/msg/marker__type_support.cpp.o\x1b[0m\n'}
[12.892758] (-) TimerEvent: {}
[12.896374] (aruco_markers_msgs) StdoutLine: {'line': b'[ 47%] \x1b[32mBuilding CXX object CMakeFiles/aruco_markers_msgs__rosidl_typesupport_c.dir/rosidl_typesupport_c/aruco_markers_msgs/msg/marker__type_support.cpp.o\x1b[0m\n'}
[12.970482] (object_recognition_interfaces) StdoutLine: {'line': b'[ 65%] Built target object_recognition_interfaces__rosidl_typesupport_introspection_c\n'}
[12.974441] (speech_to_goal_interfaces) StdoutLine: {'line': b'[ 41%] \x1b[32mBuilding CXX object CMakeFiles/speech_to_goal_interfaces__rosidl_typesupport_introspection_cpp.dir/rosidl_typesupport_introspection_cpp/speech_to_goal_interfaces/srv/detail/detect_intent__type_support.cpp.o\x1b[0m\n'}
[12.992974] (-) TimerEvent: {}
[13.043809] (speech_to_goal_interfaces) StdoutLine: {'line': b'[ 43%] \x1b[32m\x1b[1mLinking C shared library libspeech_to_goal_interfaces__rosidl_typesupport_introspection_c.so\x1b[0m\n'}
[13.073957] (object_recognition_interfaces) StdoutLine: {'line': b'[ 67%] \x1b[32mBuilding CXX object CMakeFiles/object_recognition_interfaces__rosidl_typesupport_fastrtps_c.dir/rosidl_typesupport_fastrtps_c/object_recognition_interfaces/srv/detail/add_object__type_support_c.cpp.o\x1b[0m\n'}
[13.075005] (object_recognition_interfaces) StdoutLine: {'line': b'[ 67%] Built target object_recognition_interfaces__rosidl_typesupport_cpp\n'}
[13.086703] (object_recognition_interfaces) StdoutLine: {'line': b'[ 67%] Built target object_recognition_interfaces__rosidl_typesupport_c\n'}
[13.093173] (-) TimerEvent: {}
[13.121176] (aruco_markers_msgs) StdoutLine: {'line': b'[ 50%] \x1b[32mBuilding C object CMakeFiles/aruco_markers_msgs__rosidl_typesupport_introspection_c.dir/rosidl_typesupport_introspection_c/aruco_markers_msgs/msg/detail/marker__type_support.c.o\x1b[0m\n'}
[13.193368] (-) TimerEvent: {}
[13.294463] (-) TimerEvent: {}
[13.297939] (aruco_markers_msgs) StdoutLine: {'line': b'[ 52%] \x1b[32mBuilding CXX object CMakeFiles/aruco_markers_msgs__rosidl_typesupport_c.dir/rosidl_typesupport_c/aruco_markers_msgs/msg/marker_array__type_support.cpp.o\x1b[0m\n'}
[13.386581] (speech_to_goal_interfaces) StdoutLine: {'line': b'[ 43%] Built target speech_to_goal_interfaces__rosidl_typesupport_introspection_c\n'}
[13.394645] (-) TimerEvent: {}
[13.447938] (speech_to_goal_interfaces) StdoutLine: {'line': b'[ 45%] \x1b[32mBuilding CXX object CMakeFiles/speech_to_goal_interfaces__rosidl_typesupport_c.dir/rosidl_typesupport_c/speech_to_goal_interfaces/msg/waypoint__type_support.cpp.o\x1b[0m\n'}
[13.493958] (speech_to_goal_interfaces) StdoutLine: {'line': b'[ 47%] \x1b[32mBuilding CXX object CMakeFiles/speech_to_goal_interfaces__rosidl_typesupport_c.dir/rosidl_typesupport_c/speech_to_goal_interfaces/srv/llm_query__type_support.cpp.o\x1b[0m\n'}
[13.494743] (-) TimerEvent: {}
[13.541120] (aruco_markers_msgs) StdoutLine: {'line': b'[ 55%] \x1b[32mBuilding C object CMakeFiles/aruco_markers_msgs__rosidl_typesupport_introspection_c.dir/rosidl_typesupport_introspection_c/aruco_markers_msgs/msg/detail/marker_array__type_support.c.o\x1b[0m\n'}
[13.570288] (speech_to_goal_interfaces) StdoutLine: {'line': b'[ 50%] \x1b[32mBuilding CXX object CMakeFiles/speech_to_goal_interfaces__rosidl_typesupport_fastrtps_cpp.dir/rosidl_typesupport_fastrtps_cpp/speech_to_goal_interfaces/msg/detail/dds_fastrtps/waypoint__type_support.cpp.o\x1b[0m\n'}
[13.595034] (-) TimerEvent: {}
[13.599807] (speech_to_goal_interfaces) StdoutLine: {'line': b'[ 52%] \x1b[32mBuilding CXX object CMakeFiles/speech_to_goal_interfaces__rosidl_typesupport_fastrtps_cpp.dir/rosidl_typesupport_fastrtps_cpp/speech_to_goal_interfaces/srv/detail/dds_fastrtps/llm_query__type_support.cpp.o\x1b[0m\n'}
[13.649413] (aruco_markers_msgs) StdoutLine: {'line': b'[ 57%] \x1b[32m\x1b[1mLinking CXX shared library libaruco_markers_msgs__rosidl_typesupport_c.so\x1b[0m\n'}
[13.695433] (-) TimerEvent: {}
[13.778328] (speech_to_goal_interfaces) StdoutLine: {'line': b'[ 54%] \x1b[32mBuilding CXX object CMakeFiles/speech_to_goal_interfaces__rosidl_typesupport_c.dir/rosidl_typesupport_c/speech_to_goal_interfaces/srv/detect_intent__type_support.cpp.o\x1b[0m\n'}
[13.796087] (-) TimerEvent: {}
[13.814775] (aruco_markers_msgs) StdoutLine: {'line': b'[ 60%] \x1b[32m\x1b[1mLinking C shared library libaruco_markers_msgs__rosidl_typesupport_introspection_c.so\x1b[0m\n'}
[13.896270] (-) TimerEvent: {}
[13.997577] (-) TimerEvent: {}
[14.020285] (speech_to_goal_interfaces) StdoutLine: {'line': b'[ 56%] \x1b[32mBuilding CXX object CMakeFiles/speech_to_goal_interfaces__rosidl_typesupport_fastrtps_c.dir/rosidl_typesupport_fastrtps_c/speech_to_goal_interfaces/msg/detail/waypoint__type_support_c.cpp.o\x1b[0m\n'}
[14.055464] (aruco_markers_msgs) StdoutLine: {'line': b'[ 60%] Built target aruco_markers_msgs__rosidl_typesupport_c\n'}
[14.097748] (-) TimerEvent: {}
[14.123588] (aruco_markers_msgs) StdoutLine: {'line': b'[ 62%] \x1b[32mBuilding CXX object CMakeFiles/aruco_markers_msgs__rosidl_typesupport_cpp.dir/rosidl_typesupport_cpp/aruco_markers_msgs/msg/marker_array__type_support.cpp.o\x1b[0m\n'}
[14.156101] (speech_to_goal_interfaces) StdoutLine: {'line': b'[ 58%] \x1b[32m\x1b[1mLinking CXX shared library libspeech_to_goal_interfaces__rosidl_typesupport_c.so\x1b[0m\n'}
[14.163966] (aruco_markers_msgs) StdoutLine: {'line': b'[ 62%] Built target aruco_markers_msgs__rosidl_typesupport_introspection_c\n'}
[14.197964] (-) TimerEvent: {}
[14.282402] (aruco_markers_msgs) StdoutLine: {'line': b'[ 65%] \x1b[32mBuilding CXX object CMakeFiles/aruco_markers_msgs__rosidl_typesupport_fastrtps_cpp.dir/rosidl_typesupport_fastrtps_cpp/aruco_markers_msgs/msg/detail/dds_fastrtps/marker_array__type_support.cpp.o\x1b[0m\n'}
[14.298444] (-) TimerEvent: {}
[14.399699] (-) TimerEvent: {}
[14.476897] (speech_to_goal_interfaces) StdoutLine: {'line': b'[ 58%] Built target speech_to_goal_interfaces__rosidl_typesupport_c\n'}
[14.499895] (-) TimerEvent: {}
[14.557906] (speech_to_goal_interfaces) StdoutLine: {'line': b'[ 60%] \x1b[32mBuilding CXX object CMakeFiles/speech_to_goal_interfaces__rosidl_typesupport_fastrtps_c.dir/rosidl_typesupport_fastrtps_c/speech_to_goal_interfaces/srv/detail/llm_query__type_support_c.cpp.o\x1b[0m\n'}
[14.587300] (object_recognition_interfaces) StdoutLine: {'line': b'[ 70%] \x1b[32m\x1b[1mLinking CXX shared library libobject_recognition_interfaces__rosidl_typesupport_introspection_cpp.so\x1b[0m\n'}
[14.589779] (aruco_markers_msgs) StdoutLine: {'line': b'[ 67%] \x1b[32m\x1b[1mLinking CXX shared library libaruco_markers_msgs__rosidl_typesupport_fastrtps_c.so\x1b[0m\n'}
[14.600075] (-) TimerEvent: {}
[14.701300] (-) TimerEvent: {}
[14.744060] (speech_to_goal_interfaces) StdoutLine: {'line': b'[ 62%] \x1b[32mBuilding CXX object CMakeFiles/speech_to_goal_interfaces__rosidl_typesupport_cpp.dir/rosidl_typesupport_cpp/speech_to_goal_interfaces/srv/llm_query__type_support.cpp.o\x1b[0m\n'}
[14.801539] (-) TimerEvent: {}
[14.850777] (aruco_markers_msgs) StdoutLine: {'line': b'[ 70%] \x1b[32m\x1b[1mLinking CXX shared library libaruco_markers_msgs__rosidl_typesupport_introspection_cpp.so\x1b[0m\n'}
[14.901751] (-) TimerEvent: {}
[15.003328] (-) TimerEvent: {}
[15.104305] (-) TimerEvent: {}
[15.195003] (aruco_markers_msgs) StdoutLine: {'line': b'[ 70%] Built target aruco_markers_msgs__rosidl_typesupport_fastrtps_c\n'}
[15.204494] (-) TimerEvent: {}
[15.223478] (object_recognition_interfaces) StdoutLine: {'line': b'[ 70%] Built target object_recognition_interfaces__rosidl_typesupport_introspection_cpp\n'}
[15.230664] (aruco_markers_msgs) StdoutLine: {'line': b'[ 70%] Built target aruco_markers_msgs__rosidl_typesupport_introspection_cpp\n'}
[15.304860] (-) TimerEvent: {}
[15.306110] (speech_to_goal_interfaces) StdoutLine: {'line': b'[ 64%] \x1b[32mBuilding CXX object CMakeFiles/speech_to_goal_interfaces__rosidl_typesupport_fastrtps_cpp.dir/rosidl_typesupport_fastrtps_cpp/speech_to_goal_interfaces/srv/detail/dds_fastrtps/detect_intent__type_support.cpp.o\x1b[0m\n'}
[15.346786] (object_recognition_interfaces) StdoutLine: {'line': b'[ 72%] \x1b[32m\x1b[1mLinking CXX shared library libobject_recognition_interfaces__rosidl_typesupport_fastrtps_c.so\x1b[0m\n'}
[15.405054] (-) TimerEvent: {}
[15.426414] (speech_to_goal_interfaces) StdoutLine: {'line': b'[ 66%] \x1b[32mBuilding CXX object CMakeFiles/speech_to_goal_interfaces__rosidl_typesupport_cpp.dir/rosidl_typesupport_cpp/speech_to_goal_interfaces/srv/detect_intent__type_support.cpp.o\x1b[0m\n'}
[15.451787] (object_recognition_interfaces) StdoutLine: {'line': b'[ 75%] \x1b[32m\x1b[1mLinking CXX shared library libobject_recognition_interfaces__rosidl_typesupport_fastrtps_cpp.so\x1b[0m\n'}
[15.505262] (-) TimerEvent: {}
[15.574541] (speech_to_goal_interfaces) StdoutLine: {'line': b'[ 68%] \x1b[32mBuilding CXX object CMakeFiles/speech_to_goal_interfaces__rosidl_typesupport_fastrtps_c.dir/rosidl_typesupport_fastrtps_c/speech_to_goal_interfaces/srv/detail/detect_intent__type_support_c.cpp.o\x1b[0m\n'}
[15.587073] (aruco_markers_msgs) StdoutLine: {'line': b'[ 72%] \x1b[32m\x1b[1mLinking CXX shared library libaruco_markers_msgs__rosidl_typesupport_cpp.so\x1b[0m\n'}
[15.605478] (-) TimerEvent: {}
[15.638764] (speech_to_goal_interfaces) StdoutLine: {'line': b'[ 70%] \x1b[32m\x1b[1mLinking CXX shared library libspeech_to_goal_interfaces__rosidl_typesupport_introspection_cpp.so\x1b[0m\n'}
[15.705693] (-) TimerEvent: {}
[15.719428] (object_recognition_interfaces) StdoutLine: {'line': b'[ 75%] Built target object_recognition_interfaces__rosidl_typesupport_fastrtps_c\n'}
[15.805892] (-) TimerEvent: {}
[15.813879] (aruco_markers_msgs) StdoutLine: {'line': b'[ 72%] Built target aruco_markers_msgs__rosidl_typesupport_cpp\n'}
[15.886047] (object_recognition_interfaces) StdoutLine: {'line': b'[ 75%] Built target object_recognition_interfaces__rosidl_typesupport_fastrtps_cpp\n'}
[15.906078] (-) TimerEvent: {}
[15.944640] (object_recognition_interfaces) StdoutLine: {'line': b'[ 75%] Built target object_recognition_interfaces\n'}
[15.967403] (speech_to_goal_interfaces) StdoutLine: {'line': b'[ 70%] Built target speech_to_goal_interfaces__rosidl_typesupport_introspection_cpp\n'}
[15.988263] (aruco_markers_msgs) StdoutLine: {'line': b'[ 75%] \x1b[32m\x1b[1mLinking CXX shared library libaruco_markers_msgs__rosidl_typesupport_fastrtps_cpp.so\x1b[0m\n'}
[15.998569] (object_recognition_interfaces) StdoutLine: {'line': b'[ 77%] \x1b[34m\x1b[1mGenerating Python code for ROS interfaces\x1b[0m\n'}
[16.006259] (-) TimerEvent: {}
[16.107009] (-) TimerEvent: {}
[16.193272] (speech_to_goal_interfaces) StdoutLine: {'line': b'[ 72%] \x1b[32m\x1b[1mLinking CXX shared library libspeech_to_goal_interfaces__rosidl_typesupport_cpp.so\x1b[0m\n'}
[16.198483] (aruco_markers_msgs) StdoutLine: {'line': b'[ 75%] Built target aruco_markers_msgs__rosidl_typesupport_fastrtps_cpp\n'}
[16.208159] (-) TimerEvent: {}
[16.260221] (aruco_markers_msgs) StdoutLine: {'line': b'[ 75%] Built target aruco_markers_msgs\n'}
[16.284501] (speech_to_goal_interfaces) StdoutLine: {'line': b'[ 72%] Built target speech_to_goal_interfaces__rosidl_typesupport_cpp\n'}
[16.308037] (-) TimerEvent: {}
[16.311082] (aruco_markers_msgs) StdoutLine: {'line': b'[ 77%] \x1b[34m\x1b[1mGenerating Python code for ROS interfaces\x1b[0m\n'}
[16.408247] (-) TimerEvent: {}
[16.487210] (speech_to_goal_interfaces) StdoutLine: {'line': b'[ 75%] \x1b[32m\x1b[1mLinking CXX shared library libspeech_to_goal_interfaces__rosidl_typesupport_fastrtps_c.so\x1b[0m\n'}
[16.492283] (speech_to_goal_interfaces) StdoutLine: {'line': b'[ 77%] \x1b[32m\x1b[1mLinking CXX shared library libspeech_to_goal_interfaces__rosidl_typesupport_fastrtps_cpp.so\x1b[0m\n'}
[16.508389] (-) TimerEvent: {}
[16.609559] (-) TimerEvent: {}
[16.651244] (speech_to_goal_interfaces) StdoutLine: {'line': b'[ 77%] Built target speech_to_goal_interfaces__rosidl_typesupport_fastrtps_c\n'}
[16.702322] (speech_to_goal_interfaces) StdoutLine: {'line': b'[ 77%] Built target speech_to_goal_interfaces__rosidl_typesupport_fastrtps_cpp\n'}
[16.709761] (-) TimerEvent: {}
[16.743277] (speech_to_goal_interfaces) StdoutLine: {'line': b'[ 77%] Built target speech_to_goal_interfaces\n'}
[16.786068] (speech_to_goal_interfaces) StdoutLine: {'line': b'[ 79%] \x1b[34m\x1b[1mGenerating Python code for ROS interfaces\x1b[0m\n'}
[16.809925] (-) TimerEvent: {}
[16.910930] (-) TimerEvent: {}
[17.011556] (-) TimerEvent: {}
[17.112718] (-) TimerEvent: {}
[17.213322] (-) TimerEvent: {}
[17.313984] (-) TimerEvent: {}
[17.341205] (object_recognition_interfaces) StdoutLine: {'line': b'[ 77%] Built target object_recognition_interfaces__py\n'}
[17.384158] (object_recognition_interfaces) StdoutLine: {'line': b'[ 82%] \x1b[32mBuilding C object CMakeFiles/object_recognition_interfaces__rosidl_generator_py.dir/rosidl_generator_py/object_recognition_interfaces/srv/_detect_object_s.c.o\x1b[0m\n'}
[17.385038] (object_recognition_interfaces) StdoutLine: {'line': b'[ 82%] \x1b[32mBuilding C object CMakeFiles/object_recognition_interfaces__rosidl_generator_py.dir/rosidl_generator_py/object_recognition_interfaces/srv/_add_object_s.c.o\x1b[0m\n'}
[17.414160] (-) TimerEvent: {}
[17.497138] (aruco_markers_msgs) StdoutLine: {'line': b'[ 77%] Built target aruco_markers_msgs__py\n'}
[17.514323] (-) TimerEvent: {}
[17.539731] (aruco_markers_msgs) StdoutLine: {'line': b'[ 80%] \x1b[32mBuilding C object CMakeFiles/aruco_markers_msgs__rosidl_generator_py.dir/rosidl_generator_py/aruco_markers_msgs/msg/_marker_array_s.c.o\x1b[0m\n'}
[17.553740] (aruco_markers_msgs) StdoutLine: {'line': b'[ 82%] \x1b[32mBuilding C object CMakeFiles/aruco_markers_msgs__rosidl_generator_py.dir/rosidl_generator_py/aruco_markers_msgs/msg/_marker_s.c.o\x1b[0m\n'}
[17.601817] (object_recognition_interfaces) StdoutLine: {'line': b'[ 85%] \x1b[32m\x1b[1mLinking C shared library rosidl_generator_py/object_recognition_interfaces/libobject_recognition_interfaces__rosidl_generator_py.so\x1b[0m\n'}
[17.614548] (-) TimerEvent: {}
[17.703024] (object_recognition_interfaces) StdoutLine: {'line': b'[ 85%] Built target object_recognition_interfaces__rosidl_generator_py\n'}
[17.714840] (-) TimerEvent: {}
[17.748337] (object_recognition_interfaces) StdoutLine: {'line': b'[ 90%] \x1b[32mBuilding C object CMakeFiles/object_recognition_interfaces__rosidl_typesupport_introspection_c__pyext.dir/rosidl_generator_py/object_recognition_interfaces/_object_recognition_interfaces_s.ep.rosidl_typesupport_introspection_c.c.o\x1b[0m\n'}
[17.748842] (object_recognition_interfaces) StdoutLine: {'line': b'[ 90%] \x1b[32mBuilding C object CMakeFiles/object_recognition_interfaces__rosidl_typesupport_c__pyext.dir/rosidl_generator_py/object_recognition_interfaces/_object_recognition_interfaces_s.ep.rosidl_typesupport_c.c.o\x1b[0m\n'}
[17.749028] (object_recognition_interfaces) StdoutLine: {'line': b'[ 92%] \x1b[32mBuilding C object CMakeFiles/object_recognition_interfaces__rosidl_typesupport_fastrtps_c__pyext.dir/rosidl_generator_py/object_recognition_interfaces/_object_recognition_interfaces_s.ep.rosidl_typesupport_fastrtps_c.c.o\x1b[0m\n'}
[17.759765] (aruco_markers_msgs) StdoutLine: {'line': b'[ 85%] \x1b[32m\x1b[1mLinking C shared library rosidl_generator_py/aruco_markers_msgs/libaruco_markers_msgs__rosidl_generator_py.so\x1b[0m\n'}
[17.814885] (-) TimerEvent: {}
[17.846957] (aruco_markers_msgs) StdoutLine: {'line': b'[ 85%] Built target aruco_markers_msgs__rosidl_generator_py\n'}
[17.909929] (aruco_markers_msgs) StdoutLine: {'line': b'[ 87%] \x1b[32mBuilding C object CMakeFiles/aruco_markers_msgs__rosidl_typesupport_introspection_c__pyext.dir/rosidl_generator_py/aruco_markers_msgs/_aruco_markers_msgs_s.ep.rosidl_typesupport_introspection_c.c.o\x1b[0m\n'}
[17.910585] (aruco_markers_msgs) StdoutLine: {'line': b'[ 90%] \x1b[32mBuilding C object CMakeFiles/aruco_markers_msgs__rosidl_typesupport_fastrtps_c__pyext.dir/rosidl_generator_py/aruco_markers_msgs/_aruco_markers_msgs_s.ep.rosidl_typesupport_fastrtps_c.c.o\x1b[0m\n'}
[17.915045] (-) TimerEvent: {}
[17.939463] (aruco_markers_msgs) StdoutLine: {'line': b'[ 92%] \x1b[32mBuilding C object CMakeFiles/aruco_markers_msgs__rosidl_typesupport_c__pyext.dir/rosidl_generator_py/aruco_markers_msgs/_aruco_markers_msgs_s.ep.rosidl_typesupport_c.c.o\x1b[0m\n'}
[17.965763] (object_recognition_interfaces) StdoutLine: {'line': b'[ 95%] \x1b[32m\x1b[1mLinking C shared library rosidl_generator_py/object_recognition_interfaces/object_recognition_interfaces_s__rosidl_typesupport_introspection_c.cpython-310-aarch64-linux-gnu.so\x1b[0m\n'}
[17.970079] (object_recognition_interfaces) StdoutLine: {'line': b'[ 97%] \x1b[32m\x1b[1mLinking C shared library rosidl_generator_py/object_recognition_interfaces/object_recognition_interfaces_s__rosidl_typesupport_c.cpython-310-aarch64-linux-gnu.so\x1b[0m\n'}
[17.980558] (object_recognition_interfaces) StdoutLine: {'line': b'[100%] \x1b[32m\x1b[1mLinking C shared library rosidl_generator_py/object_recognition_interfaces/object_recognition_interfaces_s__rosidl_typesupport_fastrtps_c.cpython-310-aarch64-linux-gnu.so\x1b[0m\n'}
[18.016827] (-) TimerEvent: {}
[18.058781] (object_recognition_interfaces) StdoutLine: {'line': b'[100%] Built target object_recognition_interfaces__rosidl_typesupport_c__pyext\n'}
[18.061720] (object_recognition_interfaces) StdoutLine: {'line': b'[100%] Built target object_recognition_interfaces__rosidl_typesupport_introspection_c__pyext\n'}
[18.071096] (object_recognition_interfaces) StdoutLine: {'line': b'[100%] Built target object_recognition_interfaces__rosidl_typesupport_fastrtps_c__pyext\n'}
[18.102874] (object_recognition_interfaces) CommandEnded: {'returncode': 0}
[18.105275] (object_recognition_interfaces) JobProgress: {'identifier': 'object_recognition_interfaces', 'progress': 'install'}
[18.116988] (-) TimerEvent: {}
[18.130322] (aruco_markers_msgs) StdoutLine: {'line': b'[ 95%] \x1b[32m\x1b[1mLinking C shared library rosidl_generator_py/aruco_markers_msgs/aruco_markers_msgs_s__rosidl_typesupport_introspection_c.cpython-310-aarch64-linux-gnu.so\x1b[0m\n'}
[18.136121] (object_recognition_interfaces) Command: {'cmd': ['/usr/bin/cmake', '--install', '/home/tknika/gral-iiriondo/unitree_ws/build/object_recognition_interfaces'], 'cwd': '/home/tknika/gral-iiriondo/unitree_ws/build/object_recognition_interfaces', 'env': OrderedDict([('GJS_DEBUG_TOPICS', 'JS ERROR;JS LOG'), ('LESSOPEN', '| /usr/bin/lesspipe %s'), ('USER', 'tknika'), ('OLLAMA_LLM_LIBRARY', 'cuda'), ('XDG_SESSION_TYPE', 'x11'), ('SHLVL', '2'), ('LD_LIBRARY_PATH', '/home/tknika/gral-iiriondo/unitree_ws/install/speech_to_goal_interfaces/lib:/home/tknika/gral-iiriondo/unitree_ws/install/object_recognition_interfaces/lib:/home/tknika/gral-iiriondo/unitree_ws/install/aruco_markers_msgs/lib:/usr/lib/aarch64-linux-gnu/nvidia:/usr/local/cuda/lib64:/usr/local/cuda-12.6/lib64:/usr/lib/aarch64-linux-gnu/nvidia:/usr/local/cuda/lib64:/opt/ros/humble/opt/rviz_ogre_vendor/lib:/opt/ros/humble/lib/aarch64-linux-gnu:/opt/ros/humble/lib:/usr/local/cuda-12.6/lib64:'), ('HOME', '/home/tknika'), ('OLDPWD', '/home/tknika/gral-iiriondo/docker'), ('DESKTOP_SESSION', 'ubuntu'), ('GIO_LAUNCHED_DESKTOP_FILE', '/usr/share/applications/terminator.desktop'), ('ROS_PYTHON_VERSION', '3'), ('GNOME_SHELL_SESSION_MODE', 'ubuntu'), ('GTK_MODULES', 'gail:atk-bridge'), ('MANAGERPID', '2429'), ('SYSTEMD_EXEC_PID', '2600'), ('DBUS_SESSION_BUS_ADDRESS', 'unix:path=/run/user/1000/bus'), ('COLORTERM', 'truecolor'), ('TERMINATOR_DBUS_NAME', 'net.tenshu.Terminator23558193cd9818af7fe4d2c2f5bd9d00f'), ('GIO_LAUNCHED_DESKTOP_FILE_PID', '5283'), ('IM_CONFIG_PHASE', '1'), ('COLCON_PREFIX_PATH', '/home/tknika/gral-iiriondo/unitree_ws/install'), ('CUDA_VISIBLE_DEVICES', '0'), ('ROS_DISTRO', 'humble'), ('GTK_IM_MODULE', 'ibus'), ('LOGNAME', 'tknika'), ('JOURNAL_STREAM', '8:53456'), ('_', '/usr/bin/colcon'), ('ROS_VERSION', '2'), ('XDG_SESSION_CLASS', 'user'), ('USERNAME', 'tknika'), ('TERM', 'xterm-256color'), ('GNOME_DESKTOP_SESSION_ID', 'this-is-deprecated'), ('ROS_LOCALHOST_ONLY', '0'), ('WINDOWPATH', '2'), ('PATH', '/usr/local/cuda-12.6/bin:/opt/ros/humble/bin:/usr/local/cuda-12.6/bin:/home/tknika/.cargo/bin:/home/tknika/.local/bin:/usr/local/sbin:/usr/local/bin:/usr/sbin:/usr/bin:/sbin:/bin:/usr/games:/usr/local/games:/snap/bin:/snap/bin'), ('SESSION_MANAGER', 'local/ubuntu:@/tmp/.ICE-unix/2576,unix/ubuntu:/tmp/.ICE-unix/2576'), ('INVOCATION_ID', 'd6126b6a242b499eb25ad0c9f51c9430'), ('XDG_MENU_PREFIX', 'gnome-'), ('XDG_RUNTIME_DIR', '/run/user/1000'), ('DISPLAY', ':1'), ('TERMINATOR_DBUS_PATH', '/net/tenshu/Terminator2'), ('LANG', 'en_US.UTF-8'), ('XDG_CURRENT_DESKTOP', 'ubuntu:GNOME'), ('IBUS_DISABLE_SNOOPER', '1'), ('RMW_IMPLEMENTATION', 'rmw_cyclonedds_cpp'), ('XMODIFIERS', '@im=ibus'), ('XDG_SESSION_DESKTOP', 'ubuntu'), ('XAUTHORITY', '/run/user/1000/gdm/Xauthority'), ('LS_COLORS', 'rs=0:di=01;34:ln=01;36:mh=00:pi=40;33:so=01;35:do=01;35:bd=40;33;01:cd=40;33;01:or=40;31;01:mi=00:su=37;41:sg=30;43:ca=30;41:tw=30;42:ow=34;42:st=37;44:ex=01;32:*.tar=01;31:*.tgz=01;31:*.arc=01;31:*.arj=01;31:*.taz=01;31:*.lha=01;31:*.lz4=01;31:*.lzh=01;31:*.lzma=01;31:*.tlz=01;31:*.txz=01;31:*.tzo=01;31:*.t7z=01;31:*.zip=01;31:*.z=01;31:*.dz=01;31:*.gz=01;31:*.lrz=01;31:*.lz=01;31:*.lzo=01;31:*.xz=01;31:*.zst=01;31:*.tzst=01;31:*.bz2=01;31:*.bz=01;31:*.tbz=01;31:*.tbz2=01;31:*.tz=01;31:*.deb=01;31:*.rpm=01;31:*.jar=01;31:*.war=01;31:*.ear=01;31:*.sar=01;31:*.rar=01;31:*.alz=01;31:*.ace=01;31:*.zoo=01;31:*.cpio=01;31:*.7z=01;31:*.rz=01;31:*.cab=01;31:*.wim=01;31:*.swm=01;31:*.dwm=01;31:*.esd=01;31:*.jpg=01;35:*.jpeg=01;35:*.mjpg=01;35:*.mjpeg=01;35:*.gif=01;35:*.bmp=01;35:*.pbm=01;35:*.pgm=01;35:*.ppm=01;35:*.tga=01;35:*.xbm=01;35:*.xpm=01;35:*.tif=01;35:*.tiff=01;35:*.png=01;35:*.svg=01;35:*.svgz=01;35:*.mng=01;35:*.pcx=01;35:*.mov=01;35:*.mpg=01;35:*.mpeg=01;35:*.m2v=01;35:*.mkv=01;35:*.webm=01;35:*.webp=01;35:*.ogm=01;35:*.mp4=01;35:*.m4v=01;35:*.mp4v=01;35:*.vob=01;35:*.qt=01;35:*.nuv=01;35:*.wmv=01;35:*.asf=01;35:*.rm=01;35:*.rmvb=01;35:*.flc=01;35:*.avi=01;35:*.fli=01;35:*.flv=01;35:*.gl=01;35:*.dl=01;35:*.xcf=01;35:*.xwd=01;35:*.yuv=01;35:*.cgm=01;35:*.emf=01;35:*.ogv=01;35:*.ogx=01;35:*.aac=00;36:*.au=00;36:*.flac=00;36:*.m4a=00;36:*.mid=00;36:*.midi=00;36:*.mka=00;36:*.mp3=00;36:*.mpc=00;36:*.ogg=00;36:*.ra=00;36:*.wav=00;36:*.oga=00;36:*.opus=00;36:*.spx=00;36:*.xspf=00;36:'), ('SSH_AGENT_LAUNCHER', 'gnome-keyring'), ('SSH_AUTH_SOCK', '/run/user/1000/keyring/ssh'), ('ROS_DOMAIN_ID', '42'), ('AMENT_PREFIX_PATH', '/home/tknika/gral-iiriondo/unitree_ws/install/standing_mode:/home/tknika/gral-iiriondo/unitree_ws/install/speech_to_goal:/home/tknika/gral-iiriondo/unitree_ws/install/speech_to_goal_interfaces:/home/tknika/gral-iiriondo/unitree_ws/install/slam_analysis:/home/tknika/gral-iiriondo/unitree_ws/install/object_recognition:/home/tknika/gral-iiriondo/unitree_ws/install/object_recognition_interfaces:/home/tknika/gral-iiriondo/unitree_ws/install/mapping_configuration:/home/tknika/gral-iiriondo/unitree_ws/install/go1_description:/home/tknika/gral-iiriondo/unitree_ws/install/asr:/home/tknika/gral-iiriondo/unitree_ws/install/aruco_detector:/home/tknika/gral-iiriondo/unitree_ws/install/aruco_markers_msgs:/opt/ros/humble'), ('SHELL', '/bin/bash'), ('TERMINATOR_UUID', 'urn:uuid:620aa88c-a79c-4fae-9e73-5e28589bde45'), ('QT_ACCESSIBILITY', '1'), ('GDMSESSION', 'ubuntu'), ('LESSCLOSE', '/usr/bin/lesspipe %s %s'), ('GPG_AGENT_INFO', '/run/user/1000/gnupg/S.gpg-agent:0:1'), ('GJS_DEBUG_OUTPUT', 'stderr'), ('QT_IM_MODULE', 'ibus'), ('PWD', '/home/tknika/gral-iiriondo/unitree_ws/build/object_recognition_interfaces'), ('XDG_CONFIG_DIRS', '/etc/xdg/xdg-ubuntu:/etc/xdg'), ('XDG_DATA_DIRS', '/usr/share/ubuntu:/usr/share/gnome:/usr/local/share/:/usr/share/:/var/lib/snapd/desktop'), ('PYTHONPATH', '/home/tknika/gral-iiriondo/unitree_ws/build/standing_mode:/home/tknika/gral-iiriondo/unitree_ws/install/standing_mode/lib/python3.10/site-packages:/home/tknika/gral-iiriondo/unitree_ws/build/speech_to_goal:/home/tknika/gral-iiriondo/unitree_ws/install/speech_to_goal/lib/python3.10/site-packages:/home/tknika/gral-iiriondo/unitree_ws/install/speech_to_goal_interfaces/local/lib/python3.10/dist-packages:/home/tknika/gral-iiriondo/unitree_ws/build/slam_analysis:/home/tknika/gral-iiriondo/unitree_ws/install/slam_analysis/lib/python3.10/site-packages:/home/tknika/gral-iiriondo/unitree_ws/build/object_recognition:/home/tknika/gral-iiriondo/unitree_ws/install/object_recognition/lib/python3.10/site-packages:/home/tknika/gral-iiriondo/unitree_ws/install/object_recognition_interfaces/local/lib/python3.10/dist-packages:/home/tknika/gral-iiriondo/unitree_ws/build/mapping_configuration:/home/tknika/gral-iiriondo/unitree_ws/install/mapping_configuration/lib/python3.10/site-packages:/home/tknika/gral-iiriondo/unitree_ws/build/go1_description:/home/tknika/gral-iiriondo/unitree_ws/install/go1_description/lib/python3.10/site-packages:/home/tknika/gral-iiriondo/unitree_ws/build/asr:/home/tknika/gral-iiriondo/unitree_ws/install/asr/lib/python3.10/site-packages:/home/tknika/gral-iiriondo/unitree_ws/build/aruco_detector:/home/tknika/gral-iiriondo/unitree_ws/install/aruco_detector/lib/python3.10/site-packages:/home/tknika/gral-iiriondo/unitree_ws/install/aruco_markers_msgs/local/lib/python3.10/dist-packages:/home/tknika/gral-iiriondo-main/unitree_ws/src/unitree_legged_sdk/lib/python/arm64:/home/tknika/gral-iiriondo-main/unitree_ws/src/unitree_legged_sdk/lib/python/arm64:/opt/ros/humble/lib/python3.10/site-packages:/opt/ros/humble/local/lib/python3.10/dist-packages'), ('COLCON', '1'), ('VTE_VERSION', '6800'), ('CMAKE_PREFIX_PATH', '/home/tknika/gral-iiriondo/unitree_ws/install/speech_to_goal_interfaces:/home/tknika/gral-iiriondo/unitree_ws/install/object_recognition_interfaces:/home/tknika/gral-iiriondo/unitree_ws/install/aruco_markers_msgs:/home/tknika/gral-iiriondo/unitree_ws/install/standing_mode:/home/tknika/gral-iiriondo/unitree_ws/install/speech_to_goal:/home/tknika/gral-iiriondo/unitree_ws/install/slam_analysis:/home/tknika/gral-iiriondo/unitree_ws/install/object_recognition:/home/tknika/gral-iiriondo/unitree_ws/install/mapping_configuration:/home/tknika/gral-iiriondo/unitree_ws/install/go1_description:/home/tknika/gral-iiriondo/unitree_ws/install/asr:/home/tknika/gral-iiriondo/unitree_ws/install/aruco_detector:/opt/ros/humble')]), 'shell': False}
[18.150660] (object_recognition_interfaces) StdoutLine: {'line': b'-- Install configuration: ""\n'}
[18.152528] (object_recognition_interfaces) StdoutLine: {'line': b'-- Execute custom install script\n'}
[18.152952] (object_recognition_interfaces) StdoutLine: {'line': b'-- Symlinking: /home/tknika/gral-iiriondo/unitree_ws/install/object_recognition_interfaces/share/ament_index/resource_index/rosidl_interfaces/object_recognition_interfaces\n'}
[18.159292] (aruco_markers_msgs) StdoutLine: {'line': b'[ 97%] \x1b[32m\x1b[1mLinking C shared library rosidl_generator_py/aruco_markers_msgs/aruco_markers_msgs_s__rosidl_typesupport_fastrtps_c.cpython-310-aarch64-linux-gnu.so\x1b[0m\n'}
[18.168169] (aruco_markers_msgs) StdoutLine: {'line': b'[100%] \x1b[32m\x1b[1mLinking C shared library rosidl_generator_py/aruco_markers_msgs/aruco_markers_msgs_s__rosidl_typesupport_c.cpython-310-aarch64-linux-gnu.so\x1b[0m\n'}
[18.184625] (object_recognition_interfaces) StdoutLine: {'line': b'-- Symlinking: /home/tknika/gral-iiriondo/unitree_ws/install/object_recognition_interfaces/include/object_recognition_interfaces/object_recognition_interfaces/msg/rosidl_generator_c__visibility_control.h\n'}
[18.203788] (object_recognition_interfaces) StdoutLine: {'line': b'-- Symlinking: /home/tknika/gral-iiriondo/unitree_ws/install/object_recognition_interfaces/include/object_recognition_interfaces/object_recognition_interfaces/srv/add_object.h\n'}
[18.217174] (-) TimerEvent: {}
[18.222145] (aruco_markers_msgs) StdoutLine: {'line': b'[100%] Built target aruco_markers_msgs__rosidl_typesupport_introspection_c__pyext\n'}
[18.227964] (object_recognition_interfaces) StdoutLine: {'line': b'-- Symlinking: /home/tknika/gral-iiriondo/unitree_ws/install/object_recognition_interfaces/include/object_recognition_interfaces/object_recognition_interfaces/srv/detail/add_object__functions.h\n'}
[18.247902] (object_recognition_interfaces) StdoutLine: {'line': b'-- Symlinking: /home/tknika/gral-iiriondo/unitree_ws/install/object_recognition_interfaces/include/object_recognition_interfaces/object_recognition_interfaces/srv/detail/add_object__struct.h\n'}
[18.261961] (aruco_markers_msgs) StdoutLine: {'line': b'[100%] Built target aruco_markers_msgs__rosidl_typesupport_fastrtps_c__pyext\n'}
[18.265512] (object_recognition_interfaces) StdoutLine: {'line': b'-- Symlinking: /home/tknika/gral-iiriondo/unitree_ws/install/object_recognition_interfaces/include/object_recognition_interfaces/object_recognition_interfaces/srv/detail/add_object__type_support.h\n'}
[18.267583] (aruco_markers_msgs) StdoutLine: {'line': b'[100%] Built target aruco_markers_msgs__rosidl_typesupport_c__pyext\n'}
[18.285622] (object_recognition_interfaces) StdoutLine: {'line': b'-- Symlinking: /home/tknika/gral-iiriondo/unitree_ws/install/object_recognition_interfaces/include/object_recognition_interfaces/object_recognition_interfaces/srv/detail/detect_object__functions.h\n'}
[18.290645] (speech_to_goal_interfaces) StdoutLine: {'line': b'[ 79%] Built target speech_to_goal_interfaces__py\n'}
[18.293610] (aruco_markers_msgs) CommandEnded: {'returncode': 0}
[18.295218] (aruco_markers_msgs) JobProgress: {'identifier': 'aruco_markers_msgs', 'progress': 'install'}
[18.295660] (aruco_markers_msgs) Command: {'cmd': ['/usr/bin/cmake', '--install', '/home/tknika/gral-iiriondo/unitree_ws/build/aruco_markers_msgs'], 'cwd': '/home/tknika/gral-iiriondo/unitree_ws/build/aruco_markers_msgs', 'env': OrderedDict([('GJS_DEBUG_TOPICS', 'JS ERROR;JS LOG'), ('LESSOPEN', '| /usr/bin/lesspipe %s'), ('USER', 'tknika'), ('OLLAMA_LLM_LIBRARY', 'cuda'), ('XDG_SESSION_TYPE', 'x11'), ('SHLVL', '2'), ('LD_LIBRARY_PATH', '/home/tknika/gral-iiriondo/unitree_ws/install/speech_to_goal_interfaces/lib:/home/tknika/gral-iiriondo/unitree_ws/install/object_recognition_interfaces/lib:/home/tknika/gral-iiriondo/unitree_ws/install/aruco_markers_msgs/lib:/usr/lib/aarch64-linux-gnu/nvidia:/usr/local/cuda/lib64:/usr/local/cuda-12.6/lib64:/usr/lib/aarch64-linux-gnu/nvidia:/usr/local/cuda/lib64:/opt/ros/humble/opt/rviz_ogre_vendor/lib:/opt/ros/humble/lib/aarch64-linux-gnu:/opt/ros/humble/lib:/usr/local/cuda-12.6/lib64:'), ('HOME', '/home/tknika'), ('OLDPWD', '/home/tknika/gral-iiriondo/docker'), ('DESKTOP_SESSION', 'ubuntu'), ('GIO_LAUNCHED_DESKTOP_FILE', '/usr/share/applications/terminator.desktop'), ('ROS_PYTHON_VERSION', '3'), ('GNOME_SHELL_SESSION_MODE', 'ubuntu'), ('GTK_MODULES', 'gail:atk-bridge'), ('MANAGERPID', '2429'), ('SYSTEMD_EXEC_PID', '2600'), ('DBUS_SESSION_BUS_ADDRESS', 'unix:path=/run/user/1000/bus'), ('COLORTERM', 'truecolor'), ('TERMINATOR_DBUS_NAME', 'net.tenshu.Terminator23558193cd9818af7fe4d2c2f5bd9d00f'), ('GIO_LAUNCHED_DESKTOP_FILE_PID', '5283'), ('IM_CONFIG_PHASE', '1'), ('COLCON_PREFIX_PATH', '/home/tknika/gral-iiriondo/unitree_ws/install'), ('CUDA_VISIBLE_DEVICES', '0'), ('ROS_DISTRO', 'humble'), ('GTK_IM_MODULE', 'ibus'), ('LOGNAME', 'tknika'), ('JOURNAL_STREAM', '8:53456'), ('_', '/usr/bin/colcon'), ('ROS_VERSION', '2'), ('XDG_SESSION_CLASS', 'user'), ('USERNAME', 'tknika'), ('TERM', 'xterm-256color'), ('GNOME_DESKTOP_SESSION_ID', 'this-is-deprecated'), ('ROS_LOCALHOST_ONLY', '0'), ('WINDOWPATH', '2'), ('PATH', '/usr/local/cuda-12.6/bin:/opt/ros/humble/bin:/usr/local/cuda-12.6/bin:/home/tknika/.cargo/bin:/home/tknika/.local/bin:/usr/local/sbin:/usr/local/bin:/usr/sbin:/usr/bin:/sbin:/bin:/usr/games:/usr/local/games:/snap/bin:/snap/bin'), ('SESSION_MANAGER', 'local/ubuntu:@/tmp/.ICE-unix/2576,unix/ubuntu:/tmp/.ICE-unix/2576'), ('INVOCATION_ID', 'd6126b6a242b499eb25ad0c9f51c9430'), ('XDG_MENU_PREFIX', 'gnome-'), ('XDG_RUNTIME_DIR', '/run/user/1000'), ('DISPLAY', ':1'), ('TERMINATOR_DBUS_PATH', '/net/tenshu/Terminator2'), ('LANG', 'en_US.UTF-8'), ('XDG_CURRENT_DESKTOP', 'ubuntu:GNOME'), ('IBUS_DISABLE_SNOOPER', '1'), ('RMW_IMPLEMENTATION', 'rmw_cyclonedds_cpp'), ('XMODIFIERS', '@im=ibus'), ('XDG_SESSION_DESKTOP', 'ubuntu'), ('XAUTHORITY', '/run/user/1000/gdm/Xauthority'), ('LS_COLORS', 'rs=0:di=01;34:ln=01;36:mh=00:pi=40;33:so=01;35:do=01;35:bd=40;33;01:cd=40;33;01:or=40;31;01:mi=00:su=37;41:sg=30;43:ca=30;41:tw=30;42:ow=34;42:st=37;44:ex=01;32:*.tar=01;31:*.tgz=01;31:*.arc=01;31:*.arj=01;31:*.taz=01;31:*.lha=01;31:*.lz4=01;31:*.lzh=01;31:*.lzma=01;31:*.tlz=01;31:*.txz=01;31:*.tzo=01;31:*.t7z=01;31:*.zip=01;31:*.z=01;31:*.dz=01;31:*.gz=01;31:*.lrz=01;31:*.lz=01;31:*.lzo=01;31:*.xz=01;31:*.zst=01;31:*.tzst=01;31:*.bz2=01;31:*.bz=01;31:*.tbz=01;31:*.tbz2=01;31:*.tz=01;31:*.deb=01;31:*.rpm=01;31:*.jar=01;31:*.war=01;31:*.ear=01;31:*.sar=01;31:*.rar=01;31:*.alz=01;31:*.ace=01;31:*.zoo=01;31:*.cpio=01;31:*.7z=01;31:*.rz=01;31:*.cab=01;31:*.wim=01;31:*.swm=01;31:*.dwm=01;31:*.esd=01;31:*.jpg=01;35:*.jpeg=01;35:*.mjpg=01;35:*.mjpeg=01;35:*.gif=01;35:*.bmp=01;35:*.pbm=01;35:*.pgm=01;35:*.ppm=01;35:*.tga=01;35:*.xbm=01;35:*.xpm=01;35:*.tif=01;35:*.tiff=01;35:*.png=01;35:*.svg=01;35:*.svgz=01;35:*.mng=01;35:*.pcx=01;35:*.mov=01;35:*.mpg=01;35:*.mpeg=01;35:*.m2v=01;35:*.mkv=01;35:*.webm=01;35:*.webp=01;35:*.ogm=01;35:*.mp4=01;35:*.m4v=01;35:*.mp4v=01;35:*.vob=01;35:*.qt=01;35:*.nuv=01;35:*.wmv=01;35:*.asf=01;35:*.rm=01;35:*.rmvb=01;35:*.flc=01;35:*.avi=01;35:*.fli=01;35:*.flv=01;35:*.gl=01;35:*.dl=01;35:*.xcf=01;35:*.xwd=01;35:*.yuv=01;35:*.cgm=01;35:*.emf=01;35:*.ogv=01;35:*.ogx=01;35:*.aac=00;36:*.au=00;36:*.flac=00;36:*.m4a=00;36:*.mid=00;36:*.midi=00;36:*.mka=00;36:*.mp3=00;36:*.mpc=00;36:*.ogg=00;36:*.ra=00;36:*.wav=00;36:*.oga=00;36:*.opus=00;36:*.spx=00;36:*.xspf=00;36:'), ('SSH_AGENT_LAUNCHER', 'gnome-keyring'), ('SSH_AUTH_SOCK', '/run/user/1000/keyring/ssh'), ('ROS_DOMAIN_ID', '42'), ('AMENT_PREFIX_PATH', '/home/tknika/gral-iiriondo/unitree_ws/install/standing_mode:/home/tknika/gral-iiriondo/unitree_ws/install/speech_to_goal:/home/tknika/gral-iiriondo/unitree_ws/install/speech_to_goal_interfaces:/home/tknika/gral-iiriondo/unitree_ws/install/slam_analysis:/home/tknika/gral-iiriondo/unitree_ws/install/object_recognition:/home/tknika/gral-iiriondo/unitree_ws/install/object_recognition_interfaces:/home/tknika/gral-iiriondo/unitree_ws/install/mapping_configuration:/home/tknika/gral-iiriondo/unitree_ws/install/go1_description:/home/tknika/gral-iiriondo/unitree_ws/install/asr:/home/tknika/gral-iiriondo/unitree_ws/install/aruco_detector:/home/tknika/gral-iiriondo/unitree_ws/install/aruco_markers_msgs:/opt/ros/humble'), ('SHELL', '/bin/bash'), ('TERMINATOR_UUID', 'urn:uuid:620aa88c-a79c-4fae-9e73-5e28589bde45'), ('QT_ACCESSIBILITY', '1'), ('GDMSESSION', 'ubuntu'), ('LESSCLOSE', '/usr/bin/lesspipe %s %s'), ('GPG_AGENT_INFO', '/run/user/1000/gnupg/S.gpg-agent:0:1'), ('GJS_DEBUG_OUTPUT', 'stderr'), ('QT_IM_MODULE', 'ibus'), ('PWD', '/home/tknika/gral-iiriondo/unitree_ws/build/aruco_markers_msgs'), ('XDG_CONFIG_DIRS', '/etc/xdg/xdg-ubuntu:/etc/xdg'), ('XDG_DATA_DIRS', '/usr/share/ubuntu:/usr/share/gnome:/usr/local/share/:/usr/share/:/var/lib/snapd/desktop'), ('PYTHONPATH', '/home/tknika/gral-iiriondo/unitree_ws/build/standing_mode:/home/tknika/gral-iiriondo/unitree_ws/install/standing_mode/lib/python3.10/site-packages:/home/tknika/gral-iiriondo/unitree_ws/build/speech_to_goal:/home/tknika/gral-iiriondo/unitree_ws/install/speech_to_goal/lib/python3.10/site-packages:/home/tknika/gral-iiriondo/unitree_ws/install/speech_to_goal_interfaces/local/lib/python3.10/dist-packages:/home/tknika/gral-iiriondo/unitree_ws/build/slam_analysis:/home/tknika/gral-iiriondo/unitree_ws/install/slam_analysis/lib/python3.10/site-packages:/home/tknika/gral-iiriondo/unitree_ws/build/object_recognition:/home/tknika/gral-iiriondo/unitree_ws/install/object_recognition/lib/python3.10/site-packages:/home/tknika/gral-iiriondo/unitree_ws/install/object_recognition_interfaces/local/lib/python3.10/dist-packages:/home/tknika/gral-iiriondo/unitree_ws/build/mapping_configuration:/home/tknika/gral-iiriondo/unitree_ws/install/mapping_configuration/lib/python3.10/site-packages:/home/tknika/gral-iiriondo/unitree_ws/build/go1_description:/home/tknika/gral-iiriondo/unitree_ws/install/go1_description/lib/python3.10/site-packages:/home/tknika/gral-iiriondo/unitree_ws/build/asr:/home/tknika/gral-iiriondo/unitree_ws/install/asr/lib/python3.10/site-packages:/home/tknika/gral-iiriondo/unitree_ws/build/aruco_detector:/home/tknika/gral-iiriondo/unitree_ws/install/aruco_detector/lib/python3.10/site-packages:/home/tknika/gral-iiriondo/unitree_ws/install/aruco_markers_msgs/local/lib/python3.10/dist-packages:/home/tknika/gral-iiriondo-main/unitree_ws/src/unitree_legged_sdk/lib/python/arm64:/home/tknika/gral-iiriondo-main/unitree_ws/src/unitree_legged_sdk/lib/python/arm64:/opt/ros/humble/lib/python3.10/site-packages:/opt/ros/humble/local/lib/python3.10/dist-packages'), ('COLCON', '1'), ('VTE_VERSION', '6800'), ('CMAKE_PREFIX_PATH', '/home/tknika/gral-iiriondo/unitree_ws/install/speech_to_goal_interfaces:/home/tknika/gral-iiriondo/unitree_ws/install/object_recognition_interfaces:/home/tknika/gral-iiriondo/unitree_ws/install/aruco_markers_msgs:/home/tknika/gral-iiriondo/unitree_ws/install/standing_mode:/home/tknika/gral-iiriondo/unitree_ws/install/speech_to_goal:/home/tknika/gral-iiriondo/unitree_ws/install/slam_analysis:/home/tknika/gral-iiriondo/unitree_ws/install/object_recognition:/home/tknika/gral-iiriondo/unitree_ws/install/mapping_configuration:/home/tknika/gral-iiriondo/unitree_ws/install/go1_description:/home/tknika/gral-iiriondo/unitree_ws/install/asr:/home/tknika/gral-iiriondo/unitree_ws/install/aruco_detector:/opt/ros/humble')]), 'shell': False}
[18.306325] (object_recognition_interfaces) StdoutLine: {'line': b'-- Symlinking: /home/tknika/gral-iiriondo/unitree_ws/install/object_recognition_interfaces/include/object_recognition_interfaces/object_recognition_interfaces/srv/detail/detect_object__struct.h\n'}
[18.311581] (aruco_markers_msgs) StdoutLine: {'line': b'-- Install configuration: ""\n'}
[18.312545] (aruco_markers_msgs) StdoutLine: {'line': b'-- Execute custom install script\n'}
[18.313249] (aruco_markers_msgs) StdoutLine: {'line': b'-- Symlinking: /home/tknika/gral-iiriondo/unitree_ws/install/aruco_markers_msgs/share/ament_index/resource_index/rosidl_interfaces/aruco_markers_msgs\n'}
[18.317386] (-) TimerEvent: {}
[18.327888] (object_recognition_interfaces) StdoutLine: {'line': b'-- Symlinking: /home/tknika/gral-iiriondo/unitree_ws/install/object_recognition_interfaces/include/object_recognition_interfaces/object_recognition_interfaces/srv/detail/detect_object__type_support.h\n'}
[18.332849] (aruco_markers_msgs) StdoutLine: {'line': b'-- Symlinking: /home/tknika/gral-iiriondo/unitree_ws/install/aruco_markers_msgs/include/aruco_markers_msgs/aruco_markers_msgs/msg/detail/marker__functions.h\n'}
[18.333397] (speech_to_goal_interfaces) StdoutLine: {'line': b'[ 83%] \x1b[32mBuilding C object CMakeFiles/speech_to_goal_interfaces__rosidl_generator_py.dir/rosidl_generator_py/speech_to_goal_interfaces/srv/_detect_intent_s.c.o\x1b[0m\n'}
[18.333676] (speech_to_goal_interfaces) StdoutLine: {'line': b'[ 83%] \x1b[32mBuilding C object CMakeFiles/speech_to_goal_interfaces__rosidl_generator_py.dir/rosidl_generator_py/speech_to_goal_interfaces/msg/_waypoint_s.c.o\x1b[0m\n'}
[18.338941] (speech_to_goal_interfaces) StdoutLine: {'line': b'[ 85%] \x1b[32mBuilding C object CMakeFiles/speech_to_goal_interfaces__rosidl_generator_py.dir/rosidl_generator_py/speech_to_goal_interfaces/srv/_llm_query_s.c.o\x1b[0m\n'}
[18.351739] (aruco_markers_msgs) StdoutLine: {'line': b'-- Symlinking: /home/tknika/gral-iiriondo/unitree_ws/install/aruco_markers_msgs/include/aruco_markers_msgs/aruco_markers_msgs/msg/detail/marker__struct.h\n'}
[18.354900] (object_recognition_interfaces) StdoutLine: {'line': b'-- Symlinking: /home/tknika/gral-iiriondo/unitree_ws/install/object_recognition_interfaces/include/object_recognition_interfaces/object_recognition_interfaces/srv/detect_object.h\n'}
[18.374154] (object_recognition_interfaces) StdoutLine: {'line': b'-- Symlinking: /home/tknika/gral-iiriondo/unitree_ws/install/object_recognition_interfaces/share/object_recognition_interfaces/environment/library_path.sh\n'}
[18.374965] (aruco_markers_msgs) StdoutLine: {'line': b'-- Symlinking: /home/tknika/gral-iiriondo/unitree_ws/install/aruco_markers_msgs/include/aruco_markers_msgs/aruco_markers_msgs/msg/detail/marker__type_support.h\n'}
[18.392990] (aruco_markers_msgs) StdoutLine: {'line': b'-- Symlinking: /home/tknika/gral-iiriondo/unitree_ws/install/aruco_markers_msgs/include/aruco_markers_msgs/aruco_markers_msgs/msg/detail/marker_array__functions.h\n'}
[18.393762] (object_recognition_interfaces) StdoutLine: {'line': b'-- Symlinking: /home/tknika/gral-iiriondo/unitree_ws/install/object_recognition_interfaces/share/object_recognition_interfaces/environment/library_path.dsv\n'}
[18.412480] (aruco_markers_msgs) StdoutLine: {'line': b'-- Symlinking: /home/tknika/gral-iiriondo/unitree_ws/install/aruco_markers_msgs/include/aruco_markers_msgs/aruco_markers_msgs/msg/detail/marker_array__struct.h\n'}
[18.415493] (object_recognition_interfaces) StdoutLine: {'line': b'-- Symlinking: /home/tknika/gral-iiriondo/unitree_ws/install/object_recognition_interfaces/include/object_recognition_interfaces/object_recognition_interfaces/msg/rosidl_typesupport_fastrtps_c__visibility_control.h\n'}
[18.417467] (-) TimerEvent: {}
[18.429864] (object_recognition_interfaces) StdoutLine: {'line': b'-- Symlinking: /home/tknika/gral-iiriondo/unitree_ws/install/object_recognition_interfaces/include/object_recognition_interfaces/object_recognition_interfaces/srv/detail/add_object__rosidl_typesupport_fastrtps_c.h\n'}
[18.430340] (aruco_markers_msgs) StdoutLine: {'line': b'-- Symlinking: /home/tknika/gral-iiriondo/unitree_ws/install/aruco_markers_msgs/include/aruco_markers_msgs/aruco_markers_msgs/msg/detail/marker_array__type_support.h\n'}
[18.450167] (aruco_markers_msgs) StdoutLine: {'line': b'-- Symlinking: /home/tknika/gral-iiriondo/unitree_ws/install/aruco_markers_msgs/include/aruco_markers_msgs/aruco_markers_msgs/msg/marker.h\n'}
[18.450671] (object_recognition_interfaces) StdoutLine: {'line': b'-- Symlinking: /home/tknika/gral-iiriondo/unitree_ws/install/object_recognition_interfaces/include/object_recognition_interfaces/object_recognition_interfaces/srv/detail/detect_object__rosidl_typesupport_fastrtps_c.h\n'}
[18.469664] (aruco_markers_msgs) StdoutLine: {'line': b'-- Symlinking: /home/tknika/gral-iiriondo/unitree_ws/install/aruco_markers_msgs/include/aruco_markers_msgs/aruco_markers_msgs/msg/marker_array.h\n'}
[18.473276] (object_recognition_interfaces) StdoutLine: {'line': b'-- Symlinking: /home/tknika/gral-iiriondo/unitree_ws/install/object_recognition_interfaces/include/object_recognition_interfaces/object_recognition_interfaces/msg/rosidl_typesupport_introspection_c__visibility_control.h\n'}
[18.490005] (aruco_markers_msgs) StdoutLine: {'line': b'-- Symlinking: /home/tknika/gral-iiriondo/unitree_ws/install/aruco_markers_msgs/include/aruco_markers_msgs/aruco_markers_msgs/msg/rosidl_generator_c__visibility_control.h\n'}
[18.495669] (object_recognition_interfaces) StdoutLine: {'line': b'-- Symlinking: /home/tknika/gral-iiriondo/unitree_ws/install/object_recognition_interfaces/include/object_recognition_interfaces/object_recognition_interfaces/srv/detail/add_object__rosidl_typesupport_introspection_c.h\n'}
[18.511692] (aruco_markers_msgs) StdoutLine: {'line': b'-- Symlinking: /home/tknika/gral-iiriondo/unitree_ws/install/aruco_markers_msgs/share/aruco_markers_msgs/environment/library_path.sh\n'}
[18.517710] (-) TimerEvent: {}
[18.518702] (object_recognition_interfaces) StdoutLine: {'line': b'-- Symlinking: /home/tknika/gral-iiriondo/unitree_ws/install/object_recognition_interfaces/include/object_recognition_interfaces/object_recognition_interfaces/srv/detail/detect_object__rosidl_typesupport_introspection_c.h\n'}
[18.532222] (aruco_markers_msgs) StdoutLine: {'line': b'-- Symlinking: /home/tknika/gral-iiriondo/unitree_ws/install/aruco_markers_msgs/share/aruco_markers_msgs/environment/library_path.dsv\n'}
[18.538998] (object_recognition_interfaces) StdoutLine: {'line': b'-- Symlinking: /home/tknika/gral-iiriondo/unitree_ws/install/object_recognition_interfaces/include/object_recognition_interfaces/object_recognition_interfaces/msg/rosidl_generator_cpp__visibility_control.hpp\n'}
[18.551027] (aruco_markers_msgs) StdoutLine: {'line': b'-- Symlinking: /home/tknika/gral-iiriondo/unitree_ws/install/aruco_markers_msgs/include/aruco_markers_msgs/aruco_markers_msgs/msg/detail/marker__rosidl_typesupport_fastrtps_c.h\n'}
[18.557645] (object_recognition_interfaces) StdoutLine: {'line': b'-- Symlinking: /home/tknika/gral-iiriondo/unitree_ws/install/object_recognition_interfaces/include/object_recognition_interfaces/object_recognition_interfaces/srv/add_object.hpp\n'}
[18.561308] (speech_to_goal_interfaces) StdoutLine: {'line': b'[ 87%] \x1b[32m\x1b[1mLinking C shared library rosidl_generator_py/speech_to_goal_interfaces/libspeech_to_goal_interfaces__rosidl_generator_py.so\x1b[0m\n'}
[18.567999] (aruco_markers_msgs) StdoutLine: {'line': b'-- Symlinking: /home/tknika/gral-iiriondo/unitree_ws/install/aruco_markers_msgs/include/aruco_markers_msgs/aruco_markers_msgs/msg/detail/marker_array__rosidl_typesupport_fastrtps_c.h\n'}
[18.575467] (object_recognition_interfaces) StdoutLine: {'line': b'-- Symlinking: /home/tknika/gral-iiriondo/unitree_ws/install/object_recognition_interfaces/include/object_recognition_interfaces/object_recognition_interfaces/srv/detail/add_object__builder.hpp\n'}
[18.586428] (aruco_markers_msgs) StdoutLine: {'line': b'-- Symlinking: /home/tknika/gral-iiriondo/unitree_ws/install/aruco_markers_msgs/include/aruco_markers_msgs/aruco_markers_msgs/msg/rosidl_typesupport_fastrtps_c__visibility_control.h\n'}
[18.592341] (object_recognition_interfaces) StdoutLine: {'line': b'-- Symlinking: /home/tknika/gral-iiriondo/unitree_ws/install/object_recognition_interfaces/include/object_recognition_interfaces/object_recognition_interfaces/srv/detail/add_object__struct.hpp\n'}
[18.606581] (aruco_markers_msgs) StdoutLine: {'line': b'-- Symlinking: /home/tknika/gral-iiriondo/unitree_ws/install/aruco_markers_msgs/include/aruco_markers_msgs/aruco_markers_msgs/msg/detail/marker__builder.hpp\n'}
[18.610367] (object_recognition_interfaces) StdoutLine: {'line': b'-- Symlinking: /home/tknika/gral-iiriondo/unitree_ws/install/object_recognition_interfaces/include/object_recognition_interfaces/object_recognition_interfaces/srv/detail/add_object__traits.hpp\n'}
[18.617867] (-) TimerEvent: {}
[18.626263] (aruco_markers_msgs) StdoutLine: {'line': b'-- Symlinking: /home/tknika/gral-iiriondo/unitree_ws/install/aruco_markers_msgs/include/aruco_markers_msgs/aruco_markers_msgs/msg/detail/marker__struct.hpp\n'}
[18.628354] (object_recognition_interfaces) StdoutLine: {'line': b'-- Symlinking: /home/tknika/gral-iiriondo/unitree_ws/install/object_recognition_interfaces/include/object_recognition_interfaces/object_recognition_interfaces/srv/detail/add_object__type_support.hpp\n'}
[18.638246] (speech_to_goal_interfaces) StdoutLine: {'line': b'[ 87%] Built target speech_to_goal_interfaces__rosidl_generator_py\n'}
[18.644691] (object_recognition_interfaces) StdoutLine: {'line': b'-- Symlinking: /home/tknika/gral-iiriondo/unitree_ws/install/object_recognition_interfaces/include/object_recognition_interfaces/object_recognition_interfaces/srv/detail/detect_object__builder.hpp\n'}
[18.648406] (aruco_markers_msgs) StdoutLine: {'line': b'-- Symlinking: /home/tknika/gral-iiriondo/unitree_ws/install/aruco_markers_msgs/include/aruco_markers_msgs/aruco_markers_msgs/msg/detail/marker__traits.hpp\n'}
[18.661167] (object_recognition_interfaces) StdoutLine: {'line': b'-- Symlinking: /home/tknika/gral-iiriondo/unitree_ws/install/object_recognition_interfaces/include/object_recognition_interfaces/object_recognition_interfaces/srv/detail/detect_object__struct.hpp\n'}
[18.669244] (aruco_markers_msgs) StdoutLine: {'line': b'-- Symlinking: /home/tknika/gral-iiriondo/unitree_ws/install/aruco_markers_msgs/include/aruco_markers_msgs/aruco_markers_msgs/msg/detail/marker__type_support.hpp\n'}
[18.679886] (object_recognition_interfaces) StdoutLine: {'line': b'-- Symlinking: /home/tknika/gral-iiriondo/unitree_ws/install/object_recognition_interfaces/include/object_recognition_interfaces/object_recognition_interfaces/srv/detail/detect_object__traits.hpp\n'}
[18.680557] (speech_to_goal_interfaces) StdoutLine: {'line': b'[ 91%] \x1b[32mBuilding C object CMakeFiles/speech_to_goal_interfaces__rosidl_typesupport_introspection_c__pyext.dir/rosidl_generator_py/speech_to_goal_interfaces/_speech_to_goal_interfaces_s.ep.rosidl_typesupport_introspection_c.c.o\x1b[0m\n'}
[18.680815] (speech_to_goal_interfaces) StdoutLine: {'line': b'[ 91%] \x1b[32mBuilding C object CMakeFiles/speech_to_goal_interfaces__rosidl_typesupport_c__pyext.dir/rosidl_generator_py/speech_to_goal_interfaces/_speech_to_goal_interfaces_s.ep.rosidl_typesupport_c.c.o\x1b[0m\n'}
[18.683320] (speech_to_goal_interfaces) StdoutLine: {'line': b'[ 93%] \x1b[32mBuilding C object CMakeFiles/speech_to_goal_interfaces__rosidl_typesupport_fastrtps_c__pyext.dir/rosidl_generator_py/speech_to_goal_interfaces/_speech_to_goal_interfaces_s.ep.rosidl_typesupport_fastrtps_c.c.o\x1b[0m\n'}
[18.685789] (aruco_markers_msgs) StdoutLine: {'line': b'-- Symlinking: /home/tknika/gral-iiriondo/unitree_ws/install/aruco_markers_msgs/include/aruco_markers_msgs/aruco_markers_msgs/msg/detail/marker_array__builder.hpp\n'}
[18.699799] (object_recognition_interfaces) StdoutLine: {'line': b'-- Symlinking: /home/tknika/gral-iiriondo/unitree_ws/install/object_recognition_interfaces/include/object_recognition_interfaces/object_recognition_interfaces/srv/detail/detect_object__type_support.hpp\n'}
[18.705179] (aruco_markers_msgs) StdoutLine: {'line': b'-- Symlinking: /home/tknika/gral-iiriondo/unitree_ws/install/aruco_markers_msgs/include/aruco_markers_msgs/aruco_markers_msgs/msg/detail/marker_array__struct.hpp\n'}
[18.718052] (-) TimerEvent: {}
[18.723448] (object_recognition_interfaces) StdoutLine: {'line': b'-- Symlinking: /home/tknika/gral-iiriondo/unitree_ws/install/object_recognition_interfaces/include/object_recognition_interfaces/object_recognition_interfaces/srv/detect_object.hpp\n'}
[18.726321] (aruco_markers_msgs) StdoutLine: {'line': b'-- Symlinking: /home/tknika/gral-iiriondo/unitree_ws/install/aruco_markers_msgs/include/aruco_markers_msgs/aruco_markers_msgs/msg/detail/marker_array__traits.hpp\n'}
[18.743748] (aruco_markers_msgs) StdoutLine: {'line': b'-- Symlinking: /home/tknika/gral-iiriondo/unitree_ws/install/aruco_markers_msgs/include/aruco_markers_msgs/aruco_markers_msgs/msg/detail/marker_array__type_support.hpp\n'}
[18.759961] (object_recognition_interfaces) StdoutLine: {'line': b'-- Symlinking: /home/tknika/gral-iiriondo/unitree_ws/install/object_recognition_interfaces/include/object_recognition_interfaces/object_recognition_interfaces/msg/rosidl_typesupport_fastrtps_cpp__visibility_control.h\n'}
[18.764514] (aruco_markers_msgs) StdoutLine: {'line': b'-- Symlinking: /home/tknika/gral-iiriondo/unitree_ws/install/aruco_markers_msgs/include/aruco_markers_msgs/aruco_markers_msgs/msg/marker.hpp\n'}
[18.782927] (aruco_markers_msgs) StdoutLine: {'line': b'-- Symlinking: /home/tknika/gral-iiriondo/unitree_ws/install/aruco_markers_msgs/include/aruco_markers_msgs/aruco_markers_msgs/msg/marker_array.hpp\n'}
[18.783479] (object_recognition_interfaces) StdoutLine: {'line': b'-- Symlinking: /home/tknika/gral-iiriondo/unitree_ws/install/object_recognition_interfaces/include/object_recognition_interfaces/object_recognition_interfaces/srv/detail/add_object__rosidl_typesupport_fastrtps_cpp.hpp\n'}
[18.804685] (object_recognition_interfaces) StdoutLine: {'line': b'-- Symlinking: /home/tknika/gral-iiriondo/unitree_ws/install/object_recognition_interfaces/include/object_recognition_interfaces/object_recognition_interfaces/srv/detail/detect_object__rosidl_typesupport_fastrtps_cpp.hpp\n'}
[18.810250] (aruco_markers_msgs) StdoutLine: {'line': b'-- Symlinking: /home/tknika/gral-iiriondo/unitree_ws/install/aruco_markers_msgs/include/aruco_markers_msgs/aruco_markers_msgs/msg/rosidl_generator_cpp__visibility_control.hpp\n'}
[18.818625] (-) TimerEvent: {}
[18.831665] (object_recognition_interfaces) StdoutLine: {'line': b'-- Symlinking: /home/tknika/gral-iiriondo/unitree_ws/install/object_recognition_interfaces/include/object_recognition_interfaces/object_recognition_interfaces/srv/detail/add_object__rosidl_typesupport_introspection_cpp.hpp\n'}
[18.837326] (aruco_markers_msgs) StdoutLine: {'line': b'-- Symlinking: /home/tknika/gral-iiriondo/unitree_ws/install/aruco_markers_msgs/include/aruco_markers_msgs/aruco_markers_msgs/msg/detail/marker__rosidl_typesupport_fastrtps_cpp.hpp\n'}
[18.856554] (aruco_markers_msgs) StdoutLine: {'line': b'-- Symlinking: /home/tknika/gral-iiriondo/unitree_ws/install/aruco_markers_msgs/include/aruco_markers_msgs/aruco_markers_msgs/msg/detail/marker_array__rosidl_typesupport_fastrtps_cpp.hpp\n'}
[18.857076] (object_recognition_interfaces) StdoutLine: {'line': b'-- Symlinking: /home/tknika/gral-iiriondo/unitree_ws/install/object_recognition_interfaces/include/object_recognition_interfaces/object_recognition_interfaces/srv/detail/detect_object__rosidl_typesupport_introspection_cpp.hpp\n'}
[18.875245] (aruco_markers_msgs) StdoutLine: {'line': b'-- Symlinking: /home/tknika/gral-iiriondo/unitree_ws/install/aruco_markers_msgs/include/aruco_markers_msgs/aruco_markers_msgs/msg/rosidl_typesupport_fastrtps_cpp__visibility_control.h\n'}
[18.876107] (object_recognition_interfaces) StdoutLine: {'line': b'-- Symlinking: /home/tknika/gral-iiriondo/unitree_ws/install/object_recognition_interfaces/share/object_recognition_interfaces/environment/pythonpath.sh\n'}
[18.889560] (speech_to_goal_interfaces) StdoutLine: {'line': b'[ 95%] \x1b[32m\x1b[1mLinking C shared library rosidl_generator_py/speech_to_goal_interfaces/speech_to_goal_interfaces_s__rosidl_typesupport_introspection_c.cpython-310-aarch64-linux-gnu.so\x1b[0m\n'}
[18.892075] (speech_to_goal_interfaces) StdoutLine: {'line': b'[ 97%] \x1b[32m\x1b[1mLinking C shared library rosidl_generator_py/speech_to_goal_interfaces/speech_to_goal_interfaces_s__rosidl_typesupport_c.cpython-310-aarch64-linux-gnu.so\x1b[0m\n'}
[18.892642] (aruco_markers_msgs) StdoutLine: {'line': b'-- Symlinking: /home/tknika/gral-iiriondo/unitree_ws/install/aruco_markers_msgs/include/aruco_markers_msgs/aruco_markers_msgs/msg/detail/marker__rosidl_typesupport_introspection_c.h\n'}
[18.894903] (object_recognition_interfaces) StdoutLine: {'line': b'-- Symlinking: /home/tknika/gral-iiriondo/unitree_ws/install/object_recognition_interfaces/share/object_recognition_interfaces/environment/pythonpath.dsv\n'}
[18.911563] (aruco_markers_msgs) StdoutLine: {'line': b'-- Symlinking: /home/tknika/gral-iiriondo/unitree_ws/install/aruco_markers_msgs/include/aruco_markers_msgs/aruco_markers_msgs/msg/detail/marker_array__rosidl_typesupport_introspection_c.h\n'}
[18.912656] (object_recognition_interfaces) StdoutLine: {'line': b'-- Symlinking: /home/tknika/gral-iiriondo/unitree_ws/install/object_recognition_interfaces/local/lib/python3.10/dist-packages/object_recognition_interfaces-0.0.0-py3.10.egg-info/PKG-INFO\n'}
[18.917237] (speech_to_goal_interfaces) StdoutLine: {'line': b'[100%] \x1b[32m\x1b[1mLinking C shared library rosidl_generator_py/speech_to_goal_interfaces/speech_to_goal_interfaces_s__rosidl_typesupport_fastrtps_c.cpython-310-aarch64-linux-gnu.so\x1b[0m\n'}
[18.918722] (-) TimerEvent: {}
[18.936976] (aruco_markers_msgs) StdoutLine: {'line': b'-- Symlinking: /home/tknika/gral-iiriondo/unitree_ws/install/aruco_markers_msgs/include/aruco_markers_msgs/aruco_markers_msgs/msg/rosidl_typesupport_introspection_c__visibility_control.h\n'}
[18.937596] (object_recognition_interfaces) StdoutLine: {'line': b'-- Symlinking: /home/tknika/gral-iiriondo/unitree_ws/install/object_recognition_interfaces/local/lib/python3.10/dist-packages/object_recognition_interfaces-0.0.0-py3.10.egg-info/SOURCES.txt\n'}
[18.956550] (aruco_markers_msgs) StdoutLine: {'line': b'-- Symlinking: /home/tknika/gral-iiriondo/unitree_ws/install/aruco_markers_msgs/include/aruco_markers_msgs/aruco_markers_msgs/msg/detail/marker__rosidl_typesupport_introspection_cpp.hpp\n'}
[18.957070] (object_recognition_interfaces) StdoutLine: {'line': b'-- Symlinking: /home/tknika/gral-iiriondo/unitree_ws/install/object_recognition_interfaces/local/lib/python3.10/dist-packages/object_recognition_interfaces-0.0.0-py3.10.egg-info/dependency_links.txt\n'}
[18.963986] (speech_to_goal_interfaces) StdoutLine: {'line': b'[100%] Built target speech_to_goal_interfaces__rosidl_typesupport_introspection_c__pyext\n'}
[18.968257] (speech_to_goal_interfaces) StdoutLine: {'line': b'[100%] Built target speech_to_goal_interfaces__rosidl_typesupport_c__pyext\n'}
[18.975385] (object_recognition_interfaces) StdoutLine: {'line': b'-- Symlinking: /home/tknika/gral-iiriondo/unitree_ws/install/object_recognition_interfaces/local/lib/python3.10/dist-packages/object_recognition_interfaces-0.0.0-py3.10.egg-info/top_level.txt\n'}
[18.975841] (aruco_markers_msgs) StdoutLine: {'line': b'-- Symlinking: /home/tknika/gral-iiriondo/unitree_ws/install/aruco_markers_msgs/include/aruco_markers_msgs/aruco_markers_msgs/msg/detail/marker_array__rosidl_typesupport_introspection_cpp.hpp\n'}
[18.988294] (speech_to_goal_interfaces) StdoutLine: {'line': b'[100%] Built target speech_to_goal_interfaces__rosidl_typesupport_fastrtps_c__pyext\n'}
[18.992375] (aruco_markers_msgs) StdoutLine: {'line': b'-- Symlinking: /home/tknika/gral-iiriondo/unitree_ws/install/aruco_markers_msgs/share/aruco_markers_msgs/environment/pythonpath.sh\n'}
[18.994044] (object_recognition_interfaces) StdoutLine: {'line': b'-- Symlinking: /home/tknika/gral-iiriondo/unitree_ws/install/object_recognition_interfaces/local/lib/python3.10/dist-packages/object_recognition_interfaces/__init__.py\n'}
[19.008908] (aruco_markers_msgs) StdoutLine: {'line': b'-- Symlinking: /home/tknika/gral-iiriondo/unitree_ws/install/aruco_markers_msgs/share/aruco_markers_msgs/environment/pythonpath.dsv\n'}
[19.011988] (object_recognition_interfaces) StdoutLine: {'line': b'-- Symlinking: /home/tknika/gral-iiriondo/unitree_ws/install/object_recognition_interfaces/local/lib/python3.10/dist-packages/object_recognition_interfaces/_object_recognition_interfaces_s.ep.rosidl_typesupport_c.c\n'}
[19.017591] (speech_to_goal_interfaces) CommandEnded: {'returncode': 0}
[19.019711] (-) TimerEvent: {}
[19.021867] (speech_to_goal_interfaces) JobProgress: {'identifier': 'speech_to_goal_interfaces', 'progress': 'install'}
[19.024496] (speech_to_goal_interfaces) Command: {'cmd': ['/usr/bin/cmake', '--install', '/home/tknika/gral-iiriondo/unitree_ws/build/speech_to_goal_interfaces'], 'cwd': '/home/tknika/gral-iiriondo/unitree_ws/build/speech_to_goal_interfaces', 'env': OrderedDict([('GJS_DEBUG_TOPICS', 'JS ERROR;JS LOG'), ('LESSOPEN', '| /usr/bin/lesspipe %s'), ('USER', 'tknika'), ('OLLAMA_LLM_LIBRARY', 'cuda'), ('XDG_SESSION_TYPE', 'x11'), ('SHLVL', '2'), ('LD_LIBRARY_PATH', '/home/tknika/gral-iiriondo/unitree_ws/install/speech_to_goal_interfaces/lib:/home/tknika/gral-iiriondo/unitree_ws/install/object_recognition_interfaces/lib:/home/tknika/gral-iiriondo/unitree_ws/install/aruco_markers_msgs/lib:/usr/lib/aarch64-linux-gnu/nvidia:/usr/local/cuda/lib64:/usr/local/cuda-12.6/lib64:/usr/lib/aarch64-linux-gnu/nvidia:/usr/local/cuda/lib64:/opt/ros/humble/opt/rviz_ogre_vendor/lib:/opt/ros/humble/lib/aarch64-linux-gnu:/opt/ros/humble/lib:/usr/local/cuda-12.6/lib64:'), ('HOME', '/home/tknika'), ('OLDPWD', '/home/tknika/gral-iiriondo/docker'), ('DESKTOP_SESSION', 'ubuntu'), ('GIO_LAUNCHED_DESKTOP_FILE', '/usr/share/applications/terminator.desktop'), ('ROS_PYTHON_VERSION', '3'), ('GNOME_SHELL_SESSION_MODE', 'ubuntu'), ('GTK_MODULES', 'gail:atk-bridge'), ('MANAGERPID', '2429'), ('SYSTEMD_EXEC_PID', '2600'), ('DBUS_SESSION_BUS_ADDRESS', 'unix:path=/run/user/1000/bus'), ('COLORTERM', 'truecolor'), ('TERMINATOR_DBUS_NAME', 'net.tenshu.Terminator23558193cd9818af7fe4d2c2f5bd9d00f'), ('GIO_LAUNCHED_DESKTOP_FILE_PID', '5283'), ('IM_CONFIG_PHASE', '1'), ('COLCON_PREFIX_PATH', '/home/tknika/gral-iiriondo/unitree_ws/install'), ('CUDA_VISIBLE_DEVICES', '0'), ('ROS_DISTRO', 'humble'), ('GTK_IM_MODULE', 'ibus'), ('LOGNAME', 'tknika'), ('JOURNAL_STREAM', '8:53456'), ('_', '/usr/bin/colcon'), ('ROS_VERSION', '2'), ('XDG_SESSION_CLASS', 'user'), ('USERNAME', 'tknika'), ('TERM', 'xterm-256color'), ('GNOME_DESKTOP_SESSION_ID', 'this-is-deprecated'), ('ROS_LOCALHOST_ONLY', '0'), ('WINDOWPATH', '2'), ('PATH', '/usr/local/cuda-12.6/bin:/opt/ros/humble/bin:/usr/local/cuda-12.6/bin:/home/tknika/.cargo/bin:/home/tknika/.local/bin:/usr/local/sbin:/usr/local/bin:/usr/sbin:/usr/bin:/sbin:/bin:/usr/games:/usr/local/games:/snap/bin:/snap/bin'), ('SESSION_MANAGER', 'local/ubuntu:@/tmp/.ICE-unix/2576,unix/ubuntu:/tmp/.ICE-unix/2576'), ('INVOCATION_ID', 'd6126b6a242b499eb25ad0c9f51c9430'), ('XDG_MENU_PREFIX', 'gnome-'), ('XDG_RUNTIME_DIR', '/run/user/1000'), ('DISPLAY', ':1'), ('TERMINATOR_DBUS_PATH', '/net/tenshu/Terminator2'), ('LANG', 'en_US.UTF-8'), ('XDG_CURRENT_DESKTOP', 'ubuntu:GNOME'), ('IBUS_DISABLE_SNOOPER', '1'), ('RMW_IMPLEMENTATION', 'rmw_cyclonedds_cpp'), ('XMODIFIERS', '@im=ibus'), ('XDG_SESSION_DESKTOP', 'ubuntu'), ('XAUTHORITY', '/run/user/1000/gdm/Xauthority'), ('LS_COLORS', 'rs=0:di=01;34:ln=01;36:mh=00:pi=40;33:so=01;35:do=01;35:bd=40;33;01:cd=40;33;01:or=40;31;01:mi=00:su=37;41:sg=30;43:ca=30;41:tw=30;42:ow=34;42:st=37;44:ex=01;32:*.tar=01;31:*.tgz=01;31:*.arc=01;31:*.arj=01;31:*.taz=01;31:*.lha=01;31:*.lz4=01;31:*.lzh=01;31:*.lzma=01;31:*.tlz=01;31:*.txz=01;31:*.tzo=01;31:*.t7z=01;31:*.zip=01;31:*.z=01;31:*.dz=01;31:*.gz=01;31:*.lrz=01;31:*.lz=01;31:*.lzo=01;31:*.xz=01;31:*.zst=01;31:*.tzst=01;31:*.bz2=01;31:*.bz=01;31:*.tbz=01;31:*.tbz2=01;31:*.tz=01;31:*.deb=01;31:*.rpm=01;31:*.jar=01;31:*.war=01;31:*.ear=01;31:*.sar=01;31:*.rar=01;31:*.alz=01;31:*.ace=01;31:*.zoo=01;31:*.cpio=01;31:*.7z=01;31:*.rz=01;31:*.cab=01;31:*.wim=01;31:*.swm=01;31:*.dwm=01;31:*.esd=01;31:*.jpg=01;35:*.jpeg=01;35:*.mjpg=01;35:*.mjpeg=01;35:*.gif=01;35:*.bmp=01;35:*.pbm=01;35:*.pgm=01;35:*.ppm=01;35:*.tga=01;35:*.xbm=01;35:*.xpm=01;35:*.tif=01;35:*.tiff=01;35:*.png=01;35:*.svg=01;35:*.svgz=01;35:*.mng=01;35:*.pcx=01;35:*.mov=01;35:*.mpg=01;35:*.mpeg=01;35:*.m2v=01;35:*.mkv=01;35:*.webm=01;35:*.webp=01;35:*.ogm=01;35:*.mp4=01;35:*.m4v=01;35:*.mp4v=01;35:*.vob=01;35:*.qt=01;35:*.nuv=01;35:*.wmv=01;35:*.asf=01;35:*.rm=01;35:*.rmvb=01;35:*.flc=01;35:*.avi=01;35:*.fli=01;35:*.flv=01;35:*.gl=01;35:*.dl=01;35:*.xcf=01;35:*.xwd=01;35:*.yuv=01;35:*.cgm=01;35:*.emf=01;35:*.ogv=01;35:*.ogx=01;35:*.aac=00;36:*.au=00;36:*.flac=00;36:*.m4a=00;36:*.mid=00;36:*.midi=00;36:*.mka=00;36:*.mp3=00;36:*.mpc=00;36:*.ogg=00;36:*.ra=00;36:*.wav=00;36:*.oga=00;36:*.opus=00;36:*.spx=00;36:*.xspf=00;36:'), ('SSH_AGENT_LAUNCHER', 'gnome-keyring'), ('SSH_AUTH_SOCK', '/run/user/1000/keyring/ssh'), ('ROS_DOMAIN_ID', '42'), ('AMENT_PREFIX_PATH', '/home/tknika/gral-iiriondo/unitree_ws/install/standing_mode:/home/tknika/gral-iiriondo/unitree_ws/install/speech_to_goal:/home/tknika/gral-iiriondo/unitree_ws/install/speech_to_goal_interfaces:/home/tknika/gral-iiriondo/unitree_ws/install/slam_analysis:/home/tknika/gral-iiriondo/unitree_ws/install/object_recognition:/home/tknika/gral-iiriondo/unitree_ws/install/object_recognition_interfaces:/home/tknika/gral-iiriondo/unitree_ws/install/mapping_configuration:/home/tknika/gral-iiriondo/unitree_ws/install/go1_description:/home/tknika/gral-iiriondo/unitree_ws/install/asr:/home/tknika/gral-iiriondo/unitree_ws/install/aruco_detector:/home/tknika/gral-iiriondo/unitree_ws/install/aruco_markers_msgs:/opt/ros/humble'), ('SHELL', '/bin/bash'), ('TERMINATOR_UUID', 'urn:uuid:620aa88c-a79c-4fae-9e73-5e28589bde45'), ('QT_ACCESSIBILITY', '1'), ('GDMSESSION', 'ubuntu'), ('LESSCLOSE', '/usr/bin/lesspipe %s %s'), ('GPG_AGENT_INFO', '/run/user/1000/gnupg/S.gpg-agent:0:1'), ('GJS_DEBUG_OUTPUT', 'stderr'), ('QT_IM_MODULE', 'ibus'), ('PWD', '/home/tknika/gral-iiriondo/unitree_ws/build/speech_to_goal_interfaces'), ('XDG_CONFIG_DIRS', '/etc/xdg/xdg-ubuntu:/etc/xdg'), ('XDG_DATA_DIRS', '/usr/share/ubuntu:/usr/share/gnome:/usr/local/share/:/usr/share/:/var/lib/snapd/desktop'), ('PYTHONPATH', '/home/tknika/gral-iiriondo/unitree_ws/build/standing_mode:/home/tknika/gral-iiriondo/unitree_ws/install/standing_mode/lib/python3.10/site-packages:/home/tknika/gral-iiriondo/unitree_ws/build/speech_to_goal:/home/tknika/gral-iiriondo/unitree_ws/install/speech_to_goal/lib/python3.10/site-packages:/home/tknika/gral-iiriondo/unitree_ws/install/speech_to_goal_interfaces/local/lib/python3.10/dist-packages:/home/tknika/gral-iiriondo/unitree_ws/build/slam_analysis:/home/tknika/gral-iiriondo/unitree_ws/install/slam_analysis/lib/python3.10/site-packages:/home/tknika/gral-iiriondo/unitree_ws/build/object_recognition:/home/tknika/gral-iiriondo/unitree_ws/install/object_recognition/lib/python3.10/site-packages:/home/tknika/gral-iiriondo/unitree_ws/install/object_recognition_interfaces/local/lib/python3.10/dist-packages:/home/tknika/gral-iiriondo/unitree_ws/build/mapping_configuration:/home/tknika/gral-iiriondo/unitree_ws/install/mapping_configuration/lib/python3.10/site-packages:/home/tknika/gral-iiriondo/unitree_ws/build/go1_description:/home/tknika/gral-iiriondo/unitree_ws/install/go1_description/lib/python3.10/site-packages:/home/tknika/gral-iiriondo/unitree_ws/build/asr:/home/tknika/gral-iiriondo/unitree_ws/install/asr/lib/python3.10/site-packages:/home/tknika/gral-iiriondo/unitree_ws/build/aruco_detector:/home/tknika/gral-iiriondo/unitree_ws/install/aruco_detector/lib/python3.10/site-packages:/home/tknika/gral-iiriondo/unitree_ws/install/aruco_markers_msgs/local/lib/python3.10/dist-packages:/home/tknika/gral-iiriondo-main/unitree_ws/src/unitree_legged_sdk/lib/python/arm64:/home/tknika/gral-iiriondo-main/unitree_ws/src/unitree_legged_sdk/lib/python/arm64:/opt/ros/humble/lib/python3.10/site-packages:/opt/ros/humble/local/lib/python3.10/dist-packages'), ('COLCON', '1'), ('VTE_VERSION', '6800'), ('CMAKE_PREFIX_PATH', '/home/tknika/gral-iiriondo/unitree_ws/install/speech_to_goal_interfaces:/home/tknika/gral-iiriondo/unitree_ws/install/object_recognition_interfaces:/home/tknika/gral-iiriondo/unitree_ws/install/aruco_markers_msgs:/home/tknika/gral-iiriondo/unitree_ws/install/standing_mode:/home/tknika/gral-iiriondo/unitree_ws/install/speech_to_goal:/home/tknika/gral-iiriondo/unitree_ws/install/slam_analysis:/home/tknika/gral-iiriondo/unitree_ws/install/object_recognition:/home/tknika/gral-iiriondo/unitree_ws/install/mapping_configuration:/home/tknika/gral-iiriondo/unitree_ws/install/go1_description:/home/tknika/gral-iiriondo/unitree_ws/install/asr:/home/tknika/gral-iiriondo/unitree_ws/install/aruco_detector:/opt/ros/humble')]), 'shell': False}
[19.029133] (aruco_markers_msgs) StdoutLine: {'line': b'-- Symlinking: /home/tknika/gral-iiriondo/unitree_ws/install/aruco_markers_msgs/local/lib/python3.10/dist-packages/aruco_markers_msgs-0.0.3-py3.10.egg-info/PKG-INFO\n'}
[19.031667] (object_recognition_interfaces) StdoutLine: {'line': b'-- Symlinking: /home/tknika/gral-iiriondo/unitree_ws/install/object_recognition_interfaces/local/lib/python3.10/dist-packages/object_recognition_interfaces/_object_recognition_interfaces_s.ep.rosidl_typesupport_fastrtps_c.c\n'}
[19.045759] (speech_to_goal_interfaces) StdoutLine: {'line': b'-- Install configuration: ""\n'}
[19.046803] (aruco_markers_msgs) StdoutLine: {'line': b'-- Symlinking: /home/tknika/gral-iiriondo/unitree_ws/install/aruco_markers_msgs/local/lib/python3.10/dist-packages/aruco_markers_msgs-0.0.3-py3.10.egg-info/SOURCES.txt\n'}
[19.049278] (speech_to_goal_interfaces) StdoutLine: {'line': b'-- Execute custom install script\n'}
[19.049903] (object_recognition_interfaces) StdoutLine: {'line': b'-- Symlinking: /home/tknika/gral-iiriondo/unitree_ws/install/object_recognition_interfaces/local/lib/python3.10/dist-packages/object_recognition_interfaces/_object_recognition_interfaces_s.ep.rosidl_typesupport_introspection_c.c\n'}
[19.050234] (speech_to_goal_interfaces) StdoutLine: {'line': b'-- Symlinking: /home/tknika/gral-iiriondo/unitree_ws/install/speech_to_goal_interfaces/share/ament_index/resource_index/rosidl_interfaces/speech_to_goal_interfaces\n'}
[19.065602] (aruco_markers_msgs) StdoutLine: {'line': b'-- Symlinking: /home/tknika/gral-iiriondo/unitree_ws/install/aruco_markers_msgs/local/lib/python3.10/dist-packages/aruco_markers_msgs-0.0.3-py3.10.egg-info/dependency_links.txt\n'}
[19.070276] (object_recognition_interfaces) StdoutLine: {'line': b'-- Symlinking: /home/tknika/gral-iiriondo/unitree_ws/install/object_recognition_interfaces/local/lib/python3.10/dist-packages/object_recognition_interfaces/libobject_recognition_interfaces__rosidl_generator_py.so\n'}
[19.078523] (speech_to_goal_interfaces) StdoutLine: {'line': b'-- Symlinking: /home/tknika/gral-iiriondo/unitree_ws/install/speech_to_goal_interfaces/include/speech_to_goal_interfaces/speech_to_goal_interfaces/msg/detail/waypoint__functions.h\n'}
[19.083864] (aruco_markers_msgs) StdoutLine: {'line': b'-- Symlinking: /home/tknika/gral-iiriondo/unitree_ws/install/aruco_markers_msgs/local/lib/python3.10/dist-packages/aruco_markers_msgs-0.0.3-py3.10.egg-info/top_level.txt\n'}
[19.090874] (object_recognition_interfaces) StdoutLine: {'line': b'-- Symlinking: /home/tknika/gral-iiriondo/unitree_ws/install/object_recognition_interfaces/local/lib/python3.10/dist-packages/object_recognition_interfaces/object_recognition_interfaces_s__rosidl_typesupport_c.cpython-310-aarch64-linux-gnu.so\n'}
[19.096301] (speech_to_goal_interfaces) StdoutLine: {'line': b'-- Symlinking: /home/tknika/gral-iiriondo/unitree_ws/install/speech_to_goal_interfaces/include/speech_to_goal_interfaces/speech_to_goal_interfaces/msg/detail/waypoint__struct.h\n'}
[19.102287] (aruco_markers_msgs) StdoutLine: {'line': b'-- Symlinking: /home/tknika/gral-iiriondo/unitree_ws/install/aruco_markers_msgs/local/lib/python3.10/dist-packages/aruco_markers_msgs/__init__.py\n'}
[19.108277] (object_recognition_interfaces) StdoutLine: {'line': b'-- Symlinking: /home/tknika/gral-iiriondo/unitree_ws/install/object_recognition_interfaces/local/lib/python3.10/dist-packages/object_recognition_interfaces/object_recognition_interfaces_s__rosidl_typesupport_fastrtps_c.cpython-310-aarch64-linux-gnu.so\n'}
[19.116099] (speech_to_goal_interfaces) StdoutLine: {'line': b'-- Symlinking: /home/tknika/gral-iiriondo/unitree_ws/install/speech_to_goal_interfaces/include/speech_to_goal_interfaces/speech_to_goal_interfaces/msg/detail/waypoint__type_support.h\n'}
[19.119904] (-) TimerEvent: {}
[19.125092] (aruco_markers_msgs) StdoutLine: {'line': b'-- Symlinking: /home/tknika/gral-iiriondo/unitree_ws/install/aruco_markers_msgs/local/lib/python3.10/dist-packages/aruco_markers_msgs/_aruco_markers_msgs_s.ep.rosidl_typesupport_c.c\n'}
[19.129560] (object_recognition_interfaces) StdoutLine: {'line': b'-- Symlinking: /home/tknika/gral-iiriondo/unitree_ws/install/object_recognition_interfaces/local/lib/python3.10/dist-packages/object_recognition_interfaces/object_recognition_interfaces_s__rosidl_typesupport_introspection_c.cpython-310-aarch64-linux-gnu.so\n'}
[19.143376] (aruco_markers_msgs) StdoutLine: {'line': b'-- Symlinking: /home/tknika/gral-iiriondo/unitree_ws/install/aruco_markers_msgs/local/lib/python3.10/dist-packages/aruco_markers_msgs/_aruco_markers_msgs_s.ep.rosidl_typesupport_fastrtps_c.c\n'}
[19.149633] (speech_to_goal_interfaces) StdoutLine: {'line': b'-- Symlinking: /home/tknika/gral-iiriondo/unitree_ws/install/speech_to_goal_interfaces/include/speech_to_goal_interfaces/speech_to_goal_interfaces/msg/rosidl_generator_c__visibility_control.h\n'}
[19.151895] (object_recognition_interfaces) StdoutLine: {'line': b'-- Symlinking: /home/tknika/gral-iiriondo/unitree_ws/install/object_recognition_interfaces/local/lib/python3.10/dist-packages/object_recognition_interfaces/srv/__init__.py\n'}
[19.163279] (aruco_markers_msgs) StdoutLine: {'line': b'-- Symlinking: /home/tknika/gral-iiriondo/unitree_ws/install/aruco_markers_msgs/local/lib/python3.10/dist-packages/aruco_markers_msgs/_aruco_markers_msgs_s.ep.rosidl_typesupport_introspection_c.c\n'}
[19.166614] (speech_to_goal_interfaces) StdoutLine: {'line': b'-- Symlinking: /home/tknika/gral-iiriondo/unitree_ws/install/speech_to_goal_interfaces/include/speech_to_goal_interfaces/speech_to_goal_interfaces/msg/waypoint.h\n'}
[19.170299] (object_recognition_interfaces) StdoutLine: {'line': b'-- Symlinking: /home/tknika/gral-iiriondo/unitree_ws/install/object_recognition_interfaces/local/lib/python3.10/dist-packages/object_recognition_interfaces/srv/_add_object.py\n'}
[19.186351] (object_recognition_interfaces) StdoutLine: {'line': b'-- Symlinking: /home/tknika/gral-iiriondo/unitree_ws/install/object_recognition_interfaces/local/lib/python3.10/dist-packages/object_recognition_interfaces/srv/_add_object_s.c\n'}
[19.187173] (speech_to_goal_interfaces) StdoutLine: {'line': b'-- Symlinking: /home/tknika/gral-iiriondo/unitree_ws/install/speech_to_goal_interfaces/include/speech_to_goal_interfaces/speech_to_goal_interfaces/srv/detail/detect_intent__functions.h\n'}
[19.195400] (aruco_markers_msgs) StdoutLine: {'line': b'-- Symlinking: /home/tknika/gral-iiriondo/unitree_ws/install/aruco_markers_msgs/local/lib/python3.10/dist-packages/aruco_markers_msgs/aruco_markers_msgs_s__rosidl_typesupport_c.cpython-310-aarch64-linux-gnu.so\n'}
[19.203498] (speech_to_goal_interfaces) StdoutLine: {'line': b'-- Symlinking: /home/tknika/gral-iiriondo/unitree_ws/install/speech_to_goal_interfaces/include/speech_to_goal_interfaces/speech_to_goal_interfaces/srv/detail/detect_intent__struct.h\n'}
[19.204036] (object_recognition_interfaces) StdoutLine: {'line': b'-- Symlinking: /home/tknika/gral-iiriondo/unitree_ws/install/object_recognition_interfaces/local/lib/python3.10/dist-packages/object_recognition_interfaces/srv/_detect_object.py\n'}
[19.215125] (aruco_markers_msgs) StdoutLine: {'line': b'-- Symlinking: /home/tknika/gral-iiriondo/unitree_ws/install/aruco_markers_msgs/local/lib/python3.10/dist-packages/aruco_markers_msgs/aruco_markers_msgs_s__rosidl_typesupport_fastrtps_c.cpython-310-aarch64-linux-gnu.so\n'}
[19.220081] (-) TimerEvent: {}
[19.220967] (object_recognition_interfaces) StdoutLine: {'line': b'-- Symlinking: /home/tknika/gral-iiriondo/unitree_ws/install/object_recognition_interfaces/local/lib/python3.10/dist-packages/object_recognition_interfaces/srv/_detect_object_s.c\n'}
[19.221345] (speech_to_goal_interfaces) StdoutLine: {'line': b'-- Symlinking: /home/tknika/gral-iiriondo/unitree_ws/install/speech_to_goal_interfaces/include/speech_to_goal_interfaces/speech_to_goal_interfaces/srv/detail/detect_intent__type_support.h\n'}
[19.234602] (aruco_markers_msgs) StdoutLine: {'line': b'-- Symlinking: /home/tknika/gral-iiriondo/unitree_ws/install/aruco_markers_msgs/local/lib/python3.10/dist-packages/aruco_markers_msgs/aruco_markers_msgs_s__rosidl_typesupport_introspection_c.cpython-310-aarch64-linux-gnu.so\n'}
[19.239979] (object_recognition_interfaces) StdoutLine: {'line': b'-- Up-to-date symlink: /home/tknika/gral-iiriondo/unitree_ws/install/object_recognition_interfaces/local/lib/python3.10/dist-packages/object_recognition_interfaces/object_recognition_interfaces_s__rosidl_typesupport_fastrtps_c.cpython-310-aarch64-linux-gnu.so\n'}
[19.240495] (speech_to_goal_interfaces) StdoutLine: {'line': b'-- Symlinking: /home/tknika/gral-iiriondo/unitree_ws/install/speech_to_goal_interfaces/include/speech_to_goal_interfaces/speech_to_goal_interfaces/srv/detail/llm_query__functions.h\n'}
[19.240720] (object_recognition_interfaces) StdoutLine: {'line': b'-- Up-to-date symlink: /home/tknika/gral-iiriondo/unitree_ws/install/object_recognition_interfaces/local/lib/python3.10/dist-packages/object_recognition_interfaces/object_recognition_interfaces_s__rosidl_typesupport_introspection_c.cpython-310-aarch64-linux-gnu.so\n'}
[19.241224] (object_recognition_interfaces) StdoutLine: {'line': b'-- Up-to-date symlink: /home/tknika/gral-iiriondo/unitree_ws/install/object_recognition_interfaces/local/lib/python3.10/dist-packages/object_recognition_interfaces/object_recognition_interfaces_s__rosidl_typesupport_c.cpython-310-aarch64-linux-gnu.so\n'}
[19.241792] (object_recognition_interfaces) StdoutLine: {'line': b'-- Symlinking: /home/tknika/gral-iiriondo/unitree_ws/install/object_recognition_interfaces/share/ament_index/resource_index/rust_packages/object_recognition_interfaces\n'}
[19.253843] (aruco_markers_msgs) StdoutLine: {'line': b'-- Symlinking: /home/tknika/gral-iiriondo/unitree_ws/install/aruco_markers_msgs/local/lib/python3.10/dist-packages/aruco_markers_msgs/libaruco_markers_msgs__rosidl_generator_py.so\n'}
[19.260535] (speech_to_goal_interfaces) StdoutLine: {'line': b'-- Symlinking: /home/tknika/gral-iiriondo/unitree_ws/install/speech_to_goal_interfaces/include/speech_to_goal_interfaces/speech_to_goal_interfaces/srv/detail/llm_query__struct.h\n'}
[19.261211] (object_recognition_interfaces) StdoutLine: {'line': b'-- Symlinking: /home/tknika/gral-iiriondo/unitree_ws/install/object_recognition_interfaces/share/object_recognition_interfaces/rust/Cargo.toml\n'}
[19.273323] (aruco_markers_msgs) StdoutLine: {'line': b'-- Symlinking: /home/tknika/gral-iiriondo/unitree_ws/install/aruco_markers_msgs/local/lib/python3.10/dist-packages/aruco_markers_msgs/msg/__init__.py\n'}
[19.278166] (speech_to_goal_interfaces) StdoutLine: {'line': b'-- Symlinking: /home/tknika/gral-iiriondo/unitree_ws/install/speech_to_goal_interfaces/include/speech_to_goal_interfaces/speech_to_goal_interfaces/srv/detail/llm_query__type_support.h\n'}
[19.279480] (object_recognition_interfaces) StdoutLine: {'line': b'-- Symlinking: /home/tknika/gral-iiriondo/unitree_ws/install/object_recognition_interfaces/share/object_recognition_interfaces/rust/build.rs\n'}
[19.291874] (aruco_markers_msgs) StdoutLine: {'line': b'-- Symlinking: /home/tknika/gral-iiriondo/unitree_ws/install/aruco_markers_msgs/local/lib/python3.10/dist-packages/aruco_markers_msgs/msg/_marker.py\n'}
[19.295405] (object_recognition_interfaces) StdoutLine: {'line': b'-- Symlinking: /home/tknika/gral-iiriondo/unitree_ws/install/object_recognition_interfaces/share/object_recognition_interfaces/rust/src/lib.rs\n'}
[19.296762] (speech_to_goal_interfaces) StdoutLine: {'line': b'-- Symlinking: /home/tknika/gral-iiriondo/unitree_ws/install/speech_to_goal_interfaces/include/speech_to_goal_interfaces/speech_to_goal_interfaces/srv/detect_intent.h\n'}
[19.312686] (object_recognition_interfaces) StdoutLine: {'line': b'-- Symlinking: /home/tknika/gral-iiriondo/unitree_ws/install/object_recognition_interfaces/share/object_recognition_interfaces/rust/src/srv.rs\n'}
[19.313349] (speech_to_goal_interfaces) StdoutLine: {'line': b'-- Symlinking: /home/tknika/gral-iiriondo/unitree_ws/install/speech_to_goal_interfaces/include/speech_to_goal_interfaces/speech_to_goal_interfaces/srv/llm_query.h\n'}
[19.314310] (aruco_markers_msgs) StdoutLine: {'line': b'-- Symlinking: /home/tknika/gral-iiriondo/unitree_ws/install/aruco_markers_msgs/local/lib/python3.10/dist-packages/aruco_markers_msgs/msg/_marker_array.py\n'}
[19.320237] (-) TimerEvent: {}
[19.335088] (aruco_markers_msgs) StdoutLine: {'line': b'-- Symlinking: /home/tknika/gral-iiriondo/unitree_ws/install/aruco_markers_msgs/local/lib/python3.10/dist-packages/aruco_markers_msgs/msg/_marker_array_s.c\n'}
[19.335570] (object_recognition_interfaces) StdoutLine: {'line': b'-- Symlinking: /home/tknika/gral-iiriondo/unitree_ws/install/object_recognition_interfaces/share/object_recognition_interfaces/rust/src/srv/rmw.rs\n'}
[19.344117] (speech_to_goal_interfaces) StdoutLine: {'line': b'-- Symlinking: /home/tknika/gral-iiriondo/unitree_ws/install/speech_to_goal_interfaces/share/speech_to_goal_interfaces/environment/library_path.sh\n'}
[19.355323] (aruco_markers_msgs) StdoutLine: {'line': b'-- Symlinking: /home/tknika/gral-iiriondo/unitree_ws/install/aruco_markers_msgs/local/lib/python3.10/dist-packages/aruco_markers_msgs/msg/_marker_s.c\n'}
[19.355925] (object_recognition_interfaces) StdoutLine: {'line': b'-- Symlinking: /home/tknika/gral-iiriondo/unitree_ws/install/object_recognition_interfaces/share/object_recognition_interfaces/srv/DetectObject.idl\n'}
[19.365229] (speech_to_goal_interfaces) StdoutLine: {'line': b'-- Symlinking: /home/tknika/gral-iiriondo/unitree_ws/install/speech_to_goal_interfaces/share/speech_to_goal_interfaces/environment/library_path.dsv\n'}
[19.373827] (object_recognition_interfaces) StdoutLine: {'line': b'-- Symlinking: /home/tknika/gral-iiriondo/unitree_ws/install/object_recognition_interfaces/share/object_recognition_interfaces/srv/AddObject.idl\n'}
[19.374351] (aruco_markers_msgs) StdoutLine: {'line': b'-- Up-to-date symlink: /home/tknika/gral-iiriondo/unitree_ws/install/aruco_markers_msgs/local/lib/python3.10/dist-packages/aruco_markers_msgs/aruco_markers_msgs_s__rosidl_typesupport_fastrtps_c.cpython-310-aarch64-linux-gnu.so\n'}
[19.374610] (aruco_markers_msgs) StdoutLine: {'line': b'-- Up-to-date symlink: /home/tknika/gral-iiriondo/unitree_ws/install/aruco_markers_msgs/local/lib/python3.10/dist-packages/aruco_markers_msgs/aruco_markers_msgs_s__rosidl_typesupport_introspection_c.cpython-310-aarch64-linux-gnu.so\n'}
[19.374857] (aruco_markers_msgs) StdoutLine: {'line': b'-- Up-to-date symlink: /home/tknika/gral-iiriondo/unitree_ws/install/aruco_markers_msgs/local/lib/python3.10/dist-packages/aruco_markers_msgs/aruco_markers_msgs_s__rosidl_typesupport_c.cpython-310-aarch64-linux-gnu.so\n'}
[19.375295] (aruco_markers_msgs) StdoutLine: {'line': b'-- Symlinking: /home/tknika/gral-iiriondo/unitree_ws/install/aruco_markers_msgs/share/ament_index/resource_index/rust_packages/aruco_markers_msgs\n'}
[19.386288] (speech_to_goal_interfaces) StdoutLine: {'line': b'-- Symlinking: /home/tknika/gral-iiriondo/unitree_ws/install/speech_to_goal_interfaces/include/speech_to_goal_interfaces/speech_to_goal_interfaces/msg/detail/waypoint__rosidl_typesupport_fastrtps_c.h\n'}
[19.390662] (object_recognition_interfaces) StdoutLine: {'line': b'-- Symlinking: /home/tknika/gral-iiriondo/unitree_ws/install/object_recognition_interfaces/share/object_recognition_interfaces/srv/DetectObject.srv\n'}
[19.391703] (aruco_markers_msgs) StdoutLine: {'line': b'-- Symlinking: /home/tknika/gral-iiriondo/unitree_ws/install/aruco_markers_msgs/share/aruco_markers_msgs/rust/Cargo.toml\n'}
[19.404016] (speech_to_goal_interfaces) StdoutLine: {'line': b'-- Symlinking: /home/tknika/gral-iiriondo/unitree_ws/install/speech_to_goal_interfaces/include/speech_to_goal_interfaces/speech_to_goal_interfaces/msg/rosidl_typesupport_fastrtps_c__visibility_control.h\n'}
[19.407139] (object_recognition_interfaces) StdoutLine: {'line': b'-- Symlinking: /home/tknika/gral-iiriondo/unitree_ws/install/object_recognition_interfaces/share/object_recognition_interfaces/srv/DetectObject_Request.msg\n'}
[19.407992] (aruco_markers_msgs) StdoutLine: {'line': b'-- Symlinking: /home/tknika/gral-iiriondo/unitree_ws/install/aruco_markers_msgs/share/aruco_markers_msgs/rust/build.rs\n'}
[19.420410] (-) TimerEvent: {}
[19.422966] (speech_to_goal_interfaces) StdoutLine: {'line': b'-- Symlinking: /home/tknika/gral-iiriondo/unitree_ws/install/speech_to_goal_interfaces/include/speech_to_goal_interfaces/speech_to_goal_interfaces/srv/detail/detect_intent__rosidl_typesupport_fastrtps_c.h\n'}
[19.426147] (object_recognition_interfaces) StdoutLine: {'line': b'-- Symlinking: /home/tknika/gral-iiriondo/unitree_ws/install/object_recognition_interfaces/share/object_recognition_interfaces/srv/DetectObject_Response.msg\n'}
[19.426953] (aruco_markers_msgs) StdoutLine: {'line': b'-- Symlinking: /home/tknika/gral-iiriondo/unitree_ws/install/aruco_markers_msgs/share/aruco_markers_msgs/rust/src/lib.rs\n'}
[19.441061] (speech_to_goal_interfaces) StdoutLine: {'line': b'-- Symlinking: /home/tknika/gral-iiriondo/unitree_ws/install/speech_to_goal_interfaces/include/speech_to_goal_interfaces/speech_to_goal_interfaces/srv/detail/llm_query__rosidl_typesupport_fastrtps_c.h\n'}
[19.443318] (object_recognition_interfaces) StdoutLine: {'line': b'-- Symlinking: /home/tknika/gral-iiriondo/unitree_ws/install/object_recognition_interfaces/share/object_recognition_interfaces/srv/AddObject.srv\n'}
[19.450984] (aruco_markers_msgs) StdoutLine: {'line': b'-- Symlinking: /home/tknika/gral-iiriondo/unitree_ws/install/aruco_markers_msgs/share/aruco_markers_msgs/rust/src/msg.rs\n'}
[19.459060] (speech_to_goal_interfaces) StdoutLine: {'line': b'-- Symlinking: /home/tknika/gral-iiriondo/unitree_ws/install/speech_to_goal_interfaces/include/speech_to_goal_interfaces/speech_to_goal_interfaces/msg/detail/waypoint__rosidl_typesupport_introspection_c.h\n'}
[19.460354] (object_recognition_interfaces) StdoutLine: {'line': b'-- Symlinking: /home/tknika/gral-iiriondo/unitree_ws/install/object_recognition_interfaces/share/object_recognition_interfaces/srv/AddObject_Request.msg\n'}
[19.471957] (aruco_markers_msgs) StdoutLine: {'line': b'-- Symlinking: /home/tknika/gral-iiriondo/unitree_ws/install/aruco_markers_msgs/share/aruco_markers_msgs/rust/src/msg/rmw.rs\n'}
[19.480556] (speech_to_goal_interfaces) StdoutLine: {'line': b'-- Symlinking: /home/tknika/gral-iiriondo/unitree_ws/install/speech_to_goal_interfaces/include/speech_to_goal_interfaces/speech_to_goal_interfaces/msg/rosidl_typesupport_introspection_c__visibility_control.h\n'}
[19.481159] (object_recognition_interfaces) StdoutLine: {'line': b'-- Symlinking: /home/tknika/gral-iiriondo/unitree_ws/install/object_recognition_interfaces/share/object_recognition_interfaces/srv/AddObject_Response.msg\n'}
[19.490129] (aruco_markers_msgs) StdoutLine: {'line': b'-- Symlinking: /home/tknika/gral-iiriondo/unitree_ws/install/aruco_markers_msgs/share/aruco_markers_msgs/msg/Marker.idl\n'}
[19.498537] (speech_to_goal_interfaces) StdoutLine: {'line': b'-- Symlinking: /home/tknika/gral-iiriondo/unitree_ws/install/speech_to_goal_interfaces/include/speech_to_goal_interfaces/speech_to_goal_interfaces/srv/detail/detect_intent__rosidl_typesupport_introspection_c.h\n'}
[19.499244] (object_recognition_interfaces) StdoutLine: {'line': b'-- Symlinking: /home/tknika/gral-iiriondo/unitree_ws/install/object_recognition_interfaces/share/ament_index/resource_index/package_run_dependencies/object_recognition_interfaces\n'}
[19.508046] (aruco_markers_msgs) StdoutLine: {'line': b'-- Symlinking: /home/tknika/gral-iiriondo/unitree_ws/install/aruco_markers_msgs/share/aruco_markers_msgs/msg/MarkerArray.idl\n'}
[19.515568] (speech_to_goal_interfaces) StdoutLine: {'line': b'-- Symlinking: /home/tknika/gral-iiriondo/unitree_ws/install/speech_to_goal_interfaces/include/speech_to_goal_interfaces/speech_to_goal_interfaces/srv/detail/llm_query__rosidl_typesupport_introspection_c.h\n'}
[19.516211] (object_recognition_interfaces) StdoutLine: {'line': b'-- Symlinking: /home/tknika/gral-iiriondo/unitree_ws/install/object_recognition_interfaces/share/ament_index/resource_index/parent_prefix_path/object_recognition_interfaces\n'}
[19.520558] (-) TimerEvent: {}
[19.527406] (aruco_markers_msgs) StdoutLine: {'line': b'-- Symlinking: /home/tknika/gral-iiriondo/unitree_ws/install/aruco_markers_msgs/share/aruco_markers_msgs/msg/Marker.msg\n'}
[19.534576] (object_recognition_interfaces) StdoutLine: {'line': b'-- Symlinking: /home/tknika/gral-iiriondo/unitree_ws/install/object_recognition_interfaces/share/object_recognition_interfaces/environment/ament_prefix_path.sh\n'}
[19.535341] (speech_to_goal_interfaces) StdoutLine: {'line': b'-- Symlinking: /home/tknika/gral-iiriondo/unitree_ws/install/speech_to_goal_interfaces/include/speech_to_goal_interfaces/speech_to_goal_interfaces/msg/detail/waypoint__builder.hpp\n'}
[19.548549] (aruco_markers_msgs) StdoutLine: {'line': b'-- Symlinking: /home/tknika/gral-iiriondo/unitree_ws/install/aruco_markers_msgs/share/aruco_markers_msgs/msg/MarkerArray.msg\n'}
[19.553163] (object_recognition_interfaces) StdoutLine: {'line': b'-- Symlinking: /home/tknika/gral-iiriondo/unitree_ws/install/object_recognition_interfaces/share/object_recognition_interfaces/environment/ament_prefix_path.dsv\n'}
[19.553800] (speech_to_goal_interfaces) StdoutLine: {'line': b'-- Symlinking: /home/tknika/gral-iiriondo/unitree_ws/install/speech_to_goal_interfaces/include/speech_to_goal_interfaces/speech_to_goal_interfaces/msg/detail/waypoint__struct.hpp\n'}
[19.567669] (aruco_markers_msgs) StdoutLine: {'line': b'-- Symlinking: /home/tknika/gral-iiriondo/unitree_ws/install/aruco_markers_msgs/share/ament_index/resource_index/package_run_dependencies/aruco_markers_msgs\n'}
[19.570804] (object_recognition_interfaces) StdoutLine: {'line': b'-- Symlinking: /home/tknika/gral-iiriondo/unitree_ws/install/object_recognition_interfaces/share/object_recognition_interfaces/environment/path.sh\n'}
[19.572113] (speech_to_goal_interfaces) StdoutLine: {'line': b'-- Symlinking: /home/tknika/gral-iiriondo/unitree_ws/install/speech_to_goal_interfaces/include/speech_to_goal_interfaces/speech_to_goal_interfaces/msg/detail/waypoint__traits.hpp\n'}
[19.588749] (speech_to_goal_interfaces) StdoutLine: {'line': b'-- Symlinking: /home/tknika/gral-iiriondo/unitree_ws/install/speech_to_goal_interfaces/include/speech_to_goal_interfaces/speech_to_goal_interfaces/msg/detail/waypoint__type_support.hpp\n'}
[19.589288] (object_recognition_interfaces) StdoutLine: {'line': b'-- Symlinking: /home/tknika/gral-iiriondo/unitree_ws/install/object_recognition_interfaces/share/object_recognition_interfaces/environment/path.dsv\n'}
[19.590217] (aruco_markers_msgs) StdoutLine: {'line': b'-- Symlinking: /home/tknika/gral-iiriondo/unitree_ws/install/aruco_markers_msgs/share/ament_index/resource_index/parent_prefix_path/aruco_markers_msgs\n'}
[19.606365] (speech_to_goal_interfaces) StdoutLine: {'line': b'-- Symlinking: /home/tknika/gral-iiriondo/unitree_ws/install/speech_to_goal_interfaces/include/speech_to_goal_interfaces/speech_to_goal_interfaces/msg/rosidl_generator_cpp__visibility_control.hpp\n'}
[19.606900] (object_recognition_interfaces) StdoutLine: {'line': b'-- Symlinking: /home/tknika/gral-iiriondo/unitree_ws/install/object_recognition_interfaces/share/object_recognition_interfaces/local_setup.bash\n'}
[19.608203] (aruco_markers_msgs) StdoutLine: {'line': b'-- Symlinking: /home/tknika/gral-iiriondo/unitree_ws/install/aruco_markers_msgs/share/aruco_markers_msgs/environment/ament_prefix_path.sh\n'}
[19.620737] (-) TimerEvent: {}
[19.625375] (object_recognition_interfaces) StdoutLine: {'line': b'-- Symlinking: /home/tknika/gral-iiriondo/unitree_ws/install/object_recognition_interfaces/share/object_recognition_interfaces/local_setup.sh\n'}
[19.626291] (aruco_markers_msgs) StdoutLine: {'line': b'-- Symlinking: /home/tknika/gral-iiriondo/unitree_ws/install/aruco_markers_msgs/share/aruco_markers_msgs/environment/ament_prefix_path.dsv\n'}
[19.626655] (speech_to_goal_interfaces) StdoutLine: {'line': b'-- Symlinking: /home/tknika/gral-iiriondo/unitree_ws/install/speech_to_goal_interfaces/include/speech_to_goal_interfaces/speech_to_goal_interfaces/msg/waypoint.hpp\n'}
[19.643072] (speech_to_goal_interfaces) StdoutLine: {'line': b'-- Symlinking: /home/tknika/gral-iiriondo/unitree_ws/install/speech_to_goal_interfaces/include/speech_to_goal_interfaces/speech_to_goal_interfaces/srv/detail/detect_intent__builder.hpp\n'}
[19.643693] (object_recognition_interfaces) StdoutLine: {'line': b'-- Symlinking: /home/tknika/gral-iiriondo/unitree_ws/install/object_recognition_interfaces/share/object_recognition_interfaces/local_setup.zsh\n'}
[19.644001] (aruco_markers_msgs) StdoutLine: {'line': b'-- Symlinking: /home/tknika/gral-iiriondo/unitree_ws/install/aruco_markers_msgs/share/aruco_markers_msgs/environment/path.sh\n'}
[19.660754] (speech_to_goal_interfaces) StdoutLine: {'line': b'-- Symlinking: /home/tknika/gral-iiriondo/unitree_ws/install/speech_to_goal_interfaces/include/speech_to_goal_interfaces/speech_to_goal_interfaces/srv/detail/detect_intent__struct.hpp\n'}
[19.661434] (object_recognition_interfaces) StdoutLine: {'line': b'-- Symlinking: /home/tknika/gral-iiriondo/unitree_ws/install/object_recognition_interfaces/share/object_recognition_interfaces/local_setup.dsv\n'}
[19.661689] (aruco_markers_msgs) StdoutLine: {'line': b'-- Symlinking: /home/tknika/gral-iiriondo/unitree_ws/install/aruco_markers_msgs/share/aruco_markers_msgs/environment/path.dsv\n'}
[19.677976] (speech_to_goal_interfaces) StdoutLine: {'line': b'-- Symlinking: /home/tknika/gral-iiriondo/unitree_ws/install/speech_to_goal_interfaces/include/speech_to_goal_interfaces/speech_to_goal_interfaces/srv/detail/detect_intent__traits.hpp\n'}
[19.678438] (object_recognition_interfaces) StdoutLine: {'line': b'-- Symlinking: /home/tknika/gral-iiriondo/unitree_ws/install/object_recognition_interfaces/share/object_recognition_interfaces/package.dsv\n'}
[19.680670] (aruco_markers_msgs) StdoutLine: {'line': b'-- Symlinking: /home/tknika/gral-iiriondo/unitree_ws/install/aruco_markers_msgs/share/aruco_markers_msgs/local_setup.bash\n'}
[19.695123] (speech_to_goal_interfaces) StdoutLine: {'line': b'-- Symlinking: /home/tknika/gral-iiriondo/unitree_ws/install/speech_to_goal_interfaces/include/speech_to_goal_interfaces/speech_to_goal_interfaces/srv/detail/detect_intent__type_support.hpp\n'}
[19.695712] (object_recognition_interfaces) StdoutLine: {'line': b'-- Symlinking: /home/tknika/gral-iiriondo/unitree_ws/install/object_recognition_interfaces/share/ament_index/resource_index/packages/object_recognition_interfaces\n'}
[19.697006] (aruco_markers_msgs) StdoutLine: {'line': b'-- Symlinking: /home/tknika/gral-iiriondo/unitree_ws/install/aruco_markers_msgs/share/aruco_markers_msgs/local_setup.sh\n'}
[19.712622] (aruco_markers_msgs) StdoutLine: {'line': b'-- Symlinking: /home/tknika/gral-iiriondo/unitree_ws/install/aruco_markers_msgs/share/aruco_markers_msgs/local_setup.zsh\n'}
[19.713295] (object_recognition_interfaces) StdoutLine: {'line': b'-- Symlinking: /home/tknika/gral-iiriondo/unitree_ws/install/object_recognition_interfaces/share/object_recognition_interfaces/cmake/rosidl_cmake-extras.cmake\n'}
[19.713792] (speech_to_goal_interfaces) StdoutLine: {'line': b'-- Symlinking: /home/tknika/gral-iiriondo/unitree_ws/install/speech_to_goal_interfaces/include/speech_to_goal_interfaces/speech_to_goal_interfaces/srv/detail/llm_query__builder.hpp\n'}
[19.720892] (-) TimerEvent: {}
[19.731552] (speech_to_goal_interfaces) StdoutLine: {'line': b'-- Symlinking: /home/tknika/gral-iiriondo/unitree_ws/install/speech_to_goal_interfaces/include/speech_to_goal_interfaces/speech_to_goal_interfaces/srv/detail/llm_query__struct.hpp\n'}
[19.732064] (aruco_markers_msgs) StdoutLine: {'line': b'-- Symlinking: /home/tknika/gral-iiriondo/unitree_ws/install/aruco_markers_msgs/share/aruco_markers_msgs/local_setup.dsv\n'}
[19.732257] (object_recognition_interfaces) StdoutLine: {'line': b'-- Symlinking: /home/tknika/gral-iiriondo/unitree_ws/install/object_recognition_interfaces/share/object_recognition_interfaces/cmake/ament_cmake_export_include_directories-extras.cmake\n'}
[19.750194] (speech_to_goal_interfaces) StdoutLine: {'line': b'-- Symlinking: /home/tknika/gral-iiriondo/unitree_ws/install/speech_to_goal_interfaces/include/speech_to_goal_interfaces/speech_to_goal_interfaces/srv/detail/llm_query__traits.hpp\n'}
[19.750737] (object_recognition_interfaces) StdoutLine: {'line': b'-- Symlinking: /home/tknika/gral-iiriondo/unitree_ws/install/object_recognition_interfaces/share/object_recognition_interfaces/cmake/ament_cmake_export_libraries-extras.cmake\n'}
[19.752213] (aruco_markers_msgs) StdoutLine: {'line': b'-- Symlinking: /home/tknika/gral-iiriondo/unitree_ws/install/aruco_markers_msgs/share/aruco_markers_msgs/package.dsv\n'}
[19.767782] (speech_to_goal_interfaces) StdoutLine: {'line': b'-- Symlinking: /home/tknika/gral-iiriondo/unitree_ws/install/speech_to_goal_interfaces/include/speech_to_goal_interfaces/speech_to_goal_interfaces/srv/detail/llm_query__type_support.hpp\n'}
[19.768555] (object_recognition_interfaces) StdoutLine: {'line': b'-- Symlinking: /home/tknika/gral-iiriondo/unitree_ws/install/object_recognition_interfaces/share/object_recognition_interfaces/cmake/ament_cmake_export_targets-extras.cmake\n'}
[19.768806] (aruco_markers_msgs) StdoutLine: {'line': b'-- Symlinking: /home/tknika/gral-iiriondo/unitree_ws/install/aruco_markers_msgs/share/ament_index/resource_index/packages/aruco_markers_msgs\n'}
[19.786751] (aruco_markers_msgs) StdoutLine: {'line': b'-- Symlinking: /home/tknika/gral-iiriondo/unitree_ws/install/aruco_markers_msgs/share/aruco_markers_msgs/cmake/rosidl_cmake-extras.cmake\n'}
[19.787361] (object_recognition_interfaces) StdoutLine: {'line': b'-- Symlinking: /home/tknika/gral-iiriondo/unitree_ws/install/object_recognition_interfaces/share/object_recognition_interfaces/cmake/rosidl_cmake_export_typesupport_targets-extras.cmake\n'}
[19.788539] (speech_to_goal_interfaces) StdoutLine: {'line': b'-- Symlinking: /home/tknika/gral-iiriondo/unitree_ws/install/speech_to_goal_interfaces/include/speech_to_goal_interfaces/speech_to_goal_interfaces/srv/detect_intent.hpp\n'}
[19.805090] (speech_to_goal_interfaces) StdoutLine: {'line': b'-- Symlinking: /home/tknika/gral-iiriondo/unitree_ws/install/speech_to_goal_interfaces/include/speech_to_goal_interfaces/speech_to_goal_interfaces/srv/llm_query.hpp\n'}
[19.805663] (object_recognition_interfaces) StdoutLine: {'line': b'-- Symlinking: /home/tknika/gral-iiriondo/unitree_ws/install/object_recognition_interfaces/share/object_recognition_interfaces/cmake/ament_cmake_export_dependencies-extras.cmake\n'}
[19.806081] (aruco_markers_msgs) StdoutLine: {'line': b'-- Symlinking: /home/tknika/gral-iiriondo/unitree_ws/install/aruco_markers_msgs/share/aruco_markers_msgs/cmake/ament_cmake_export_dependencies-extras.cmake\n'}
[19.821053] (-) TimerEvent: {}
[19.825404] (aruco_markers_msgs) StdoutLine: {'line': b'-- Symlinking: /home/tknika/gral-iiriondo/unitree_ws/install/aruco_markers_msgs/share/aruco_markers_msgs/cmake/ament_cmake_export_include_directories-extras.cmake\n'}
[19.825969] (object_recognition_interfaces) StdoutLine: {'line': b'-- Symlinking: /home/tknika/gral-iiriondo/unitree_ws/install/object_recognition_interfaces/share/object_recognition_interfaces/cmake/rosidl_cmake_export_typesupport_libraries-extras.cmake\n'}
[19.826323] (speech_to_goal_interfaces) StdoutLine: {'line': b'-- Symlinking: /home/tknika/gral-iiriondo/unitree_ws/install/speech_to_goal_interfaces/include/speech_to_goal_interfaces/speech_to_goal_interfaces/msg/detail/waypoint__rosidl_typesupport_fastrtps_cpp.hpp\n'}
[19.842958] (object_recognition_interfaces) StdoutLine: {'line': b'-- Symlinking: /home/tknika/gral-iiriondo/unitree_ws/install/object_recognition_interfaces/share/object_recognition_interfaces/cmake/object_recognition_interfacesConfig.cmake\n'}
[19.843553] (speech_to_goal_interfaces) StdoutLine: {'line': b'-- Symlinking: /home/tknika/gral-iiriondo/unitree_ws/install/speech_to_goal_interfaces/include/speech_to_goal_interfaces/speech_to_goal_interfaces/msg/rosidl_typesupport_fastrtps_cpp__visibility_control.h\n'}
[19.843884] (aruco_markers_msgs) StdoutLine: {'line': b'-- Symlinking: /home/tknika/gral-iiriondo/unitree_ws/install/aruco_markers_msgs/share/aruco_markers_msgs/cmake/ament_cmake_export_libraries-extras.cmake\n'}
[19.861829] (object_recognition_interfaces) StdoutLine: {'line': b'-- Symlinking: /home/tknika/gral-iiriondo/unitree_ws/install/object_recognition_interfaces/share/object_recognition_interfaces/cmake/object_recognition_interfacesConfig-version.cmake\n'}
[19.862292] (aruco_markers_msgs) StdoutLine: {'line': b'-- Symlinking: /home/tknika/gral-iiriondo/unitree_ws/install/aruco_markers_msgs/share/aruco_markers_msgs/cmake/ament_cmake_export_targets-extras.cmake\n'}
[19.867131] (speech_to_goal_interfaces) StdoutLine: {'line': b'-- Symlinking: /home/tknika/gral-iiriondo/unitree_ws/install/speech_to_goal_interfaces/include/speech_to_goal_interfaces/speech_to_goal_interfaces/srv/detail/detect_intent__rosidl_typesupport_fastrtps_cpp.hpp\n'}
[19.879833] (object_recognition_interfaces) StdoutLine: {'line': b'-- Symlinking: /home/tknika/gral-iiriondo/unitree_ws/install/object_recognition_interfaces/share/object_recognition_interfaces/package.xml\n'}
[19.880402] (aruco_markers_msgs) StdoutLine: {'line': b'-- Symlinking: /home/tknika/gral-iiriondo/unitree_ws/install/aruco_markers_msgs/share/aruco_markers_msgs/cmake/rosidl_cmake_export_typesupport_targets-extras.cmake\n'}
[19.887156] (speech_to_goal_interfaces) StdoutLine: {'line': b'-- Symlinking: /home/tknika/gral-iiriondo/unitree_ws/install/speech_to_goal_interfaces/include/speech_to_goal_interfaces/speech_to_goal_interfaces/srv/detail/llm_query__rosidl_typesupport_fastrtps_cpp.hpp\n'}
[19.897266] (object_recognition_interfaces) StdoutLine: {'line': b'-- Installing: /home/tknika/gral-iiriondo/unitree_ws/install/object_recognition_interfaces/lib/libobject_recognition_interfaces__rosidl_generator_c.so\n'}
[19.898271] (aruco_markers_msgs) StdoutLine: {'line': b'-- Symlinking: /home/tknika/gral-iiriondo/unitree_ws/install/aruco_markers_msgs/share/aruco_markers_msgs/cmake/rosidl_cmake_export_typesupport_libraries-extras.cmake\n'}
[19.899819] (object_recognition_interfaces) StdoutLine: {'line': b'-- Set runtime path of "/home/tknika/gral-iiriondo/unitree_ws/install/object_recognition_interfaces/lib/libobject_recognition_interfaces__rosidl_generator_c.so" to ""\n'}
[19.900006] (object_recognition_interfaces) StdoutLine: {'line': b'-- Installing: /home/tknika/gral-iiriondo/unitree_ws/install/object_recognition_interfaces/lib/libobject_recognition_interfaces__rosidl_typesupport_fastrtps_c.so\n'}
[19.900274] (object_recognition_interfaces) StdoutLine: {'line': b'-- Set runtime path of "/home/tknika/gral-iiriondo/unitree_ws/install/object_recognition_interfaces/lib/libobject_recognition_interfaces__rosidl_typesupport_fastrtps_c.so" to ""\n'}
[19.900530] (object_recognition_interfaces) StdoutLine: {'line': b'-- Installing: /home/tknika/gral-iiriondo/unitree_ws/install/object_recognition_interfaces/lib/libobject_recognition_interfaces__rosidl_typesupport_introspection_c.so\n'}
[19.901029] (object_recognition_interfaces) StdoutLine: {'line': b'-- Set runtime path of "/home/tknika/gral-iiriondo/unitree_ws/install/object_recognition_interfaces/lib/libobject_recognition_interfaces__rosidl_typesupport_introspection_c.so" to ""\n'}
[19.901241] (object_recognition_interfaces) StdoutLine: {'line': b'-- Installing: /home/tknika/gral-iiriondo/unitree_ws/install/object_recognition_interfaces/lib/libobject_recognition_interfaces__rosidl_typesupport_c.so\n'}
[19.901758] (object_recognition_interfaces) StdoutLine: {'line': b'-- Set runtime path of "/home/tknika/gral-iiriondo/unitree_ws/install/object_recognition_interfaces/lib/libobject_recognition_interfaces__rosidl_typesupport_c.so" to ""\n'}
[19.901959] (object_recognition_interfaces) StdoutLine: {'line': b'-- Installing: /home/tknika/gral-iiriondo/unitree_ws/install/object_recognition_interfaces/lib/libobject_recognition_interfaces__rosidl_typesupport_fastrtps_cpp.so\n'}
[19.902845] (object_recognition_interfaces) StdoutLine: {'line': b'-- Set runtime path of "/home/tknika/gral-iiriondo/unitree_ws/install/object_recognition_interfaces/lib/libobject_recognition_interfaces__rosidl_typesupport_fastrtps_cpp.so" to ""\n'}
[19.903051] (object_recognition_interfaces) StdoutLine: {'line': b'-- Installing: /home/tknika/gral-iiriondo/unitree_ws/install/object_recognition_interfaces/lib/libobject_recognition_interfaces__rosidl_typesupport_introspection_cpp.so\n'}
[19.903593] (object_recognition_interfaces) StdoutLine: {'line': b'-- Set runtime path of "/home/tknika/gral-iiriondo/unitree_ws/install/object_recognition_interfaces/lib/libobject_recognition_interfaces__rosidl_typesupport_introspection_cpp.so" to ""\n'}
[19.903779] (object_recognition_interfaces) StdoutLine: {'line': b'-- Installing: /home/tknika/gral-iiriondo/unitree_ws/install/object_recognition_interfaces/lib/libobject_recognition_interfaces__rosidl_typesupport_cpp.so\n'}
[19.904288] (object_recognition_interfaces) StdoutLine: {'line': b'-- Set runtime path of "/home/tknika/gral-iiriondo/unitree_ws/install/object_recognition_interfaces/lib/libobject_recognition_interfaces__rosidl_typesupport_cpp.so" to ""\n'}
[19.904600] (speech_to_goal_interfaces) StdoutLine: {'line': b'-- Symlinking: /home/tknika/gral-iiriondo/unitree_ws/install/speech_to_goal_interfaces/include/speech_to_goal_interfaces/speech_to_goal_interfaces/msg/detail/waypoint__rosidl_typesupport_introspection_cpp.hpp\n'}
[19.917551] (aruco_markers_msgs) StdoutLine: {'line': b'-- Symlinking: /home/tknika/gral-iiriondo/unitree_ws/install/aruco_markers_msgs/share/aruco_markers_msgs/cmake/aruco_markers_msgsConfig.cmake\n'}
[19.921178] (-) TimerEvent: {}
[19.922335] (speech_to_goal_interfaces) StdoutLine: {'line': b'-- Symlinking: /home/tknika/gral-iiriondo/unitree_ws/install/speech_to_goal_interfaces/include/speech_to_goal_interfaces/speech_to_goal_interfaces/srv/detail/detect_intent__rosidl_typesupport_introspection_cpp.hpp\n'}
[19.939354] (aruco_markers_msgs) StdoutLine: {'line': b'-- Symlinking: /home/tknika/gral-iiriondo/unitree_ws/install/aruco_markers_msgs/share/aruco_markers_msgs/cmake/aruco_markers_msgsConfig-version.cmake\n'}
[19.941268] (speech_to_goal_interfaces) StdoutLine: {'line': b'-- Symlinking: /home/tknika/gral-iiriondo/unitree_ws/install/speech_to_goal_interfaces/include/speech_to_goal_interfaces/speech_to_goal_interfaces/srv/detail/llm_query__rosidl_typesupport_introspection_cpp.hpp\n'}
[19.960199] (aruco_markers_msgs) StdoutLine: {'line': b'-- Symlinking: /home/tknika/gral-iiriondo/unitree_ws/install/aruco_markers_msgs/share/aruco_markers_msgs/package.xml\n'}
[19.960894] (speech_to_goal_interfaces) StdoutLine: {'line': b'-- Symlinking: /home/tknika/gral-iiriondo/unitree_ws/install/speech_to_goal_interfaces/share/speech_to_goal_interfaces/environment/pythonpath.sh\n'}
[19.978377] (speech_to_goal_interfaces) StdoutLine: {'line': b'-- Symlinking: /home/tknika/gral-iiriondo/unitree_ws/install/speech_to_goal_interfaces/share/speech_to_goal_interfaces/environment/pythonpath.dsv\n'}
[19.978859] (aruco_markers_msgs) StdoutLine: {'line': b'-- Installing: /home/tknika/gral-iiriondo/unitree_ws/install/aruco_markers_msgs/lib/libaruco_markers_msgs__rosidl_generator_c.so\n'}
[19.979094] (aruco_markers_msgs) StdoutLine: {'line': b'-- Set runtime path of "/home/tknika/gral-iiriondo/unitree_ws/install/aruco_markers_msgs/lib/libaruco_markers_msgs__rosidl_generator_c.so" to ""\n'}
[19.979288] (aruco_markers_msgs) StdoutLine: {'line': b'-- Installing: /home/tknika/gral-iiriondo/unitree_ws/install/aruco_markers_msgs/lib/libaruco_markers_msgs__rosidl_typesupport_fastrtps_c.so\n'}
[19.979559] (aruco_markers_msgs) StdoutLine: {'line': b'-- Set runtime path of "/home/tknika/gral-iiriondo/unitree_ws/install/aruco_markers_msgs/lib/libaruco_markers_msgs__rosidl_typesupport_fastrtps_c.so" to ""\n'}
[19.979707] (aruco_markers_msgs) StdoutLine: {'line': b'-- Installing: /home/tknika/gral-iiriondo/unitree_ws/install/aruco_markers_msgs/lib/libaruco_markers_msgs__rosidl_typesupport_fastrtps_cpp.so\n'}
[19.980122] (aruco_markers_msgs) StdoutLine: {'line': b'-- Set runtime path of "/home/tknika/gral-iiriondo/unitree_ws/install/aruco_markers_msgs/lib/libaruco_markers_msgs__rosidl_typesupport_fastrtps_cpp.so" to ""\n'}
[19.980350] (aruco_markers_msgs) StdoutLine: {'line': b'-- Installing: /home/tknika/gral-iiriondo/unitree_ws/install/aruco_markers_msgs/lib/libaruco_markers_msgs__rosidl_typesupport_introspection_c.so\n'}
[19.980785] (aruco_markers_msgs) StdoutLine: {'line': b'-- Set runtime path of "/home/tknika/gral-iiriondo/unitree_ws/install/aruco_markers_msgs/lib/libaruco_markers_msgs__rosidl_typesupport_introspection_c.so" to ""\n'}
[19.981031] (aruco_markers_msgs) StdoutLine: {'line': b'-- Installing: /home/tknika/gral-iiriondo/unitree_ws/install/aruco_markers_msgs/lib/libaruco_markers_msgs__rosidl_typesupport_c.so\n'}
[19.981427] (aruco_markers_msgs) StdoutLine: {'line': b'-- Set runtime path of "/home/tknika/gral-iiriondo/unitree_ws/install/aruco_markers_msgs/lib/libaruco_markers_msgs__rosidl_typesupport_c.so" to ""\n'}
[19.981665] (aruco_markers_msgs) StdoutLine: {'line': b'-- Installing: /home/tknika/gral-iiriondo/unitree_ws/install/aruco_markers_msgs/lib/libaruco_markers_msgs__rosidl_typesupport_introspection_cpp.so\n'}
[19.982374] (aruco_markers_msgs) StdoutLine: {'line': b'-- Set runtime path of "/home/tknika/gral-iiriondo/unitree_ws/install/aruco_markers_msgs/lib/libaruco_markers_msgs__rosidl_typesupport_introspection_cpp.so" to ""\n'}
[19.982608] (aruco_markers_msgs) StdoutLine: {'line': b'-- Installing: /home/tknika/gral-iiriondo/unitree_ws/install/aruco_markers_msgs/lib/libaruco_markers_msgs__rosidl_typesupport_cpp.so\n'}
[19.983051] (aruco_markers_msgs) StdoutLine: {'line': b'-- Set runtime path of "/home/tknika/gral-iiriondo/unitree_ws/install/aruco_markers_msgs/lib/libaruco_markers_msgs__rosidl_typesupport_cpp.so" to ""\n'}
[19.993444] (object_recognition_interfaces) StdoutLine: {'line': b"Listing '/home/tknika/gral-iiriondo/unitree_ws/install/object_recognition_interfaces/local/lib/python3.10/dist-packages/object_recognition_interfaces'...\n"}
[19.994267] (object_recognition_interfaces) StdoutLine: {'line': b"Compiling '/home/tknika/gral-iiriondo/unitree_ws/install/object_recognition_interfaces/local/lib/python3.10/dist-packages/object_recognition_interfaces/__init__.py'...\n"}
[19.994426] (object_recognition_interfaces) StdoutLine: {'line': b"Listing '/home/tknika/gral-iiriondo/unitree_ws/install/object_recognition_interfaces/local/lib/python3.10/dist-packages/object_recognition_interfaces/srv'...\n"}
[19.994631] (object_recognition_interfaces) StdoutLine: {'line': b"Compiling '/home/tknika/gral-iiriondo/unitree_ws/install/object_recognition_interfaces/local/lib/python3.10/dist-packages/object_recognition_interfaces/srv/__init__.py'...\n"}
[19.994765] (object_recognition_interfaces) StdoutLine: {'line': b"Compiling '/home/tknika/gral-iiriondo/unitree_ws/install/object_recognition_interfaces/local/lib/python3.10/dist-packages/object_recognition_interfaces/srv/_add_object.py'...\n"}
[19.994965] (object_recognition_interfaces) StdoutLine: {'line': b"Compiling '/home/tknika/gral-iiriondo/unitree_ws/install/object_recognition_interfaces/local/lib/python3.10/dist-packages/object_recognition_interfaces/srv/_detect_object.py'...\n"}
[19.998066] (speech_to_goal_interfaces) StdoutLine: {'line': b'-- Symlinking: /home/tknika/gral-iiriondo/unitree_ws/install/speech_to_goal_interfaces/local/lib/python3.10/dist-packages/speech_to_goal_interfaces-0.0.0-py3.10.egg-info/PKG-INFO\n'}
[20.007288] (object_recognition_interfaces) StdoutLine: {'line': b'-- Installing: /home/tknika/gral-iiriondo/unitree_ws/install/object_recognition_interfaces/lib/libobject_recognition_interfaces__rosidl_generator_py.so\n'}
[20.008045] (object_recognition_interfaces) StdoutLine: {'line': b'-- Set runtime path of "/home/tknika/gral-iiriondo/unitree_ws/install/object_recognition_interfaces/lib/libobject_recognition_interfaces__rosidl_generator_py.so" to ""\n'}
[20.008485] (object_recognition_interfaces) StdoutLine: {'line': b'-- Installing: /home/tknika/gral-iiriondo/unitree_ws/install/object_recognition_interfaces/share/object_recognition_interfaces/cmake/export_object_recognition_interfaces__rosidl_generator_cExport.cmake\n'}
[20.010590] (object_recognition_interfaces) StdoutLine: {'line': b'-- Installing: /home/tknika/gral-iiriondo/unitree_ws/install/object_recognition_interfaces/share/object_recognition_interfaces/cmake/export_object_recognition_interfaces__rosidl_generator_cExport-noconfig.cmake\n'}
[20.011930] (object_recognition_interfaces) StdoutLine: {'line': b'-- Installing: /home/tknika/gral-iiriondo/unitree_ws/install/object_recognition_interfaces/share/object_recognition_interfaces/cmake/export_object_recognition_interfaces__rosidl_typesupport_fastrtps_cExport.cmake\n'}
[20.013622] (object_recognition_interfaces) StdoutLine: {'line': b'-- Installing: /home/tknika/gral-iiriondo/unitree_ws/install/object_recognition_interfaces/share/object_recognition_interfaces/cmake/export_object_recognition_interfaces__rosidl_typesupport_fastrtps_cExport-noconfig.cmake\n'}
[20.014068] (object_recognition_interfaces) StdoutLine: {'line': b'-- Installing: /home/tknika/gral-iiriondo/unitree_ws/install/object_recognition_interfaces/share/object_recognition_interfaces/cmake/object_recognition_interfaces__rosidl_typesupport_introspection_cExport.cmake\n'}
[20.014253] (object_recognition_interfaces) StdoutLine: {'line': b'-- Installing: /home/tknika/gral-iiriondo/unitree_ws/install/object_recognition_interfaces/share/object_recognition_interfaces/cmake/object_recognition_interfaces__rosidl_typesupport_introspection_cExport-noconfig.cmake\n'}
[20.014634] (object_recognition_interfaces) StdoutLine: {'line': b'-- Installing: /home/tknika/gral-iiriondo/unitree_ws/install/object_recognition_interfaces/share/object_recognition_interfaces/cmake/object_recognition_interfaces__rosidl_typesupport_cExport.cmake\n'}
[20.014797] (object_recognition_interfaces) StdoutLine: {'line': b'-- Installing: /home/tknika/gral-iiriondo/unitree_ws/install/object_recognition_interfaces/share/object_recognition_interfaces/cmake/object_recognition_interfaces__rosidl_typesupport_cExport-noconfig.cmake\n'}
[20.014931] (object_recognition_interfaces) StdoutLine: {'line': b'-- Installing: /home/tknika/gral-iiriondo/unitree_ws/install/object_recognition_interfaces/share/object_recognition_interfaces/cmake/export_object_recognition_interfaces__rosidl_generator_cppExport.cmake\n'}
[20.015121] (object_recognition_interfaces) StdoutLine: {'line': b'-- Installing: /home/tknika/gral-iiriondo/unitree_ws/install/object_recognition_interfaces/share/object_recognition_interfaces/cmake/export_object_recognition_interfaces__rosidl_typesupport_fastrtps_cppExport.cmake\n'}
[20.017966] (object_recognition_interfaces) StdoutLine: {'line': b'-- Installing: /home/tknika/gral-iiriondo/unitree_ws/install/object_recognition_interfaces/share/object_recognition_interfaces/cmake/export_object_recognition_interfaces__rosidl_typesupport_fastrtps_cppExport-noconfig.cmake\n'}
[20.019355] (object_recognition_interfaces) StdoutLine: {'line': b'-- Installing: /home/tknika/gral-iiriondo/unitree_ws/install/object_recognition_interfaces/share/object_recognition_interfaces/cmake/object_recognition_interfaces__rosidl_typesupport_introspection_cppExport.cmake\n'}
[20.021086] (object_recognition_interfaces) StdoutLine: {'line': b'-- Installing: /home/tknika/gral-iiriondo/unitree_ws/install/object_recognition_interfaces/share/object_recognition_interfaces/cmake/object_recognition_interfaces__rosidl_typesupport_introspection_cppExport-noconfig.cmake\n'}
[20.021293] (-) TimerEvent: {}
[20.021640] (object_recognition_interfaces) StdoutLine: {'line': b'-- Installing: /home/tknika/gral-iiriondo/unitree_ws/install/object_recognition_interfaces/share/object_recognition_interfaces/cmake/object_recognition_interfaces__rosidl_typesupport_cppExport.cmake\n'}
[20.021823] (object_recognition_interfaces) StdoutLine: {'line': b'-- Installing: /home/tknika/gral-iiriondo/unitree_ws/install/object_recognition_interfaces/share/object_recognition_interfaces/cmake/object_recognition_interfaces__rosidl_typesupport_cppExport-noconfig.cmake\n'}
[20.021977] (object_recognition_interfaces) StdoutLine: {'line': b'-- Installing: /home/tknika/gral-iiriondo/unitree_ws/install/object_recognition_interfaces/share/object_recognition_interfaces/cmake/export_object_recognition_interfaces__rosidl_generator_pyExport.cmake\n'}
[20.022110] (object_recognition_interfaces) StdoutLine: {'line': b'-- Installing: /home/tknika/gral-iiriondo/unitree_ws/install/object_recognition_interfaces/share/object_recognition_interfaces/cmake/export_object_recognition_interfaces__rosidl_generator_pyExport-noconfig.cmake\n'}
[20.025964] (object_recognition_interfaces) CommandEnded: {'returncode': 0}
[20.034154] (speech_to_goal_interfaces) StdoutLine: {'line': b'-- Symlinking: /home/tknika/gral-iiriondo/unitree_ws/install/speech_to_goal_interfaces/local/lib/python3.10/dist-packages/speech_to_goal_interfaces-0.0.0-py3.10.egg-info/SOURCES.txt\n'}
[20.074671] (object_recognition_interfaces) JobEnded: {'identifier': 'object_recognition_interfaces', 'rc': 0}
[20.075671] (aruco_markers_msgs) StdoutLine: {'line': b"Listing '/home/tknika/gral-iiriondo/unitree_ws/install/aruco_markers_msgs/local/lib/python3.10/dist-packages/aruco_markers_msgs'...\n"}
[20.075929] (aruco_markers_msgs) StdoutLine: {'line': b"Compiling '/home/tknika/gral-iiriondo/unitree_ws/install/aruco_markers_msgs/local/lib/python3.10/dist-packages/aruco_markers_msgs/__init__.py'...\n"}
[20.076074] (aruco_markers_msgs) StdoutLine: {'line': b"Listing '/home/tknika/gral-iiriondo/unitree_ws/install/aruco_markers_msgs/local/lib/python3.10/dist-packages/aruco_markers_msgs/msg'...\n"}
[20.076203] (aruco_markers_msgs) StdoutLine: {'line': b"Compiling '/home/tknika/gral-iiriondo/unitree_ws/install/aruco_markers_msgs/local/lib/python3.10/dist-packages/aruco_markers_msgs/msg/__init__.py'...\n"}
[20.076325] (aruco_markers_msgs) StdoutLine: {'line': b"Compiling '/home/tknika/gral-iiriondo/unitree_ws/install/aruco_markers_msgs/local/lib/python3.10/dist-packages/aruco_markers_msgs/msg/_marker.py'...\n"}
[20.076441] (aruco_markers_msgs) StdoutLine: {'line': b"Compiling '/home/tknika/gral-iiriondo/unitree_ws/install/aruco_markers_msgs/local/lib/python3.10/dist-packages/aruco_markers_msgs/msg/_marker_array.py'...\n"}
[20.077676] (object_recognition) JobStarted: {'identifier': 'object_recognition'}
[20.090447] (aruco_markers_msgs) StdoutLine: {'line': b'-- Installing: /home/tknika/gral-iiriondo/unitree_ws/install/aruco_markers_msgs/lib/libaruco_markers_msgs__rosidl_generator_py.so\n'}
[20.090806] (aruco_markers_msgs) StdoutLine: {'line': b'-- Set runtime path of "/home/tknika/gral-iiriondo/unitree_ws/install/aruco_markers_msgs/lib/libaruco_markers_msgs__rosidl_generator_py.so" to ""\n'}
[20.091304] (aruco_markers_msgs) StdoutLine: {'line': b'-- Installing: /home/tknika/gral-iiriondo/unitree_ws/install/aruco_markers_msgs/share/aruco_markers_msgs/cmake/export_aruco_markers_msgs__rosidl_generator_cExport.cmake\n'}
[20.091495] (aruco_markers_msgs) StdoutLine: {'line': b'-- Installing: /home/tknika/gral-iiriondo/unitree_ws/install/aruco_markers_msgs/share/aruco_markers_msgs/cmake/export_aruco_markers_msgs__rosidl_generator_cExport-noconfig.cmake\n'}
[20.091656] (aruco_markers_msgs) StdoutLine: {'line': b'-- Installing: /home/tknika/gral-iiriondo/unitree_ws/install/aruco_markers_msgs/share/aruco_markers_msgs/cmake/export_aruco_markers_msgs__rosidl_typesupport_fastrtps_cExport.cmake\n'}
[20.092118] (aruco_markers_msgs) StdoutLine: {'line': b'-- Installing: /home/tknika/gral-iiriondo/unitree_ws/install/aruco_markers_msgs/share/aruco_markers_msgs/cmake/export_aruco_markers_msgs__rosidl_typesupport_fastrtps_cExport-noconfig.cmake\n'}
[20.092297] (aruco_markers_msgs) StdoutLine: {'line': b'-- Installing: /home/tknika/gral-iiriondo/unitree_ws/install/aruco_markers_msgs/share/aruco_markers_msgs/cmake/export_aruco_markers_msgs__rosidl_generator_cppExport.cmake\n'}
[20.092426] (aruco_markers_msgs) StdoutLine: {'line': b'-- Installing: /home/tknika/gral-iiriondo/unitree_ws/install/aruco_markers_msgs/share/aruco_markers_msgs/cmake/export_aruco_markers_msgs__rosidl_typesupport_fastrtps_cppExport.cmake\n'}
[20.092851] (aruco_markers_msgs) StdoutLine: {'line': b'-- Installing: /home/tknika/gral-iiriondo/unitree_ws/install/aruco_markers_msgs/share/aruco_markers_msgs/cmake/export_aruco_markers_msgs__rosidl_typesupport_fastrtps_cppExport-noconfig.cmake\n'}
[20.093028] (aruco_markers_msgs) StdoutLine: {'line': b'-- Installing: /home/tknika/gral-iiriondo/unitree_ws/install/aruco_markers_msgs/share/aruco_markers_msgs/cmake/aruco_markers_msgs__rosidl_typesupport_introspection_cExport.cmake\n'}
[20.093162] (aruco_markers_msgs) StdoutLine: {'line': b'-- Installing: /home/tknika/gral-iiriondo/unitree_ws/install/aruco_markers_msgs/share/aruco_markers_msgs/cmake/aruco_markers_msgs__rosidl_typesupport_introspection_cExport-noconfig.cmake\n'}
[20.093354] (aruco_markers_msgs) StdoutLine: {'line': b'-- Installing: /home/tknika/gral-iiriondo/unitree_ws/install/aruco_markers_msgs/share/aruco_markers_msgs/cmake/aruco_markers_msgs__rosidl_typesupport_cExport.cmake\n'}
[20.093711] (aruco_markers_msgs) StdoutLine: {'line': b'-- Installing: /home/tknika/gral-iiriondo/unitree_ws/install/aruco_markers_msgs/share/aruco_markers_msgs/cmake/aruco_markers_msgs__rosidl_typesupport_cExport-noconfig.cmake\n'}
[20.093989] (aruco_markers_msgs) StdoutLine: {'line': b'-- Installing: /home/tknika/gral-iiriondo/unitree_ws/install/aruco_markers_msgs/share/aruco_markers_msgs/cmake/aruco_markers_msgs__rosidl_typesupport_introspection_cppExport.cmake\n'}
[20.094325] (aruco_markers_msgs) StdoutLine: {'line': b'-- Installing: /home/tknika/gral-iiriondo/unitree_ws/install/aruco_markers_msgs/share/aruco_markers_msgs/cmake/aruco_markers_msgs__rosidl_typesupport_introspection_cppExport-noconfig.cmake\n'}
[20.094473] (aruco_markers_msgs) StdoutLine: {'line': b'-- Installing: /home/tknika/gral-iiriondo/unitree_ws/install/aruco_markers_msgs/share/aruco_markers_msgs/cmake/aruco_markers_msgs__rosidl_typesupport_cppExport.cmake\n'}
[20.095226] (aruco_markers_msgs) StdoutLine: {'line': b'-- Installing: /home/tknika/gral-iiriondo/unitree_ws/install/aruco_markers_msgs/share/aruco_markers_msgs/cmake/aruco_markers_msgs__rosidl_typesupport_cppExport-noconfig.cmake\n'}
[20.096857] (aruco_markers_msgs) StdoutLine: {'line': b'-- Installing: /home/tknika/gral-iiriondo/unitree_ws/install/aruco_markers_msgs/share/aruco_markers_msgs/cmake/export_aruco_markers_msgs__rosidl_generator_pyExport.cmake\n'}
[20.097042] (aruco_markers_msgs) StdoutLine: {'line': b'-- Installing: /home/tknika/gral-iiriondo/unitree_ws/install/aruco_markers_msgs/share/aruco_markers_msgs/cmake/export_aruco_markers_msgs__rosidl_generator_pyExport-noconfig.cmake\n'}
[20.100865] (aruco_markers_msgs) CommandEnded: {'returncode': 0}
[20.111166] (speech_to_goal_interfaces) StdoutLine: {'line': b'-- Symlinking: /home/tknika/gral-iiriondo/unitree_ws/install/speech_to_goal_interfaces/local/lib/python3.10/dist-packages/speech_to_goal_interfaces-0.0.0-py3.10.egg-info/dependency_links.txt\n'}
[20.121483] (-) TimerEvent: {}
[20.152755] (aruco_markers_msgs) JobEnded: {'identifier': 'aruco_markers_msgs', 'rc': 0}
[20.155786] (aruco_detector) JobStarted: {'identifier': 'aruco_detector'}
[20.155919] (speech_to_goal_interfaces) StdoutLine: {'line': b'-- Symlinking: /home/tknika/gral-iiriondo/unitree_ws/install/speech_to_goal_interfaces/local/lib/python3.10/dist-packages/speech_to_goal_interfaces-0.0.0-py3.10.egg-info/top_level.txt\n'}
[20.183025] (speech_to_goal_interfaces) StdoutLine: {'line': b'-- Symlinking: /home/tknika/gral-iiriondo/unitree_ws/install/speech_to_goal_interfaces/local/lib/python3.10/dist-packages/speech_to_goal_interfaces/__init__.py\n'}
[20.201501] (speech_to_goal_interfaces) StdoutLine: {'line': b'-- Symlinking: /home/tknika/gral-iiriondo/unitree_ws/install/speech_to_goal_interfaces/local/lib/python3.10/dist-packages/speech_to_goal_interfaces/_speech_to_goal_interfaces_s.ep.rosidl_typesupport_c.c\n'}
[20.221675] (speech_to_goal_interfaces) StdoutLine: {'line': b'-- Symlinking: /home/tknika/gral-iiriondo/unitree_ws/install/speech_to_goal_interfaces/local/lib/python3.10/dist-packages/speech_to_goal_interfaces/_speech_to_goal_interfaces_s.ep.rosidl_typesupport_fastrtps_c.c\n'}
[20.222191] (-) TimerEvent: {}
[20.242838] (speech_to_goal_interfaces) StdoutLine: {'line': b'-- Symlinking: /home/tknika/gral-iiriondo/unitree_ws/install/speech_to_goal_interfaces/local/lib/python3.10/dist-packages/speech_to_goal_interfaces/_speech_to_goal_interfaces_s.ep.rosidl_typesupport_introspection_c.c\n'}
[20.262517] (speech_to_goal_interfaces) StdoutLine: {'line': b'-- Symlinking: /home/tknika/gral-iiriondo/unitree_ws/install/speech_to_goal_interfaces/local/lib/python3.10/dist-packages/speech_to_goal_interfaces/libspeech_to_goal_interfaces__rosidl_generator_py.so\n'}
[20.282777] (speech_to_goal_interfaces) StdoutLine: {'line': b'-- Symlinking: /home/tknika/gral-iiriondo/unitree_ws/install/speech_to_goal_interfaces/local/lib/python3.10/dist-packages/speech_to_goal_interfaces/msg/__init__.py\n'}
[20.302446] (speech_to_goal_interfaces) StdoutLine: {'line': b'-- Symlinking: /home/tknika/gral-iiriondo/unitree_ws/install/speech_to_goal_interfaces/local/lib/python3.10/dist-packages/speech_to_goal_interfaces/msg/_waypoint.py\n'}
[20.322540] (-) TimerEvent: {}
[20.324685] (speech_to_goal_interfaces) StdoutLine: {'line': b'-- Symlinking: /home/tknika/gral-iiriondo/unitree_ws/install/speech_to_goal_interfaces/local/lib/python3.10/dist-packages/speech_to_goal_interfaces/msg/_waypoint_s.c\n'}
[20.344838] (speech_to_goal_interfaces) StdoutLine: {'line': b'-- Symlinking: /home/tknika/gral-iiriondo/unitree_ws/install/speech_to_goal_interfaces/local/lib/python3.10/dist-packages/speech_to_goal_interfaces/speech_to_goal_interfaces_s__rosidl_typesupport_c.cpython-310-aarch64-linux-gnu.so\n'}
[20.365938] (speech_to_goal_interfaces) StdoutLine: {'line': b'-- Symlinking: /home/tknika/gral-iiriondo/unitree_ws/install/speech_to_goal_interfaces/local/lib/python3.10/dist-packages/speech_to_goal_interfaces/speech_to_goal_interfaces_s__rosidl_typesupport_fastrtps_c.cpython-310-aarch64-linux-gnu.so\n'}
[20.385013] (speech_to_goal_interfaces) StdoutLine: {'line': b'-- Symlinking: /home/tknika/gral-iiriondo/unitree_ws/install/speech_to_goal_interfaces/local/lib/python3.10/dist-packages/speech_to_goal_interfaces/speech_to_goal_interfaces_s__rosidl_typesupport_introspection_c.cpython-310-aarch64-linux-gnu.so\n'}
[20.405569] (speech_to_goal_interfaces) StdoutLine: {'line': b'-- Symlinking: /home/tknika/gral-iiriondo/unitree_ws/install/speech_to_goal_interfaces/local/lib/python3.10/dist-packages/speech_to_goal_interfaces/srv/__init__.py\n'}
[20.422619] (-) TimerEvent: {}
[20.426314] (speech_to_goal_interfaces) StdoutLine: {'line': b'-- Symlinking: /home/tknika/gral-iiriondo/unitree_ws/install/speech_to_goal_interfaces/local/lib/python3.10/dist-packages/speech_to_goal_interfaces/srv/_detect_intent.py\n'}
[20.444906] (speech_to_goal_interfaces) StdoutLine: {'line': b'-- Symlinking: /home/tknika/gral-iiriondo/unitree_ws/install/speech_to_goal_interfaces/local/lib/python3.10/dist-packages/speech_to_goal_interfaces/srv/_detect_intent_s.c\n'}
[20.463564] (speech_to_goal_interfaces) StdoutLine: {'line': b'-- Symlinking: /home/tknika/gral-iiriondo/unitree_ws/install/speech_to_goal_interfaces/local/lib/python3.10/dist-packages/speech_to_goal_interfaces/srv/_llm_query.py\n'}
[20.481285] (speech_to_goal_interfaces) StdoutLine: {'line': b'-- Symlinking: /home/tknika/gral-iiriondo/unitree_ws/install/speech_to_goal_interfaces/local/lib/python3.10/dist-packages/speech_to_goal_interfaces/srv/_llm_query_s.c\n'}
[20.500059] (speech_to_goal_interfaces) StdoutLine: {'line': b'-- Up-to-date symlink: /home/tknika/gral-iiriondo/unitree_ws/install/speech_to_goal_interfaces/local/lib/python3.10/dist-packages/speech_to_goal_interfaces/speech_to_goal_interfaces_s__rosidl_typesupport_fastrtps_c.cpython-310-aarch64-linux-gnu.so\n'}
[20.500506] (speech_to_goal_interfaces) StdoutLine: {'line': b'-- Up-to-date symlink: /home/tknika/gral-iiriondo/unitree_ws/install/speech_to_goal_interfaces/local/lib/python3.10/dist-packages/speech_to_goal_interfaces/speech_to_goal_interfaces_s__rosidl_typesupport_introspection_c.cpython-310-aarch64-linux-gnu.so\n'}
[20.500920] (speech_to_goal_interfaces) StdoutLine: {'line': b'-- Up-to-date symlink: /home/tknika/gral-iiriondo/unitree_ws/install/speech_to_goal_interfaces/local/lib/python3.10/dist-packages/speech_to_goal_interfaces/speech_to_goal_interfaces_s__rosidl_typesupport_c.cpython-310-aarch64-linux-gnu.so\n'}
[20.501381] (speech_to_goal_interfaces) StdoutLine: {'line': b'-- Symlinking: /home/tknika/gral-iiriondo/unitree_ws/install/speech_to_goal_interfaces/share/ament_index/resource_index/rust_packages/speech_to_goal_interfaces\n'}
[20.520642] (speech_to_goal_interfaces) StdoutLine: {'line': b'-- Symlinking: /home/tknika/gral-iiriondo/unitree_ws/install/speech_to_goal_interfaces/share/speech_to_goal_interfaces/rust/Cargo.toml\n'}
[20.522706] (-) TimerEvent: {}
[20.539160] (speech_to_goal_interfaces) StdoutLine: {'line': b'-- Symlinking: /home/tknika/gral-iiriondo/unitree_ws/install/speech_to_goal_interfaces/share/speech_to_goal_interfaces/rust/build.rs\n'}
[20.561735] (speech_to_goal_interfaces) StdoutLine: {'line': b'-- Symlinking: /home/tknika/gral-iiriondo/unitree_ws/install/speech_to_goal_interfaces/share/speech_to_goal_interfaces/rust/src/lib.rs\n'}
[20.583476] (speech_to_goal_interfaces) StdoutLine: {'line': b'-- Symlinking: /home/tknika/gral-iiriondo/unitree_ws/install/speech_to_goal_interfaces/share/speech_to_goal_interfaces/rust/src/msg.rs\n'}
[20.601172] (speech_to_goal_interfaces) StdoutLine: {'line': b'-- Symlinking: /home/tknika/gral-iiriondo/unitree_ws/install/speech_to_goal_interfaces/share/speech_to_goal_interfaces/rust/src/msg/rmw.rs\n'}
[20.619599] (speech_to_goal_interfaces) StdoutLine: {'line': b'-- Symlinking: /home/tknika/gral-iiriondo/unitree_ws/install/speech_to_goal_interfaces/share/speech_to_goal_interfaces/rust/src/srv.rs\n'}
[20.622822] (-) TimerEvent: {}
[20.638038] (speech_to_goal_interfaces) StdoutLine: {'line': b'-- Symlinking: /home/tknika/gral-iiriondo/unitree_ws/install/speech_to_goal_interfaces/share/speech_to_goal_interfaces/rust/src/srv/rmw.rs\n'}
[20.656105] (speech_to_goal_interfaces) StdoutLine: {'line': b'-- Symlinking: /home/tknika/gral-iiriondo/unitree_ws/install/speech_to_goal_interfaces/share/speech_to_goal_interfaces/msg/Waypoint.idl\n'}
[20.674951] (speech_to_goal_interfaces) StdoutLine: {'line': b'-- Symlinking: /home/tknika/gral-iiriondo/unitree_ws/install/speech_to_goal_interfaces/share/speech_to_goal_interfaces/srv/LLMQuery.idl\n'}
[20.695371] (speech_to_goal_interfaces) StdoutLine: {'line': b'-- Symlinking: /home/tknika/gral-iiriondo/unitree_ws/install/speech_to_goal_interfaces/share/speech_to_goal_interfaces/srv/DetectIntent.idl\n'}
[20.715561] (speech_to_goal_interfaces) StdoutLine: {'line': b'-- Symlinking: /home/tknika/gral-iiriondo/unitree_ws/install/speech_to_goal_interfaces/share/speech_to_goal_interfaces/msg/Waypoint.msg\n'}
[20.722956] (-) TimerEvent: {}
[20.734603] (speech_to_goal_interfaces) StdoutLine: {'line': b'-- Symlinking: /home/tknika/gral-iiriondo/unitree_ws/install/speech_to_goal_interfaces/share/speech_to_goal_interfaces/srv/LLMQuery.srv\n'}
[20.753636] (speech_to_goal_interfaces) StdoutLine: {'line': b'-- Symlinking: /home/tknika/gral-iiriondo/unitree_ws/install/speech_to_goal_interfaces/share/speech_to_goal_interfaces/srv/LLMQuery_Request.msg\n'}
[20.773058] (speech_to_goal_interfaces) StdoutLine: {'line': b'-- Symlinking: /home/tknika/gral-iiriondo/unitree_ws/install/speech_to_goal_interfaces/share/speech_to_goal_interfaces/srv/LLMQuery_Response.msg\n'}
[20.794808] (speech_to_goal_interfaces) StdoutLine: {'line': b'-- Symlinking: /home/tknika/gral-iiriondo/unitree_ws/install/speech_to_goal_interfaces/share/speech_to_goal_interfaces/srv/DetectIntent.srv\n'}
[20.815191] (speech_to_goal_interfaces) StdoutLine: {'line': b'-- Symlinking: /home/tknika/gral-iiriondo/unitree_ws/install/speech_to_goal_interfaces/share/speech_to_goal_interfaces/srv/DetectIntent_Request.msg\n'}
[20.823107] (-) TimerEvent: {}
[20.839168] (speech_to_goal_interfaces) StdoutLine: {'line': b'-- Symlinking: /home/tknika/gral-iiriondo/unitree_ws/install/speech_to_goal_interfaces/share/speech_to_goal_interfaces/srv/DetectIntent_Response.msg\n'}
[20.859334] (speech_to_goal_interfaces) StdoutLine: {'line': b'-- Symlinking: /home/tknika/gral-iiriondo/unitree_ws/install/speech_to_goal_interfaces/share/ament_index/resource_index/package_run_dependencies/speech_to_goal_interfaces\n'}
[20.877902] (speech_to_goal_interfaces) StdoutLine: {'line': b'-- Symlinking: /home/tknika/gral-iiriondo/unitree_ws/install/speech_to_goal_interfaces/share/ament_index/resource_index/parent_prefix_path/speech_to_goal_interfaces\n'}
[20.896501] (speech_to_goal_interfaces) StdoutLine: {'line': b'-- Symlinking: /home/tknika/gral-iiriondo/unitree_ws/install/speech_to_goal_interfaces/share/speech_to_goal_interfaces/environment/ament_prefix_path.sh\n'}
[20.914989] (speech_to_goal_interfaces) StdoutLine: {'line': b'-- Symlinking: /home/tknika/gral-iiriondo/unitree_ws/install/speech_to_goal_interfaces/share/speech_to_goal_interfaces/environment/ament_prefix_path.dsv\n'}
[20.923260] (-) TimerEvent: {}
[20.934754] (speech_to_goal_interfaces) StdoutLine: {'line': b'-- Symlinking: /home/tknika/gral-iiriondo/unitree_ws/install/speech_to_goal_interfaces/share/speech_to_goal_interfaces/environment/path.sh\n'}
[20.955002] (speech_to_goal_interfaces) StdoutLine: {'line': b'-- Symlinking: /home/tknika/gral-iiriondo/unitree_ws/install/speech_to_goal_interfaces/share/speech_to_goal_interfaces/environment/path.dsv\n'}
[20.974986] (speech_to_goal_interfaces) StdoutLine: {'line': b'-- Symlinking: /home/tknika/gral-iiriondo/unitree_ws/install/speech_to_goal_interfaces/share/speech_to_goal_interfaces/local_setup.bash\n'}
[20.993774] (speech_to_goal_interfaces) StdoutLine: {'line': b'-- Symlinking: /home/tknika/gral-iiriondo/unitree_ws/install/speech_to_goal_interfaces/share/speech_to_goal_interfaces/local_setup.sh\n'}
[21.016667] (speech_to_goal_interfaces) StdoutLine: {'line': b'-- Symlinking: /home/tknika/gral-iiriondo/unitree_ws/install/speech_to_goal_interfaces/share/speech_to_goal_interfaces/local_setup.zsh\n'}
[21.023377] (-) TimerEvent: {}
[21.037074] (speech_to_goal_interfaces) StdoutLine: {'line': b'-- Symlinking: /home/tknika/gral-iiriondo/unitree_ws/install/speech_to_goal_interfaces/share/speech_to_goal_interfaces/local_setup.dsv\n'}
[21.058211] (speech_to_goal_interfaces) StdoutLine: {'line': b'-- Symlinking: /home/tknika/gral-iiriondo/unitree_ws/install/speech_to_goal_interfaces/share/speech_to_goal_interfaces/package.dsv\n'}
[21.078588] (speech_to_goal_interfaces) StdoutLine: {'line': b'-- Symlinking: /home/tknika/gral-iiriondo/unitree_ws/install/speech_to_goal_interfaces/share/ament_index/resource_index/packages/speech_to_goal_interfaces\n'}
[21.097350] (speech_to_goal_interfaces) StdoutLine: {'line': b'-- Symlinking: /home/tknika/gral-iiriondo/unitree_ws/install/speech_to_goal_interfaces/share/speech_to_goal_interfaces/cmake/rosidl_cmake-extras.cmake\n'}
[21.116695] (speech_to_goal_interfaces) StdoutLine: {'line': b'-- Symlinking: /home/tknika/gral-iiriondo/unitree_ws/install/speech_to_goal_interfaces/share/speech_to_goal_interfaces/cmake/ament_cmake_export_include_directories-extras.cmake\n'}
[21.123534] (-) TimerEvent: {}
[21.135656] (speech_to_goal_interfaces) StdoutLine: {'line': b'-- Symlinking: /home/tknika/gral-iiriondo/unitree_ws/install/speech_to_goal_interfaces/share/speech_to_goal_interfaces/cmake/ament_cmake_export_libraries-extras.cmake\n'}
[21.155044] (speech_to_goal_interfaces) StdoutLine: {'line': b'-- Symlinking: /home/tknika/gral-iiriondo/unitree_ws/install/speech_to_goal_interfaces/share/speech_to_goal_interfaces/cmake/ament_cmake_export_targets-extras.cmake\n'}
[21.174369] (speech_to_goal_interfaces) StdoutLine: {'line': b'-- Symlinking: /home/tknika/gral-iiriondo/unitree_ws/install/speech_to_goal_interfaces/share/speech_to_goal_interfaces/cmake/rosidl_cmake_export_typesupport_targets-extras.cmake\n'}
[21.194686] (speech_to_goal_interfaces) StdoutLine: {'line': b'-- Symlinking: /home/tknika/gral-iiriondo/unitree_ws/install/speech_to_goal_interfaces/share/speech_to_goal_interfaces/cmake/ament_cmake_export_dependencies-extras.cmake\n'}
[21.214544] (speech_to_goal_interfaces) StdoutLine: {'line': b'-- Symlinking: /home/tknika/gral-iiriondo/unitree_ws/install/speech_to_goal_interfaces/share/speech_to_goal_interfaces/cmake/rosidl_cmake_export_typesupport_libraries-extras.cmake\n'}
[21.223719] (-) TimerEvent: {}
[21.236485] (speech_to_goal_interfaces) StdoutLine: {'line': b'-- Symlinking: /home/tknika/gral-iiriondo/unitree_ws/install/speech_to_goal_interfaces/share/speech_to_goal_interfaces/cmake/speech_to_goal_interfacesConfig.cmake\n'}
[21.258084] (speech_to_goal_interfaces) StdoutLine: {'line': b'-- Symlinking: /home/tknika/gral-iiriondo/unitree_ws/install/speech_to_goal_interfaces/share/speech_to_goal_interfaces/cmake/speech_to_goal_interfacesConfig-version.cmake\n'}
[21.275817] (speech_to_goal_interfaces) StdoutLine: {'line': b'-- Symlinking: /home/tknika/gral-iiriondo/unitree_ws/install/speech_to_goal_interfaces/share/speech_to_goal_interfaces/package.xml\n'}
[21.295615] (speech_to_goal_interfaces) StdoutLine: {'line': b'-- Installing: /home/tknika/gral-iiriondo/unitree_ws/install/speech_to_goal_interfaces/lib/libspeech_to_goal_interfaces__rosidl_generator_c.so\n'}
[21.296236] (speech_to_goal_interfaces) StdoutLine: {'line': b'-- Set runtime path of "/home/tknika/gral-iiriondo/unitree_ws/install/speech_to_goal_interfaces/lib/libspeech_to_goal_interfaces__rosidl_generator_c.so" to ""\n'}
[21.296633] (speech_to_goal_interfaces) StdoutLine: {'line': b'-- Installing: /home/tknika/gral-iiriondo/unitree_ws/install/speech_to_goal_interfaces/lib/libspeech_to_goal_interfaces__rosidl_typesupport_fastrtps_c.so\n'}
[21.297050] (speech_to_goal_interfaces) StdoutLine: {'line': b'-- Set runtime path of "/home/tknika/gral-iiriondo/unitree_ws/install/speech_to_goal_interfaces/lib/libspeech_to_goal_interfaces__rosidl_typesupport_fastrtps_c.so" to ""\n'}
[21.297275] (speech_to_goal_interfaces) StdoutLine: {'line': b'-- Installing: /home/tknika/gral-iiriondo/unitree_ws/install/speech_to_goal_interfaces/lib/libspeech_to_goal_interfaces__rosidl_typesupport_introspection_c.so\n'}
[21.297850] (speech_to_goal_interfaces) StdoutLine: {'line': b'-- Set runtime path of "/home/tknika/gral-iiriondo/unitree_ws/install/speech_to_goal_interfaces/lib/libspeech_to_goal_interfaces__rosidl_typesupport_introspection_c.so" to ""\n'}
[21.298238] (speech_to_goal_interfaces) StdoutLine: {'line': b'-- Installing: /home/tknika/gral-iiriondo/unitree_ws/install/speech_to_goal_interfaces/lib/libspeech_to_goal_interfaces__rosidl_typesupport_c.so\n'}
[21.298563] (speech_to_goal_interfaces) StdoutLine: {'line': b'-- Set runtime path of "/home/tknika/gral-iiriondo/unitree_ws/install/speech_to_goal_interfaces/lib/libspeech_to_goal_interfaces__rosidl_typesupport_c.so" to ""\n'}
[21.298794] (speech_to_goal_interfaces) StdoutLine: {'line': b'-- Installing: /home/tknika/gral-iiriondo/unitree_ws/install/speech_to_goal_interfaces/lib/libspeech_to_goal_interfaces__rosidl_typesupport_fastrtps_cpp.so\n'}
[21.299453] (speech_to_goal_interfaces) StdoutLine: {'line': b'-- Set runtime path of "/home/tknika/gral-iiriondo/unitree_ws/install/speech_to_goal_interfaces/lib/libspeech_to_goal_interfaces__rosidl_typesupport_fastrtps_cpp.so" to ""\n'}
[21.299796] (speech_to_goal_interfaces) StdoutLine: {'line': b'-- Installing: /home/tknika/gral-iiriondo/unitree_ws/install/speech_to_goal_interfaces/lib/libspeech_to_goal_interfaces__rosidl_typesupport_introspection_cpp.so\n'}
[21.300324] (speech_to_goal_interfaces) StdoutLine: {'line': b'-- Set runtime path of "/home/tknika/gral-iiriondo/unitree_ws/install/speech_to_goal_interfaces/lib/libspeech_to_goal_interfaces__rosidl_typesupport_introspection_cpp.so" to ""\n'}
[21.300575] (speech_to_goal_interfaces) StdoutLine: {'line': b'-- Installing: /home/tknika/gral-iiriondo/unitree_ws/install/speech_to_goal_interfaces/lib/libspeech_to_goal_interfaces__rosidl_typesupport_cpp.so\n'}
[21.301051] (speech_to_goal_interfaces) StdoutLine: {'line': b'-- Set runtime path of "/home/tknika/gral-iiriondo/unitree_ws/install/speech_to_goal_interfaces/lib/libspeech_to_goal_interfaces__rosidl_typesupport_cpp.so" to ""\n'}
[21.323846] (-) TimerEvent: {}
[21.388912] (speech_to_goal_interfaces) StdoutLine: {'line': b"Listing '/home/tknika/gral-iiriondo/unitree_ws/install/speech_to_goal_interfaces/local/lib/python3.10/dist-packages/speech_to_goal_interfaces'...\n"}
[21.389364] (speech_to_goal_interfaces) StdoutLine: {'line': b"Compiling '/home/tknika/gral-iiriondo/unitree_ws/install/speech_to_goal_interfaces/local/lib/python3.10/dist-packages/speech_to_goal_interfaces/__init__.py'...\n"}
[21.389554] (speech_to_goal_interfaces) StdoutLine: {'line': b"Listing '/home/tknika/gral-iiriondo/unitree_ws/install/speech_to_goal_interfaces/local/lib/python3.10/dist-packages/speech_to_goal_interfaces/msg'...\n"}
[21.389709] (speech_to_goal_interfaces) StdoutLine: {'line': b"Compiling '/home/tknika/gral-iiriondo/unitree_ws/install/speech_to_goal_interfaces/local/lib/python3.10/dist-packages/speech_to_goal_interfaces/msg/__init__.py'...\n"}
[21.389847] (speech_to_goal_interfaces) StdoutLine: {'line': b"Compiling '/home/tknika/gral-iiriondo/unitree_ws/install/speech_to_goal_interfaces/local/lib/python3.10/dist-packages/speech_to_goal_interfaces/msg/_waypoint.py'...\n"}
[21.389983] (speech_to_goal_interfaces) StdoutLine: {'line': b"Listing '/home/tknika/gral-iiriondo/unitree_ws/install/speech_to_goal_interfaces/local/lib/python3.10/dist-packages/speech_to_goal_interfaces/srv'...\n"}
[21.390108] (speech_to_goal_interfaces) StdoutLine: {'line': b"Compiling '/home/tknika/gral-iiriondo/unitree_ws/install/speech_to_goal_interfaces/local/lib/python3.10/dist-packages/speech_to_goal_interfaces/srv/__init__.py'...\n"}
[21.390227] (speech_to_goal_interfaces) StdoutLine: {'line': b"Compiling '/home/tknika/gral-iiriondo/unitree_ws/install/speech_to_goal_interfaces/local/lib/python3.10/dist-packages/speech_to_goal_interfaces/srv/_detect_intent.py'...\n"}
[21.390346] (speech_to_goal_interfaces) StdoutLine: {'line': b"Compiling '/home/tknika/gral-iiriondo/unitree_ws/install/speech_to_goal_interfaces/local/lib/python3.10/dist-packages/speech_to_goal_interfaces/srv/_llm_query.py'...\n"}
[21.400849] (speech_to_goal_interfaces) StdoutLine: {'line': b'-- Installing: /home/tknika/gral-iiriondo/unitree_ws/install/speech_to_goal_interfaces/lib/libspeech_to_goal_interfaces__rosidl_generator_py.so\n'}
[21.401740] (speech_to_goal_interfaces) StdoutLine: {'line': b'-- Set runtime path of "/home/tknika/gral-iiriondo/unitree_ws/install/speech_to_goal_interfaces/lib/libspeech_to_goal_interfaces__rosidl_generator_py.so" to ""\n'}
[21.401979] (speech_to_goal_interfaces) StdoutLine: {'line': b'-- Installing: /home/tknika/gral-iiriondo/unitree_ws/install/speech_to_goal_interfaces/share/speech_to_goal_interfaces/cmake/export_speech_to_goal_interfaces__rosidl_generator_cExport.cmake\n'}
[21.402184] (speech_to_goal_interfaces) StdoutLine: {'line': b'-- Installing: /home/tknika/gral-iiriondo/unitree_ws/install/speech_to_goal_interfaces/share/speech_to_goal_interfaces/cmake/export_speech_to_goal_interfaces__rosidl_generator_cExport-noconfig.cmake\n'}
[21.402466] (speech_to_goal_interfaces) StdoutLine: {'line': b'-- Installing: /home/tknika/gral-iiriondo/unitree_ws/install/speech_to_goal_interfaces/share/speech_to_goal_interfaces/cmake/export_speech_to_goal_interfaces__rosidl_typesupport_fastrtps_cExport.cmake\n'}
[21.402807] (speech_to_goal_interfaces) StdoutLine: {'line': b'-- Installing: /home/tknika/gral-iiriondo/unitree_ws/install/speech_to_goal_interfaces/share/speech_to_goal_interfaces/cmake/export_speech_to_goal_interfaces__rosidl_typesupport_fastrtps_cExport-noconfig.cmake\n'}
[21.403330] (speech_to_goal_interfaces) StdoutLine: {'line': b'-- Installing: /home/tknika/gral-iiriondo/unitree_ws/install/speech_to_goal_interfaces/share/speech_to_goal_interfaces/cmake/speech_to_goal_interfaces__rosidl_typesupport_introspection_cExport.cmake\n'}
[21.403797] (speech_to_goal_interfaces) StdoutLine: {'line': b'-- Installing: /home/tknika/gral-iiriondo/unitree_ws/install/speech_to_goal_interfaces/share/speech_to_goal_interfaces/cmake/speech_to_goal_interfaces__rosidl_typesupport_introspection_cExport-noconfig.cmake\n'}
[21.404497] (speech_to_goal_interfaces) StdoutLine: {'line': b'-- Installing: /home/tknika/gral-iiriondo/unitree_ws/install/speech_to_goal_interfaces/share/speech_to_goal_interfaces/cmake/speech_to_goal_interfaces__rosidl_typesupport_cExport.cmake\n'}
[21.405767] (speech_to_goal_interfaces) StdoutLine: {'line': b'-- Installing: /home/tknika/gral-iiriondo/unitree_ws/install/speech_to_goal_interfaces/share/speech_to_goal_interfaces/cmake/speech_to_goal_interfaces__rosidl_typesupport_cExport-noconfig.cmake\n'}
[21.406994] (speech_to_goal_interfaces) StdoutLine: {'line': b'-- Installing: /home/tknika/gral-iiriondo/unitree_ws/install/speech_to_goal_interfaces/share/speech_to_goal_interfaces/cmake/export_speech_to_goal_interfaces__rosidl_generator_cppExport.cmake\n'}
[21.407969] (speech_to_goal_interfaces) StdoutLine: {'line': b'-- Installing: /home/tknika/gral-iiriondo/unitree_ws/install/speech_to_goal_interfaces/share/speech_to_goal_interfaces/cmake/export_speech_to_goal_interfaces__rosidl_typesupport_fastrtps_cppExport.cmake\n'}
[21.408582] (speech_to_goal_interfaces) StdoutLine: {'line': b'-- Installing: /home/tknika/gral-iiriondo/unitree_ws/install/speech_to_goal_interfaces/share/speech_to_goal_interfaces/cmake/export_speech_to_goal_interfaces__rosidl_typesupport_fastrtps_cppExport-noconfig.cmake\n'}
[21.408883] (speech_to_goal_interfaces) StdoutLine: {'line': b'-- Installing: /home/tknika/gral-iiriondo/unitree_ws/install/speech_to_goal_interfaces/share/speech_to_goal_interfaces/cmake/speech_to_goal_interfaces__rosidl_typesupport_introspection_cppExport.cmake\n'}
[21.409108] (speech_to_goal_interfaces) StdoutLine: {'line': b'-- Installing: /home/tknika/gral-iiriondo/unitree_ws/install/speech_to_goal_interfaces/share/speech_to_goal_interfaces/cmake/speech_to_goal_interfaces__rosidl_typesupport_introspection_cppExport-noconfig.cmake\n'}
[21.409441] (speech_to_goal_interfaces) StdoutLine: {'line': b'-- Installing: /home/tknika/gral-iiriondo/unitree_ws/install/speech_to_goal_interfaces/share/speech_to_goal_interfaces/cmake/speech_to_goal_interfaces__rosidl_typesupport_cppExport.cmake\n'}
[21.411412] (speech_to_goal_interfaces) StdoutLine: {'line': b'-- Installing: /home/tknika/gral-iiriondo/unitree_ws/install/speech_to_goal_interfaces/share/speech_to_goal_interfaces/cmake/speech_to_goal_interfaces__rosidl_typesupport_cppExport-noconfig.cmake\n'}
[21.412813] (speech_to_goal_interfaces) StdoutLine: {'line': b'-- Installing: /home/tknika/gral-iiriondo/unitree_ws/install/speech_to_goal_interfaces/share/speech_to_goal_interfaces/cmake/export_speech_to_goal_interfaces__rosidl_generator_pyExport.cmake\n'}
[21.413132] (speech_to_goal_interfaces) StdoutLine: {'line': b'-- Installing: /home/tknika/gral-iiriondo/unitree_ws/install/speech_to_goal_interfaces/share/speech_to_goal_interfaces/cmake/export_speech_to_goal_interfaces__rosidl_generator_pyExport-noconfig.cmake\n'}
[21.425008] (-) TimerEvent: {}
[21.525988] (-) TimerEvent: {}
[21.626765] (-) TimerEvent: {}
[21.727387] (-) TimerEvent: {}
[21.828134] (-) TimerEvent: {}
[21.870972] (speech_to_goal_interfaces) CommandEnded: {'returncode': 0}
[21.906783] (speech_to_goal_interfaces) JobEnded: {'identifier': 'speech_to_goal_interfaces', 'rc': 0}
[21.909512] (speech_to_goal) JobStarted: {'identifier': 'speech_to_goal'}
[21.928239] (-) TimerEvent: {}
[22.028843] (-) TimerEvent: {}
[22.129444] (-) TimerEvent: {}
[22.230071] (-) TimerEvent: {}
[22.330687] (-) TimerEvent: {}
[22.431321] (-) TimerEvent: {}
[22.532069] (-) TimerEvent: {}
[22.633001] (-) TimerEvent: {}
[22.733670] (-) TimerEvent: {}
[22.834778] (-) TimerEvent: {}
[22.936208] (-) TimerEvent: {}
[23.036832] (-) TimerEvent: {}
[23.137438] (-) TimerEvent: {}
[23.238088] (-) TimerEvent: {}
[23.308094] (object_recognition) Command: {'cmd': ['/usr/bin/python3', '-W', 'ignore:setup.py install is deprecated', '-W', 'ignore:easy_install command is deprecated', 'setup.py', 'develop', '--editable', '--build-directory', '/home/tknika/gral-iiriondo/unitree_ws/build/object_recognition/build', '--no-deps', 'symlink_data'], 'cwd': '/home/tknika/gral-iiriondo/unitree_ws/build/object_recognition', 'env': {'GJS_DEBUG_TOPICS': 'JS ERROR;JS LOG', 'LESSOPEN': '| /usr/bin/lesspipe %s', 'USER': 'tknika', 'OLLAMA_LLM_LIBRARY': 'cuda', 'XDG_SESSION_TYPE': 'x11', 'SHLVL': '2', 'LD_LIBRARY_PATH': '/home/tknika/gral-iiriondo/unitree_ws/install/object_recognition_interfaces/lib:/home/tknika/gral-iiriondo/unitree_ws/install/speech_to_goal_interfaces/lib:/home/tknika/gral-iiriondo/unitree_ws/install/aruco_markers_msgs/lib:/usr/lib/aarch64-linux-gnu/nvidia:/usr/local/cuda/lib64:/usr/local/cuda-12.6/lib64:/usr/lib/aarch64-linux-gnu/nvidia:/usr/local/cuda/lib64:/opt/ros/humble/opt/rviz_ogre_vendor/lib:/opt/ros/humble/lib/aarch64-linux-gnu:/opt/ros/humble/lib:/usr/local/cuda-12.6/lib64', 'HOME': '/home/tknika', 'OLDPWD': '/home/tknika/gral-iiriondo/docker', 'DESKTOP_SESSION': 'ubuntu', 'GIO_LAUNCHED_DESKTOP_FILE': '/usr/share/applications/terminator.desktop', 'ROS_PYTHON_VERSION': '3', 'GNOME_SHELL_SESSION_MODE': 'ubuntu', 'GTK_MODULES': 'gail:atk-bridge', 'MANAGERPID': '2429', 'SYSTEMD_EXEC_PID': '2600', 'DBUS_SESSION_BUS_ADDRESS': 'unix:path=/run/user/1000/bus', 'COLORTERM': 'truecolor', 'TERMINATOR_DBUS_NAME': 'net.tenshu.Terminator23558193cd9818af7fe4d2c2f5bd9d00f', 'GIO_LAUNCHED_DESKTOP_FILE_PID': '5283', 'IM_CONFIG_PHASE': '1', 'COLCON_PREFIX_PATH': '/home/tknika/gral-iiriondo/unitree_ws/install', 'CUDA_VISIBLE_DEVICES': '0', 'ROS_DISTRO': 'humble', 'GTK_IM_MODULE': 'ibus', 'LOGNAME': 'tknika', 'JOURNAL_STREAM': '8:53456', '_': '/usr/bin/colcon', 'ROS_VERSION': '2', 'XDG_SESSION_CLASS': 'user', 'USERNAME': 'tknika', 'TERM': 'xterm-256color', 'GNOME_DESKTOP_SESSION_ID': 'this-is-deprecated', 'ROS_LOCALHOST_ONLY': '0', 'WINDOWPATH': '2', 'PATH': '/usr/local/cuda-12.6/bin:/opt/ros/humble/bin:/usr/local/cuda-12.6/bin:/home/tknika/.cargo/bin:/home/tknika/.local/bin:/usr/local/sbin:/usr/local/bin:/usr/sbin:/usr/bin:/sbin:/bin:/usr/games:/usr/local/games:/snap/bin:/snap/bin', 'SESSION_MANAGER': 'local/ubuntu:@/tmp/.ICE-unix/2576,unix/ubuntu:/tmp/.ICE-unix/2576', 'INVOCATION_ID': 'd6126b6a242b499eb25ad0c9f51c9430', 'XDG_MENU_PREFIX': 'gnome-', 'XDG_RUNTIME_DIR': '/run/user/1000', 'DISPLAY': ':1', 'TERMINATOR_DBUS_PATH': '/net/tenshu/Terminator2', 'LANG': 'en_US.UTF-8', 'XDG_CURRENT_DESKTOP': 'ubuntu:GNOME', 'IBUS_DISABLE_SNOOPER': '1', 'RMW_IMPLEMENTATION': 'rmw_cyclonedds_cpp', 'XMODIFIERS': '@im=ibus', 'XDG_SESSION_DESKTOP': 'ubuntu', 'XAUTHORITY': '/run/user/1000/gdm/Xauthority', 'LS_COLORS': 'rs=0:di=01;34:ln=01;36:mh=00:pi=40;33:so=01;35:do=01;35:bd=40;33;01:cd=40;33;01:or=40;31;01:mi=00:su=37;41:sg=30;43:ca=30;41:tw=30;42:ow=34;42:st=37;44:ex=01;32:*.tar=01;31:*.tgz=01;31:*.arc=01;31:*.arj=01;31:*.taz=01;31:*.lha=01;31:*.lz4=01;31:*.lzh=01;31:*.lzma=01;31:*.tlz=01;31:*.txz=01;31:*.tzo=01;31:*.t7z=01;31:*.zip=01;31:*.z=01;31:*.dz=01;31:*.gz=01;31:*.lrz=01;31:*.lz=01;31:*.lzo=01;31:*.xz=01;31:*.zst=01;31:*.tzst=01;31:*.bz2=01;31:*.bz=01;31:*.tbz=01;31:*.tbz2=01;31:*.tz=01;31:*.deb=01;31:*.rpm=01;31:*.jar=01;31:*.war=01;31:*.ear=01;31:*.sar=01;31:*.rar=01;31:*.alz=01;31:*.ace=01;31:*.zoo=01;31:*.cpio=01;31:*.7z=01;31:*.rz=01;31:*.cab=01;31:*.wim=01;31:*.swm=01;31:*.dwm=01;31:*.esd=01;31:*.jpg=01;35:*.jpeg=01;35:*.mjpg=01;35:*.mjpeg=01;35:*.gif=01;35:*.bmp=01;35:*.pbm=01;35:*.pgm=01;35:*.ppm=01;35:*.tga=01;35:*.xbm=01;35:*.xpm=01;35:*.tif=01;35:*.tiff=01;35:*.png=01;35:*.svg=01;35:*.svgz=01;35:*.mng=01;35:*.pcx=01;35:*.mov=01;35:*.mpg=01;35:*.mpeg=01;35:*.m2v=01;35:*.mkv=01;35:*.webm=01;35:*.webp=01;35:*.ogm=01;35:*.mp4=01;35:*.m4v=01;35:*.mp4v=01;35:*.vob=01;35:*.qt=01;35:*.nuv=01;35:*.wmv=01;35:*.asf=01;35:*.rm=01;35:*.rmvb=01;35:*.flc=01;35:*.avi=01;35:*.fli=01;35:*.flv=01;35:*.gl=01;35:*.dl=01;35:*.xcf=01;35:*.xwd=01;35:*.yuv=01;35:*.cgm=01;35:*.emf=01;35:*.ogv=01;35:*.ogx=01;35:*.aac=00;36:*.au=00;36:*.flac=00;36:*.m4a=00;36:*.mid=00;36:*.midi=00;36:*.mka=00;36:*.mp3=00;36:*.mpc=00;36:*.ogg=00;36:*.ra=00;36:*.wav=00;36:*.oga=00;36:*.opus=00;36:*.spx=00;36:*.xspf=00;36:', 'SSH_AGENT_LAUNCHER': 'gnome-keyring', 'SSH_AUTH_SOCK': '/run/user/1000/keyring/ssh', 'ROS_DOMAIN_ID': '42', 'AMENT_PREFIX_PATH': '/home/tknika/gral-iiriondo/unitree_ws/install/standing_mode:/home/tknika/gral-iiriondo/unitree_ws/install/speech_to_goal:/home/tknika/gral-iiriondo/unitree_ws/install/speech_to_goal_interfaces:/home/tknika/gral-iiriondo/unitree_ws/install/slam_analysis:/home/tknika/gral-iiriondo/unitree_ws/install/object_recognition:/home/tknika/gral-iiriondo/unitree_ws/install/object_recognition_interfaces:/home/tknika/gral-iiriondo/unitree_ws/install/mapping_configuration:/home/tknika/gral-iiriondo/unitree_ws/install/go1_description:/home/tknika/gral-iiriondo/unitree_ws/install/asr:/home/tknika/gral-iiriondo/unitree_ws/install/aruco_detector:/home/tknika/gral-iiriondo/unitree_ws/install/aruco_markers_msgs:/opt/ros/humble', 'SHELL': '/bin/bash', 'TERMINATOR_UUID': 'urn:uuid:620aa88c-a79c-4fae-9e73-5e28589bde45', 'QT_ACCESSIBILITY': '1', 'GDMSESSION': 'ubuntu', 'LESSCLOSE': '/usr/bin/lesspipe %s %s', 'GPG_AGENT_INFO': '/run/user/1000/gnupg/S.gpg-agent:0:1', 'GJS_DEBUG_OUTPUT': 'stderr', 'QT_IM_MODULE': 'ibus', 'PWD': '/home/tknika/gral-iiriondo/unitree_ws/build/object_recognition', 'XDG_CONFIG_DIRS': '/etc/xdg/xdg-ubuntu:/etc/xdg', 'XDG_DATA_DIRS': '/usr/share/ubuntu:/usr/share/gnome:/usr/local/share/:/usr/share/:/var/lib/snapd/desktop', 'PYTHONPATH': '/home/tknika/gral-iiriondo/unitree_ws/build/object_recognition/prefix_override:/usr/lib/python3/dist-packages/colcon_core/task/python/colcon_distutils_commands:/home/tknika/gral-iiriondo/unitree_ws/install/object_recognition/lib/python3.10/site-packages:/home/tknika/gral-iiriondo/unitree_ws/build/standing_mode:/home/tknika/gral-iiriondo/unitree_ws/install/standing_mode/lib/python3.10/site-packages:/home/tknika/gral-iiriondo/unitree_ws/build/speech_to_goal:/home/tknika/gral-iiriondo/unitree_ws/install/speech_to_goal/lib/python3.10/site-packages:/home/tknika/gral-iiriondo/unitree_ws/install/speech_to_goal_interfaces/local/lib/python3.10/dist-packages:/home/tknika/gral-iiriondo/unitree_ws/build/slam_analysis:/home/tknika/gral-iiriondo/unitree_ws/install/slam_analysis/lib/python3.10/site-packages:/home/tknika/gral-iiriondo/unitree_ws/build/object_recognition:/home/tknika/gral-iiriondo/unitree_ws/install/object_recognition/lib/python3.10/site-packages:/home/tknika/gral-iiriondo/unitree_ws/install/object_recognition_interfaces/local/lib/python3.10/dist-packages:/home/tknika/gral-iiriondo/unitree_ws/build/mapping_configuration:/home/tknika/gral-iiriondo/unitree_ws/install/mapping_configuration/lib/python3.10/site-packages:/home/tknika/gral-iiriondo/unitree_ws/build/go1_description:/home/tknika/gral-iiriondo/unitree_ws/install/go1_description/lib/python3.10/site-packages:/home/tknika/gral-iiriondo/unitree_ws/build/asr:/home/tknika/gral-iiriondo/unitree_ws/install/asr/lib/python3.10/site-packages:/home/tknika/gral-iiriondo/unitree_ws/build/aruco_detector:/home/tknika/gral-iiriondo/unitree_ws/install/aruco_detector/lib/python3.10/site-packages:/home/tknika/gral-iiriondo/unitree_ws/install/aruco_markers_msgs/local/lib/python3.10/dist-packages:/home/tknika/gral-iiriondo-main/unitree_ws/src/unitree_legged_sdk/lib/python/arm64:/home/tknika/gral-iiriondo-main/unitree_ws/src/unitree_legged_sdk/lib/python/arm64:/opt/ros/humble/lib/python3.10/site-packages:/opt/ros/humble/local/lib/python3.10/dist-packages', 'COLCON': '1', 'VTE_VERSION': '6800', 'CMAKE_PREFIX_PATH': '/home/tknika/gral-iiriondo/unitree_ws/install/object_recognition_interfaces:/home/tknika/gral-iiriondo/unitree_ws/install/speech_to_goal_interfaces:/home/tknika/gral-iiriondo/unitree_ws/install/aruco_markers_msgs'}, 'shell': False}
[23.338235] (-) TimerEvent: {}
[23.359289] (aruco_detector) Command: {'cmd': ['/usr/bin/python3', '-W', 'ignore:setup.py install is deprecated', '-W', 'ignore:easy_install command is deprecated', 'setup.py', 'develop', '--editable', '--build-directory', '/home/tknika/gral-iiriondo/unitree_ws/build/aruco_detector/build', '--no-deps', 'symlink_data'], 'cwd': '/home/tknika/gral-iiriondo/unitree_ws/build/aruco_detector', 'env': {'GJS_DEBUG_TOPICS': 'JS ERROR;JS LOG', 'LESSOPEN': '| /usr/bin/lesspipe %s', 'USER': 'tknika', 'OLLAMA_LLM_LIBRARY': 'cuda', 'XDG_SESSION_TYPE': 'x11', 'SHLVL': '2', 'LD_LIBRARY_PATH': '/home/tknika/gral-iiriondo/unitree_ws/install/aruco_markers_msgs/lib:/home/tknika/gral-iiriondo/unitree_ws/install/speech_to_goal_interfaces/lib:/home/tknika/gral-iiriondo/unitree_ws/install/object_recognition_interfaces/lib:/usr/lib/aarch64-linux-gnu/nvidia:/usr/local/cuda/lib64:/usr/local/cuda-12.6/lib64:/usr/lib/aarch64-linux-gnu/nvidia:/usr/local/cuda/lib64:/opt/ros/humble/opt/rviz_ogre_vendor/lib:/opt/ros/humble/lib/aarch64-linux-gnu:/opt/ros/humble/lib:/usr/local/cuda-12.6/lib64', 'HOME': '/home/tknika', 'OLDPWD': '/home/tknika/gral-iiriondo/docker', 'DESKTOP_SESSION': 'ubuntu', 'GIO_LAUNCHED_DESKTOP_FILE': '/usr/share/applications/terminator.desktop', 'ROS_PYTHON_VERSION': '3', 'GNOME_SHELL_SESSION_MODE': 'ubuntu', 'GTK_MODULES': 'gail:atk-bridge', 'MANAGERPID': '2429', 'SYSTEMD_EXEC_PID': '2600', 'DBUS_SESSION_BUS_ADDRESS': 'unix:path=/run/user/1000/bus', 'COLORTERM': 'truecolor', 'TERMINATOR_DBUS_NAME': 'net.tenshu.Terminator23558193cd9818af7fe4d2c2f5bd9d00f', 'GIO_LAUNCHED_DESKTOP_FILE_PID': '5283', 'IM_CONFIG_PHASE': '1', 'COLCON_PREFIX_PATH': '/home/tknika/gral-iiriondo/unitree_ws/install', 'CUDA_VISIBLE_DEVICES': '0', 'ROS_DISTRO': 'humble', 'GTK_IM_MODULE': 'ibus', 'LOGNAME': 'tknika', 'JOURNAL_STREAM': '8:53456', '_': '/usr/bin/colcon', 'ROS_VERSION': '2', 'XDG_SESSION_CLASS': 'user', 'USERNAME': 'tknika', 'TERM': 'xterm-256color', 'GNOME_DESKTOP_SESSION_ID': 'this-is-deprecated', 'ROS_LOCALHOST_ONLY': '0', 'WINDOWPATH': '2', 'PATH': '/usr/local/cuda-12.6/bin:/opt/ros/humble/bin:/usr/local/cuda-12.6/bin:/home/tknika/.cargo/bin:/home/tknika/.local/bin:/usr/local/sbin:/usr/local/bin:/usr/sbin:/usr/bin:/sbin:/bin:/usr/games:/usr/local/games:/snap/bin:/snap/bin', 'SESSION_MANAGER': 'local/ubuntu:@/tmp/.ICE-unix/2576,unix/ubuntu:/tmp/.ICE-unix/2576', 'INVOCATION_ID': 'd6126b6a242b499eb25ad0c9f51c9430', 'XDG_MENU_PREFIX': 'gnome-', 'XDG_RUNTIME_DIR': '/run/user/1000', 'DISPLAY': ':1', 'TERMINATOR_DBUS_PATH': '/net/tenshu/Terminator2', 'LANG': 'en_US.UTF-8', 'XDG_CURRENT_DESKTOP': 'ubuntu:GNOME', 'IBUS_DISABLE_SNOOPER': '1', 'RMW_IMPLEMENTATION': 'rmw_cyclonedds_cpp', 'XMODIFIERS': '@im=ibus', 'XDG_SESSION_DESKTOP': 'ubuntu', 'XAUTHORITY': '/run/user/1000/gdm/Xauthority', 'LS_COLORS': 'rs=0:di=01;34:ln=01;36:mh=00:pi=40;33:so=01;35:do=01;35:bd=40;33;01:cd=40;33;01:or=40;31;01:mi=00:su=37;41:sg=30;43:ca=30;41:tw=30;42:ow=34;42:st=37;44:ex=01;32:*.tar=01;31:*.tgz=01;31:*.arc=01;31:*.arj=01;31:*.taz=01;31:*.lha=01;31:*.lz4=01;31:*.lzh=01;31:*.lzma=01;31:*.tlz=01;31:*.txz=01;31:*.tzo=01;31:*.t7z=01;31:*.zip=01;31:*.z=01;31:*.dz=01;31:*.gz=01;31:*.lrz=01;31:*.lz=01;31:*.lzo=01;31:*.xz=01;31:*.zst=01;31:*.tzst=01;31:*.bz2=01;31:*.bz=01;31:*.tbz=01;31:*.tbz2=01;31:*.tz=01;31:*.deb=01;31:*.rpm=01;31:*.jar=01;31:*.war=01;31:*.ear=01;31:*.sar=01;31:*.rar=01;31:*.alz=01;31:*.ace=01;31:*.zoo=01;31:*.cpio=01;31:*.7z=01;31:*.rz=01;31:*.cab=01;31:*.wim=01;31:*.swm=01;31:*.dwm=01;31:*.esd=01;31:*.jpg=01;35:*.jpeg=01;35:*.mjpg=01;35:*.mjpeg=01;35:*.gif=01;35:*.bmp=01;35:*.pbm=01;35:*.pgm=01;35:*.ppm=01;35:*.tga=01;35:*.xbm=01;35:*.xpm=01;35:*.tif=01;35:*.tiff=01;35:*.png=01;35:*.svg=01;35:*.svgz=01;35:*.mng=01;35:*.pcx=01;35:*.mov=01;35:*.mpg=01;35:*.mpeg=01;35:*.m2v=01;35:*.mkv=01;35:*.webm=01;35:*.webp=01;35:*.ogm=01;35:*.mp4=01;35:*.m4v=01;35:*.mp4v=01;35:*.vob=01;35:*.qt=01;35:*.nuv=01;35:*.wmv=01;35:*.asf=01;35:*.rm=01;35:*.rmvb=01;35:*.flc=01;35:*.avi=01;35:*.fli=01;35:*.flv=01;35:*.gl=01;35:*.dl=01;35:*.xcf=01;35:*.xwd=01;35:*.yuv=01;35:*.cgm=01;35:*.emf=01;35:*.ogv=01;35:*.ogx=01;35:*.aac=00;36:*.au=00;36:*.flac=00;36:*.m4a=00;36:*.mid=00;36:*.midi=00;36:*.mka=00;36:*.mp3=00;36:*.mpc=00;36:*.ogg=00;36:*.ra=00;36:*.wav=00;36:*.oga=00;36:*.opus=00;36:*.spx=00;36:*.xspf=00;36:', 'SSH_AGENT_LAUNCHER': 'gnome-keyring', 'SSH_AUTH_SOCK': '/run/user/1000/keyring/ssh', 'ROS_DOMAIN_ID': '42', 'AMENT_PREFIX_PATH': '/home/tknika/gral-iiriondo/unitree_ws/install/standing_mode:/home/tknika/gral-iiriondo/unitree_ws/install/speech_to_goal:/home/tknika/gral-iiriondo/unitree_ws/install/speech_to_goal_interfaces:/home/tknika/gral-iiriondo/unitree_ws/install/slam_analysis:/home/tknika/gral-iiriondo/unitree_ws/install/object_recognition:/home/tknika/gral-iiriondo/unitree_ws/install/object_recognition_interfaces:/home/tknika/gral-iiriondo/unitree_ws/install/mapping_configuration:/home/tknika/gral-iiriondo/unitree_ws/install/go1_description:/home/tknika/gral-iiriondo/unitree_ws/install/asr:/home/tknika/gral-iiriondo/unitree_ws/install/aruco_detector:/home/tknika/gral-iiriondo/unitree_ws/install/aruco_markers_msgs:/opt/ros/humble', 'SHELL': '/bin/bash', 'TERMINATOR_UUID': 'urn:uuid:620aa88c-a79c-4fae-9e73-5e28589bde45', 'QT_ACCESSIBILITY': '1', 'GDMSESSION': 'ubuntu', 'LESSCLOSE': '/usr/bin/lesspipe %s %s', 'GPG_AGENT_INFO': '/run/user/1000/gnupg/S.gpg-agent:0:1', 'GJS_DEBUG_OUTPUT': 'stderr', 'QT_IM_MODULE': 'ibus', 'PWD': '/home/tknika/gral-iiriondo/unitree_ws/build/aruco_detector', 'XDG_CONFIG_DIRS': '/etc/xdg/xdg-ubuntu:/etc/xdg', 'XDG_DATA_DIRS': '/usr/share/ubuntu:/usr/share/gnome:/usr/local/share/:/usr/share/:/var/lib/snapd/desktop', 'PYTHONPATH': '/home/tknika/gral-iiriondo/unitree_ws/build/aruco_detector/prefix_override:/usr/lib/python3/dist-packages/colcon_core/task/python/colcon_distutils_commands:/home/tknika/gral-iiriondo/unitree_ws/install/aruco_detector/lib/python3.10/site-packages:/home/tknika/gral-iiriondo/unitree_ws/build/standing_mode:/home/tknika/gral-iiriondo/unitree_ws/install/standing_mode/lib/python3.10/site-packages:/home/tknika/gral-iiriondo/unitree_ws/build/speech_to_goal:/home/tknika/gral-iiriondo/unitree_ws/install/speech_to_goal/lib/python3.10/site-packages:/home/tknika/gral-iiriondo/unitree_ws/install/speech_to_goal_interfaces/local/lib/python3.10/dist-packages:/home/tknika/gral-iiriondo/unitree_ws/build/slam_analysis:/home/tknika/gral-iiriondo/unitree_ws/install/slam_analysis/lib/python3.10/site-packages:/home/tknika/gral-iiriondo/unitree_ws/build/object_recognition:/home/tknika/gral-iiriondo/unitree_ws/install/object_recognition/lib/python3.10/site-packages:/home/tknika/gral-iiriondo/unitree_ws/install/object_recognition_interfaces/local/lib/python3.10/dist-packages:/home/tknika/gral-iiriondo/unitree_ws/build/mapping_configuration:/home/tknika/gral-iiriondo/unitree_ws/install/mapping_configuration/lib/python3.10/site-packages:/home/tknika/gral-iiriondo/unitree_ws/build/go1_description:/home/tknika/gral-iiriondo/unitree_ws/install/go1_description/lib/python3.10/site-packages:/home/tknika/gral-iiriondo/unitree_ws/build/asr:/home/tknika/gral-iiriondo/unitree_ws/install/asr/lib/python3.10/site-packages:/home/tknika/gral-iiriondo/unitree_ws/build/aruco_detector:/home/tknika/gral-iiriondo/unitree_ws/install/aruco_detector/lib/python3.10/site-packages:/home/tknika/gral-iiriondo/unitree_ws/install/aruco_markers_msgs/local/lib/python3.10/dist-packages:/home/tknika/gral-iiriondo-main/unitree_ws/src/unitree_legged_sdk/lib/python/arm64:/home/tknika/gral-iiriondo-main/unitree_ws/src/unitree_legged_sdk/lib/python/arm64:/opt/ros/humble/lib/python3.10/site-packages:/opt/ros/humble/local/lib/python3.10/dist-packages', 'COLCON': '1', 'VTE_VERSION': '6800', 'CMAKE_PREFIX_PATH': '/home/tknika/gral-iiriondo/unitree_ws/install/aruco_markers_msgs:/home/tknika/gral-iiriondo/unitree_ws/install/speech_to_goal_interfaces:/home/tknika/gral-iiriondo/unitree_ws/install/object_recognition_interfaces'}, 'shell': False}
[23.438383] (-) TimerEvent: {}
[23.539111] (-) TimerEvent: {}
[23.639733] (-) TimerEvent: {}
[23.741011] (-) TimerEvent: {}
[23.841637] (-) TimerEvent: {}
[23.942896] (-) TimerEvent: {}
[24.043812] (-) TimerEvent: {}
[24.116301] (object_recognition) StdoutLine: {'line': b'running develop\n'}
[24.143991] (-) TimerEvent: {}
[24.159866] (aruco_detector) StdoutLine: {'line': b'running develop\n'}
[24.244145] (-) TimerEvent: {}
[24.274293] (speech_to_goal) Command: {'cmd': ['/usr/bin/python3', '-W', 'ignore:setup.py install is deprecated', '-W', 'ignore:easy_install command is deprecated', 'setup.py', 'develop', '--editable', '--build-directory', '/home/tknika/gral-iiriondo/unitree_ws/build/speech_to_goal/build', '--no-deps', 'symlink_data'], 'cwd': '/home/tknika/gral-iiriondo/unitree_ws/build/speech_to_goal', 'env': {'GJS_DEBUG_TOPICS': 'JS ERROR;JS LOG', 'LESSOPEN': '| /usr/bin/lesspipe %s', 'USER': 'tknika', 'OLLAMA_LLM_LIBRARY': 'cuda', 'XDG_SESSION_TYPE': 'x11', 'SHLVL': '2', 'LD_LIBRARY_PATH': '/home/tknika/gral-iiriondo/unitree_ws/install/speech_to_goal_interfaces/lib:/home/tknika/gral-iiriondo/unitree_ws/install/object_recognition_interfaces/lib:/home/tknika/gral-iiriondo/unitree_ws/install/aruco_markers_msgs/lib:/usr/lib/aarch64-linux-gnu/nvidia:/usr/local/cuda/lib64:/usr/local/cuda-12.6/lib64:/usr/lib/aarch64-linux-gnu/nvidia:/usr/local/cuda/lib64:/opt/ros/humble/opt/rviz_ogre_vendor/lib:/opt/ros/humble/lib/aarch64-linux-gnu:/opt/ros/humble/lib:/usr/local/cuda-12.6/lib64', 'HOME': '/home/tknika', 'OLDPWD': '/home/tknika/gral-iiriondo/docker', 'DESKTOP_SESSION': 'ubuntu', 'GIO_LAUNCHED_DESKTOP_FILE': '/usr/share/applications/terminator.desktop', 'ROS_PYTHON_VERSION': '3', 'GNOME_SHELL_SESSION_MODE': 'ubuntu', 'GTK_MODULES': 'gail:atk-bridge', 'MANAGERPID': '2429', 'SYSTEMD_EXEC_PID': '2600', 'DBUS_SESSION_BUS_ADDRESS': 'unix:path=/run/user/1000/bus', 'COLORTERM': 'truecolor', 'TERMINATOR_DBUS_NAME': 'net.tenshu.Terminator23558193cd9818af7fe4d2c2f5bd9d00f', 'GIO_LAUNCHED_DESKTOP_FILE_PID': '5283', 'IM_CONFIG_PHASE': '1', 'COLCON_PREFIX_PATH': '/home/tknika/gral-iiriondo/unitree_ws/install', 'CUDA_VISIBLE_DEVICES': '0', 'ROS_DISTRO': 'humble', 'GTK_IM_MODULE': 'ibus', 'LOGNAME': 'tknika', 'JOURNAL_STREAM': '8:53456', '_': '/usr/bin/colcon', 'ROS_VERSION': '2', 'XDG_SESSION_CLASS': 'user', 'USERNAME': 'tknika', 'TERM': 'xterm-256color', 'GNOME_DESKTOP_SESSION_ID': 'this-is-deprecated', 'ROS_LOCALHOST_ONLY': '0', 'WINDOWPATH': '2', 'PATH': '/usr/local/cuda-12.6/bin:/opt/ros/humble/bin:/usr/local/cuda-12.6/bin:/home/tknika/.cargo/bin:/home/tknika/.local/bin:/usr/local/sbin:/usr/local/bin:/usr/sbin:/usr/bin:/sbin:/bin:/usr/games:/usr/local/games:/snap/bin:/snap/bin', 'SESSION_MANAGER': 'local/ubuntu:@/tmp/.ICE-unix/2576,unix/ubuntu:/tmp/.ICE-unix/2576', 'INVOCATION_ID': 'd6126b6a242b499eb25ad0c9f51c9430', 'XDG_MENU_PREFIX': 'gnome-', 'XDG_RUNTIME_DIR': '/run/user/1000', 'DISPLAY': ':1', 'TERMINATOR_DBUS_PATH': '/net/tenshu/Terminator2', 'LANG': 'en_US.UTF-8', 'XDG_CURRENT_DESKTOP': 'ubuntu:GNOME', 'IBUS_DISABLE_SNOOPER': '1', 'RMW_IMPLEMENTATION': 'rmw_cyclonedds_cpp', 'XMODIFIERS': '@im=ibus', 'XDG_SESSION_DESKTOP': 'ubuntu', 'XAUTHORITY': '/run/user/1000/gdm/Xauthority', 'LS_COLORS': 'rs=0:di=01;34:ln=01;36:mh=00:pi=40;33:so=01;35:do=01;35:bd=40;33;01:cd=40;33;01:or=40;31;01:mi=00:su=37;41:sg=30;43:ca=30;41:tw=30;42:ow=34;42:st=37;44:ex=01;32:*.tar=01;31:*.tgz=01;31:*.arc=01;31:*.arj=01;31:*.taz=01;31:*.lha=01;31:*.lz4=01;31:*.lzh=01;31:*.lzma=01;31:*.tlz=01;31:*.txz=01;31:*.tzo=01;31:*.t7z=01;31:*.zip=01;31:*.z=01;31:*.dz=01;31:*.gz=01;31:*.lrz=01;31:*.lz=01;31:*.lzo=01;31:*.xz=01;31:*.zst=01;31:*.tzst=01;31:*.bz2=01;31:*.bz=01;31:*.tbz=01;31:*.tbz2=01;31:*.tz=01;31:*.deb=01;31:*.rpm=01;31:*.jar=01;31:*.war=01;31:*.ear=01;31:*.sar=01;31:*.rar=01;31:*.alz=01;31:*.ace=01;31:*.zoo=01;31:*.cpio=01;31:*.7z=01;31:*.rz=01;31:*.cab=01;31:*.wim=01;31:*.swm=01;31:*.dwm=01;31:*.esd=01;31:*.jpg=01;35:*.jpeg=01;35:*.mjpg=01;35:*.mjpeg=01;35:*.gif=01;35:*.bmp=01;35:*.pbm=01;35:*.pgm=01;35:*.ppm=01;35:*.tga=01;35:*.xbm=01;35:*.xpm=01;35:*.tif=01;35:*.tiff=01;35:*.png=01;35:*.svg=01;35:*.svgz=01;35:*.mng=01;35:*.pcx=01;35:*.mov=01;35:*.mpg=01;35:*.mpeg=01;35:*.m2v=01;35:*.mkv=01;35:*.webm=01;35:*.webp=01;35:*.ogm=01;35:*.mp4=01;35:*.m4v=01;35:*.mp4v=01;35:*.vob=01;35:*.qt=01;35:*.nuv=01;35:*.wmv=01;35:*.asf=01;35:*.rm=01;35:*.rmvb=01;35:*.flc=01;35:*.avi=01;35:*.fli=01;35:*.flv=01;35:*.gl=01;35:*.dl=01;35:*.xcf=01;35:*.xwd=01;35:*.yuv=01;35:*.cgm=01;35:*.emf=01;35:*.ogv=01;35:*.ogx=01;35:*.aac=00;36:*.au=00;36:*.flac=00;36:*.m4a=00;36:*.mid=00;36:*.midi=00;36:*.mka=00;36:*.mp3=00;36:*.mpc=00;36:*.ogg=00;36:*.ra=00;36:*.wav=00;36:*.oga=00;36:*.opus=00;36:*.spx=00;36:*.xspf=00;36:', 'SSH_AGENT_LAUNCHER': 'gnome-keyring', 'SSH_AUTH_SOCK': '/run/user/1000/keyring/ssh', 'ROS_DOMAIN_ID': '42', 'AMENT_PREFIX_PATH': '/home/tknika/gral-iiriondo/unitree_ws/install/standing_mode:/home/tknika/gral-iiriondo/unitree_ws/install/speech_to_goal:/home/tknika/gral-iiriondo/unitree_ws/install/speech_to_goal_interfaces:/home/tknika/gral-iiriondo/unitree_ws/install/slam_analysis:/home/tknika/gral-iiriondo/unitree_ws/install/object_recognition:/home/tknika/gral-iiriondo/unitree_ws/install/object_recognition_interfaces:/home/tknika/gral-iiriondo/unitree_ws/install/mapping_configuration:/home/tknika/gral-iiriondo/unitree_ws/install/go1_description:/home/tknika/gral-iiriondo/unitree_ws/install/asr:/home/tknika/gral-iiriondo/unitree_ws/install/aruco_detector:/home/tknika/gral-iiriondo/unitree_ws/install/aruco_markers_msgs:/opt/ros/humble', 'SHELL': '/bin/bash', 'TERMINATOR_UUID': 'urn:uuid:620aa88c-a79c-4fae-9e73-5e28589bde45', 'QT_ACCESSIBILITY': '1', 'GDMSESSION': 'ubuntu', 'LESSCLOSE': '/usr/bin/lesspipe %s %s', 'GPG_AGENT_INFO': '/run/user/1000/gnupg/S.gpg-agent:0:1', 'GJS_DEBUG_OUTPUT': 'stderr', 'QT_IM_MODULE': 'ibus', 'PWD': '/home/tknika/gral-iiriondo/unitree_ws/build/speech_to_goal', 'XDG_CONFIG_DIRS': '/etc/xdg/xdg-ubuntu:/etc/xdg', 'XDG_DATA_DIRS': '/usr/share/ubuntu:/usr/share/gnome:/usr/local/share/:/usr/share/:/var/lib/snapd/desktop', 'PYTHONPATH': '/home/tknika/gral-iiriondo/unitree_ws/build/speech_to_goal/prefix_override:/usr/lib/python3/dist-packages/colcon_core/task/python/colcon_distutils_commands:/home/tknika/gral-iiriondo/unitree_ws/install/speech_to_goal/lib/python3.10/site-packages:/home/tknika/gral-iiriondo/unitree_ws/build/standing_mode:/home/tknika/gral-iiriondo/unitree_ws/install/standing_mode/lib/python3.10/site-packages:/home/tknika/gral-iiriondo/unitree_ws/build/speech_to_goal:/home/tknika/gral-iiriondo/unitree_ws/install/speech_to_goal/lib/python3.10/site-packages:/home/tknika/gral-iiriondo/unitree_ws/install/speech_to_goal_interfaces/local/lib/python3.10/dist-packages:/home/tknika/gral-iiriondo/unitree_ws/build/slam_analysis:/home/tknika/gral-iiriondo/unitree_ws/install/slam_analysis/lib/python3.10/site-packages:/home/tknika/gral-iiriondo/unitree_ws/build/object_recognition:/home/tknika/gral-iiriondo/unitree_ws/install/object_recognition/lib/python3.10/site-packages:/home/tknika/gral-iiriondo/unitree_ws/install/object_recognition_interfaces/local/lib/python3.10/dist-packages:/home/tknika/gral-iiriondo/unitree_ws/build/mapping_configuration:/home/tknika/gral-iiriondo/unitree_ws/install/mapping_configuration/lib/python3.10/site-packages:/home/tknika/gral-iiriondo/unitree_ws/build/go1_description:/home/tknika/gral-iiriondo/unitree_ws/install/go1_description/lib/python3.10/site-packages:/home/tknika/gral-iiriondo/unitree_ws/build/asr:/home/tknika/gral-iiriondo/unitree_ws/install/asr/lib/python3.10/site-packages:/home/tknika/gral-iiriondo/unitree_ws/build/aruco_detector:/home/tknika/gral-iiriondo/unitree_ws/install/aruco_detector/lib/python3.10/site-packages:/home/tknika/gral-iiriondo/unitree_ws/install/aruco_markers_msgs/local/lib/python3.10/dist-packages:/home/tknika/gral-iiriondo-main/unitree_ws/src/unitree_legged_sdk/lib/python/arm64:/home/tknika/gral-iiriondo-main/unitree_ws/src/unitree_legged_sdk/lib/python/arm64:/opt/ros/humble/lib/python3.10/site-packages:/opt/ros/humble/local/lib/python3.10/dist-packages', 'COLCON': '1', 'VTE_VERSION': '6800', 'CMAKE_PREFIX_PATH': '/home/tknika/gral-iiriondo/unitree_ws/install/speech_to_goal_interfaces:/home/tknika/gral-iiriondo/unitree_ws/install/object_recognition_interfaces:/home/tknika/gral-iiriondo/unitree_ws/install/aruco_markers_msgs'}, 'shell': False}
[24.344291] (-) TimerEvent: {}
[24.444918] (-) TimerEvent: {}
[24.545569] (-) TimerEvent: {}
[24.632392] (object_recognition) StdoutLine: {'line': b'running egg_info\n'}
[24.633130] (object_recognition) StdoutLine: {'line': b'creating object_recognition.egg-info\n'}
[24.645695] (-) TimerEvent: {}
[24.661368] (object_recognition) StdoutLine: {'line': b'writing object_recognition.egg-info/PKG-INFO\n'}
[24.662013] (object_recognition) StdoutLine: {'line': b'writing dependency_links to object_recognition.egg-info/dependency_links.txt\n'}
[24.662439] (object_recognition) StdoutLine: {'line': b'writing entry points to object_recognition.egg-info/entry_points.txt\n'}
[24.662711] (object_recognition) StdoutLine: {'line': b'writing requirements to object_recognition.egg-info/requires.txt\n'}
[24.662937] (object_recognition) StdoutLine: {'line': b'writing top-level names to object_recognition.egg-info/top_level.txt\n'}
[24.663195] (object_recognition) StdoutLine: {'line': b"writing manifest file 'object_recognition.egg-info/SOURCES.txt'\n"}
[24.670452] (aruco_detector) StdoutLine: {'line': b'running egg_info\n'}
[24.670823] (aruco_detector) StdoutLine: {'line': b'creating aruco_detector.egg-info\n'}
[24.700484] (aruco_detector) StdoutLine: {'line': b'writing aruco_detector.egg-info/PKG-INFO\n'}
[24.701031] (aruco_detector) StdoutLine: {'line': b'writing dependency_links to aruco_detector.egg-info/dependency_links.txt\n'}
[24.701419] (aruco_detector) StdoutLine: {'line': b'writing entry points to aruco_detector.egg-info/entry_points.txt\n'}
[24.701708] (aruco_detector) StdoutLine: {'line': b'writing requirements to aruco_detector.egg-info/requires.txt\n'}
[24.701913] (aruco_detector) StdoutLine: {'line': b'writing top-level names to aruco_detector.egg-info/top_level.txt\n'}
[24.702178] (aruco_detector) StdoutLine: {'line': b"writing manifest file 'aruco_detector.egg-info/SOURCES.txt'\n"}
[24.723843] (object_recognition) StdoutLine: {'line': b"reading manifest file 'object_recognition.egg-info/SOURCES.txt'\n"}
[24.725284] (object_recognition) StdoutLine: {'line': b"writing manifest file 'object_recognition.egg-info/SOURCES.txt'\n"}
[24.745825] (-) TimerEvent: {}
[24.757884] (object_recognition) StdoutLine: {'line': b'running build_ext\n'}
[24.758294] (object_recognition) StdoutLine: {'line': b'Creating /home/tknika/gral-iiriondo/unitree_ws/install/object_recognition/lib/python3.10/site-packages/object-recognition.egg-link (link to .)\n'}
[24.759615] (object_recognition) StdoutLine: {'line': b'Installing object_recognition_vit_node script to /home/tknika/gral-iiriondo/unitree_ws/install/object_recognition/lib/object_recognition\n'}
[24.760048] (object_recognition) StdoutLine: {'line': b'Installing object_recognition_yolo_cls_node script to /home/tknika/gral-iiriondo/unitree_ws/install/object_recognition/lib/object_recognition\n'}
[24.760282] (object_recognition) StdoutLine: {'line': b'Installing object_recognition_yolo_node script to /home/tknika/gral-iiriondo/unitree_ws/install/object_recognition/lib/object_recognition\n'}
[24.760656] (object_recognition) StdoutLine: {'line': b'\n'}
[24.760816] (object_recognition) StdoutLine: {'line': b'Installed /home/tknika/gral-iiriondo/unitree_ws/build/object_recognition\n'}
[24.760953] (object_recognition) StdoutLine: {'line': b'running symlink_data\n'}
[24.761108] (object_recognition) StdoutLine: {'line': b'creating /home/tknika/gral-iiriondo/unitree_ws/install/object_recognition/share/ament_index\n'}
[24.761256] (object_recognition) StdoutLine: {'line': b'creating /home/tknika/gral-iiriondo/unitree_ws/install/object_recognition/share/ament_index/resource_index\n'}
[24.761383] (object_recognition) StdoutLine: {'line': b'creating /home/tknika/gral-iiriondo/unitree_ws/install/object_recognition/share/ament_index/resource_index/packages\n'}
[24.761551] (object_recognition) StdoutLine: {'line': b'symbolically linking /home/tknika/gral-iiriondo/unitree_ws/build/object_recognition/resource/object_recognition -> /home/tknika/gral-iiriondo/unitree_ws/install/object_recognition/share/ament_index/resource_index/packages\n'}
[24.761715] (object_recognition) StdoutLine: {'line': b'symbolically linking /home/tknika/gral-iiriondo/unitree_ws/build/object_recognition/package.xml -> /home/tknika/gral-iiriondo/unitree_ws/install/object_recognition/share/object_recognition\n'}
[24.764519] (aruco_detector) StdoutLine: {'line': b"reading manifest file 'aruco_detector.egg-info/SOURCES.txt'\n"}
[24.766047] (aruco_detector) StdoutLine: {'line': b"writing manifest file 'aruco_detector.egg-info/SOURCES.txt'\n"}
[24.800520] (aruco_detector) StdoutLine: {'line': b'running build_ext\n'}
[24.801014] (aruco_detector) StdoutLine: {'line': b'Creating /home/tknika/gral-iiriondo/unitree_ws/install/aruco_detector/lib/python3.10/site-packages/aruco-detector.egg-link (link to .)\n'}
[24.802524] (aruco_detector) StdoutLine: {'line': b'Installing aruco_detector_node script to /home/tknika/gral-iiriondo/unitree_ws/install/aruco_detector/lib/aruco_detector\n'}
[24.803079] (aruco_detector) StdoutLine: {'line': b'Installing aruco_mapper_node script to /home/tknika/gral-iiriondo/unitree_ws/install/aruco_detector/lib/aruco_detector\n'}
[24.803601] (aruco_detector) StdoutLine: {'line': b'\n'}
[24.803814] (aruco_detector) StdoutLine: {'line': b'Installed /home/tknika/gral-iiriondo/unitree_ws/build/aruco_detector\n'}
[24.803955] (aruco_detector) StdoutLine: {'line': b'running symlink_data\n'}
[24.804525] (aruco_detector) StdoutLine: {'line': b'creating /home/tknika/gral-iiriondo/unitree_ws/install/aruco_detector/share/ament_index\n'}
[24.808483] (aruco_detector) StdoutLine: {'line': b'creating /home/tknika/gral-iiriondo/unitree_ws/install/aruco_detector/share/ament_index/resource_index\n'}
[24.808893] (aruco_detector) StdoutLine: {'line': b'creating /home/tknika/gral-iiriondo/unitree_ws/install/aruco_detector/share/ament_index/resource_index/packages\n'}
[24.809051] (aruco_detector) StdoutLine: {'line': b'symbolically linking /home/tknika/gral-iiriondo/unitree_ws/build/aruco_detector/resource/aruco_detector -> /home/tknika/gral-iiriondo/unitree_ws/install/aruco_detector/share/ament_index/resource_index/packages\n'}
[24.809183] (aruco_detector) StdoutLine: {'line': b'symbolically linking /home/tknika/gral-iiriondo/unitree_ws/build/aruco_detector/package.xml -> /home/tknika/gral-iiriondo/unitree_ws/install/aruco_detector/share/aruco_detector\n'}
[24.809309] (aruco_detector) StdoutLine: {'line': b'creating /home/tknika/gral-iiriondo/unitree_ws/install/aruco_detector/share/aruco_detector/launch\n'}
[24.809426] (aruco_detector) StdoutLine: {'line': b'symbolically linking /home/tknika/gral-iiriondo/unitree_ws/build/aruco_detector/launch/aruco_detector.launch.py -> /home/tknika/gral-iiriondo/unitree_ws/install/aruco_detector/share/aruco_detector/launch\n'}
[24.809572] (aruco_detector) StdoutLine: {'line': b'symbolically linking /home/tknika/gral-iiriondo/unitree_ws/build/aruco_detector/launch/aruco_full.launch.py -> /home/tknika/gral-iiriondo/unitree_ws/install/aruco_detector/share/aruco_detector/launch\n'}
[24.809701] (aruco_detector) StdoutLine: {'line': b'creating /home/tknika/gral-iiriondo/unitree_ws/install/aruco_detector/share/aruco_detector/config\n'}
[24.809814] (aruco_detector) StdoutLine: {'line': b'symbolically linking /home/tknika/gral-iiriondo/unitree_ws/build/aruco_detector/config/aruco_detector.yaml -> /home/tknika/gral-iiriondo/unitree_ws/install/aruco_detector/share/aruco_detector/config\n'}
[24.810000] (aruco_detector) StdoutLine: {'line': b'symbolically linking /home/tknika/gral-iiriondo/unitree_ws/build/aruco_detector/config/proba.yaml -> /home/tknika/gral-iiriondo/unitree_ws/install/aruco_detector/share/aruco_detector/config\n'}
[24.810117] (aruco_detector) StdoutLine: {'line': b'symbolically linking /home/tknika/gral-iiriondo/unitree_ws/build/aruco_detector/config/tknika_proba_gela.yaml -> /home/tknika/gral-iiriondo/unitree_ws/install/aruco_detector/share/aruco_detector/config\n'}
[24.846001] (-) TimerEvent: {}
[24.942631] (object_recognition) CommandEnded: {'returncode': 0}
[24.946135] (-) TimerEvent: {}
[24.975707] (object_recognition) JobEnded: {'identifier': 'object_recognition', 'rc': 0}
[24.988331] (aruco_detector) CommandEnded: {'returncode': 0}
[25.017435] (aruco_detector) JobEnded: {'identifier': 'aruco_detector', 'rc': 0}
[25.046329] (-) TimerEvent: {}
[25.130208] (speech_to_goal) StdoutLine: {'line': b'running develop\n'}
[25.146481] (-) TimerEvent: {}
[25.247180] (-) TimerEvent: {}
[25.347955] (-) TimerEvent: {}
[25.448760] (-) TimerEvent: {}
[25.549579] (-) TimerEvent: {}
[25.636713] (speech_to_goal) StdoutLine: {'line': b'running egg_info\n'}
[25.637368] (speech_to_goal) StdoutLine: {'line': b'creating speech_to_goal.egg-info\n'}
[25.649692] (-) TimerEvent: {}
[25.667632] (speech_to_goal) StdoutLine: {'line': b'writing speech_to_goal.egg-info/PKG-INFO\n'}
[25.668496] (speech_to_goal) StdoutLine: {'line': b'writing dependency_links to speech_to_goal.egg-info/dependency_links.txt\n'}
[25.669084] (speech_to_goal) StdoutLine: {'line': b'writing entry points to speech_to_goal.egg-info/entry_points.txt\n'}
[25.669577] (speech_to_goal) StdoutLine: {'line': b'writing requirements to speech_to_goal.egg-info/requires.txt\n'}
[25.669949] (speech_to_goal) StdoutLine: {'line': b'writing top-level names to speech_to_goal.egg-info/top_level.txt\n'}
[25.670223] (speech_to_goal) StdoutLine: {'line': b"writing manifest file 'speech_to_goal.egg-info/SOURCES.txt'\n"}
[25.731401] (speech_to_goal) StdoutLine: {'line': b"reading manifest file 'speech_to_goal.egg-info/SOURCES.txt'\n"}
[25.732945] (speech_to_goal) StdoutLine: {'line': b"writing manifest file 'speech_to_goal.egg-info/SOURCES.txt'\n"}
[25.749878] (-) TimerEvent: {}
[25.765746] (speech_to_goal) StdoutLine: {'line': b'running build_ext\n'}
[25.766418] (speech_to_goal) StdoutLine: {'line': b'Creating /home/tknika/gral-iiriondo/unitree_ws/install/speech_to_goal/lib/python3.10/site-packages/speech-to-goal.egg-link (link to .)\n'}
[25.767649] (speech_to_goal) StdoutLine: {'line': b'Installing intent_classifier_node script to /home/tknika/gral-iiriondo/unitree_ws/install/speech_to_goal/lib/speech_to_goal\n'}
[25.768246] (speech_to_goal) StdoutLine: {'line': b'Installing speech_to_goal_llm_node script to /home/tknika/gral-iiriondo/unitree_ws/install/speech_to_goal/lib/speech_to_goal\n'}
[25.768826] (speech_to_goal) StdoutLine: {'line': b'Installing speech_to_goal_main_planner_node script to /home/tknika/gral-iiriondo/unitree_ws/install/speech_to_goal/lib/speech_to_goal\n'}
[25.769240] (speech_to_goal) StdoutLine: {'line': b'Installing speech_to_goal_main_planner_node_logs script to /home/tknika/gral-iiriondo/unitree_ws/install/speech_to_goal/lib/speech_to_goal\n'}
[25.769776] (speech_to_goal) StdoutLine: {'line': b'Installing speech_to_goal_node script to /home/tknika/gral-iiriondo/unitree_ws/install/speech_to_goal/lib/speech_to_goal\n'}
[25.770199] (speech_to_goal) StdoutLine: {'line': b'\n'}
[25.770605] (speech_to_goal) StdoutLine: {'line': b'Installed /home/tknika/gral-iiriondo/unitree_ws/build/speech_to_goal\n'}
[25.770861] (speech_to_goal) StdoutLine: {'line': b'running symlink_data\n'}
[25.771100] (speech_to_goal) StdoutLine: {'line': b'creating /home/tknika/gral-iiriondo/unitree_ws/install/speech_to_goal/share/ament_index\n'}
[25.771335] (speech_to_goal) StdoutLine: {'line': b'creating /home/tknika/gral-iiriondo/unitree_ws/install/speech_to_goal/share/ament_index/resource_index\n'}
[25.771614] (speech_to_goal) StdoutLine: {'line': b'creating /home/tknika/gral-iiriondo/unitree_ws/install/speech_to_goal/share/ament_index/resource_index/packages\n'}
[25.771846] (speech_to_goal) StdoutLine: {'line': b'symbolically linking /home/tknika/gral-iiriondo/unitree_ws/build/speech_to_goal/resource/speech_to_goal -> /home/tknika/gral-iiriondo/unitree_ws/install/speech_to_goal/share/ament_index/resource_index/packages\n'}
[25.772081] (speech_to_goal) StdoutLine: {'line': b'symbolically linking /home/tknika/gral-iiriondo/unitree_ws/build/speech_to_goal/package.xml -> /home/tknika/gral-iiriondo/unitree_ws/install/speech_to_goal/share/speech_to_goal\n'}
[25.772309] (speech_to_goal) StdoutLine: {'line': b'creating /home/tknika/gral-iiriondo/unitree_ws/install/speech_to_goal/share/speech_to_goal/launch\n'}
[25.772530] (speech_to_goal) StdoutLine: {'line': b'symbolically linking /home/tknika/gral-iiriondo/unitree_ws/build/speech_to_goal/launch/speech_to_goal_full.launch.py -> /home/tknika/gral-iiriondo/unitree_ws/install/speech_to_goal/share/speech_to_goal/launch\n'}
[25.850080] (-) TimerEvent: {}
[25.929656] (speech_to_goal) CommandEnded: {'returncode': 0}
[25.949446] (speech_to_goal) JobEnded: {'identifier': 'speech_to_goal', 'rc': 0}
[25.952049] (-) TimerEvent: {}
[25.952436] (-) EventReactorShutdown: {}
