[0.226s] [34mcolcon[0m [1;30mDEBUG[0m [32mCommand line arguments: ['/usr/bin/colcon', 'build', '--symlink-install'][0m
[0.226s] [34mcolcon[0m [1;30mDEBUG[0m [32mParsed command line arguments: Namespace(log_base=None, log_level=None, verb_name='build', build_base='build', install_base='install', merge_install=False, symlink_install=True, test_result_base=None, continue_on_error=False, executor='parallel', parallel_workers=8, event_handlers=None, ignore_user_meta=False, metas=['./colcon.meta'], base_paths=['.'], packages_ignore=None, packages_ignore_regex=None, paths=None, packages_up_to=None, packages_up_to_regex=None, packages_above=None, packages_above_and_dependencies=None, packages_above_depth=None, packages_select_by_dep=None, packages_skip_by_dep=None, packages_skip_up_to=None, packages_select_build_failed=False, packages_skip_build_finished=False, packages_select_test_failures=False, packages_skip_test_passed=False, packages_select=None, packages_skip=None, packages_select_regex=None, packages_skip_regex=None, packages_start=None, packages_end=None, allow_overriding=[], cmake_args=None, cmake_target=None, cmake_target_skip_unavailable=False, cmake_clean_cache=False, cmake_clean_first=False, cmake_force_configure=False, ament_cmake_args=None, catkin_cmake_args=None, catkin_skip_building_tests=False, verb_parser=<colcon_defaults.argument_parser.defaults.DefaultArgumentsDecorator object at 0xffffafc3af80>, verb_extension=<colcon_core.verb.build.BuildVerb object at 0xffffafda8970>, main=<bound method BuildVerb.main of <colcon_core.verb.build.BuildVerb object at 0xffffafda8970>>)[0m
[0.668s] [34mcolcon.colcon_core.package_discovery[0m [1;30mLevel 1[0m discover_packages(colcon_meta) check parameters
[0.668s] [34mcolcon.colcon_core.package_discovery[0m [1;30mLevel 1[0m discover_packages(recursive) check parameters
[0.668s] [34mcolcon.colcon_core.package_discovery[0m [1;30mLevel 1[0m discover_packages(ignore) check parameters
[0.668s] [34mcolcon.colcon_core.package_discovery[0m [1;30mLevel 1[0m discover_packages(path) check parameters
[0.668s] [34mcolcon.colcon_core.package_discovery[0m [1;30mLevel 1[0m discover_packages(colcon_meta) discover
[0.669s] [34mcolcon.colcon_core.package_discovery[0m [1;30mLevel 1[0m discover_packages(recursive) discover
[0.669s] [34mcolcon.colcon_core.package_discovery[0m [1;30mINFO[0m Crawling recursively for packages in '/home/tknika/gral-iiriondo/unitree_ws'
[0.669s] [34mcolcon.colcon_core.package_identification[0m [1;30mLevel 1[0m _identify(.) by extensions ['ignore', 'ignore_ament_install']
[0.669s] [34mcolcon.colcon_core.package_identification[0m [1;30mLevel 1[0m _identify(.) by extension 'ignore'
[0.670s] [34mcolcon.colcon_core.package_identification[0m [1;30mLevel 1[0m _identify(.) by extension 'ignore_ament_install'
[0.670s] [34mcolcon.colcon_core.package_identification[0m [1;30mLevel 1[0m _identify(.) by extensions ['colcon_pkg']
[0.670s] [34mcolcon.colcon_core.package_identification[0m [1;30mLevel 1[0m _identify(.) by extension 'colcon_pkg'
[0.670s] [34mcolcon.colcon_core.package_identification[0m [1;30mLevel 1[0m _identify(.) by extensions ['colcon_meta']
[0.670s] [34mcolcon.colcon_core.package_identification[0m [1;30mLevel 1[0m _identify(.) by extension 'colcon_meta'
[0.670s] [34mcolcon.colcon_core.package_identification[0m [1;30mLevel 1[0m _identify(.) by extensions ['ros']
[0.670s] [34mcolcon.colcon_core.package_identification[0m [1;30mLevel 1[0m _identify(.) by extension 'ros'
[0.727s] [34mcolcon.colcon_core.package_identification[0m [1;30mLevel 1[0m _identify(.) by extensions ['cmake', 'python']
[0.728s] [34mcolcon.colcon_core.package_identification[0m [1;30mLevel 1[0m _identify(.) by extension 'cmake'
[0.728s] [34mcolcon.colcon_core.package_identification[0m [1;30mLevel 1[0m _identify(.) by extension 'python'
[0.728s] [34mcolcon.colcon_core.package_identification[0m [1;30mLevel 1[0m _identify(.) by extensions ['python_setup_py']
[0.728s] [34mcolcon.colcon_core.package_identification[0m [1;30mLevel 1[0m _identify(.) by extension 'python_setup_py'
[0.728s] [34mcolcon.colcon_core.package_identification[0m [1;30mLevel 1[0m _identify(build) by extensions ['ignore', 'ignore_ament_install']
[0.729s] [34mcolcon.colcon_core.package_identification[0m [1;30mLevel 1[0m _identify(build) by extension 'ignore'
[0.729s] [34mcolcon.colcon_core.package_identification[0m [1;30mLevel 1[0m _identify(build) ignored
[0.729s] [34mcolcon.colcon_core.package_identification[0m [1;30mLevel 1[0m _identify(install) by extensions ['ignore', 'ignore_ament_install']
[0.729s] [34mcolcon.colcon_core.package_identification[0m [1;30mLevel 1[0m _identify(install) by extension 'ignore'
[0.729s] [34mcolcon.colcon_core.package_identification[0m [1;30mLevel 1[0m _identify(install) ignored
[0.730s] [34mcolcon.colcon_core.package_identification[0m [1;30mLevel 1[0m _identify(log) by extensions ['ignore', 'ignore_ament_install']
[0.730s] [34mcolcon.colcon_core.package_identification[0m [1;30mLevel 1[0m _identify(log) by extension 'ignore'
[0.730s] [34mcolcon.colcon_core.package_identification[0m [1;30mLevel 1[0m _identify(log) ignored
[0.730s] [34mcolcon.colcon_core.package_identification[0m [1;30mLevel 1[0m _identify(src) by extensions ['ignore', 'ignore_ament_install']
[0.730s] [34mcolcon.colcon_core.package_identification[0m [1;30mLevel 1[0m _identify(src) by extension 'ignore'
[0.730s] [34mcolcon.colcon_core.package_identification[0m [1;30mLevel 1[0m _identify(src) by extension 'ignore_ament_install'
[0.730s] [34mcolcon.colcon_core.package_identification[0m [1;30mLevel 1[0m _identify(src) by extensions ['colcon_pkg']
[0.730s] [34mcolcon.colcon_core.package_identification[0m [1;30mLevel 1[0m _identify(src) by extension 'colcon_pkg'
[0.731s] [34mcolcon.colcon_core.package_identification[0m [1;30mLevel 1[0m _identify(src) by extensions ['colcon_meta']
[0.731s] [34mcolcon.colcon_core.package_identification[0m [1;30mLevel 1[0m _identify(src) by extension 'colcon_meta'
[0.731s] [34mcolcon.colcon_core.package_identification[0m [1;30mLevel 1[0m _identify(src) by extensions ['ros']
[0.731s] [34mcolcon.colcon_core.package_identification[0m [1;30mLevel 1[0m _identify(src) by extension 'ros'
[0.731s] [34mcolcon.colcon_core.package_identification[0m [1;30mLevel 1[0m _identify(src) by extensions ['cmake', 'python']
[0.731s] [34mcolcon.colcon_core.package_identification[0m [1;30mLevel 1[0m _identify(src) by extension 'cmake'
[0.731s] [34mcolcon.colcon_core.package_identification[0m [1;30mLevel 1[0m _identify(src) by extension 'python'
[0.731s] [34mcolcon.colcon_core.package_identification[0m [1;30mLevel 1[0m _identify(src) by extensions ['python_setup_py']
[0.731s] [34mcolcon.colcon_core.package_identification[0m [1;30mLevel 1[0m _identify(src) by extension 'python_setup_py'
[0.732s] [34mcolcon.colcon_core.package_identification[0m [1;30mLevel 1[0m _identify(src/aruco_detector) by extensions ['ignore', 'ignore_ament_install']
[0.732s] [34mcolcon.colcon_core.package_identification[0m [1;30mLevel 1[0m _identify(src/aruco_detector) by extension 'ignore'
[0.732s] [34mcolcon.colcon_core.package_identification[0m [1;30mLevel 1[0m _identify(src/aruco_detector) by extension 'ignore_ament_install'
[0.732s] [34mcolcon.colcon_core.package_identification[0m [1;30mLevel 1[0m _identify(src/aruco_detector) by extensions ['colcon_pkg']
[0.732s] [34mcolcon.colcon_core.package_identification[0m [1;30mLevel 1[0m _identify(src/aruco_detector) by extension 'colcon_pkg'
[0.732s] [34mcolcon.colcon_core.package_identification[0m [1;30mLevel 1[0m _identify(src/aruco_detector) by extensions ['colcon_meta']
[0.732s] [34mcolcon.colcon_core.package_identification[0m [1;30mLevel 1[0m _identify(src/aruco_detector) by extension 'colcon_meta'
[0.732s] [34mcolcon.colcon_core.package_identification[0m [1;30mLevel 1[0m _identify(src/aruco_detector) by extensions ['ros']
[0.732s] [34mcolcon.colcon_core.package_identification[0m [1;30mLevel 1[0m _identify(src/aruco_detector) by extension 'ros'
[0.738s] [34mcolcon.colcon_core.package_identification[0m [1;30mDEBUG[0m [32mPackage 'src/aruco_detector' with type 'ros.ament_python' and name 'aruco_detector'[0m
[0.739s] [34mcolcon.colcon_core.package_identification[0m [1;30mLevel 1[0m _identify(src/aruco_markers_msgs) by extensions ['ignore', 'ignore_ament_install']
[0.739s] [34mcolcon.colcon_core.package_identification[0m [1;30mLevel 1[0m _identify(src/aruco_markers_msgs) by extension 'ignore'
[0.739s] [34mcolcon.colcon_core.package_identification[0m [1;30mLevel 1[0m _identify(src/aruco_markers_msgs) by extension 'ignore_ament_install'
[0.739s] [34mcolcon.colcon_core.package_identification[0m [1;30mLevel 1[0m _identify(src/aruco_markers_msgs) by extensions ['colcon_pkg']
[0.739s] [34mcolcon.colcon_core.package_identification[0m [1;30mLevel 1[0m _identify(src/aruco_markers_msgs) by extension 'colcon_pkg'
[0.739s] [34mcolcon.colcon_core.package_identification[0m [1;30mLevel 1[0m _identify(src/aruco_markers_msgs) by extensions ['colcon_meta']
[0.739s] [34mcolcon.colcon_core.package_identification[0m [1;30mLevel 1[0m _identify(src/aruco_markers_msgs) by extension 'colcon_meta'
[0.740s] [34mcolcon.colcon_core.package_identification[0m [1;30mLevel 1[0m _identify(src/aruco_markers_msgs) by extensions ['ros']
[0.740s] [34mcolcon.colcon_core.package_identification[0m [1;30mLevel 1[0m _identify(src/aruco_markers_msgs) by extension 'ros'
[0.741s] [34mcolcon.colcon_core.package_identification[0m [1;30mDEBUG[0m [32mPackage 'src/aruco_markers_msgs' with type 'ros.ament_cmake' and name 'aruco_markers_msgs'[0m
[0.741s] [34mcolcon.colcon_core.package_identification[0m [1;30mLevel 1[0m _identify(src/asr) by extensions ['ignore', 'ignore_ament_install']
[0.741s] [34mcolcon.colcon_core.package_identification[0m [1;30mLevel 1[0m _identify(src/asr) by extension 'ignore'
[0.742s] [34mcolcon.colcon_core.package_identification[0m [1;30mLevel 1[0m _identify(src/asr) by extension 'ignore_ament_install'
[0.742s] [34mcolcon.colcon_core.package_identification[0m [1;30mLevel 1[0m _identify(src/asr) by extensions ['colcon_pkg']
[0.742s] [34mcolcon.colcon_core.package_identification[0m [1;30mLevel 1[0m _identify(src/asr) by extension 'colcon_pkg'
[0.742s] [34mcolcon.colcon_core.package_identification[0m [1;30mLevel 1[0m _identify(src/asr) by extensions ['colcon_meta']
[0.742s] [34mcolcon.colcon_core.package_identification[0m [1;30mLevel 1[0m _identify(src/asr) by extension 'colcon_meta'
[0.742s] [34mcolcon.colcon_core.package_identification[0m [1;30mLevel 1[0m _identify(src/asr) by extensions ['ros']
[0.742s] [34mcolcon.colcon_core.package_identification[0m [1;30mLevel 1[0m _identify(src/asr) by extension 'ros'
[0.743s] [34mcolcon.colcon_core.package_identification[0m [1;30mDEBUG[0m [32mPackage 'src/asr' with type 'ros.ament_python' and name 'asr'[0m
[0.743s] [34mcolcon.colcon_core.package_identification[0m [1;30mLevel 1[0m _identify(src/go1_description) by extensions ['ignore', 'ignore_ament_install']
[0.744s] [34mcolcon.colcon_core.package_identification[0m [1;30mLevel 1[0m _identify(src/go1_description) by extension 'ignore'
[0.744s] [34mcolcon.colcon_core.package_identification[0m [1;30mLevel 1[0m _identify(src/go1_description) by extension 'ignore_ament_install'
[0.744s] [34mcolcon.colcon_core.package_identification[0m [1;30mLevel 1[0m _identify(src/go1_description) by extensions ['colcon_pkg']
[0.744s] [34mcolcon.colcon_core.package_identification[0m [1;30mLevel 1[0m _identify(src/go1_description) by extension 'colcon_pkg'
[0.744s] [34mcolcon.colcon_core.package_identification[0m [1;30mLevel 1[0m _identify(src/go1_description) by extensions ['colcon_meta']
[0.744s] [34mcolcon.colcon_core.package_identification[0m [1;30mLevel 1[0m _identify(src/go1_description) by extension 'colcon_meta'
[0.744s] [34mcolcon.colcon_core.package_identification[0m [1;30mLevel 1[0m _identify(src/go1_description) by extensions ['ros']
[0.744s] [34mcolcon.colcon_core.package_identification[0m [1;30mLevel 1[0m _identify(src/go1_description) by extension 'ros'
[0.745s] [34mcolcon.colcon_core.package_identification[0m [1;30mDEBUG[0m [32mPackage 'src/go1_description' with type 'ros.ament_python' and name 'go1_description'[0m
[0.746s] [34mcolcon.colcon_core.package_identification[0m [1;30mLevel 1[0m _identify(src/mapping_configuration) by extensions ['ignore', 'ignore_ament_install']
[0.746s] [34mcolcon.colcon_core.package_identification[0m [1;30mLevel 1[0m _identify(src/mapping_configuration) by extension 'ignore'
[0.746s] [34mcolcon.colcon_core.package_identification[0m [1;30mLevel 1[0m _identify(src/mapping_configuration) by extension 'ignore_ament_install'
[0.746s] [34mcolcon.colcon_core.package_identification[0m [1;30mLevel 1[0m _identify(src/mapping_configuration) by extensions ['colcon_pkg']
[0.746s] [34mcolcon.colcon_core.package_identification[0m [1;30mLevel 1[0m _identify(src/mapping_configuration) by extension 'colcon_pkg'
[0.746s] [34mcolcon.colcon_core.package_identification[0m [1;30mLevel 1[0m _identify(src/mapping_configuration) by extensions ['colcon_meta']
[0.746s] [34mcolcon.colcon_core.package_identification[0m [1;30mLevel 1[0m _identify(src/mapping_configuration) by extension 'colcon_meta'
[0.746s] [34mcolcon.colcon_core.package_identification[0m [1;30mLevel 1[0m _identify(src/mapping_configuration) by extensions ['ros']
[0.747s] [34mcolcon.colcon_core.package_identification[0m [1;30mLevel 1[0m _identify(src/mapping_configuration) by extension 'ros'
[0.748s] [34mcolcon.colcon_core.package_identification[0m [1;30mDEBUG[0m [32mPackage 'src/mapping_configuration' with type 'ros.ament_python' and name 'mapping_configuration'[0m
[0.748s] [34mcolcon.colcon_core.package_identification[0m [1;30mLevel 1[0m _identify(src/object_recognition) by extensions ['ignore', 'ignore_ament_install']
[0.748s] [34mcolcon.colcon_core.package_identification[0m [1;30mLevel 1[0m _identify(src/object_recognition) by extension 'ignore'
[0.748s] [34mcolcon.colcon_core.package_identification[0m [1;30mLevel 1[0m _identify(src/object_recognition) by extension 'ignore_ament_install'
[0.748s] [34mcolcon.colcon_core.package_identification[0m [1;30mLevel 1[0m _identify(src/object_recognition) by extensions ['colcon_pkg']
[0.748s] [34mcolcon.colcon_core.package_identification[0m [1;30mLevel 1[0m _identify(src/object_recognition) by extension 'colcon_pkg'
[0.749s] [34mcolcon.colcon_core.package_identification[0m [1;30mLevel 1[0m _identify(src/object_recognition) by extensions ['colcon_meta']
[0.749s] [34mcolcon.colcon_core.package_identification[0m [1;30mLevel 1[0m _identify(src/object_recognition) by extension 'colcon_meta'
[0.749s] [34mcolcon.colcon_core.package_identification[0m [1;30mLevel 1[0m _identify(src/object_recognition) by extensions ['ros']
[0.749s] [34mcolcon.colcon_core.package_identification[0m [1;30mLevel 1[0m _identify(src/object_recognition) by extension 'ros'
[0.750s] [34mcolcon.colcon_core.package_identification[0m [1;30mDEBUG[0m [32mPackage 'src/object_recognition' with type 'ros.ament_python' and name 'object_recognition'[0m
[0.751s] [34mcolcon.colcon_core.package_identification[0m [1;30mLevel 1[0m _identify(src/object_recognition_interfaces) by extensions ['ignore', 'ignore_ament_install']
[0.751s] [34mcolcon.colcon_core.package_identification[0m [1;30mLevel 1[0m _identify(src/object_recognition_interfaces) by extension 'ignore'
[0.751s] [34mcolcon.colcon_core.package_identification[0m [1;30mLevel 1[0m _identify(src/object_recognition_interfaces) by extension 'ignore_ament_install'
[0.751s] [34mcolcon.colcon_core.package_identification[0m [1;30mLevel 1[0m _identify(src/object_recognition_interfaces) by extensions ['colcon_pkg']
[0.751s] [34mcolcon.colcon_core.package_identification[0m [1;30mLevel 1[0m _identify(src/object_recognition_interfaces) by extension 'colcon_pkg'
[0.751s] [34mcolcon.colcon_core.package_identification[0m [1;30mLevel 1[0m _identify(src/object_recognition_interfaces) by extensions ['colcon_meta']
[0.751s] [34mcolcon.colcon_core.package_identification[0m [1;30mLevel 1[0m _identify(src/object_recognition_interfaces) by extension 'colcon_meta'
[0.751s] [34mcolcon.colcon_core.package_identification[0m [1;30mLevel 1[0m _identify(src/object_recognition_interfaces) by extensions ['ros']
[0.752s] [34mcolcon.colcon_core.package_identification[0m [1;30mLevel 1[0m _identify(src/object_recognition_interfaces) by extension 'ros'
[0.753s] [34mcolcon.colcon_core.package_identification[0m [1;30mDEBUG[0m [32mPackage 'src/object_recognition_interfaces' with type 'ros.ament_cmake' and name 'object_recognition_interfaces'[0m
[0.753s] [34mcolcon.colcon_core.package_identification[0m [1;30mLevel 1[0m _identify(src/slam_analysis) by extensions ['ignore', 'ignore_ament_install']
[0.753s] [34mcolcon.colcon_core.package_identification[0m [1;30mLevel 1[0m _identify(src/slam_analysis) by extension 'ignore'
[0.753s] [34mcolcon.colcon_core.package_identification[0m [1;30mLevel 1[0m _identify(src/slam_analysis) ignored
[0.753s] [34mcolcon.colcon_core.package_identification[0m [1;30mLevel 1[0m _identify(src/speech_to_goal) by extensions ['ignore', 'ignore_ament_install']
[0.754s] [34mcolcon.colcon_core.package_identification[0m [1;30mLevel 1[0m _identify(src/speech_to_goal) by extension 'ignore'
[0.754s] [34mcolcon.colcon_core.package_identification[0m [1;30mLevel 1[0m _identify(src/speech_to_goal) by extension 'ignore_ament_install'
[0.754s] [34mcolcon.colcon_core.package_identification[0m [1;30mLevel 1[0m _identify(src/speech_to_goal) by extensions ['colcon_pkg']
[0.754s] [34mcolcon.colcon_core.package_identification[0m [1;30mLevel 1[0m _identify(src/speech_to_goal) by extension 'colcon_pkg'
[0.754s] [34mcolcon.colcon_core.package_identification[0m [1;30mLevel 1[0m _identify(src/speech_to_goal) by extensions ['colcon_meta']
[0.754s] [34mcolcon.colcon_core.package_identification[0m [1;30mLevel 1[0m _identify(src/speech_to_goal) by extension 'colcon_meta'
[0.754s] [34mcolcon.colcon_core.package_identification[0m [1;30mLevel 1[0m _identify(src/speech_to_goal) by extensions ['ros']
[0.754s] [34mcolcon.colcon_core.package_identification[0m [1;30mLevel 1[0m _identify(src/speech_to_goal) by extension 'ros'
[0.756s] [34mcolcon.colcon_core.package_identification[0m [1;30mDEBUG[0m [32mPackage 'src/speech_to_goal' with type 'ros.ament_python' and name 'speech_to_goal'[0m
[0.756s] [34mcolcon.colcon_core.package_identification[0m [1;30mLevel 1[0m _identify(src/speech_to_goal_interfaces) by extensions ['ignore', 'ignore_ament_install']
[0.756s] [34mcolcon.colcon_core.package_identification[0m [1;30mLevel 1[0m _identify(src/speech_to_goal_interfaces) by extension 'ignore'
[0.756s] [34mcolcon.colcon_core.package_identification[0m [1;30mLevel 1[0m _identify(src/speech_to_goal_interfaces) by extension 'ignore_ament_install'
[0.756s] [34mcolcon.colcon_core.package_identification[0m [1;30mLevel 1[0m _identify(src/speech_to_goal_interfaces) by extensions ['colcon_pkg']
[0.756s] [34mcolcon.colcon_core.package_identification[0m [1;30mLevel 1[0m _identify(src/speech_to_goal_interfaces) by extension 'colcon_pkg'
[0.756s] [34mcolcon.colcon_core.package_identification[0m [1;30mLevel 1[0m _identify(src/speech_to_goal_interfaces) by extensions ['colcon_meta']
[0.757s] [34mcolcon.colcon_core.package_identification[0m [1;30mLevel 1[0m _identify(src/speech_to_goal_interfaces) by extension 'colcon_meta'
[0.757s] [34mcolcon.colcon_core.package_identification[0m [1;30mLevel 1[0m _identify(src/speech_to_goal_interfaces) by extensions ['ros']
[0.757s] [34mcolcon.colcon_core.package_identification[0m [1;30mLevel 1[0m _identify(src/speech_to_goal_interfaces) by extension 'ros'
[0.758s] [34mcolcon.colcon_core.package_identification[0m [1;30mDEBUG[0m [32mPackage 'src/speech_to_goal_interfaces' with type 'ros.ament_cmake' and name 'speech_to_goal_interfaces'[0m
[0.758s] [34mcolcon.colcon_core.package_identification[0m [1;30mLevel 1[0m _identify(src/standing_mode) by extensions ['ignore', 'ignore_ament_install']
[0.758s] [34mcolcon.colcon_core.package_identification[0m [1;30mLevel 1[0m _identify(src/standing_mode) by extension 'ignore'
[0.758s] [34mcolcon.colcon_core.package_identification[0m [1;30mLevel 1[0m _identify(src/standing_mode) by extension 'ignore_ament_install'
[0.758s] [34mcolcon.colcon_core.package_identification[0m [1;30mLevel 1[0m _identify(src/standing_mode) by extensions ['colcon_pkg']
[0.759s] [34mcolcon.colcon_core.package_identification[0m [1;30mLevel 1[0m _identify(src/standing_mode) by extension 'colcon_pkg'
[0.759s] [34mcolcon.colcon_core.package_identification[0m [1;30mLevel 1[0m _identify(src/standing_mode) by extensions ['colcon_meta']
[0.759s] [34mcolcon.colcon_core.package_identification[0m [1;30mLevel 1[0m _identify(src/standing_mode) by extension 'colcon_meta'
[0.759s] [34mcolcon.colcon_core.package_identification[0m [1;30mLevel 1[0m _identify(src/standing_mode) by extensions ['ros']
[0.759s] [34mcolcon.colcon_core.package_identification[0m [1;30mLevel 1[0m _identify(src/standing_mode) by extension 'ros'
[0.760s] [34mcolcon.colcon_core.package_identification[0m [1;30mDEBUG[0m [32mPackage 'src/standing_mode' with type 'ros.ament_python' and name 'standing_mode'[0m
[0.760s] [34mcolcon.colcon_core.package_identification[0m [1;30mLevel 1[0m _identify(src/unitree_legged_sdk) by extensions ['ignore', 'ignore_ament_install']
[0.760s] [34mcolcon.colcon_core.package_identification[0m [1;30mLevel 1[0m _identify(src/unitree_legged_sdk) by extension 'ignore'
[0.761s] [34mcolcon.colcon_core.package_identification[0m [1;30mLevel 1[0m _identify(src/unitree_legged_sdk) ignored
[0.761s] [34mcolcon.colcon_core.package_discovery[0m [1;30mLevel 1[0m discover_packages(recursive) using defaults
[0.761s] [34mcolcon.colcon_core.package_discovery[0m [1;30mLevel 1[0m discover_packages(ignore) discover
[0.761s] [34mcolcon.colcon_core.package_discovery[0m [1;30mLevel 1[0m discover_packages(ignore) using defaults
[0.761s] [34mcolcon.colcon_core.package_discovery[0m [1;30mLevel 1[0m discover_packages(path) discover
[0.761s] [34mcolcon.colcon_core.package_discovery[0m [1;30mLevel 1[0m discover_packages(path) using defaults
[0.795s] [34mcolcon.colcon_core.package_discovery[0m [1;30mLevel 1[0m discover_packages(prefix_path) check parameters
[0.795s] [34mcolcon.colcon_core.package_discovery[0m [1;30mLevel 1[0m discover_packages(prefix_path) discover
[0.797s] [34mcolcon.colcon_ros.prefix_path.ament[0m [1;30mWARNING[0m [33mThe path '/home/tknika/gral-iiriondo/unitree_ws/install/standing_mode' in the environment variable AMENT_PREFIX_PATH doesn't exist[0m
[0.797s] [34mcolcon.colcon_ros.prefix_path.ament[0m [1;30mWARNING[0m [33mThe path '/home/tknika/gral-iiriondo/unitree_ws/install/speech_to_goal' in the environment variable AMENT_PREFIX_PATH doesn't exist[0m
[0.797s] [34mcolcon.colcon_ros.prefix_path.ament[0m [1;30mWARNING[0m [33mThe path '/home/tknika/gral-iiriondo/unitree_ws/install/speech_to_goal_interfaces' in the environment variable AMENT_PREFIX_PATH doesn't exist[0m
[0.797s] [34mcolcon.colcon_ros.prefix_path.ament[0m [1;30mWARNING[0m [33mThe path '/home/tknika/gral-iiriondo/unitree_ws/install/slam_analysis' in the environment variable AMENT_PREFIX_PATH doesn't exist[0m
[0.798s] [34mcolcon.colcon_ros.prefix_path.ament[0m [1;30mWARNING[0m [33mThe path '/home/tknika/gral-iiriondo/unitree_ws/install/object_recognition' in the environment variable AMENT_PREFIX_PATH doesn't exist[0m
[0.798s] [34mcolcon.colcon_ros.prefix_path.ament[0m [1;30mWARNING[0m [33mThe path '/home/tknika/gral-iiriondo/unitree_ws/install/object_recognition_interfaces' in the environment variable AMENT_PREFIX_PATH doesn't exist[0m
[0.798s] [34mcolcon.colcon_ros.prefix_path.ament[0m [1;30mWARNING[0m [33mThe path '/home/tknika/gral-iiriondo/unitree_ws/install/mapping_configuration' in the environment variable AMENT_PREFIX_PATH doesn't exist[0m
[0.798s] [34mcolcon.colcon_ros.prefix_path.ament[0m [1;30mWARNING[0m [33mThe path '/home/tknika/gral-iiriondo/unitree_ws/install/go1_description' in the environment variable AMENT_PREFIX_PATH doesn't exist[0m
[0.798s] [34mcolcon.colcon_ros.prefix_path.ament[0m [1;30mWARNING[0m [33mThe path '/home/tknika/gral-iiriondo/unitree_ws/install/asr' in the environment variable AMENT_PREFIX_PATH doesn't exist[0m
[0.798s] [34mcolcon.colcon_ros.prefix_path.ament[0m [1;30mWARNING[0m [33mThe path '/home/tknika/gral-iiriondo/unitree_ws/install/aruco_detector' in the environment variable AMENT_PREFIX_PATH doesn't exist[0m
[0.798s] [34mcolcon.colcon_ros.prefix_path.ament[0m [1;30mWARNING[0m [33mThe path '/home/tknika/gral-iiriondo/unitree_ws/install/aruco_markers_msgs' in the environment variable AMENT_PREFIX_PATH doesn't exist[0m
[0.799s] [34mcolcon.colcon_ros.prefix_path.catkin[0m [1;30mWARNING[0m [33mThe path '/home/tknika/gral-iiriondo/unitree_ws/install/speech_to_goal_interfaces' in the environment variable CMAKE_PREFIX_PATH doesn't exist[0m
[0.799s] [34mcolcon.colcon_ros.prefix_path.catkin[0m [1;30mWARNING[0m [33mThe path '/home/tknika/gral-iiriondo/unitree_ws/install/object_recognition_interfaces' in the environment variable CMAKE_PREFIX_PATH doesn't exist[0m
[0.799s] [34mcolcon.colcon_ros.prefix_path.catkin[0m [1;30mWARNING[0m [33mThe path '/home/tknika/gral-iiriondo/unitree_ws/install/aruco_markers_msgs' in the environment variable CMAKE_PREFIX_PATH doesn't exist[0m
[0.800s] [34mcolcon.colcon_installed_package_information.package_discovery[0m [1;30mDEBUG[0m [32mFound 0 installed packages in /home/tknika/gral-iiriondo/unitree_ws/install[0m
[0.803s] [34mcolcon.colcon_installed_package_information.package_discovery[0m [1;30mDEBUG[0m [32mFound 281 installed packages in /opt/ros/humble[0m
[0.805s] [34mcolcon.colcon_core.package_discovery[0m [1;30mLevel 1[0m discover_packages(prefix_path) using defaults
[0.874s] [34mcolcon.colcon_core.verb[0m [1;30mLevel 5[0m set package 'aruco_markers_msgs' build argument 'cmake_args' from command line to 'None'
[0.875s] [34mcolcon.colcon_core.verb[0m [1;30mLevel 5[0m set package 'aruco_markers_msgs' build argument 'cmake_target' from command line to 'None'
[0.875s] [34mcolcon.colcon_core.verb[0m [1;30mLevel 5[0m set package 'aruco_markers_msgs' build argument 'cmake_target_skip_unavailable' from command line to 'False'
[0.875s] [34mcolcon.colcon_core.verb[0m [1;30mLevel 5[0m set package 'aruco_markers_msgs' build argument 'cmake_clean_cache' from command line to 'False'
[0.875s] [34mcolcon.colcon_core.verb[0m [1;30mLevel 5[0m set package 'aruco_markers_msgs' build argument 'cmake_clean_first' from command line to 'False'
[0.875s] [34mcolcon.colcon_core.verb[0m [1;30mLevel 5[0m set package 'aruco_markers_msgs' build argument 'cmake_force_configure' from command line to 'False'
[0.875s] [34mcolcon.colcon_core.verb[0m [1;30mLevel 5[0m set package 'aruco_markers_msgs' build argument 'ament_cmake_args' from command line to 'None'
[0.875s] [34mcolcon.colcon_core.verb[0m [1;30mLevel 5[0m set package 'aruco_markers_msgs' build argument 'catkin_cmake_args' from command line to 'None'
[0.875s] [34mcolcon.colcon_core.verb[0m [1;30mLevel 5[0m set package 'aruco_markers_msgs' build argument 'catkin_skip_building_tests' from command line to 'False'
[0.875s] [34mcolcon.colcon_core.verb[0m [1;30mDEBUG[0m [32mBuilding package 'aruco_markers_msgs' with the following arguments: {'ament_cmake_args': None, 'build_base': '/home/tknika/gral-iiriondo/unitree_ws/build/aruco_markers_msgs', 'catkin_cmake_args': None, 'catkin_skip_building_tests': False, 'cmake_args': None, 'cmake_clean_cache': False, 'cmake_clean_first': False, 'cmake_force_configure': False, 'cmake_target': None, 'cmake_target_skip_unavailable': False, 'install_base': '/home/tknika/gral-iiriondo/unitree_ws/install/aruco_markers_msgs', 'merge_install': False, 'path': '/home/tknika/gral-iiriondo/unitree_ws/src/aruco_markers_msgs', 'symlink_install': True, 'test_result_base': None}[0m
[0.876s] [34mcolcon.colcon_core.verb[0m [1;30mLevel 5[0m set package 'asr' build argument 'cmake_args' from command line to 'None'
[0.876s] [34mcolcon.colcon_core.verb[0m [1;30mLevel 5[0m set package 'asr' build argument 'cmake_target' from command line to 'None'
[0.876s] [34mcolcon.colcon_core.verb[0m [1;30mLevel 5[0m set package 'asr' build argument 'cmake_target_skip_unavailable' from command line to 'False'
[0.876s] [34mcolcon.colcon_core.verb[0m [1;30mLevel 5[0m set package 'asr' build argument 'cmake_clean_cache' from command line to 'False'
[0.876s] [34mcolcon.colcon_core.verb[0m [1;30mLevel 5[0m set package 'asr' build argument 'cmake_clean_first' from command line to 'False'
[0.876s] [34mcolcon.colcon_core.verb[0m [1;30mLevel 5[0m set package 'asr' build argument 'cmake_force_configure' from command line to 'False'
[0.876s] [34mcolcon.colcon_core.verb[0m [1;30mLevel 5[0m set package 'asr' build argument 'ament_cmake_args' from command line to 'None'
[0.876s] [34mcolcon.colcon_core.verb[0m [1;30mLevel 5[0m set package 'asr' build argument 'catkin_cmake_args' from command line to 'None'
[0.876s] [34mcolcon.colcon_core.verb[0m [1;30mLevel 5[0m set package 'asr' build argument 'catkin_skip_building_tests' from command line to 'False'
[0.876s] [34mcolcon.colcon_core.verb[0m [1;30mDEBUG[0m [32mBuilding package 'asr' with the following arguments: {'ament_cmake_args': None, 'build_base': '/home/tknika/gral-iiriondo/unitree_ws/build/asr', 'catkin_cmake_args': None, 'catkin_skip_building_tests': False, 'cmake_args': None, 'cmake_clean_cache': False, 'cmake_clean_first': False, 'cmake_force_configure': False, 'cmake_target': None, 'cmake_target_skip_unavailable': False, 'install_base': '/home/tknika/gral-iiriondo/unitree_ws/install/asr', 'merge_install': False, 'path': '/home/tknika/gral-iiriondo/unitree_ws/src/asr', 'symlink_install': True, 'test_result_base': None}[0m
[0.877s] [34mcolcon.colcon_core.verb[0m [1;30mLevel 5[0m set package 'go1_description' build argument 'cmake_args' from command line to 'None'
[0.877s] [34mcolcon.colcon_core.verb[0m [1;30mLevel 5[0m set package 'go1_description' build argument 'cmake_target' from command line to 'None'
[0.877s] [34mcolcon.colcon_core.verb[0m [1;30mLevel 5[0m set package 'go1_description' build argument 'cmake_target_skip_unavailable' from command line to 'False'
[0.877s] [34mcolcon.colcon_core.verb[0m [1;30mLevel 5[0m set package 'go1_description' build argument 'cmake_clean_cache' from command line to 'False'
[0.877s] [34mcolcon.colcon_core.verb[0m [1;30mLevel 5[0m set package 'go1_description' build argument 'cmake_clean_first' from command line to 'False'
[0.877s] [34mcolcon.colcon_core.verb[0m [1;30mLevel 5[0m set package 'go1_description' build argument 'cmake_force_configure' from command line to 'False'
[0.877s] [34mcolcon.colcon_core.verb[0m [1;30mLevel 5[0m set package 'go1_description' build argument 'ament_cmake_args' from command line to 'None'
[0.877s] [34mcolcon.colcon_core.verb[0m [1;30mLevel 5[0m set package 'go1_description' build argument 'catkin_cmake_args' from command line to 'None'
[0.877s] [34mcolcon.colcon_core.verb[0m [1;30mLevel 5[0m set package 'go1_description' build argument 'catkin_skip_building_tests' from command line to 'False'
[0.877s] [34mcolcon.colcon_core.verb[0m [1;30mDEBUG[0m [32mBuilding package 'go1_description' with the following arguments: {'ament_cmake_args': None, 'build_base': '/home/tknika/gral-iiriondo/unitree_ws/build/go1_description', 'catkin_cmake_args': None, 'catkin_skip_building_tests': False, 'cmake_args': None, 'cmake_clean_cache': False, 'cmake_clean_first': False, 'cmake_force_configure': False, 'cmake_target': None, 'cmake_target_skip_unavailable': False, 'install_base': '/home/tknika/gral-iiriondo/unitree_ws/install/go1_description', 'merge_install': False, 'path': '/home/tknika/gral-iiriondo/unitree_ws/src/go1_description', 'symlink_install': True, 'test_result_base': None}[0m
[0.878s] [34mcolcon.colcon_core.verb[0m [1;30mLevel 5[0m set package 'mapping_configuration' build argument 'cmake_args' from command line to 'None'
[0.878s] [34mcolcon.colcon_core.verb[0m [1;30mLevel 5[0m set package 'mapping_configuration' build argument 'cmake_target' from command line to 'None'
[0.878s] [34mcolcon.colcon_core.verb[0m [1;30mLevel 5[0m set package 'mapping_configuration' build argument 'cmake_target_skip_unavailable' from command line to 'False'
[0.878s] [34mcolcon.colcon_core.verb[0m [1;30mLevel 5[0m set package 'mapping_configuration' build argument 'cmake_clean_cache' from command line to 'False'
[0.878s] [34mcolcon.colcon_core.verb[0m [1;30mLevel 5[0m set package 'mapping_configuration' build argument 'cmake_clean_first' from command line to 'False'
[0.878s] [34mcolcon.colcon_core.verb[0m [1;30mLevel 5[0m set package 'mapping_configuration' build argument 'cmake_force_configure' from command line to 'False'
[0.878s] [34mcolcon.colcon_core.verb[0m [1;30mLevel 5[0m set package 'mapping_configuration' build argument 'ament_cmake_args' from command line to 'None'
[0.878s] [34mcolcon.colcon_core.verb[0m [1;30mLevel 5[0m set package 'mapping_configuration' build argument 'catkin_cmake_args' from command line to 'None'
[0.878s] [34mcolcon.colcon_core.verb[0m [1;30mLevel 5[0m set package 'mapping_configuration' build argument 'catkin_skip_building_tests' from command line to 'False'
[0.878s] [34mcolcon.colcon_core.verb[0m [1;30mDEBUG[0m [32mBuilding package 'mapping_configuration' with the following arguments: {'ament_cmake_args': None, 'build_base': '/home/tknika/gral-iiriondo/unitree_ws/build/mapping_configuration', 'catkin_cmake_args': None, 'catkin_skip_building_tests': False, 'cmake_args': None, 'cmake_clean_cache': False, 'cmake_clean_first': False, 'cmake_force_configure': False, 'cmake_target': None, 'cmake_target_skip_unavailable': False, 'install_base': '/home/tknika/gral-iiriondo/unitree_ws/install/mapping_configuration', 'merge_install': False, 'path': '/home/tknika/gral-iiriondo/unitree_ws/src/mapping_configuration', 'symlink_install': True, 'test_result_base': None}[0m
[0.879s] [34mcolcon.colcon_core.verb[0m [1;30mLevel 5[0m set package 'object_recognition_interfaces' build argument 'cmake_args' from command line to 'None'
[0.879s] [34mcolcon.colcon_core.verb[0m [1;30mLevel 5[0m set package 'object_recognition_interfaces' build argument 'cmake_target' from command line to 'None'
[0.879s] [34mcolcon.colcon_core.verb[0m [1;30mLevel 5[0m set package 'object_recognition_interfaces' build argument 'cmake_target_skip_unavailable' from command line to 'False'
[0.879s] [34mcolcon.colcon_core.verb[0m [1;30mLevel 5[0m set package 'object_recognition_interfaces' build argument 'cmake_clean_cache' from command line to 'False'
[0.879s] [34mcolcon.colcon_core.verb[0m [1;30mLevel 5[0m set package 'object_recognition_interfaces' build argument 'cmake_clean_first' from command line to 'False'
[0.879s] [34mcolcon.colcon_core.verb[0m [1;30mLevel 5[0m set package 'object_recognition_interfaces' build argument 'cmake_force_configure' from command line to 'False'
[0.879s] [34mcolcon.colcon_core.verb[0m [1;30mLevel 5[0m set package 'object_recognition_interfaces' build argument 'ament_cmake_args' from command line to 'None'
[0.879s] [34mcolcon.colcon_core.verb[0m [1;30mLevel 5[0m set package 'object_recognition_interfaces' build argument 'catkin_cmake_args' from command line to 'None'
[0.879s] [34mcolcon.colcon_core.verb[0m [1;30mLevel 5[0m set package 'object_recognition_interfaces' build argument 'catkin_skip_building_tests' from command line to 'False'
[0.879s] [34mcolcon.colcon_core.verb[0m [1;30mDEBUG[0m [32mBuilding package 'object_recognition_interfaces' with the following arguments: {'ament_cmake_args': None, 'build_base': '/home/tknika/gral-iiriondo/unitree_ws/build/object_recognition_interfaces', 'catkin_cmake_args': None, 'catkin_skip_building_tests': False, 'cmake_args': None, 'cmake_clean_cache': False, 'cmake_clean_first': False, 'cmake_force_configure': False, 'cmake_target': None, 'cmake_target_skip_unavailable': False, 'install_base': '/home/tknika/gral-iiriondo/unitree_ws/install/object_recognition_interfaces', 'merge_install': False, 'path': '/home/tknika/gral-iiriondo/unitree_ws/src/object_recognition_interfaces', 'symlink_install': True, 'test_result_base': None}[0m
[0.879s] [34mcolcon.colcon_core.verb[0m [1;30mLevel 5[0m set package 'speech_to_goal_interfaces' build argument 'cmake_args' from command line to 'None'
[0.880s] [34mcolcon.colcon_core.verb[0m [1;30mLevel 5[0m set package 'speech_to_goal_interfaces' build argument 'cmake_target' from command line to 'None'
[0.880s] [34mcolcon.colcon_core.verb[0m [1;30mLevel 5[0m set package 'speech_to_goal_interfaces' build argument 'cmake_target_skip_unavailable' from command line to 'False'
[0.880s] [34mcolcon.colcon_core.verb[0m [1;30mLevel 5[0m set package 'speech_to_goal_interfaces' build argument 'cmake_clean_cache' from command line to 'False'
[0.880s] [34mcolcon.colcon_core.verb[0m [1;30mLevel 5[0m set package 'speech_to_goal_interfaces' build argument 'cmake_clean_first' from command line to 'False'
[0.880s] [34mcolcon.colcon_core.verb[0m [1;30mLevel 5[0m set package 'speech_to_goal_interfaces' build argument 'cmake_force_configure' from command line to 'False'
[0.880s] [34mcolcon.colcon_core.verb[0m [1;30mLevel 5[0m set package 'speech_to_goal_interfaces' build argument 'ament_cmake_args' from command line to 'None'
[0.880s] [34mcolcon.colcon_core.verb[0m [1;30mLevel 5[0m set package 'speech_to_goal_interfaces' build argument 'catkin_cmake_args' from command line to 'None'
[0.880s] [34mcolcon.colcon_core.verb[0m [1;30mLevel 5[0m set package 'speech_to_goal_interfaces' build argument 'catkin_skip_building_tests' from command line to 'False'
[0.880s] [34mcolcon.colcon_core.verb[0m [1;30mDEBUG[0m [32mBuilding package 'speech_to_goal_interfaces' with the following arguments: {'ament_cmake_args': None, 'build_base': '/home/tknika/gral-iiriondo/unitree_ws/build/speech_to_goal_interfaces', 'catkin_cmake_args': None, 'catkin_skip_building_tests': False, 'cmake_args': None, 'cmake_clean_cache': False, 'cmake_clean_first': False, 'cmake_force_configure': False, 'cmake_target': None, 'cmake_target_skip_unavailable': False, 'install_base': '/home/tknika/gral-iiriondo/unitree_ws/install/speech_to_goal_interfaces', 'merge_install': False, 'path': '/home/tknika/gral-iiriondo/unitree_ws/src/speech_to_goal_interfaces', 'symlink_install': True, 'test_result_base': None}[0m
[0.880s] [34mcolcon.colcon_core.verb[0m [1;30mLevel 5[0m set package 'standing_mode' build argument 'cmake_args' from command line to 'None'
[0.880s] [34mcolcon.colcon_core.verb[0m [1;30mLevel 5[0m set package 'standing_mode' build argument 'cmake_target' from command line to 'None'
[0.881s] [34mcolcon.colcon_core.verb[0m [1;30mLevel 5[0m set package 'standing_mode' build argument 'cmake_target_skip_unavailable' from command line to 'False'
[0.881s] [34mcolcon.colcon_core.verb[0m [1;30mLevel 5[0m set package 'standing_mode' build argument 'cmake_clean_cache' from command line to 'False'
[0.881s] [34mcolcon.colcon_core.verb[0m [1;30mLevel 5[0m set package 'standing_mode' build argument 'cmake_clean_first' from command line to 'False'
[0.881s] [34mcolcon.colcon_core.verb[0m [1;30mLevel 5[0m set package 'standing_mode' build argument 'cmake_force_configure' from command line to 'False'
[0.881s] [34mcolcon.colcon_core.verb[0m [1;30mLevel 5[0m set package 'standing_mode' build argument 'ament_cmake_args' from command line to 'None'
[0.881s] [34mcolcon.colcon_core.verb[0m [1;30mLevel 5[0m set package 'standing_mode' build argument 'catkin_cmake_args' from command line to 'None'
[0.881s] [34mcolcon.colcon_core.verb[0m [1;30mLevel 5[0m set package 'standing_mode' build argument 'catkin_skip_building_tests' from command line to 'False'
[0.881s] [34mcolcon.colcon_core.verb[0m [1;30mDEBUG[0m [32mBuilding package 'standing_mode' with the following arguments: {'ament_cmake_args': None, 'build_base': '/home/tknika/gral-iiriondo/unitree_ws/build/standing_mode', 'catkin_cmake_args': None, 'catkin_skip_building_tests': False, 'cmake_args': None, 'cmake_clean_cache': False, 'cmake_clean_first': False, 'cmake_force_configure': False, 'cmake_target': None, 'cmake_target_skip_unavailable': False, 'install_base': '/home/tknika/gral-iiriondo/unitree_ws/install/standing_mode', 'merge_install': False, 'path': '/home/tknika/gral-iiriondo/unitree_ws/src/standing_mode', 'symlink_install': True, 'test_result_base': None}[0m
[0.881s] [34mcolcon.colcon_core.verb[0m [1;30mLevel 5[0m set package 'aruco_detector' build argument 'cmake_args' from command line to 'None'
[0.881s] [34mcolcon.colcon_core.verb[0m [1;30mLevel 5[0m set package 'aruco_detector' build argument 'cmake_target' from command line to 'None'
[0.881s] [34mcolcon.colcon_core.verb[0m [1;30mLevel 5[0m set package 'aruco_detector' build argument 'cmake_target_skip_unavailable' from command line to 'False'
[0.882s] [34mcolcon.colcon_core.verb[0m [1;30mLevel 5[0m set package 'aruco_detector' build argument 'cmake_clean_cache' from command line to 'False'
[0.882s] [34mcolcon.colcon_core.verb[0m [1;30mLevel 5[0m set package 'aruco_detector' build argument 'cmake_clean_first' from command line to 'False'
[0.882s] [34mcolcon.colcon_core.verb[0m [1;30mLevel 5[0m set package 'aruco_detector' build argument 'cmake_force_configure' from command line to 'False'
[0.882s] [34mcolcon.colcon_core.verb[0m [1;30mLevel 5[0m set package 'aruco_detector' build argument 'ament_cmake_args' from command line to 'None'
[0.882s] [34mcolcon.colcon_core.verb[0m [1;30mLevel 5[0m set package 'aruco_detector' build argument 'catkin_cmake_args' from command line to 'None'
[0.882s] [34mcolcon.colcon_core.verb[0m [1;30mLevel 5[0m set package 'aruco_detector' build argument 'catkin_skip_building_tests' from command line to 'False'
[0.882s] [34mcolcon.colcon_core.verb[0m [1;30mDEBUG[0m [32mBuilding package 'aruco_detector' with the following arguments: {'ament_cmake_args': None, 'build_base': '/home/tknika/gral-iiriondo/unitree_ws/build/aruco_detector', 'catkin_cmake_args': None, 'catkin_skip_building_tests': False, 'cmake_args': None, 'cmake_clean_cache': False, 'cmake_clean_first': False, 'cmake_force_configure': False, 'cmake_target': None, 'cmake_target_skip_unavailable': False, 'install_base': '/home/tknika/gral-iiriondo/unitree_ws/install/aruco_detector', 'merge_install': False, 'path': '/home/tknika/gral-iiriondo/unitree_ws/src/aruco_detector', 'symlink_install': True, 'test_result_base': None}[0m
[0.882s] [34mcolcon.colcon_core.verb[0m [1;30mLevel 5[0m set package 'object_recognition' build argument 'cmake_args' from command line to 'None'
[0.882s] [34mcolcon.colcon_core.verb[0m [1;30mLevel 5[0m set package 'object_recognition' build argument 'cmake_target' from command line to 'None'
[0.882s] [34mcolcon.colcon_core.verb[0m [1;30mLevel 5[0m set package 'object_recognition' build argument 'cmake_target_skip_unavailable' from command line to 'False'
[0.882s] [34mcolcon.colcon_core.verb[0m [1;30mLevel 5[0m set package 'object_recognition' build argument 'cmake_clean_cache' from command line to 'False'
[0.882s] [34mcolcon.colcon_core.verb[0m [1;30mLevel 5[0m set package 'object_recognition' build argument 'cmake_clean_first' from command line to 'False'
[0.883s] [34mcolcon.colcon_core.verb[0m [1;30mLevel 5[0m set package 'object_recognition' build argument 'cmake_force_configure' from command line to 'False'
[0.883s] [34mcolcon.colcon_core.verb[0m [1;30mLevel 5[0m set package 'object_recognition' build argument 'ament_cmake_args' from command line to 'None'
[0.883s] [34mcolcon.colcon_core.verb[0m [1;30mLevel 5[0m set package 'object_recognition' build argument 'catkin_cmake_args' from command line to 'None'
[0.883s] [34mcolcon.colcon_core.verb[0m [1;30mLevel 5[0m set package 'object_recognition' build argument 'catkin_skip_building_tests' from command line to 'False'
[0.883s] [34mcolcon.colcon_core.verb[0m [1;30mDEBUG[0m [32mBuilding package 'object_recognition' with the following arguments: {'ament_cmake_args': None, 'build_base': '/home/tknika/gral-iiriondo/unitree_ws/build/object_recognition', 'catkin_cmake_args': None, 'catkin_skip_building_tests': False, 'cmake_args': None, 'cmake_clean_cache': False, 'cmake_clean_first': False, 'cmake_force_configure': False, 'cmake_target': None, 'cmake_target_skip_unavailable': False, 'install_base': '/home/tknika/gral-iiriondo/unitree_ws/install/object_recognition', 'merge_install': False, 'path': '/home/tknika/gral-iiriondo/unitree_ws/src/object_recognition', 'symlink_install': True, 'test_result_base': None}[0m
[0.883s] [34mcolcon.colcon_core.verb[0m [1;30mLevel 5[0m set package 'speech_to_goal' build argument 'cmake_args' from command line to 'None'
[0.883s] [34mcolcon.colcon_core.verb[0m [1;30mLevel 5[0m set package 'speech_to_goal' build argument 'cmake_target' from command line to 'None'
[0.883s] [34mcolcon.colcon_core.verb[0m [1;30mLevel 5[0m set package 'speech_to_goal' build argument 'cmake_target_skip_unavailable' from command line to 'False'
[0.883s] [34mcolcon.colcon_core.verb[0m [1;30mLevel 5[0m set package 'speech_to_goal' build argument 'cmake_clean_cache' from command line to 'False'
[0.883s] [34mcolcon.colcon_core.verb[0m [1;30mLevel 5[0m set package 'speech_to_goal' build argument 'cmake_clean_first' from command line to 'False'
[0.883s] [34mcolcon.colcon_core.verb[0m [1;30mLevel 5[0m set package 'speech_to_goal' build argument 'cmake_force_configure' from command line to 'False'
[0.884s] [34mcolcon.colcon_core.verb[0m [1;30mLevel 5[0m set package 'speech_to_goal' build argument 'ament_cmake_args' from command line to 'None'
[0.884s] [34mcolcon.colcon_core.verb[0m [1;30mLevel 5[0m set package 'speech_to_goal' build argument 'catkin_cmake_args' from command line to 'None'
[0.884s] [34mcolcon.colcon_core.verb[0m [1;30mLevel 5[0m set package 'speech_to_goal' build argument 'catkin_skip_building_tests' from command line to 'False'
[0.884s] [34mcolcon.colcon_core.verb[0m [1;30mDEBUG[0m [32mBuilding package 'speech_to_goal' with the following arguments: {'ament_cmake_args': None, 'build_base': '/home/tknika/gral-iiriondo/unitree_ws/build/speech_to_goal', 'catkin_cmake_args': None, 'catkin_skip_building_tests': False, 'cmake_args': None, 'cmake_clean_cache': False, 'cmake_clean_first': False, 'cmake_force_configure': False, 'cmake_target': None, 'cmake_target_skip_unavailable': False, 'install_base': '/home/tknika/gral-iiriondo/unitree_ws/install/speech_to_goal', 'merge_install': False, 'path': '/home/tknika/gral-iiriondo/unitree_ws/src/speech_to_goal', 'symlink_install': True, 'test_result_base': None}[0m
[0.884s] [34mcolcon.colcon_core.executor[0m [1;30mINFO[0m Executing jobs using 'parallel' executor
[0.887s] [34mcolcon.colcon_parallel_executor.executor.parallel[0m [1;30mDEBUG[0m [32mrun_until_complete[0m
[0.887s] [34mcolcon.colcon_ros.task.ament_cmake.build[0m [1;30mINFO[0m Building ROS package in '/home/tknika/gral-iiriondo/unitree_ws/src/object_recognition_interfaces' with build type 'ament_cmake'
[0.888s] [34mcolcon.colcon_cmake.task.cmake.build[0m [1;30mINFO[0m Building CMake package in '/home/tknika/gral-iiriondo/unitree_ws/src/object_recognition_interfaces'
[0.893s] [34mcolcon.colcon_core.plugin_system[0m [1;30mINFO[0m Skipping extension 'colcon_core.shell.bat': Not used on non-Windows systems
[0.894s] [34mcolcon.colcon_core.shell[0m [1;30mINFO[0m Skip shell extension 'powershell' for command environment: Not usable outside of PowerShell
[0.894s] [34mcolcon.colcon_core.shell[0m [1;30mDEBUG[0m [32mSkip shell extension 'dsv' for command environment[0m
[0.900s] [34mcolcon.colcon_ros.task.ament_cmake.build[0m [1;30mINFO[0m Building ROS package in '/home/tknika/gral-iiriondo/unitree_ws/src/aruco_markers_msgs' with build type 'ament_cmake'
[0.900s] [34mcolcon.colcon_cmake.task.cmake.build[0m [1;30mINFO[0m Building CMake package in '/home/tknika/gral-iiriondo/unitree_ws/src/aruco_markers_msgs'
[0.901s] [34mcolcon.colcon_core.shell[0m [1;30mINFO[0m Skip shell extension 'powershell' for command environment: Not usable outside of PowerShell
[0.901s] [34mcolcon.colcon_core.shell[0m [1;30mDEBUG[0m [32mSkip shell extension 'dsv' for command environment[0m
[0.907s] [34mcolcon.colcon_ros.task.ament_cmake.build[0m [1;30mINFO[0m Building ROS package in '/home/tknika/gral-iiriondo/unitree_ws/src/speech_to_goal_interfaces' with build type 'ament_cmake'
[0.907s] [34mcolcon.colcon_cmake.task.cmake.build[0m [1;30mINFO[0m Building CMake package in '/home/tknika/gral-iiriondo/unitree_ws/src/speech_to_goal_interfaces'
[0.908s] [34mcolcon.colcon_core.shell[0m [1;30mINFO[0m Skip shell extension 'powershell' for command environment: Not usable outside of PowerShell
[0.908s] [34mcolcon.colcon_core.shell[0m [1;30mDEBUG[0m [32mSkip shell extension 'dsv' for command environment[0m
[0.916s] [34mcolcon.colcon_ros.task.ament_python.build[0m [1;30mINFO[0m Building ROS package in '/home/tknika/gral-iiriondo/unitree_ws/src/asr' with build type 'ament_python'
[0.917s] [34mcolcon.colcon_core.shell[0m [1;30mLevel 1[0m create_environment_hook('asr', 'ament_prefix_path')
[0.917s] [34mcolcon.colcon_core.shell[0m [1;30mINFO[0m Creating environment hook '/home/tknika/gral-iiriondo/unitree_ws/install/asr/share/asr/hook/ament_prefix_path.ps1'
[0.919s] [34mcolcon.colcon_core.shell[0m [1;30mINFO[0m Creating environment descriptor '/home/tknika/gral-iiriondo/unitree_ws/install/asr/share/asr/hook/ament_prefix_path.dsv'
[0.920s] [34mcolcon.colcon_core.shell[0m [1;30mINFO[0m Creating environment hook '/home/tknika/gral-iiriondo/unitree_ws/install/asr/share/asr/hook/ament_prefix_path.sh'
[0.922s] [34mcolcon.colcon_core.shell[0m [1;30mINFO[0m Skip shell extension 'powershell' for command environment: Not usable outside of PowerShell
[0.922s] [34mcolcon.colcon_core.shell[0m [1;30mDEBUG[0m [32mSkip shell extension 'dsv' for command environment[0m
[0.928s] [34mcolcon.colcon_ros.task.ament_python.build[0m [1;30mINFO[0m Building ROS package in '/home/tknika/gral-iiriondo/unitree_ws/src/go1_description' with build type 'ament_python'
[0.928s] [34mcolcon.colcon_core.shell[0m [1;30mLevel 1[0m create_environment_hook('go1_description', 'ament_prefix_path')
[0.929s] [34mcolcon.colcon_core.shell[0m [1;30mINFO[0m Creating environment hook '/home/tknika/gral-iiriondo/unitree_ws/install/go1_description/share/go1_description/hook/ament_prefix_path.ps1'
[0.931s] [34mcolcon.colcon_core.shell[0m [1;30mINFO[0m Creating environment descriptor '/home/tknika/gral-iiriondo/unitree_ws/install/go1_description/share/go1_description/hook/ament_prefix_path.dsv'
[0.932s] [34mcolcon.colcon_core.shell[0m [1;30mINFO[0m Creating environment hook '/home/tknika/gral-iiriondo/unitree_ws/install/go1_description/share/go1_description/hook/ament_prefix_path.sh'
[0.933s] [34mcolcon.colcon_core.shell[0m [1;30mINFO[0m Skip shell extension 'powershell' for command environment: Not usable outside of PowerShell
[0.933s] [34mcolcon.colcon_core.shell[0m [1;30mDEBUG[0m [32mSkip shell extension 'dsv' for command environment[0m
[0.939s] [34mcolcon.colcon_ros.task.ament_python.build[0m [1;30mINFO[0m Building ROS package in '/home/tknika/gral-iiriondo/unitree_ws/src/mapping_configuration' with build type 'ament_python'
[0.939s] [34mcolcon.colcon_core.shell[0m [1;30mLevel 1[0m create_environment_hook('mapping_configuration', 'ament_prefix_path')
[0.940s] [34mcolcon.colcon_core.shell[0m [1;30mINFO[0m Creating environment hook '/home/tknika/gral-iiriondo/unitree_ws/install/mapping_configuration/share/mapping_configuration/hook/ament_prefix_path.ps1'
[0.941s] [34mcolcon.colcon_core.shell[0m [1;30mINFO[0m Creating environment descriptor '/home/tknika/gral-iiriondo/unitree_ws/install/mapping_configuration/share/mapping_configuration/hook/ament_prefix_path.dsv'
[0.942s] [34mcolcon.colcon_core.shell[0m [1;30mINFO[0m Creating environment hook '/home/tknika/gral-iiriondo/unitree_ws/install/mapping_configuration/share/mapping_configuration/hook/ament_prefix_path.sh'
[0.944s] [34mcolcon.colcon_core.shell[0m [1;30mINFO[0m Skip shell extension 'powershell' for command environment: Not usable outside of PowerShell
[0.944s] [34mcolcon.colcon_core.shell[0m [1;30mDEBUG[0m [32mSkip shell extension 'dsv' for command environment[0m
[0.950s] [34mcolcon.colcon_ros.task.ament_python.build[0m [1;30mINFO[0m Building ROS package in '/home/tknika/gral-iiriondo/unitree_ws/src/standing_mode' with build type 'ament_python'
[0.950s] [34mcolcon.colcon_core.shell[0m [1;30mLevel 1[0m create_environment_hook('standing_mode', 'ament_prefix_path')
[0.951s] [34mcolcon.colcon_core.shell[0m [1;30mINFO[0m Creating environment hook '/home/tknika/gral-iiriondo/unitree_ws/install/standing_mode/share/standing_mode/hook/ament_prefix_path.ps1'
[0.952s] [34mcolcon.colcon_core.shell[0m [1;30mINFO[0m Creating environment descriptor '/home/tknika/gral-iiriondo/unitree_ws/install/standing_mode/share/standing_mode/hook/ament_prefix_path.dsv'
[0.953s] [34mcolcon.colcon_core.shell[0m [1;30mINFO[0m Creating environment hook '/home/tknika/gral-iiriondo/unitree_ws/install/standing_mode/share/standing_mode/hook/ament_prefix_path.sh'
[0.954s] [34mcolcon.colcon_core.shell[0m [1;30mINFO[0m Skip shell extension 'powershell' for command environment: Not usable outside of PowerShell
[0.954s] [34mcolcon.colcon_core.shell[0m [1;30mDEBUG[0m [32mSkip shell extension 'dsv' for command environment[0m
[0.969s] [34mcolcon.colcon_core.event_handler.log_command[0m [1;30mDEBUG[0m [32mInvoking command in '/home/tknika/gral-iiriondo/unitree_ws/build/object_recognition_interfaces': CMAKE_PREFIX_PATH=${CMAKE_PREFIX_PATH}:/home/tknika/gral-iiriondo/unitree_ws/install/standing_mode:/home/tknika/gral-iiriondo/unitree_ws/install/speech_to_goal:/home/tknika/gral-iiriondo/unitree_ws/install/slam_analysis:/home/tknika/gral-iiriondo/unitree_ws/install/object_recognition:/home/tknika/gral-iiriondo/unitree_ws/install/mapping_configuration:/home/tknika/gral-iiriondo/unitree_ws/install/go1_description:/home/tknika/gral-iiriondo/unitree_ws/install/asr:/home/tknika/gral-iiriondo/unitree_ws/install/aruco_detector:/opt/ros/humble /usr/bin/cmake /home/tknika/gral-iiriondo/unitree_ws/src/object_recognition_interfaces -DAMENT_CMAKE_SYMLINK_INSTALL=1 -DCMAKE_INSTALL_PREFIX=/home/tknika/gral-iiriondo/unitree_ws/install/object_recognition_interfaces[0m
[0.973s] [34mcolcon.colcon_core.event_handler.log_command[0m [1;30mDEBUG[0m [32mInvoking command in '/home/tknika/gral-iiriondo/unitree_ws/build/aruco_markers_msgs': CMAKE_PREFIX_PATH=${CMAKE_PREFIX_PATH}:/home/tknika/gral-iiriondo/unitree_ws/install/standing_mode:/home/tknika/gral-iiriondo/unitree_ws/install/speech_to_goal:/home/tknika/gral-iiriondo/unitree_ws/install/slam_analysis:/home/tknika/gral-iiriondo/unitree_ws/install/object_recognition:/home/tknika/gral-iiriondo/unitree_ws/install/mapping_configuration:/home/tknika/gral-iiriondo/unitree_ws/install/go1_description:/home/tknika/gral-iiriondo/unitree_ws/install/asr:/home/tknika/gral-iiriondo/unitree_ws/install/aruco_detector:/opt/ros/humble /usr/bin/cmake /home/tknika/gral-iiriondo/unitree_ws/src/aruco_markers_msgs -DAMENT_CMAKE_SYMLINK_INSTALL=1 -DCMAKE_INSTALL_PREFIX=/home/tknika/gral-iiriondo/unitree_ws/install/aruco_markers_msgs[0m
[0.979s] [34mcolcon.colcon_core.event_handler.log_command[0m [1;30mDEBUG[0m [32mInvoking command in '/home/tknika/gral-iiriondo/unitree_ws/build/speech_to_goal_interfaces': CMAKE_PREFIX_PATH=${CMAKE_PREFIX_PATH}:/home/tknika/gral-iiriondo/unitree_ws/install/standing_mode:/home/tknika/gral-iiriondo/unitree_ws/install/speech_to_goal:/home/tknika/gral-iiriondo/unitree_ws/install/slam_analysis:/home/tknika/gral-iiriondo/unitree_ws/install/object_recognition:/home/tknika/gral-iiriondo/unitree_ws/install/mapping_configuration:/home/tknika/gral-iiriondo/unitree_ws/install/go1_description:/home/tknika/gral-iiriondo/unitree_ws/install/asr:/home/tknika/gral-iiriondo/unitree_ws/install/aruco_detector:/opt/ros/humble /usr/bin/cmake /home/tknika/gral-iiriondo/unitree_ws/src/speech_to_goal_interfaces -DAMENT_CMAKE_SYMLINK_INSTALL=1 -DCMAKE_INSTALL_PREFIX=/home/tknika/gral-iiriondo/unitree_ws/install/speech_to_goal_interfaces[0m
[1.890s] [34mcolcon.colcon_core.task.python.build[0m [1;30mINFO[0m Building Python package in '/home/tknika/gral-iiriondo/unitree_ws/src/asr'
[1.891s] [34mcolcon.colcon_core.shell[0m [1;30mINFO[0m Skip shell extension 'powershell' for command environment: Not usable outside of PowerShell
[1.891s] [34mcolcon.colcon_core.shell[0m [1;30mDEBUG[0m [32mSkip shell extension 'dsv' for command environment[0m
[2.751s] [34mcolcon.colcon_core.task.python.build[0m [1;30mINFO[0m Building Python package in '/home/tknika/gral-iiriondo/unitree_ws/src/go1_description'
[2.752s] [34mcolcon.colcon_core.shell[0m [1;30mINFO[0m Skip shell extension 'powershell' for command environment: Not usable outside of PowerShell
[2.752s] [34mcolcon.colcon_core.shell[0m [1;30mDEBUG[0m [32mSkip shell extension 'dsv' for command environment[0m
[3.581s] [34mcolcon.colcon_core.task.python.build[0m [1;30mINFO[0m Building Python package in '/home/tknika/gral-iiriondo/unitree_ws/src/mapping_configuration'
[3.582s] [34mcolcon.colcon_core.shell[0m [1;30mINFO[0m Skip shell extension 'powershell' for command environment: Not usable outside of PowerShell
[3.582s] [34mcolcon.colcon_core.shell[0m [1;30mDEBUG[0m [32mSkip shell extension 'dsv' for command environment[0m
[4.476s] [34mcolcon.colcon_core.task.python.build[0m [1;30mINFO[0m Building Python package in '/home/tknika/gral-iiriondo/unitree_ws/src/standing_mode'
[4.477s] [34mcolcon.colcon_core.shell[0m [1;30mINFO[0m Skip shell extension 'powershell' for command environment: Not usable outside of PowerShell
[4.477s] [34mcolcon.colcon_core.shell[0m [1;30mDEBUG[0m [32mSkip shell extension 'dsv' for command environment[0m
[6.084s] [34mcolcon.colcon_core.event_handler.log_command[0m [1;30mDEBUG[0m [32mInvoking command in '/home/tknika/gral-iiriondo/unitree_ws/build/asr': PYTHONPATH=/home/tknika/gral-iiriondo/unitree_ws/build/asr/prefix_override:/usr/lib/python3/dist-packages/colcon_core/task/python/colcon_distutils_commands:/home/tknika/gral-iiriondo/unitree_ws/install/asr/lib/python3.10/site-packages:${PYTHONPATH} /usr/bin/python3 -W ignore:setup.py install is deprecated -W ignore:easy_install command is deprecated setup.py develop --editable --build-directory /home/tknika/gral-iiriondo/unitree_ws/build/asr/build --no-deps symlink_data[0m
[6.164s] [34mcolcon.colcon_core.event_handler.log_command[0m [1;30mDEBUG[0m [32mInvoking command in '/home/tknika/gral-iiriondo/unitree_ws/build/mapping_configuration': PYTHONPATH=/home/tknika/gral-iiriondo/unitree_ws/build/mapping_configuration/prefix_override:/usr/lib/python3/dist-packages/colcon_core/task/python/colcon_distutils_commands:/home/tknika/gral-iiriondo/unitree_ws/install/mapping_configuration/lib/python3.10/site-packages:${PYTHONPATH} /usr/bin/python3 -W ignore:setup.py install is deprecated -W ignore:easy_install command is deprecated setup.py develop --editable --build-directory /home/tknika/gral-iiriondo/unitree_ws/build/mapping_configuration/build --no-deps symlink_data[0m
[6.246s] [34mcolcon.colcon_core.event_handler.log_command[0m [1;30mDEBUG[0m [32mInvoking command in '/home/tknika/gral-iiriondo/unitree_ws/build/standing_mode': PYTHONPATH=/home/tknika/gral-iiriondo/unitree_ws/build/standing_mode/prefix_override:/usr/lib/python3/dist-packages/colcon_core/task/python/colcon_distutils_commands:/home/tknika/gral-iiriondo/unitree_ws/install/standing_mode/lib/python3.10/site-packages:${PYTHONPATH} /usr/bin/python3 -W ignore:setup.py install is deprecated -W ignore:easy_install command is deprecated setup.py develop --editable --build-directory /home/tknika/gral-iiriondo/unitree_ws/build/standing_mode/build --no-deps symlink_data[0m
[6.331s] [34mcolcon.colcon_core.event_handler.log_command[0m [1;30mDEBUG[0m [32mInvoked command in '/home/tknika/gral-iiriondo/unitree_ws/build/object_recognition_interfaces' returned '0': CMAKE_PREFIX_PATH=${CMAKE_PREFIX_PATH}:/home/tknika/gral-iiriondo/unitree_ws/install/standing_mode:/home/tknika/gral-iiriondo/unitree_ws/install/speech_to_goal:/home/tknika/gral-iiriondo/unitree_ws/install/slam_analysis:/home/tknika/gral-iiriondo/unitree_ws/install/object_recognition:/home/tknika/gral-iiriondo/unitree_ws/install/mapping_configuration:/home/tknika/gral-iiriondo/unitree_ws/install/go1_description:/home/tknika/gral-iiriondo/unitree_ws/install/asr:/home/tknika/gral-iiriondo/unitree_ws/install/aruco_detector:/opt/ros/humble /usr/bin/cmake /home/tknika/gral-iiriondo/unitree_ws/src/object_recognition_interfaces -DAMENT_CMAKE_SYMLINK_INSTALL=1 -DCMAKE_INSTALL_PREFIX=/home/tknika/gral-iiriondo/unitree_ws/install/object_recognition_interfaces[0m
[6.332s] [34mcolcon.colcon_core.event_handler.log_command[0m [1;30mDEBUG[0m [32mInvoking command in '/home/tknika/gral-iiriondo/unitree_ws/build/object_recognition_interfaces': CMAKE_PREFIX_PATH=${CMAKE_PREFIX_PATH}:/home/tknika/gral-iiriondo/unitree_ws/install/standing_mode:/home/tknika/gral-iiriondo/unitree_ws/install/speech_to_goal:/home/tknika/gral-iiriondo/unitree_ws/install/slam_analysis:/home/tknika/gral-iiriondo/unitree_ws/install/object_recognition:/home/tknika/gral-iiriondo/unitree_ws/install/mapping_configuration:/home/tknika/gral-iiriondo/unitree_ws/install/go1_description:/home/tknika/gral-iiriondo/unitree_ws/install/asr:/home/tknika/gral-iiriondo/unitree_ws/install/aruco_detector:/opt/ros/humble /usr/bin/cmake --build /home/tknika/gral-iiriondo/unitree_ws/build/object_recognition_interfaces -- -j8 -l8[0m
[6.425s] [34mcolcon.colcon_core.event_handler.log_command[0m [1;30mDEBUG[0m [32mInvoking command in '/home/tknika/gral-iiriondo/unitree_ws/build/go1_description': PYTHONPATH=/home/tknika/gral-iiriondo/unitree_ws/build/go1_description/prefix_override:/usr/lib/python3/dist-packages/colcon_core/task/python/colcon_distutils_commands:/home/tknika/gral-iiriondo/unitree_ws/install/go1_description/lib/python3.10/site-packages:${PYTHONPATH} /usr/bin/python3 -W ignore:setup.py install is deprecated -W ignore:easy_install command is deprecated setup.py develop --editable --build-directory /home/tknika/gral-iiriondo/unitree_ws/build/go1_description/build --no-deps symlink_data[0m
[6.506s] [34mcolcon.colcon_core.event_handler.log_command[0m [1;30mDEBUG[0m [32mInvoked command in '/home/tknika/gral-iiriondo/unitree_ws/build/speech_to_goal_interfaces' returned '0': CMAKE_PREFIX_PATH=${CMAKE_PREFIX_PATH}:/home/tknika/gral-iiriondo/unitree_ws/install/standing_mode:/home/tknika/gral-iiriondo/unitree_ws/install/speech_to_goal:/home/tknika/gral-iiriondo/unitree_ws/install/slam_analysis:/home/tknika/gral-iiriondo/unitree_ws/install/object_recognition:/home/tknika/gral-iiriondo/unitree_ws/install/mapping_configuration:/home/tknika/gral-iiriondo/unitree_ws/install/go1_description:/home/tknika/gral-iiriondo/unitree_ws/install/asr:/home/tknika/gral-iiriondo/unitree_ws/install/aruco_detector:/opt/ros/humble /usr/bin/cmake /home/tknika/gral-iiriondo/unitree_ws/src/speech_to_goal_interfaces -DAMENT_CMAKE_SYMLINK_INSTALL=1 -DCMAKE_INSTALL_PREFIX=/home/tknika/gral-iiriondo/unitree_ws/install/speech_to_goal_interfaces[0m
[6.507s] [34mcolcon.colcon_core.event_handler.log_command[0m [1;30mDEBUG[0m [32mInvoking command in '/home/tknika/gral-iiriondo/unitree_ws/build/speech_to_goal_interfaces': CMAKE_PREFIX_PATH=${CMAKE_PREFIX_PATH}:/home/tknika/gral-iiriondo/unitree_ws/install/standing_mode:/home/tknika/gral-iiriondo/unitree_ws/install/speech_to_goal:/home/tknika/gral-iiriondo/unitree_ws/install/slam_analysis:/home/tknika/gral-iiriondo/unitree_ws/install/object_recognition:/home/tknika/gral-iiriondo/unitree_ws/install/mapping_configuration:/home/tknika/gral-iiriondo/unitree_ws/install/go1_description:/home/tknika/gral-iiriondo/unitree_ws/install/asr:/home/tknika/gral-iiriondo/unitree_ws/install/aruco_detector:/opt/ros/humble /usr/bin/cmake --build /home/tknika/gral-iiriondo/unitree_ws/build/speech_to_goal_interfaces -- -j8 -l8[0m
[7.386s] [34mcolcon.colcon_core.event_handler.log_command[0m [1;30mDEBUG[0m [32mInvoked command in '/home/tknika/gral-iiriondo/unitree_ws/build/aruco_markers_msgs' returned '0': CMAKE_PREFIX_PATH=${CMAKE_PREFIX_PATH}:/home/tknika/gral-iiriondo/unitree_ws/install/standing_mode:/home/tknika/gral-iiriondo/unitree_ws/install/speech_to_goal:/home/tknika/gral-iiriondo/unitree_ws/install/slam_analysis:/home/tknika/gral-iiriondo/unitree_ws/install/object_recognition:/home/tknika/gral-iiriondo/unitree_ws/install/mapping_configuration:/home/tknika/gral-iiriondo/unitree_ws/install/go1_description:/home/tknika/gral-iiriondo/unitree_ws/install/asr:/home/tknika/gral-iiriondo/unitree_ws/install/aruco_detector:/opt/ros/humble /usr/bin/cmake /home/tknika/gral-iiriondo/unitree_ws/src/aruco_markers_msgs -DAMENT_CMAKE_SYMLINK_INSTALL=1 -DCMAKE_INSTALL_PREFIX=/home/tknika/gral-iiriondo/unitree_ws/install/aruco_markers_msgs[0m
[7.387s] [34mcolcon.colcon_core.event_handler.log_command[0m [1;30mDEBUG[0m [32mInvoking command in '/home/tknika/gral-iiriondo/unitree_ws/build/aruco_markers_msgs': CMAKE_PREFIX_PATH=${CMAKE_PREFIX_PATH}:/home/tknika/gral-iiriondo/unitree_ws/install/standing_mode:/home/tknika/gral-iiriondo/unitree_ws/install/speech_to_goal:/home/tknika/gral-iiriondo/unitree_ws/install/slam_analysis:/home/tknika/gral-iiriondo/unitree_ws/install/object_recognition:/home/tknika/gral-iiriondo/unitree_ws/install/mapping_configuration:/home/tknika/gral-iiriondo/unitree_ws/install/go1_description:/home/tknika/gral-iiriondo/unitree_ws/install/asr:/home/tknika/gral-iiriondo/unitree_ws/install/aruco_detector:/opt/ros/humble /usr/bin/cmake --build /home/tknika/gral-iiriondo/unitree_ws/build/aruco_markers_msgs -- -j8 -l8[0m
[8.981s] [34mcolcon.colcon_core.shell[0m [1;30mLevel 1[0m create_environment_hook('go1_description', 'pythonpath_develop')
[8.982s] [34mcolcon.colcon_core.shell[0m [1;30mINFO[0m Creating environment hook '/home/tknika/gral-iiriondo/unitree_ws/build/go1_description/share/go1_description/hook/pythonpath_develop.ps1'
[8.983s] [34mcolcon.colcon_core.shell[0m [1;30mINFO[0m Creating environment descriptor '/home/tknika/gral-iiriondo/unitree_ws/build/go1_description/share/go1_description/hook/pythonpath_develop.dsv'
[8.984s] [34mcolcon.colcon_core.shell[0m [1;30mINFO[0m Creating environment hook '/home/tknika/gral-iiriondo/unitree_ws/build/go1_description/share/go1_description/hook/pythonpath_develop.sh'
[8.988s] [34mcolcon.colcon_core.event_handler.log_command[0m [1;30mDEBUG[0m [32mInvoked command in '/home/tknika/gral-iiriondo/unitree_ws/build/go1_description' returned '0': PYTHONPATH=/home/tknika/gral-iiriondo/unitree_ws/build/go1_description/prefix_override:/usr/lib/python3/dist-packages/colcon_core/task/python/colcon_distutils_commands:/home/tknika/gral-iiriondo/unitree_ws/install/go1_description/lib/python3.10/site-packages:${PYTHONPATH} /usr/bin/python3 -W ignore:setup.py install is deprecated -W ignore:easy_install command is deprecated setup.py develop --editable --build-directory /home/tknika/gral-iiriondo/unitree_ws/build/go1_description/build --no-deps symlink_data[0m
[8.994s] [34mcolcon.colcon_core.environment[0m [1;30mLevel 1[0m checking '/home/tknika/gral-iiriondo/unitree_ws/install/go1_description' for CMake module files
[8.997s] [34mcolcon.colcon_core.environment[0m [1;30mLevel 1[0m checking '/home/tknika/gral-iiriondo/unitree_ws/install/go1_description' for CMake config files
[9.000s] [34mcolcon.colcon_core.environment[0m [1;30mLevel 1[0m checking '/home/tknika/gral-iiriondo/unitree_ws/install/go1_description/lib'
[9.006s] [34mcolcon.colcon_core.environment[0m [1;30mLevel 1[0m checking '/home/tknika/gral-iiriondo/unitree_ws/install/go1_description/bin'
[9.008s] [34mcolcon.colcon_core.environment[0m [1;30mLevel 1[0m checking '/home/tknika/gral-iiriondo/unitree_ws/install/go1_description/lib/pkgconfig/go1_description.pc'
[9.012s] [34mcolcon.colcon_core.environment[0m [1;30mLevel 1[0m checking '/home/tknika/gral-iiriondo/unitree_ws/install/go1_description/lib/python3.10/site-packages'
[9.015s] [34mcolcon.colcon_core.shell[0m [1;30mLevel 1[0m create_environment_hook('go1_description', 'pythonpath')
[9.019s] [34mcolcon.colcon_core.shell[0m [1;30mINFO[0m Creating environment hook '/home/tknika/gral-iiriondo/unitree_ws/install/go1_description/share/go1_description/hook/pythonpath.ps1'
[9.020s] [34mcolcon.colcon_core.shell[0m [1;30mINFO[0m Creating environment descriptor '/home/tknika/gral-iiriondo/unitree_ws/install/go1_description/share/go1_description/hook/pythonpath.dsv'
[9.022s] [34mcolcon.colcon_core.shell[0m [1;30mINFO[0m Creating environment hook '/home/tknika/gral-iiriondo/unitree_ws/install/go1_description/share/go1_description/hook/pythonpath.sh'
[9.033s] [34mcolcon.colcon_core.environment[0m [1;30mLevel 1[0m checking '/home/tknika/gral-iiriondo/unitree_ws/install/go1_description/bin'
[9.034s] [34mcolcon.colcon_core.environment[0m [1;30mLevel 1[0m create_environment_scripts_only(go1_description)
[9.037s] [34mcolcon.colcon_core.shell[0m [1;30mINFO[0m Creating package script '/home/tknika/gral-iiriondo/unitree_ws/install/go1_description/share/go1_description/package.ps1'
[9.048s] [34mcolcon.colcon_core.shell[0m [1;30mINFO[0m Creating package descriptor '/home/tknika/gral-iiriondo/unitree_ws/install/go1_description/share/go1_description/package.dsv'
[9.051s] [34mcolcon.colcon_core.shell[0m [1;30mINFO[0m Creating package script '/home/tknika/gral-iiriondo/unitree_ws/install/go1_description/share/go1_description/package.sh'
[9.062s] [34mcolcon.colcon_core.shell[0m [1;30mINFO[0m Creating package script '/home/tknika/gral-iiriondo/unitree_ws/install/go1_description/share/go1_description/package.bash'
[9.070s] [34mcolcon.colcon_core.shell[0m [1;30mINFO[0m Creating package script '/home/tknika/gral-iiriondo/unitree_ws/install/go1_description/share/go1_description/package.zsh'
[9.122s] [34mcolcon.colcon_core.environment[0m [1;30mLevel 1[0m create_file_with_runtime_dependencies(/home/tknika/gral-iiriondo/unitree_ws/install/go1_description/share/colcon-core/packages/go1_description)
[9.458s] [34mcolcon.colcon_core.shell[0m [1;30mLevel 1[0m create_environment_hook('mapping_configuration', 'pythonpath_develop')
[9.459s] [34mcolcon.colcon_core.shell[0m [1;30mINFO[0m Creating environment hook '/home/tknika/gral-iiriondo/unitree_ws/build/mapping_configuration/share/mapping_configuration/hook/pythonpath_develop.ps1'
[9.461s] [34mcolcon.colcon_core.shell[0m [1;30mINFO[0m Creating environment descriptor '/home/tknika/gral-iiriondo/unitree_ws/build/mapping_configuration/share/mapping_configuration/hook/pythonpath_develop.dsv'
[9.462s] [34mcolcon.colcon_core.shell[0m [1;30mINFO[0m Creating environment hook '/home/tknika/gral-iiriondo/unitree_ws/build/mapping_configuration/share/mapping_configuration/hook/pythonpath_develop.sh'
[9.463s] [34mcolcon.colcon_core.environment[0m [1;30mLevel 1[0m checking '/home/tknika/gral-iiriondo/unitree_ws/install/mapping_configuration' for CMake module files
[9.464s] [34mcolcon.colcon_core.event_handler.log_command[0m [1;30mDEBUG[0m [32mInvoked command in '/home/tknika/gral-iiriondo/unitree_ws/build/mapping_configuration' returned '0': PYTHONPATH=/home/tknika/gral-iiriondo/unitree_ws/build/mapping_configuration/prefix_override:/usr/lib/python3/dist-packages/colcon_core/task/python/colcon_distutils_commands:/home/tknika/gral-iiriondo/unitree_ws/install/mapping_configuration/lib/python3.10/site-packages:${PYTHONPATH} /usr/bin/python3 -W ignore:setup.py install is deprecated -W ignore:easy_install command is deprecated setup.py develop --editable --build-directory /home/tknika/gral-iiriondo/unitree_ws/build/mapping_configuration/build --no-deps symlink_data[0m
[9.465s] [34mcolcon.colcon_core.environment[0m [1;30mLevel 1[0m checking '/home/tknika/gral-iiriondo/unitree_ws/install/mapping_configuration' for CMake config files
[9.466s] [34mcolcon.colcon_core.environment[0m [1;30mLevel 1[0m checking '/home/tknika/gral-iiriondo/unitree_ws/install/mapping_configuration/lib'
[9.466s] [34mcolcon.colcon_core.environment[0m [1;30mLevel 1[0m checking '/home/tknika/gral-iiriondo/unitree_ws/install/mapping_configuration/bin'
[9.466s] [34mcolcon.colcon_core.environment[0m [1;30mLevel 1[0m checking '/home/tknika/gral-iiriondo/unitree_ws/install/mapping_configuration/lib/pkgconfig/mapping_configuration.pc'
[9.467s] [34mcolcon.colcon_core.environment[0m [1;30mLevel 1[0m checking '/home/tknika/gral-iiriondo/unitree_ws/install/mapping_configuration/lib/python3.10/site-packages'
[9.467s] [34mcolcon.colcon_core.shell[0m [1;30mLevel 1[0m create_environment_hook('mapping_configuration', 'pythonpath')
[9.467s] [34mcolcon.colcon_core.shell[0m [1;30mINFO[0m Creating environment hook '/home/tknika/gral-iiriondo/unitree_ws/install/mapping_configuration/share/mapping_configuration/hook/pythonpath.ps1'
[9.470s] [34mcolcon.colcon_core.shell[0m [1;30mINFO[0m Creating environment descriptor '/home/tknika/gral-iiriondo/unitree_ws/install/mapping_configuration/share/mapping_configuration/hook/pythonpath.dsv'
[9.470s] [34mcolcon.colcon_core.shell[0m [1;30mINFO[0m Creating environment hook '/home/tknika/gral-iiriondo/unitree_ws/install/mapping_configuration/share/mapping_configuration/hook/pythonpath.sh'
[9.472s] [34mcolcon.colcon_core.environment[0m [1;30mLevel 1[0m checking '/home/tknika/gral-iiriondo/unitree_ws/install/mapping_configuration/bin'
[9.472s] [34mcolcon.colcon_core.environment[0m [1;30mLevel 1[0m create_environment_scripts_only(mapping_configuration)
[9.473s] [34mcolcon.colcon_core.shell[0m [1;30mINFO[0m Creating package script '/home/tknika/gral-iiriondo/unitree_ws/install/mapping_configuration/share/mapping_configuration/package.ps1'
[9.475s] [34mcolcon.colcon_core.shell[0m [1;30mINFO[0m Creating package descriptor '/home/tknika/gral-iiriondo/unitree_ws/install/mapping_configuration/share/mapping_configuration/package.dsv'
[9.477s] [34mcolcon.colcon_core.shell[0m [1;30mINFO[0m Creating package script '/home/tknika/gral-iiriondo/unitree_ws/install/mapping_configuration/share/mapping_configuration/package.sh'
[9.478s] [34mcolcon.colcon_core.shell[0m [1;30mINFO[0m Creating package script '/home/tknika/gral-iiriondo/unitree_ws/install/mapping_configuration/share/mapping_configuration/package.bash'
[9.478s] [34mcolcon.colcon_core.shell[0m [1;30mINFO[0m Creating package script '/home/tknika/gral-iiriondo/unitree_ws/install/mapping_configuration/share/mapping_configuration/package.zsh'
[9.479s] [34mcolcon.colcon_core.environment[0m [1;30mLevel 1[0m create_file_with_runtime_dependencies(/home/tknika/gral-iiriondo/unitree_ws/install/mapping_configuration/share/colcon-core/packages/mapping_configuration)
[9.667s] [34mcolcon.colcon_core.shell[0m [1;30mLevel 1[0m create_environment_hook('asr', 'pythonpath_develop')
[9.668s] [34mcolcon.colcon_core.shell[0m [1;30mINFO[0m Creating environment hook '/home/tknika/gral-iiriondo/unitree_ws/build/asr/share/asr/hook/pythonpath_develop.ps1'
[9.669s] [34mcolcon.colcon_core.shell[0m [1;30mINFO[0m Creating environment descriptor '/home/tknika/gral-iiriondo/unitree_ws/build/asr/share/asr/hook/pythonpath_develop.dsv'
[9.670s] [34mcolcon.colcon_core.shell[0m [1;30mINFO[0m Creating environment hook '/home/tknika/gral-iiriondo/unitree_ws/build/asr/share/asr/hook/pythonpath_develop.sh'
[9.671s] [34mcolcon.colcon_core.environment[0m [1;30mLevel 1[0m checking '/home/tknika/gral-iiriondo/unitree_ws/install/asr' for CMake module files
[9.673s] [34mcolcon.colcon_core.event_handler.log_command[0m [1;30mDEBUG[0m [32mInvoked command in '/home/tknika/gral-iiriondo/unitree_ws/build/asr' returned '0': PYTHONPATH=/home/tknika/gral-iiriondo/unitree_ws/build/asr/prefix_override:/usr/lib/python3/dist-packages/colcon_core/task/python/colcon_distutils_commands:/home/tknika/gral-iiriondo/unitree_ws/install/asr/lib/python3.10/site-packages:${PYTHONPATH} /usr/bin/python3 -W ignore:setup.py install is deprecated -W ignore:easy_install command is deprecated setup.py develop --editable --build-directory /home/tknika/gral-iiriondo/unitree_ws/build/asr/build --no-deps symlink_data[0m
[9.673s] [34mcolcon.colcon_core.environment[0m [1;30mLevel 1[0m checking '/home/tknika/gral-iiriondo/unitree_ws/install/asr' for CMake config files
[9.674s] [34mcolcon.colcon_core.environment[0m [1;30mLevel 1[0m checking '/home/tknika/gral-iiriondo/unitree_ws/install/asr/lib'
[9.675s] [34mcolcon.colcon_core.environment[0m [1;30mLevel 1[0m checking '/home/tknika/gral-iiriondo/unitree_ws/install/asr/bin'
[9.675s] [34mcolcon.colcon_core.environment[0m [1;30mLevel 1[0m checking '/home/tknika/gral-iiriondo/unitree_ws/install/asr/lib/pkgconfig/asr.pc'
[9.675s] [34mcolcon.colcon_core.environment[0m [1;30mLevel 1[0m checking '/home/tknika/gral-iiriondo/unitree_ws/install/asr/lib/python3.10/site-packages'
[9.675s] [34mcolcon.colcon_core.shell[0m [1;30mLevel 1[0m create_environment_hook('asr', 'pythonpath')
[9.676s] [34mcolcon.colcon_core.shell[0m [1;30mINFO[0m Creating environment hook '/home/tknika/gral-iiriondo/unitree_ws/install/asr/share/asr/hook/pythonpath.ps1'
[9.677s] [34mcolcon.colcon_core.shell[0m [1;30mINFO[0m Creating environment descriptor '/home/tknika/gral-iiriondo/unitree_ws/install/asr/share/asr/hook/pythonpath.dsv'
[9.678s] [34mcolcon.colcon_core.shell[0m [1;30mINFO[0m Creating environment hook '/home/tknika/gral-iiriondo/unitree_ws/install/asr/share/asr/hook/pythonpath.sh'
[9.679s] [34mcolcon.colcon_core.environment[0m [1;30mLevel 1[0m checking '/home/tknika/gral-iiriondo/unitree_ws/install/asr/bin'
[9.679s] [34mcolcon.colcon_core.environment[0m [1;30mLevel 1[0m create_environment_scripts_only(asr)
[9.680s] [34mcolcon.colcon_core.shell[0m [1;30mINFO[0m Creating package script '/home/tknika/gral-iiriondo/unitree_ws/install/asr/share/asr/package.ps1'
[9.682s] [34mcolcon.colcon_core.shell[0m [1;30mINFO[0m Creating package descriptor '/home/tknika/gral-iiriondo/unitree_ws/install/asr/share/asr/package.dsv'
[9.683s] [34mcolcon.colcon_core.shell[0m [1;30mINFO[0m Creating package script '/home/tknika/gral-iiriondo/unitree_ws/install/asr/share/asr/package.sh'
[9.689s] [34mcolcon.colcon_core.shell[0m [1;30mINFO[0m Creating package script '/home/tknika/gral-iiriondo/unitree_ws/install/asr/share/asr/package.bash'
[9.690s] [34mcolcon.colcon_core.shell[0m [1;30mINFO[0m Creating package script '/home/tknika/gral-iiriondo/unitree_ws/install/asr/share/asr/package.zsh'
[9.691s] [34mcolcon.colcon_core.environment[0m [1;30mLevel 1[0m create_file_with_runtime_dependencies(/home/tknika/gral-iiriondo/unitree_ws/install/asr/share/colcon-core/packages/asr)
[9.995s] [34mcolcon.colcon_core.shell[0m [1;30mLevel 1[0m create_environment_hook('standing_mode', 'pythonpath_develop')
[9.995s] [34mcolcon.colcon_core.shell[0m [1;30mINFO[0m Creating environment hook '/home/tknika/gral-iiriondo/unitree_ws/build/standing_mode/share/standing_mode/hook/pythonpath_develop.ps1'
[9.998s] [34mcolcon.colcon_core.shell[0m [1;30mINFO[0m Creating environment descriptor '/home/tknika/gral-iiriondo/unitree_ws/build/standing_mode/share/standing_mode/hook/pythonpath_develop.dsv'
[9.999s] [34mcolcon.colcon_core.shell[0m [1;30mINFO[0m Creating environment hook '/home/tknika/gral-iiriondo/unitree_ws/build/standing_mode/share/standing_mode/hook/pythonpath_develop.sh'
[10.000s] [34mcolcon.colcon_core.environment[0m [1;30mLevel 1[0m checking '/home/tknika/gral-iiriondo/unitree_ws/install/standing_mode' for CMake module files
[9.996s] [34mcolcon.colcon_core.event_handler.log_command[0m [1;30mDEBUG[0m [32mInvoked command in '/home/tknika/gral-iiriondo/unitree_ws/build/standing_mode' returned '0': PYTHONPATH=/home/tknika/gral-iiriondo/unitree_ws/build/standing_mode/prefix_override:/usr/lib/python3/dist-packages/colcon_core/task/python/colcon_distutils_commands:/home/tknika/gral-iiriondo/unitree_ws/install/standing_mode/lib/python3.10/site-packages:${PYTHONPATH} /usr/bin/python3 -W ignore:setup.py install is deprecated -W ignore:easy_install command is deprecated setup.py develop --editable --build-directory /home/tknika/gral-iiriondo/unitree_ws/build/standing_mode/build --no-deps symlink_data[0m
[10.001s] [34mcolcon.colcon_core.environment[0m [1;30mLevel 1[0m checking '/home/tknika/gral-iiriondo/unitree_ws/install/standing_mode' for CMake config files
[10.003s] [34mcolcon.colcon_core.environment[0m [1;30mLevel 1[0m checking '/home/tknika/gral-iiriondo/unitree_ws/install/standing_mode/lib'
[10.004s] [34mcolcon.colcon_core.environment[0m [1;30mLevel 1[0m checking '/home/tknika/gral-iiriondo/unitree_ws/install/standing_mode/bin'
[10.004s] [34mcolcon.colcon_core.environment[0m [1;30mLevel 1[0m checking '/home/tknika/gral-iiriondo/unitree_ws/install/standing_mode/lib/pkgconfig/standing_mode.pc'
[10.006s] [34mcolcon.colcon_core.environment[0m [1;30mLevel 1[0m checking '/home/tknika/gral-iiriondo/unitree_ws/install/standing_mode/lib/python3.10/site-packages'
[10.006s] [34mcolcon.colcon_core.shell[0m [1;30mLevel 1[0m create_environment_hook('standing_mode', 'pythonpath')
[10.006s] [34mcolcon.colcon_core.shell[0m [1;30mINFO[0m Creating environment hook '/home/tknika/gral-iiriondo/unitree_ws/install/standing_mode/share/standing_mode/hook/pythonpath.ps1'
[10.008s] [34mcolcon.colcon_core.shell[0m [1;30mINFO[0m Creating environment descriptor '/home/tknika/gral-iiriondo/unitree_ws/install/standing_mode/share/standing_mode/hook/pythonpath.dsv'
[10.008s] [34mcolcon.colcon_core.shell[0m [1;30mINFO[0m Creating environment hook '/home/tknika/gral-iiriondo/unitree_ws/install/standing_mode/share/standing_mode/hook/pythonpath.sh'
[10.013s] [34mcolcon.colcon_core.environment[0m [1;30mLevel 1[0m checking '/home/tknika/gral-iiriondo/unitree_ws/install/standing_mode/bin'
[10.013s] [34mcolcon.colcon_core.environment[0m [1;30mLevel 1[0m create_environment_scripts_only(standing_mode)
[10.014s] [34mcolcon.colcon_core.shell[0m [1;30mINFO[0m Creating package script '/home/tknika/gral-iiriondo/unitree_ws/install/standing_mode/share/standing_mode/package.ps1'
[10.019s] [34mcolcon.colcon_core.shell[0m [1;30mINFO[0m Creating package descriptor '/home/tknika/gral-iiriondo/unitree_ws/install/standing_mode/share/standing_mode/package.dsv'
[10.021s] [34mcolcon.colcon_core.shell[0m [1;30mINFO[0m Creating package script '/home/tknika/gral-iiriondo/unitree_ws/install/standing_mode/share/standing_mode/package.sh'
[10.032s] [34mcolcon.colcon_core.shell[0m [1;30mINFO[0m Creating package script '/home/tknika/gral-iiriondo/unitree_ws/install/standing_mode/share/standing_mode/package.bash'
[10.034s] [34mcolcon.colcon_core.shell[0m [1;30mINFO[0m Creating package script '/home/tknika/gral-iiriondo/unitree_ws/install/standing_mode/share/standing_mode/package.zsh'
[10.035s] [34mcolcon.colcon_core.environment[0m [1;30mLevel 1[0m create_file_with_runtime_dependencies(/home/tknika/gral-iiriondo/unitree_ws/install/standing_mode/share/colcon-core/packages/standing_mode)
[18.990s] [34mcolcon.colcon_core.event_handler.log_command[0m [1;30mDEBUG[0m [32mInvoked command in '/home/tknika/gral-iiriondo/unitree_ws/build/object_recognition_interfaces' returned '0': CMAKE_PREFIX_PATH=${CMAKE_PREFIX_PATH}:/home/tknika/gral-iiriondo/unitree_ws/install/standing_mode:/home/tknika/gral-iiriondo/unitree_ws/install/speech_to_goal:/home/tknika/gral-iiriondo/unitree_ws/install/slam_analysis:/home/tknika/gral-iiriondo/unitree_ws/install/object_recognition:/home/tknika/gral-iiriondo/unitree_ws/install/mapping_configuration:/home/tknika/gral-iiriondo/unitree_ws/install/go1_description:/home/tknika/gral-iiriondo/unitree_ws/install/asr:/home/tknika/gral-iiriondo/unitree_ws/install/aruco_detector:/opt/ros/humble /usr/bin/cmake --build /home/tknika/gral-iiriondo/unitree_ws/build/object_recognition_interfaces -- -j8 -l8[0m
[19.023s] [34mcolcon.colcon_core.event_handler.log_command[0m [1;30mDEBUG[0m [32mInvoking command in '/home/tknika/gral-iiriondo/unitree_ws/build/object_recognition_interfaces': CMAKE_PREFIX_PATH=${CMAKE_PREFIX_PATH}:/home/tknika/gral-iiriondo/unitree_ws/install/standing_mode:/home/tknika/gral-iiriondo/unitree_ws/install/speech_to_goal:/home/tknika/gral-iiriondo/unitree_ws/install/slam_analysis:/home/tknika/gral-iiriondo/unitree_ws/install/object_recognition:/home/tknika/gral-iiriondo/unitree_ws/install/mapping_configuration:/home/tknika/gral-iiriondo/unitree_ws/install/go1_description:/home/tknika/gral-iiriondo/unitree_ws/install/asr:/home/tknika/gral-iiriondo/unitree_ws/install/aruco_detector:/opt/ros/humble /usr/bin/cmake --install /home/tknika/gral-iiriondo/unitree_ws/build/object_recognition_interfaces[0m
[19.180s] [34mcolcon.colcon_core.event_handler.log_command[0m [1;30mDEBUG[0m [32mInvoked command in '/home/tknika/gral-iiriondo/unitree_ws/build/aruco_markers_msgs' returned '0': CMAKE_PREFIX_PATH=${CMAKE_PREFIX_PATH}:/home/tknika/gral-iiriondo/unitree_ws/install/standing_mode:/home/tknika/gral-iiriondo/unitree_ws/install/speech_to_goal:/home/tknika/gral-iiriondo/unitree_ws/install/slam_analysis:/home/tknika/gral-iiriondo/unitree_ws/install/object_recognition:/home/tknika/gral-iiriondo/unitree_ws/install/mapping_configuration:/home/tknika/gral-iiriondo/unitree_ws/install/go1_description:/home/tknika/gral-iiriondo/unitree_ws/install/asr:/home/tknika/gral-iiriondo/unitree_ws/install/aruco_detector:/opt/ros/humble /usr/bin/cmake --build /home/tknika/gral-iiriondo/unitree_ws/build/aruco_markers_msgs -- -j8 -l8[0m
[19.183s] [34mcolcon.colcon_core.event_handler.log_command[0m [1;30mDEBUG[0m [32mInvoking command in '/home/tknika/gral-iiriondo/unitree_ws/build/aruco_markers_msgs': CMAKE_PREFIX_PATH=${CMAKE_PREFIX_PATH}:/home/tknika/gral-iiriondo/unitree_ws/install/standing_mode:/home/tknika/gral-iiriondo/unitree_ws/install/speech_to_goal:/home/tknika/gral-iiriondo/unitree_ws/install/slam_analysis:/home/tknika/gral-iiriondo/unitree_ws/install/object_recognition:/home/tknika/gral-iiriondo/unitree_ws/install/mapping_configuration:/home/tknika/gral-iiriondo/unitree_ws/install/go1_description:/home/tknika/gral-iiriondo/unitree_ws/install/asr:/home/tknika/gral-iiriondo/unitree_ws/install/aruco_detector:/opt/ros/humble /usr/bin/cmake --install /home/tknika/gral-iiriondo/unitree_ws/build/aruco_markers_msgs[0m
[19.905s] [34mcolcon.colcon_core.event_handler.log_command[0m [1;30mDEBUG[0m [32mInvoked command in '/home/tknika/gral-iiriondo/unitree_ws/build/speech_to_goal_interfaces' returned '0': CMAKE_PREFIX_PATH=${CMAKE_PREFIX_PATH}:/home/tknika/gral-iiriondo/unitree_ws/install/standing_mode:/home/tknika/gral-iiriondo/unitree_ws/install/speech_to_goal:/home/tknika/gral-iiriondo/unitree_ws/install/slam_analysis:/home/tknika/gral-iiriondo/unitree_ws/install/object_recognition:/home/tknika/gral-iiriondo/unitree_ws/install/mapping_configuration:/home/tknika/gral-iiriondo/unitree_ws/install/go1_description:/home/tknika/gral-iiriondo/unitree_ws/install/asr:/home/tknika/gral-iiriondo/unitree_ws/install/aruco_detector:/opt/ros/humble /usr/bin/cmake --build /home/tknika/gral-iiriondo/unitree_ws/build/speech_to_goal_interfaces -- -j8 -l8[0m
[19.911s] [34mcolcon.colcon_core.event_handler.log_command[0m [1;30mDEBUG[0m [32mInvoking command in '/home/tknika/gral-iiriondo/unitree_ws/build/speech_to_goal_interfaces': CMAKE_PREFIX_PATH=${CMAKE_PREFIX_PATH}:/home/tknika/gral-iiriondo/unitree_ws/install/standing_mode:/home/tknika/gral-iiriondo/unitree_ws/install/speech_to_goal:/home/tknika/gral-iiriondo/unitree_ws/install/slam_analysis:/home/tknika/gral-iiriondo/unitree_ws/install/object_recognition:/home/tknika/gral-iiriondo/unitree_ws/install/mapping_configuration:/home/tknika/gral-iiriondo/unitree_ws/install/go1_description:/home/tknika/gral-iiriondo/unitree_ws/install/asr:/home/tknika/gral-iiriondo/unitree_ws/install/aruco_detector:/opt/ros/humble /usr/bin/cmake --install /home/tknika/gral-iiriondo/unitree_ws/build/speech_to_goal_interfaces[0m
[20.911s] [34mcolcon.colcon_core.environment[0m [1;30mLevel 1[0m create_environment_scripts_only(object_recognition_interfaces)
[20.912s] [34mcolcon.colcon_core.environment[0m [1;30mLevel 1[0m checking '/home/tknika/gral-iiriondo/unitree_ws/install/object_recognition_interfaces' for CMake module files
[20.913s] [34mcolcon.colcon_core.event_handler.log_command[0m [1;30mDEBUG[0m [32mInvoked command in '/home/tknika/gral-iiriondo/unitree_ws/build/object_recognition_interfaces' returned '0': CMAKE_PREFIX_PATH=${CMAKE_PREFIX_PATH}:/home/tknika/gral-iiriondo/unitree_ws/install/standing_mode:/home/tknika/gral-iiriondo/unitree_ws/install/speech_to_goal:/home/tknika/gral-iiriondo/unitree_ws/install/slam_analysis:/home/tknika/gral-iiriondo/unitree_ws/install/object_recognition:/home/tknika/gral-iiriondo/unitree_ws/install/mapping_configuration:/home/tknika/gral-iiriondo/unitree_ws/install/go1_description:/home/tknika/gral-iiriondo/unitree_ws/install/asr:/home/tknika/gral-iiriondo/unitree_ws/install/aruco_detector:/opt/ros/humble /usr/bin/cmake --install /home/tknika/gral-iiriondo/unitree_ws/build/object_recognition_interfaces[0m
[20.914s] [34mcolcon.colcon_core.environment[0m [1;30mLevel 1[0m checking '/home/tknika/gral-iiriondo/unitree_ws/install/object_recognition_interfaces' for CMake config files
[20.917s] [34mcolcon.colcon_core.shell[0m [1;30mLevel 1[0m create_environment_hook('object_recognition_interfaces', 'cmake_prefix_path')
[20.918s] [34mcolcon.colcon_core.shell[0m [1;30mINFO[0m Creating environment hook '/home/tknika/gral-iiriondo/unitree_ws/install/object_recognition_interfaces/share/object_recognition_interfaces/hook/cmake_prefix_path.ps1'
[20.919s] [34mcolcon.colcon_core.shell[0m [1;30mINFO[0m Creating environment descriptor '/home/tknika/gral-iiriondo/unitree_ws/install/object_recognition_interfaces/share/object_recognition_interfaces/hook/cmake_prefix_path.dsv'
[20.921s] [34mcolcon.colcon_core.shell[0m [1;30mINFO[0m Creating environment hook '/home/tknika/gral-iiriondo/unitree_ws/install/object_recognition_interfaces/share/object_recognition_interfaces/hook/cmake_prefix_path.sh'
[20.923s] [34mcolcon.colcon_core.environment[0m [1;30mLevel 1[0m checking '/home/tknika/gral-iiriondo/unitree_ws/install/object_recognition_interfaces/lib'
[20.923s] [34mcolcon.colcon_core.shell[0m [1;30mLevel 1[0m create_environment_hook('object_recognition_interfaces', 'ld_library_path_lib')
[20.924s] [34mcolcon.colcon_core.shell[0m [1;30mINFO[0m Creating environment hook '/home/tknika/gral-iiriondo/unitree_ws/install/object_recognition_interfaces/share/object_recognition_interfaces/hook/ld_library_path_lib.ps1'
[20.925s] [34mcolcon.colcon_core.shell[0m [1;30mINFO[0m Creating environment descriptor '/home/tknika/gral-iiriondo/unitree_ws/install/object_recognition_interfaces/share/object_recognition_interfaces/hook/ld_library_path_lib.dsv'
[20.926s] [34mcolcon.colcon_core.shell[0m [1;30mINFO[0m Creating environment hook '/home/tknika/gral-iiriondo/unitree_ws/install/object_recognition_interfaces/share/object_recognition_interfaces/hook/ld_library_path_lib.sh'
[20.927s] [34mcolcon.colcon_core.environment[0m [1;30mLevel 1[0m checking '/home/tknika/gral-iiriondo/unitree_ws/install/object_recognition_interfaces/bin'
[20.927s] [34mcolcon.colcon_core.environment[0m [1;30mLevel 1[0m checking '/home/tknika/gral-iiriondo/unitree_ws/install/object_recognition_interfaces/lib/pkgconfig/object_recognition_interfaces.pc'
[20.928s] [34mcolcon.colcon_core.environment[0m [1;30mLevel 1[0m checking '/home/tknika/gral-iiriondo/unitree_ws/install/object_recognition_interfaces/lib/python3.10/site-packages'
[20.929s] [34mcolcon.colcon_core.environment[0m [1;30mLevel 1[0m checking '/home/tknika/gral-iiriondo/unitree_ws/install/object_recognition_interfaces/bin'
[20.930s] [34mcolcon.colcon_core.shell[0m [1;30mINFO[0m Creating package script '/home/tknika/gral-iiriondo/unitree_ws/install/object_recognition_interfaces/share/object_recognition_interfaces/package.ps1'
[20.932s] [34mcolcon.colcon_core.shell[0m [1;30mINFO[0m Creating package descriptor '/home/tknika/gral-iiriondo/unitree_ws/install/object_recognition_interfaces/share/object_recognition_interfaces/package.dsv'
[20.933s] [34mcolcon.colcon_core.shell[0m [1;30mINFO[0m Creating package script '/home/tknika/gral-iiriondo/unitree_ws/install/object_recognition_interfaces/share/object_recognition_interfaces/package.sh'
[20.934s] [34mcolcon.colcon_core.shell[0m [1;30mINFO[0m Creating package script '/home/tknika/gral-iiriondo/unitree_ws/install/object_recognition_interfaces/share/object_recognition_interfaces/package.bash'
[20.935s] [34mcolcon.colcon_core.shell[0m [1;30mINFO[0m Creating package script '/home/tknika/gral-iiriondo/unitree_ws/install/object_recognition_interfaces/share/object_recognition_interfaces/package.zsh'
[20.936s] [34mcolcon.colcon_core.environment[0m [1;30mLevel 1[0m create_file_with_runtime_dependencies(/home/tknika/gral-iiriondo/unitree_ws/install/object_recognition_interfaces/share/colcon-core/packages/object_recognition_interfaces)
[20.937s] [34mcolcon.colcon_core.environment[0m [1;30mLevel 1[0m create_environment_scripts_only(object_recognition_interfaces)
[20.938s] [34mcolcon.colcon_core.environment[0m [1;30mLevel 1[0m checking '/home/tknika/gral-iiriondo/unitree_ws/install/object_recognition_interfaces' for CMake module files
[20.939s] [34mcolcon.colcon_core.environment[0m [1;30mLevel 1[0m checking '/home/tknika/gral-iiriondo/unitree_ws/install/object_recognition_interfaces' for CMake config files
[20.941s] [34mcolcon.colcon_core.shell[0m [1;30mLevel 1[0m create_environment_hook('object_recognition_interfaces', 'cmake_prefix_path')
[20.941s] [34mcolcon.colcon_core.shell[0m [1;30mINFO[0m Creating environment hook '/home/tknika/gral-iiriondo/unitree_ws/install/object_recognition_interfaces/share/object_recognition_interfaces/hook/cmake_prefix_path.ps1'
[20.943s] [34mcolcon.colcon_core.shell[0m [1;30mINFO[0m Creating environment descriptor '/home/tknika/gral-iiriondo/unitree_ws/install/object_recognition_interfaces/share/object_recognition_interfaces/hook/cmake_prefix_path.dsv'
[20.944s] [34mcolcon.colcon_core.shell[0m [1;30mINFO[0m Creating environment hook '/home/tknika/gral-iiriondo/unitree_ws/install/object_recognition_interfaces/share/object_recognition_interfaces/hook/cmake_prefix_path.sh'
[20.945s] [34mcolcon.colcon_core.environment[0m [1;30mLevel 1[0m checking '/home/tknika/gral-iiriondo/unitree_ws/install/object_recognition_interfaces/lib'
[20.946s] [34mcolcon.colcon_core.shell[0m [1;30mLevel 1[0m create_environment_hook('object_recognition_interfaces', 'ld_library_path_lib')
[20.946s] [34mcolcon.colcon_core.shell[0m [1;30mINFO[0m Creating environment hook '/home/tknika/gral-iiriondo/unitree_ws/install/object_recognition_interfaces/share/object_recognition_interfaces/hook/ld_library_path_lib.ps1'
[20.947s] [34mcolcon.colcon_core.shell[0m [1;30mINFO[0m Creating environment descriptor '/home/tknika/gral-iiriondo/unitree_ws/install/object_recognition_interfaces/share/object_recognition_interfaces/hook/ld_library_path_lib.dsv'
[20.949s] [34mcolcon.colcon_core.shell[0m [1;30mINFO[0m Creating environment hook '/home/tknika/gral-iiriondo/unitree_ws/install/object_recognition_interfaces/share/object_recognition_interfaces/hook/ld_library_path_lib.sh'
[20.950s] [34mcolcon.colcon_core.environment[0m [1;30mLevel 1[0m checking '/home/tknika/gral-iiriondo/unitree_ws/install/object_recognition_interfaces/bin'
[20.950s] [34mcolcon.colcon_core.environment[0m [1;30mLevel 1[0m checking '/home/tknika/gral-iiriondo/unitree_ws/install/object_recognition_interfaces/lib/pkgconfig/object_recognition_interfaces.pc'
[20.951s] [34mcolcon.colcon_core.environment[0m [1;30mLevel 1[0m checking '/home/tknika/gral-iiriondo/unitree_ws/install/object_recognition_interfaces/lib/python3.10/site-packages'
[20.951s] [34mcolcon.colcon_core.environment[0m [1;30mLevel 1[0m checking '/home/tknika/gral-iiriondo/unitree_ws/install/object_recognition_interfaces/bin'
[20.952s] [34mcolcon.colcon_core.shell[0m [1;30mINFO[0m Creating package script '/home/tknika/gral-iiriondo/unitree_ws/install/object_recognition_interfaces/share/object_recognition_interfaces/package.ps1'
[20.954s] [34mcolcon.colcon_core.shell[0m [1;30mINFO[0m Creating package descriptor '/home/tknika/gral-iiriondo/unitree_ws/install/object_recognition_interfaces/share/object_recognition_interfaces/package.dsv'
[20.956s] [34mcolcon.colcon_core.shell[0m [1;30mINFO[0m Creating package script '/home/tknika/gral-iiriondo/unitree_ws/install/object_recognition_interfaces/share/object_recognition_interfaces/package.sh'
[20.957s] [34mcolcon.colcon_core.shell[0m [1;30mINFO[0m Creating package script '/home/tknika/gral-iiriondo/unitree_ws/install/object_recognition_interfaces/share/object_recognition_interfaces/package.bash'
[20.959s] [34mcolcon.colcon_core.shell[0m [1;30mINFO[0m Creating package script '/home/tknika/gral-iiriondo/unitree_ws/install/object_recognition_interfaces/share/object_recognition_interfaces/package.zsh'
[20.960s] [34mcolcon.colcon_core.environment[0m [1;30mLevel 1[0m create_file_with_runtime_dependencies(/home/tknika/gral-iiriondo/unitree_ws/install/object_recognition_interfaces/share/colcon-core/packages/object_recognition_interfaces)
[20.964s] [34mcolcon.colcon_ros.task.ament_python.build[0m [1;30mINFO[0m Building ROS package in '/home/tknika/gral-iiriondo/unitree_ws/src/object_recognition' with build type 'ament_python'
[20.964s] [34mcolcon.colcon_core.shell[0m [1;30mLevel 1[0m create_environment_hook('object_recognition', 'ament_prefix_path')
[20.965s] [34mcolcon.colcon_core.shell[0m [1;30mINFO[0m Creating environment hook '/home/tknika/gral-iiriondo/unitree_ws/install/object_recognition/share/object_recognition/hook/ament_prefix_path.ps1'
[20.967s] [34mcolcon.colcon_core.shell[0m [1;30mINFO[0m Creating environment descriptor '/home/tknika/gral-iiriondo/unitree_ws/install/object_recognition/share/object_recognition/hook/ament_prefix_path.dsv'
[20.968s] [34mcolcon.colcon_core.shell[0m [1;30mINFO[0m Creating environment hook '/home/tknika/gral-iiriondo/unitree_ws/install/object_recognition/share/object_recognition/hook/ament_prefix_path.sh'
[20.970s] [34mcolcon.colcon_core.shell[0m [1;30mINFO[0m Skip shell extension 'powershell' for command environment: Not usable outside of PowerShell
[20.970s] [34mcolcon.colcon_core.shell[0m [1;30mDEBUG[0m [32mSkip shell extension 'dsv' for command environment[0m
[20.987s] [34mcolcon.colcon_core.environment[0m [1;30mLevel 1[0m create_environment_scripts_only(aruco_markers_msgs)
[20.988s] [34mcolcon.colcon_core.environment[0m [1;30mLevel 1[0m checking '/home/tknika/gral-iiriondo/unitree_ws/install/aruco_markers_msgs' for CMake module files
[20.993s] [34mcolcon.colcon_core.event_handler.log_command[0m [1;30mDEBUG[0m [32mInvoked command in '/home/tknika/gral-iiriondo/unitree_ws/build/aruco_markers_msgs' returned '0': CMAKE_PREFIX_PATH=${CMAKE_PREFIX_PATH}:/home/tknika/gral-iiriondo/unitree_ws/install/standing_mode:/home/tknika/gral-iiriondo/unitree_ws/install/speech_to_goal:/home/tknika/gral-iiriondo/unitree_ws/install/slam_analysis:/home/tknika/gral-iiriondo/unitree_ws/install/object_recognition:/home/tknika/gral-iiriondo/unitree_ws/install/mapping_configuration:/home/tknika/gral-iiriondo/unitree_ws/install/go1_description:/home/tknika/gral-iiriondo/unitree_ws/install/asr:/home/tknika/gral-iiriondo/unitree_ws/install/aruco_detector:/opt/ros/humble /usr/bin/cmake --install /home/tknika/gral-iiriondo/unitree_ws/build/aruco_markers_msgs[0m
[20.998s] [34mcolcon.colcon_core.environment[0m [1;30mLevel 1[0m checking '/home/tknika/gral-iiriondo/unitree_ws/install/aruco_markers_msgs' for CMake config files
[20.999s] [34mcolcon.colcon_core.shell[0m [1;30mLevel 1[0m create_environment_hook('aruco_markers_msgs', 'cmake_prefix_path')
[21.000s] [34mcolcon.colcon_core.shell[0m [1;30mINFO[0m Creating environment hook '/home/tknika/gral-iiriondo/unitree_ws/install/aruco_markers_msgs/share/aruco_markers_msgs/hook/cmake_prefix_path.ps1'
[21.001s] [34mcolcon.colcon_core.shell[0m [1;30mINFO[0m Creating environment descriptor '/home/tknika/gral-iiriondo/unitree_ws/install/aruco_markers_msgs/share/aruco_markers_msgs/hook/cmake_prefix_path.dsv'
[21.002s] [34mcolcon.colcon_core.shell[0m [1;30mINFO[0m Creating environment hook '/home/tknika/gral-iiriondo/unitree_ws/install/aruco_markers_msgs/share/aruco_markers_msgs/hook/cmake_prefix_path.sh'
[21.003s] [34mcolcon.colcon_core.environment[0m [1;30mLevel 1[0m checking '/home/tknika/gral-iiriondo/unitree_ws/install/aruco_markers_msgs/lib'
[21.003s] [34mcolcon.colcon_core.shell[0m [1;30mLevel 1[0m create_environment_hook('aruco_markers_msgs', 'ld_library_path_lib')
[21.004s] [34mcolcon.colcon_core.shell[0m [1;30mINFO[0m Creating environment hook '/home/tknika/gral-iiriondo/unitree_ws/install/aruco_markers_msgs/share/aruco_markers_msgs/hook/ld_library_path_lib.ps1'
[21.005s] [34mcolcon.colcon_core.shell[0m [1;30mINFO[0m Creating environment descriptor '/home/tknika/gral-iiriondo/unitree_ws/install/aruco_markers_msgs/share/aruco_markers_msgs/hook/ld_library_path_lib.dsv'
[21.005s] [34mcolcon.colcon_core.shell[0m [1;30mINFO[0m Creating environment hook '/home/tknika/gral-iiriondo/unitree_ws/install/aruco_markers_msgs/share/aruco_markers_msgs/hook/ld_library_path_lib.sh'
[21.006s] [34mcolcon.colcon_core.environment[0m [1;30mLevel 1[0m checking '/home/tknika/gral-iiriondo/unitree_ws/install/aruco_markers_msgs/bin'
[21.006s] [34mcolcon.colcon_core.environment[0m [1;30mLevel 1[0m checking '/home/tknika/gral-iiriondo/unitree_ws/install/aruco_markers_msgs/lib/pkgconfig/aruco_markers_msgs.pc'
[21.007s] [34mcolcon.colcon_core.environment[0m [1;30mLevel 1[0m checking '/home/tknika/gral-iiriondo/unitree_ws/install/aruco_markers_msgs/lib/python3.10/site-packages'
[21.007s] [34mcolcon.colcon_core.environment[0m [1;30mLevel 1[0m checking '/home/tknika/gral-iiriondo/unitree_ws/install/aruco_markers_msgs/bin'
[21.009s] [34mcolcon.colcon_core.shell[0m [1;30mINFO[0m Creating package script '/home/tknika/gral-iiriondo/unitree_ws/install/aruco_markers_msgs/share/aruco_markers_msgs/package.ps1'
[21.010s] [34mcolcon.colcon_core.shell[0m [1;30mINFO[0m Creating package descriptor '/home/tknika/gral-iiriondo/unitree_ws/install/aruco_markers_msgs/share/aruco_markers_msgs/package.dsv'
[21.012s] [34mcolcon.colcon_core.shell[0m [1;30mINFO[0m Creating package script '/home/tknika/gral-iiriondo/unitree_ws/install/aruco_markers_msgs/share/aruco_markers_msgs/package.sh'
[21.013s] [34mcolcon.colcon_core.shell[0m [1;30mINFO[0m Creating package script '/home/tknika/gral-iiriondo/unitree_ws/install/aruco_markers_msgs/share/aruco_markers_msgs/package.bash'
[21.014s] [34mcolcon.colcon_core.shell[0m [1;30mINFO[0m Creating package script '/home/tknika/gral-iiriondo/unitree_ws/install/aruco_markers_msgs/share/aruco_markers_msgs/package.zsh'
[21.015s] [34mcolcon.colcon_core.environment[0m [1;30mLevel 1[0m create_file_with_runtime_dependencies(/home/tknika/gral-iiriondo/unitree_ws/install/aruco_markers_msgs/share/colcon-core/packages/aruco_markers_msgs)
[21.016s] [34mcolcon.colcon_core.environment[0m [1;30mLevel 1[0m create_environment_scripts_only(aruco_markers_msgs)
[21.017s] [34mcolcon.colcon_core.environment[0m [1;30mLevel 1[0m checking '/home/tknika/gral-iiriondo/unitree_ws/install/aruco_markers_msgs' for CMake module files
[21.019s] [34mcolcon.colcon_core.environment[0m [1;30mLevel 1[0m checking '/home/tknika/gral-iiriondo/unitree_ws/install/aruco_markers_msgs' for CMake config files
[21.020s] [34mcolcon.colcon_core.shell[0m [1;30mLevel 1[0m create_environment_hook('aruco_markers_msgs', 'cmake_prefix_path')
[21.020s] [34mcolcon.colcon_core.shell[0m [1;30mINFO[0m Creating environment hook '/home/tknika/gral-iiriondo/unitree_ws/install/aruco_markers_msgs/share/aruco_markers_msgs/hook/cmake_prefix_path.ps1'
[21.022s] [34mcolcon.colcon_core.shell[0m [1;30mINFO[0m Creating environment descriptor '/home/tknika/gral-iiriondo/unitree_ws/install/aruco_markers_msgs/share/aruco_markers_msgs/hook/cmake_prefix_path.dsv'
[21.023s] [34mcolcon.colcon_core.shell[0m [1;30mINFO[0m Creating environment hook '/home/tknika/gral-iiriondo/unitree_ws/install/aruco_markers_msgs/share/aruco_markers_msgs/hook/cmake_prefix_path.sh'
[21.024s] [34mcolcon.colcon_core.environment[0m [1;30mLevel 1[0m checking '/home/tknika/gral-iiriondo/unitree_ws/install/aruco_markers_msgs/lib'
[21.024s] [34mcolcon.colcon_core.shell[0m [1;30mLevel 1[0m create_environment_hook('aruco_markers_msgs', 'ld_library_path_lib')
[21.025s] [34mcolcon.colcon_core.shell[0m [1;30mINFO[0m Creating environment hook '/home/tknika/gral-iiriondo/unitree_ws/install/aruco_markers_msgs/share/aruco_markers_msgs/hook/ld_library_path_lib.ps1'
[21.027s] [34mcolcon.colcon_core.shell[0m [1;30mINFO[0m Creating environment descriptor '/home/tknika/gral-iiriondo/unitree_ws/install/aruco_markers_msgs/share/aruco_markers_msgs/hook/ld_library_path_lib.dsv'
[21.029s] [34mcolcon.colcon_core.shell[0m [1;30mINFO[0m Creating environment hook '/home/tknika/gral-iiriondo/unitree_ws/install/aruco_markers_msgs/share/aruco_markers_msgs/hook/ld_library_path_lib.sh'
[21.030s] [34mcolcon.colcon_core.environment[0m [1;30mLevel 1[0m checking '/home/tknika/gral-iiriondo/unitree_ws/install/aruco_markers_msgs/bin'
[21.030s] [34mcolcon.colcon_core.environment[0m [1;30mLevel 1[0m checking '/home/tknika/gral-iiriondo/unitree_ws/install/aruco_markers_msgs/lib/pkgconfig/aruco_markers_msgs.pc'
[21.031s] [34mcolcon.colcon_core.environment[0m [1;30mLevel 1[0m checking '/home/tknika/gral-iiriondo/unitree_ws/install/aruco_markers_msgs/lib/python3.10/site-packages'
[21.031s] [34mcolcon.colcon_core.environment[0m [1;30mLevel 1[0m checking '/home/tknika/gral-iiriondo/unitree_ws/install/aruco_markers_msgs/bin'
[21.032s] [34mcolcon.colcon_core.shell[0m [1;30mINFO[0m Creating package script '/home/tknika/gral-iiriondo/unitree_ws/install/aruco_markers_msgs/share/aruco_markers_msgs/package.ps1'
[21.034s] [34mcolcon.colcon_core.shell[0m [1;30mINFO[0m Creating package descriptor '/home/tknika/gral-iiriondo/unitree_ws/install/aruco_markers_msgs/share/aruco_markers_msgs/package.dsv'
[21.035s] [34mcolcon.colcon_core.shell[0m [1;30mINFO[0m Creating package script '/home/tknika/gral-iiriondo/unitree_ws/install/aruco_markers_msgs/share/aruco_markers_msgs/package.sh'
[21.036s] [34mcolcon.colcon_core.shell[0m [1;30mINFO[0m Creating package script '/home/tknika/gral-iiriondo/unitree_ws/install/aruco_markers_msgs/share/aruco_markers_msgs/package.bash'
[21.037s] [34mcolcon.colcon_core.shell[0m [1;30mINFO[0m Creating package script '/home/tknika/gral-iiriondo/unitree_ws/install/aruco_markers_msgs/share/aruco_markers_msgs/package.zsh'
[21.038s] [34mcolcon.colcon_core.environment[0m [1;30mLevel 1[0m create_file_with_runtime_dependencies(/home/tknika/gral-iiriondo/unitree_ws/install/aruco_markers_msgs/share/colcon-core/packages/aruco_markers_msgs)
[21.040s] [34mcolcon.colcon_ros.task.ament_python.build[0m [1;30mINFO[0m Building ROS package in '/home/tknika/gral-iiriondo/unitree_ws/src/aruco_detector' with build type 'ament_python'
[21.040s] [34mcolcon.colcon_core.shell[0m [1;30mLevel 1[0m create_environment_hook('aruco_detector', 'ament_prefix_path')
[21.041s] [34mcolcon.colcon_core.shell[0m [1;30mINFO[0m Creating environment hook '/home/tknika/gral-iiriondo/unitree_ws/install/aruco_detector/share/aruco_detector/hook/ament_prefix_path.ps1'
[21.044s] [34mcolcon.colcon_core.shell[0m [1;30mINFO[0m Creating environment descriptor '/home/tknika/gral-iiriondo/unitree_ws/install/aruco_detector/share/aruco_detector/hook/ament_prefix_path.dsv'
[21.046s] [34mcolcon.colcon_core.shell[0m [1;30mINFO[0m Creating environment hook '/home/tknika/gral-iiriondo/unitree_ws/install/aruco_detector/share/aruco_detector/hook/ament_prefix_path.sh'
[21.047s] [34mcolcon.colcon_core.shell[0m [1;30mINFO[0m Skip shell extension 'powershell' for command environment: Not usable outside of PowerShell
[21.047s] [34mcolcon.colcon_core.shell[0m [1;30mDEBUG[0m [32mSkip shell extension 'dsv' for command environment[0m
[21.905s] [34mcolcon.colcon_core.task.python.build[0m [1;30mINFO[0m Building Python package in '/home/tknika/gral-iiriondo/unitree_ws/src/object_recognition'
[21.906s] [34mcolcon.colcon_core.shell[0m [1;30mINFO[0m Skip shell extension 'powershell' for command environment: Not usable outside of PowerShell
[21.906s] [34mcolcon.colcon_core.shell[0m [1;30mDEBUG[0m [32mSkip shell extension 'dsv' for command environment[0m
[22.735s] [34mcolcon.colcon_core.task.python.build[0m [1;30mINFO[0m Building Python package in '/home/tknika/gral-iiriondo/unitree_ws/src/aruco_detector'
[22.737s] [34mcolcon.colcon_core.shell[0m [1;30mINFO[0m Skip shell extension 'powershell' for command environment: Not usable outside of PowerShell
[22.737s] [34mcolcon.colcon_core.shell[0m [1;30mDEBUG[0m [32mSkip shell extension 'dsv' for command environment[0m
[22.757s] [34mcolcon.colcon_core.environment[0m [1;30mLevel 1[0m create_environment_scripts_only(speech_to_goal_interfaces)
[22.758s] [34mcolcon.colcon_core.environment[0m [1;30mLevel 1[0m checking '/home/tknika/gral-iiriondo/unitree_ws/install/speech_to_goal_interfaces' for CMake module files
[22.759s] [34mcolcon.colcon_core.event_handler.log_command[0m [1;30mDEBUG[0m [32mInvoked command in '/home/tknika/gral-iiriondo/unitree_ws/build/speech_to_goal_interfaces' returned '0': CMAKE_PREFIX_PATH=${CMAKE_PREFIX_PATH}:/home/tknika/gral-iiriondo/unitree_ws/install/standing_mode:/home/tknika/gral-iiriondo/unitree_ws/install/speech_to_goal:/home/tknika/gral-iiriondo/unitree_ws/install/slam_analysis:/home/tknika/gral-iiriondo/unitree_ws/install/object_recognition:/home/tknika/gral-iiriondo/unitree_ws/install/mapping_configuration:/home/tknika/gral-iiriondo/unitree_ws/install/go1_description:/home/tknika/gral-iiriondo/unitree_ws/install/asr:/home/tknika/gral-iiriondo/unitree_ws/install/aruco_detector:/opt/ros/humble /usr/bin/cmake --install /home/tknika/gral-iiriondo/unitree_ws/build/speech_to_goal_interfaces[0m
[22.760s] [34mcolcon.colcon_core.environment[0m [1;30mLevel 1[0m checking '/home/tknika/gral-iiriondo/unitree_ws/install/speech_to_goal_interfaces' for CMake config files
[22.762s] [34mcolcon.colcon_core.shell[0m [1;30mLevel 1[0m create_environment_hook('speech_to_goal_interfaces', 'cmake_prefix_path')
[22.762s] [34mcolcon.colcon_core.shell[0m [1;30mINFO[0m Creating environment hook '/home/tknika/gral-iiriondo/unitree_ws/install/speech_to_goal_interfaces/share/speech_to_goal_interfaces/hook/cmake_prefix_path.ps1'
[22.764s] [34mcolcon.colcon_core.shell[0m [1;30mINFO[0m Creating environment descriptor '/home/tknika/gral-iiriondo/unitree_ws/install/speech_to_goal_interfaces/share/speech_to_goal_interfaces/hook/cmake_prefix_path.dsv'
[22.764s] [34mcolcon.colcon_core.shell[0m [1;30mINFO[0m Creating environment hook '/home/tknika/gral-iiriondo/unitree_ws/install/speech_to_goal_interfaces/share/speech_to_goal_interfaces/hook/cmake_prefix_path.sh'
[22.766s] [34mcolcon.colcon_core.environment[0m [1;30mLevel 1[0m checking '/home/tknika/gral-iiriondo/unitree_ws/install/speech_to_goal_interfaces/lib'
[22.766s] [34mcolcon.colcon_core.shell[0m [1;30mLevel 1[0m create_environment_hook('speech_to_goal_interfaces', 'ld_library_path_lib')
[22.766s] [34mcolcon.colcon_core.shell[0m [1;30mINFO[0m Creating environment hook '/home/tknika/gral-iiriondo/unitree_ws/install/speech_to_goal_interfaces/share/speech_to_goal_interfaces/hook/ld_library_path_lib.ps1'
[22.767s] [34mcolcon.colcon_core.shell[0m [1;30mINFO[0m Creating environment descriptor '/home/tknika/gral-iiriondo/unitree_ws/install/speech_to_goal_interfaces/share/speech_to_goal_interfaces/hook/ld_library_path_lib.dsv'
[22.768s] [34mcolcon.colcon_core.shell[0m [1;30mINFO[0m Creating environment hook '/home/tknika/gral-iiriondo/unitree_ws/install/speech_to_goal_interfaces/share/speech_to_goal_interfaces/hook/ld_library_path_lib.sh'
[22.768s] [34mcolcon.colcon_core.environment[0m [1;30mLevel 1[0m checking '/home/tknika/gral-iiriondo/unitree_ws/install/speech_to_goal_interfaces/bin'
[22.769s] [34mcolcon.colcon_core.environment[0m [1;30mLevel 1[0m checking '/home/tknika/gral-iiriondo/unitree_ws/install/speech_to_goal_interfaces/lib/pkgconfig/speech_to_goal_interfaces.pc'
[22.769s] [34mcolcon.colcon_core.environment[0m [1;30mLevel 1[0m checking '/home/tknika/gral-iiriondo/unitree_ws/install/speech_to_goal_interfaces/lib/python3.10/site-packages'
[22.770s] [34mcolcon.colcon_core.environment[0m [1;30mLevel 1[0m checking '/home/tknika/gral-iiriondo/unitree_ws/install/speech_to_goal_interfaces/bin'
[22.770s] [34mcolcon.colcon_core.shell[0m [1;30mINFO[0m Creating package script '/home/tknika/gral-iiriondo/unitree_ws/install/speech_to_goal_interfaces/share/speech_to_goal_interfaces/package.ps1'
[22.771s] [34mcolcon.colcon_core.shell[0m [1;30mINFO[0m Creating package descriptor '/home/tknika/gral-iiriondo/unitree_ws/install/speech_to_goal_interfaces/share/speech_to_goal_interfaces/package.dsv'
[22.772s] [34mcolcon.colcon_core.shell[0m [1;30mINFO[0m Creating package script '/home/tknika/gral-iiriondo/unitree_ws/install/speech_to_goal_interfaces/share/speech_to_goal_interfaces/package.sh'
[22.773s] [34mcolcon.colcon_core.shell[0m [1;30mINFO[0m Creating package script '/home/tknika/gral-iiriondo/unitree_ws/install/speech_to_goal_interfaces/share/speech_to_goal_interfaces/package.bash'
[22.774s] [34mcolcon.colcon_core.shell[0m [1;30mINFO[0m Creating package script '/home/tknika/gral-iiriondo/unitree_ws/install/speech_to_goal_interfaces/share/speech_to_goal_interfaces/package.zsh'
[22.774s] [34mcolcon.colcon_core.environment[0m [1;30mLevel 1[0m create_file_with_runtime_dependencies(/home/tknika/gral-iiriondo/unitree_ws/install/speech_to_goal_interfaces/share/colcon-core/packages/speech_to_goal_interfaces)
[22.776s] [34mcolcon.colcon_core.environment[0m [1;30mLevel 1[0m create_environment_scripts_only(speech_to_goal_interfaces)
[22.776s] [34mcolcon.colcon_core.environment[0m [1;30mLevel 1[0m checking '/home/tknika/gral-iiriondo/unitree_ws/install/speech_to_goal_interfaces' for CMake module files
[22.777s] [34mcolcon.colcon_core.environment[0m [1;30mLevel 1[0m checking '/home/tknika/gral-iiriondo/unitree_ws/install/speech_to_goal_interfaces' for CMake config files
[22.779s] [34mcolcon.colcon_core.shell[0m [1;30mLevel 1[0m create_environment_hook('speech_to_goal_interfaces', 'cmake_prefix_path')
[22.779s] [34mcolcon.colcon_core.shell[0m [1;30mINFO[0m Creating environment hook '/home/tknika/gral-iiriondo/unitree_ws/install/speech_to_goal_interfaces/share/speech_to_goal_interfaces/hook/cmake_prefix_path.ps1'
[22.780s] [34mcolcon.colcon_core.shell[0m [1;30mINFO[0m Creating environment descriptor '/home/tknika/gral-iiriondo/unitree_ws/install/speech_to_goal_interfaces/share/speech_to_goal_interfaces/hook/cmake_prefix_path.dsv'
[22.780s] [34mcolcon.colcon_core.shell[0m [1;30mINFO[0m Creating environment hook '/home/tknika/gral-iiriondo/unitree_ws/install/speech_to_goal_interfaces/share/speech_to_goal_interfaces/hook/cmake_prefix_path.sh'
[22.782s] [34mcolcon.colcon_core.environment[0m [1;30mLevel 1[0m checking '/home/tknika/gral-iiriondo/unitree_ws/install/speech_to_goal_interfaces/lib'
[22.782s] [34mcolcon.colcon_core.shell[0m [1;30mLevel 1[0m create_environment_hook('speech_to_goal_interfaces', 'ld_library_path_lib')
[22.782s] [34mcolcon.colcon_core.shell[0m [1;30mINFO[0m Creating environment hook '/home/tknika/gral-iiriondo/unitree_ws/install/speech_to_goal_interfaces/share/speech_to_goal_interfaces/hook/ld_library_path_lib.ps1'
[22.783s] [34mcolcon.colcon_core.shell[0m [1;30mINFO[0m Creating environment descriptor '/home/tknika/gral-iiriondo/unitree_ws/install/speech_to_goal_interfaces/share/speech_to_goal_interfaces/hook/ld_library_path_lib.dsv'
[22.783s] [34mcolcon.colcon_core.shell[0m [1;30mINFO[0m Creating environment hook '/home/tknika/gral-iiriondo/unitree_ws/install/speech_to_goal_interfaces/share/speech_to_goal_interfaces/hook/ld_library_path_lib.sh'
[22.784s] [34mcolcon.colcon_core.environment[0m [1;30mLevel 1[0m checking '/home/tknika/gral-iiriondo/unitree_ws/install/speech_to_goal_interfaces/bin'
[22.784s] [34mcolcon.colcon_core.environment[0m [1;30mLevel 1[0m checking '/home/tknika/gral-iiriondo/unitree_ws/install/speech_to_goal_interfaces/lib/pkgconfig/speech_to_goal_interfaces.pc'
[22.785s] [34mcolcon.colcon_core.environment[0m [1;30mLevel 1[0m checking '/home/tknika/gral-iiriondo/unitree_ws/install/speech_to_goal_interfaces/lib/python3.10/site-packages'
[22.786s] [34mcolcon.colcon_core.environment[0m [1;30mLevel 1[0m checking '/home/tknika/gral-iiriondo/unitree_ws/install/speech_to_goal_interfaces/bin'
[22.786s] [34mcolcon.colcon_core.shell[0m [1;30mINFO[0m Creating package script '/home/tknika/gral-iiriondo/unitree_ws/install/speech_to_goal_interfaces/share/speech_to_goal_interfaces/package.ps1'
[22.788s] [34mcolcon.colcon_core.shell[0m [1;30mINFO[0m Creating package descriptor '/home/tknika/gral-iiriondo/unitree_ws/install/speech_to_goal_interfaces/share/speech_to_goal_interfaces/package.dsv'
[22.789s] [34mcolcon.colcon_core.shell[0m [1;30mINFO[0m Creating package script '/home/tknika/gral-iiriondo/unitree_ws/install/speech_to_goal_interfaces/share/speech_to_goal_interfaces/package.sh'
[22.790s] [34mcolcon.colcon_core.shell[0m [1;30mINFO[0m Creating package script '/home/tknika/gral-iiriondo/unitree_ws/install/speech_to_goal_interfaces/share/speech_to_goal_interfaces/package.bash'
[22.791s] [34mcolcon.colcon_core.shell[0m [1;30mINFO[0m Creating package script '/home/tknika/gral-iiriondo/unitree_ws/install/speech_to_goal_interfaces/share/speech_to_goal_interfaces/package.zsh'
[22.792s] [34mcolcon.colcon_core.environment[0m [1;30mLevel 1[0m create_file_with_runtime_dependencies(/home/tknika/gral-iiriondo/unitree_ws/install/speech_to_goal_interfaces/share/colcon-core/packages/speech_to_goal_interfaces)
[22.794s] [34mcolcon.colcon_ros.task.ament_python.build[0m [1;30mINFO[0m Building ROS package in '/home/tknika/gral-iiriondo/unitree_ws/src/speech_to_goal' with build type 'ament_python'
[22.795s] [34mcolcon.colcon_core.shell[0m [1;30mLevel 1[0m create_environment_hook('speech_to_goal', 'ament_prefix_path')
[22.795s] [34mcolcon.colcon_core.shell[0m [1;30mINFO[0m Creating environment hook '/home/tknika/gral-iiriondo/unitree_ws/install/speech_to_goal/share/speech_to_goal/hook/ament_prefix_path.ps1'
[22.797s] [34mcolcon.colcon_core.shell[0m [1;30mINFO[0m Creating environment descriptor '/home/tknika/gral-iiriondo/unitree_ws/install/speech_to_goal/share/speech_to_goal/hook/ament_prefix_path.dsv'
[22.797s] [34mcolcon.colcon_core.shell[0m [1;30mINFO[0m Creating environment hook '/home/tknika/gral-iiriondo/unitree_ws/install/speech_to_goal/share/speech_to_goal/hook/ament_prefix_path.sh'
[22.798s] [34mcolcon.colcon_core.shell[0m [1;30mINFO[0m Skip shell extension 'powershell' for command environment: Not usable outside of PowerShell
[22.799s] [34mcolcon.colcon_core.shell[0m [1;30mDEBUG[0m [32mSkip shell extension 'dsv' for command environment[0m
[23.692s] [34mcolcon.colcon_core.task.python.build[0m [1;30mINFO[0m Building Python package in '/home/tknika/gral-iiriondo/unitree_ws/src/speech_to_goal'
[23.693s] [34mcolcon.colcon_core.shell[0m [1;30mINFO[0m Skip shell extension 'powershell' for command environment: Not usable outside of PowerShell
[23.693s] [34mcolcon.colcon_core.shell[0m [1;30mDEBUG[0m [32mSkip shell extension 'dsv' for command environment[0m
[24.197s] [34mcolcon.colcon_core.event_handler.log_command[0m [1;30mDEBUG[0m [32mInvoking command in '/home/tknika/gral-iiriondo/unitree_ws/build/object_recognition': CMAKE_PREFIX_PATH=/home/tknika/gral-iiriondo/unitree_ws/install/object_recognition_interfaces:/home/tknika/gral-iiriondo/unitree_ws/install/speech_to_goal_interfaces:/home/tknika/gral-iiriondo/unitree_ws/install/aruco_markers_msgs LD_LIBRARY_PATH=/home/tknika/gral-iiriondo/unitree_ws/install/object_recognition_interfaces/lib:/home/tknika/gral-iiriondo/unitree_ws/install/speech_to_goal_interfaces/lib:/home/tknika/gral-iiriondo/unitree_ws/install/aruco_markers_msgs/lib:/usr/lib/aarch64-linux-gnu/nvidia:/usr/local/cuda/lib64:/usr/local/cuda-12.6/lib64:/usr/lib/aarch64-linux-gnu/nvidia:/usr/local/cuda/lib64:/opt/ros/humble/opt/rviz_ogre_vendor/lib:/opt/ros/humble/lib/aarch64-linux-gnu:/opt/ros/humble/lib:/usr/local/cuda-12.6/lib64 PYTHONPATH=/home/tknika/gral-iiriondo/unitree_ws/build/object_recognition/prefix_override:/usr/lib/python3/dist-packages/colcon_core/task/python/colcon_distutils_commands:/home/tknika/gral-iiriondo/unitree_ws/install/object_recognition/lib/python3.10/site-packages:${PYTHONPATH} /usr/bin/python3 -W ignore:setup.py install is deprecated -W ignore:easy_install command is deprecated setup.py develop --editable --build-directory /home/tknika/gral-iiriondo/unitree_ws/build/object_recognition/build --no-deps symlink_data[0m
[24.249s] [34mcolcon.colcon_core.event_handler.log_command[0m [1;30mDEBUG[0m [32mInvoking command in '/home/tknika/gral-iiriondo/unitree_ws/build/aruco_detector': CMAKE_PREFIX_PATH=/home/tknika/gral-iiriondo/unitree_ws/install/aruco_markers_msgs:/home/tknika/gral-iiriondo/unitree_ws/install/speech_to_goal_interfaces:/home/tknika/gral-iiriondo/unitree_ws/install/object_recognition_interfaces LD_LIBRARY_PATH=/home/tknika/gral-iiriondo/unitree_ws/install/aruco_markers_msgs/lib:/home/tknika/gral-iiriondo/unitree_ws/install/speech_to_goal_interfaces/lib:/home/tknika/gral-iiriondo/unitree_ws/install/object_recognition_interfaces/lib:/usr/lib/aarch64-linux-gnu/nvidia:/usr/local/cuda/lib64:/usr/local/cuda-12.6/lib64:/usr/lib/aarch64-linux-gnu/nvidia:/usr/local/cuda/lib64:/opt/ros/humble/opt/rviz_ogre_vendor/lib:/opt/ros/humble/lib/aarch64-linux-gnu:/opt/ros/humble/lib:/usr/local/cuda-12.6/lib64 PYTHONPATH=/home/tknika/gral-iiriondo/unitree_ws/build/aruco_detector/prefix_override:/usr/lib/python3/dist-packages/colcon_core/task/python/colcon_distutils_commands:/home/tknika/gral-iiriondo/unitree_ws/install/aruco_detector/lib/python3.10/site-packages:${PYTHONPATH} /usr/bin/python3 -W ignore:setup.py install is deprecated -W ignore:easy_install command is deprecated setup.py develop --editable --build-directory /home/tknika/gral-iiriondo/unitree_ws/build/aruco_detector/build --no-deps symlink_data[0m
[25.164s] [34mcolcon.colcon_core.event_handler.log_command[0m [1;30mDEBUG[0m [32mInvoking command in '/home/tknika/gral-iiriondo/unitree_ws/build/speech_to_goal': LD_LIBRARY_PATH=/home/tknika/gral-iiriondo/unitree_ws/install/speech_to_goal_interfaces/lib:/home/tknika/gral-iiriondo/unitree_ws/install/object_recognition_interfaces/lib:/home/tknika/gral-iiriondo/unitree_ws/install/aruco_markers_msgs/lib:/usr/lib/aarch64-linux-gnu/nvidia:/usr/local/cuda/lib64:/usr/local/cuda-12.6/lib64:/usr/lib/aarch64-linux-gnu/nvidia:/usr/local/cuda/lib64:/opt/ros/humble/opt/rviz_ogre_vendor/lib:/opt/ros/humble/lib/aarch64-linux-gnu:/opt/ros/humble/lib:/usr/local/cuda-12.6/lib64 PYTHONPATH=/home/tknika/gral-iiriondo/unitree_ws/build/speech_to_goal/prefix_override:/usr/lib/python3/dist-packages/colcon_core/task/python/colcon_distutils_commands:/home/tknika/gral-iiriondo/unitree_ws/install/speech_to_goal/lib/python3.10/site-packages:${PYTHONPATH} /usr/bin/python3 -W ignore:setup.py install is deprecated -W ignore:easy_install command is deprecated setup.py develop --editable --build-directory /home/tknika/gral-iiriondo/unitree_ws/build/speech_to_goal/build --no-deps symlink_data[0m
[25.828s] [34mcolcon.colcon_core.shell[0m [1;30mLevel 1[0m create_environment_hook('object_recognition', 'pythonpath_develop')
[25.830s] [34mcolcon.colcon_core.shell[0m [1;30mINFO[0m Creating environment hook '/home/tknika/gral-iiriondo/unitree_ws/build/object_recognition/share/object_recognition/hook/pythonpath_develop.ps1'
[25.831s] [34mcolcon.colcon_core.event_handler.log_command[0m [1;30mDEBUG[0m [32mInvoked command in '/home/tknika/gral-iiriondo/unitree_ws/build/object_recognition' returned '0': CMAKE_PREFIX_PATH=/home/tknika/gral-iiriondo/unitree_ws/install/object_recognition_interfaces:/home/tknika/gral-iiriondo/unitree_ws/install/speech_to_goal_interfaces:/home/tknika/gral-iiriondo/unitree_ws/install/aruco_markers_msgs LD_LIBRARY_PATH=/home/tknika/gral-iiriondo/unitree_ws/install/object_recognition_interfaces/lib:/home/tknika/gral-iiriondo/unitree_ws/install/speech_to_goal_interfaces/lib:/home/tknika/gral-iiriondo/unitree_ws/install/aruco_markers_msgs/lib:/usr/lib/aarch64-linux-gnu/nvidia:/usr/local/cuda/lib64:/usr/local/cuda-12.6/lib64:/usr/lib/aarch64-linux-gnu/nvidia:/usr/local/cuda/lib64:/opt/ros/humble/opt/rviz_ogre_vendor/lib:/opt/ros/humble/lib/aarch64-linux-gnu:/opt/ros/humble/lib:/usr/local/cuda-12.6/lib64 PYTHONPATH=/home/tknika/gral-iiriondo/unitree_ws/build/object_recognition/prefix_override:/usr/lib/python3/dist-packages/colcon_core/task/python/colcon_distutils_commands:/home/tknika/gral-iiriondo/unitree_ws/install/object_recognition/lib/python3.10/site-packages:${PYTHONPATH} /usr/bin/python3 -W ignore:setup.py install is deprecated -W ignore:easy_install command is deprecated setup.py develop --editable --build-directory /home/tknika/gral-iiriondo/unitree_ws/build/object_recognition/build --no-deps symlink_data[0m
[25.833s] [34mcolcon.colcon_core.shell[0m [1;30mINFO[0m Creating environment descriptor '/home/tknika/gral-iiriondo/unitree_ws/build/object_recognition/share/object_recognition/hook/pythonpath_develop.dsv'
[25.835s] [34mcolcon.colcon_core.shell[0m [1;30mINFO[0m Creating environment hook '/home/tknika/gral-iiriondo/unitree_ws/build/object_recognition/share/object_recognition/hook/pythonpath_develop.sh'
[25.837s] [34mcolcon.colcon_core.environment[0m [1;30mLevel 1[0m checking '/home/tknika/gral-iiriondo/unitree_ws/install/object_recognition' for CMake module files
[25.838s] [34mcolcon.colcon_core.environment[0m [1;30mLevel 1[0m checking '/home/tknika/gral-iiriondo/unitree_ws/install/object_recognition' for CMake config files
[25.840s] [34mcolcon.colcon_core.environment[0m [1;30mLevel 1[0m checking '/home/tknika/gral-iiriondo/unitree_ws/install/object_recognition/lib'
[25.840s] [34mcolcon.colcon_core.environment[0m [1;30mLevel 1[0m checking '/home/tknika/gral-iiriondo/unitree_ws/install/object_recognition/bin'
[25.840s] [34mcolcon.colcon_core.environment[0m [1;30mLevel 1[0m checking '/home/tknika/gral-iiriondo/unitree_ws/install/object_recognition/lib/pkgconfig/object_recognition.pc'
[25.841s] [34mcolcon.colcon_core.environment[0m [1;30mLevel 1[0m checking '/home/tknika/gral-iiriondo/unitree_ws/install/object_recognition/lib/python3.10/site-packages'
[25.841s] [34mcolcon.colcon_core.shell[0m [1;30mLevel 1[0m create_environment_hook('object_recognition', 'pythonpath')
[25.842s] [34mcolcon.colcon_core.shell[0m [1;30mINFO[0m Creating environment hook '/home/tknika/gral-iiriondo/unitree_ws/install/object_recognition/share/object_recognition/hook/pythonpath.ps1'
[25.844s] [34mcolcon.colcon_core.shell[0m [1;30mINFO[0m Creating environment descriptor '/home/tknika/gral-iiriondo/unitree_ws/install/object_recognition/share/object_recognition/hook/pythonpath.dsv'
[25.845s] [34mcolcon.colcon_core.shell[0m [1;30mINFO[0m Creating environment hook '/home/tknika/gral-iiriondo/unitree_ws/install/object_recognition/share/object_recognition/hook/pythonpath.sh'
[25.848s] [34mcolcon.colcon_core.environment[0m [1;30mLevel 1[0m checking '/home/tknika/gral-iiriondo/unitree_ws/install/object_recognition/bin'
[25.848s] [34mcolcon.colcon_core.environment[0m [1;30mLevel 1[0m create_environment_scripts_only(object_recognition)
[25.850s] [34mcolcon.colcon_core.shell[0m [1;30mINFO[0m Creating package script '/home/tknika/gral-iiriondo/unitree_ws/install/object_recognition/share/object_recognition/package.ps1'
[25.853s] [34mcolcon.colcon_core.shell[0m [1;30mINFO[0m Creating package descriptor '/home/tknika/gral-iiriondo/unitree_ws/install/object_recognition/share/object_recognition/package.dsv'
[25.855s] [34mcolcon.colcon_core.shell[0m [1;30mINFO[0m Creating package script '/home/tknika/gral-iiriondo/unitree_ws/install/object_recognition/share/object_recognition/package.sh'
[25.857s] [34mcolcon.colcon_core.shell[0m [1;30mINFO[0m Creating package script '/home/tknika/gral-iiriondo/unitree_ws/install/object_recognition/share/object_recognition/package.bash'
[25.858s] [34mcolcon.colcon_core.shell[0m [1;30mINFO[0m Creating package script '/home/tknika/gral-iiriondo/unitree_ws/install/object_recognition/share/object_recognition/package.zsh'
[25.859s] [34mcolcon.colcon_core.environment[0m [1;30mLevel 1[0m create_file_with_runtime_dependencies(/home/tknika/gral-iiriondo/unitree_ws/install/object_recognition/share/colcon-core/packages/object_recognition)
[25.874s] [34mcolcon.colcon_core.shell[0m [1;30mLevel 1[0m create_environment_hook('aruco_detector', 'pythonpath_develop')
[25.875s] [34mcolcon.colcon_core.shell[0m [1;30mINFO[0m Creating environment hook '/home/tknika/gral-iiriondo/unitree_ws/build/aruco_detector/share/aruco_detector/hook/pythonpath_develop.ps1'
[25.877s] [34mcolcon.colcon_core.event_handler.log_command[0m [1;30mDEBUG[0m [32mInvoked command in '/home/tknika/gral-iiriondo/unitree_ws/build/aruco_detector' returned '0': CMAKE_PREFIX_PATH=/home/tknika/gral-iiriondo/unitree_ws/install/aruco_markers_msgs:/home/tknika/gral-iiriondo/unitree_ws/install/speech_to_goal_interfaces:/home/tknika/gral-iiriondo/unitree_ws/install/object_recognition_interfaces LD_LIBRARY_PATH=/home/tknika/gral-iiriondo/unitree_ws/install/aruco_markers_msgs/lib:/home/tknika/gral-iiriondo/unitree_ws/install/speech_to_goal_interfaces/lib:/home/tknika/gral-iiriondo/unitree_ws/install/object_recognition_interfaces/lib:/usr/lib/aarch64-linux-gnu/nvidia:/usr/local/cuda/lib64:/usr/local/cuda-12.6/lib64:/usr/lib/aarch64-linux-gnu/nvidia:/usr/local/cuda/lib64:/opt/ros/humble/opt/rviz_ogre_vendor/lib:/opt/ros/humble/lib/aarch64-linux-gnu:/opt/ros/humble/lib:/usr/local/cuda-12.6/lib64 PYTHONPATH=/home/tknika/gral-iiriondo/unitree_ws/build/aruco_detector/prefix_override:/usr/lib/python3/dist-packages/colcon_core/task/python/colcon_distutils_commands:/home/tknika/gral-iiriondo/unitree_ws/install/aruco_detector/lib/python3.10/site-packages:${PYTHONPATH} /usr/bin/python3 -W ignore:setup.py install is deprecated -W ignore:easy_install command is deprecated setup.py develop --editable --build-directory /home/tknika/gral-iiriondo/unitree_ws/build/aruco_detector/build --no-deps symlink_data[0m
[25.879s] [34mcolcon.colcon_core.shell[0m [1;30mINFO[0m Creating environment descriptor '/home/tknika/gral-iiriondo/unitree_ws/build/aruco_detector/share/aruco_detector/hook/pythonpath_develop.dsv'
[25.880s] [34mcolcon.colcon_core.shell[0m [1;30mINFO[0m Creating environment hook '/home/tknika/gral-iiriondo/unitree_ws/build/aruco_detector/share/aruco_detector/hook/pythonpath_develop.sh'
[25.882s] [34mcolcon.colcon_core.environment[0m [1;30mLevel 1[0m checking '/home/tknika/gral-iiriondo/unitree_ws/install/aruco_detector' for CMake module files
[25.883s] [34mcolcon.colcon_core.environment[0m [1;30mLevel 1[0m checking '/home/tknika/gral-iiriondo/unitree_ws/install/aruco_detector' for CMake config files
[25.885s] [34mcolcon.colcon_core.environment[0m [1;30mLevel 1[0m checking '/home/tknika/gral-iiriondo/unitree_ws/install/aruco_detector/lib'
[25.886s] [34mcolcon.colcon_core.environment[0m [1;30mLevel 1[0m checking '/home/tknika/gral-iiriondo/unitree_ws/install/aruco_detector/bin'
[25.886s] [34mcolcon.colcon_core.environment[0m [1;30mLevel 1[0m checking '/home/tknika/gral-iiriondo/unitree_ws/install/aruco_detector/lib/pkgconfig/aruco_detector.pc'
[25.887s] [34mcolcon.colcon_core.environment[0m [1;30mLevel 1[0m checking '/home/tknika/gral-iiriondo/unitree_ws/install/aruco_detector/lib/python3.10/site-packages'
[25.887s] [34mcolcon.colcon_core.shell[0m [1;30mLevel 1[0m create_environment_hook('aruco_detector', 'pythonpath')
[25.888s] [34mcolcon.colcon_core.shell[0m [1;30mINFO[0m Creating environment hook '/home/tknika/gral-iiriondo/unitree_ws/install/aruco_detector/share/aruco_detector/hook/pythonpath.ps1'
[25.889s] [34mcolcon.colcon_core.shell[0m [1;30mINFO[0m Creating environment descriptor '/home/tknika/gral-iiriondo/unitree_ws/install/aruco_detector/share/aruco_detector/hook/pythonpath.dsv'
[25.891s] [34mcolcon.colcon_core.shell[0m [1;30mINFO[0m Creating environment hook '/home/tknika/gral-iiriondo/unitree_ws/install/aruco_detector/share/aruco_detector/hook/pythonpath.sh'
[25.893s] [34mcolcon.colcon_core.environment[0m [1;30mLevel 1[0m checking '/home/tknika/gral-iiriondo/unitree_ws/install/aruco_detector/bin'
[25.893s] [34mcolcon.colcon_core.environment[0m [1;30mLevel 1[0m create_environment_scripts_only(aruco_detector)
[25.894s] [34mcolcon.colcon_core.shell[0m [1;30mINFO[0m Creating package script '/home/tknika/gral-iiriondo/unitree_ws/install/aruco_detector/share/aruco_detector/package.ps1'
[25.897s] [34mcolcon.colcon_core.shell[0m [1;30mINFO[0m Creating package descriptor '/home/tknika/gral-iiriondo/unitree_ws/install/aruco_detector/share/aruco_detector/package.dsv'
[25.898s] [34mcolcon.colcon_core.shell[0m [1;30mINFO[0m Creating package script '/home/tknika/gral-iiriondo/unitree_ws/install/aruco_detector/share/aruco_detector/package.sh'
[25.900s] [34mcolcon.colcon_core.shell[0m [1;30mINFO[0m Creating package script '/home/tknika/gral-iiriondo/unitree_ws/install/aruco_detector/share/aruco_detector/package.bash'
[25.901s] [34mcolcon.colcon_core.shell[0m [1;30mINFO[0m Creating package script '/home/tknika/gral-iiriondo/unitree_ws/install/aruco_detector/share/aruco_detector/package.zsh'
[25.902s] [34mcolcon.colcon_core.environment[0m [1;30mLevel 1[0m create_file_with_runtime_dependencies(/home/tknika/gral-iiriondo/unitree_ws/install/aruco_detector/share/colcon-core/packages/aruco_detector)
[26.815s] [34mcolcon.colcon_core.shell[0m [1;30mLevel 1[0m create_environment_hook('speech_to_goal', 'pythonpath_develop')
[26.816s] [34mcolcon.colcon_core.shell[0m [1;30mINFO[0m Creating environment hook '/home/tknika/gral-iiriondo/unitree_ws/build/speech_to_goal/share/speech_to_goal/hook/pythonpath_develop.ps1'
[26.818s] [34mcolcon.colcon_core.event_handler.log_command[0m [1;30mDEBUG[0m [32mInvoked command in '/home/tknika/gral-iiriondo/unitree_ws/build/speech_to_goal' returned '0': LD_LIBRARY_PATH=/home/tknika/gral-iiriondo/unitree_ws/install/speech_to_goal_interfaces/lib:/home/tknika/gral-iiriondo/unitree_ws/install/object_recognition_interfaces/lib:/home/tknika/gral-iiriondo/unitree_ws/install/aruco_markers_msgs/lib:/usr/lib/aarch64-linux-gnu/nvidia:/usr/local/cuda/lib64:/usr/local/cuda-12.6/lib64:/usr/lib/aarch64-linux-gnu/nvidia:/usr/local/cuda/lib64:/opt/ros/humble/opt/rviz_ogre_vendor/lib:/opt/ros/humble/lib/aarch64-linux-gnu:/opt/ros/humble/lib:/usr/local/cuda-12.6/lib64 PYTHONPATH=/home/tknika/gral-iiriondo/unitree_ws/build/speech_to_goal/prefix_override:/usr/lib/python3/dist-packages/colcon_core/task/python/colcon_distutils_commands:/home/tknika/gral-iiriondo/unitree_ws/install/speech_to_goal/lib/python3.10/site-packages:${PYTHONPATH} /usr/bin/python3 -W ignore:setup.py install is deprecated -W ignore:easy_install command is deprecated setup.py develop --editable --build-directory /home/tknika/gral-iiriondo/unitree_ws/build/speech_to_goal/build --no-deps symlink_data[0m
[26.819s] [34mcolcon.colcon_core.shell[0m [1;30mINFO[0m Creating environment descriptor '/home/tknika/gral-iiriondo/unitree_ws/build/speech_to_goal/share/speech_to_goal/hook/pythonpath_develop.dsv'
[26.820s] [34mcolcon.colcon_core.shell[0m [1;30mINFO[0m Creating environment hook '/home/tknika/gral-iiriondo/unitree_ws/build/speech_to_goal/share/speech_to_goal/hook/pythonpath_develop.sh'
[26.821s] [34mcolcon.colcon_core.environment[0m [1;30mLevel 1[0m checking '/home/tknika/gral-iiriondo/unitree_ws/install/speech_to_goal' for CMake module files
[26.822s] [34mcolcon.colcon_core.environment[0m [1;30mLevel 1[0m checking '/home/tknika/gral-iiriondo/unitree_ws/install/speech_to_goal' for CMake config files
[26.824s] [34mcolcon.colcon_core.environment[0m [1;30mLevel 1[0m checking '/home/tknika/gral-iiriondo/unitree_ws/install/speech_to_goal/lib'
[26.824s] [34mcolcon.colcon_core.environment[0m [1;30mLevel 1[0m checking '/home/tknika/gral-iiriondo/unitree_ws/install/speech_to_goal/bin'
[26.824s] [34mcolcon.colcon_core.environment[0m [1;30mLevel 1[0m checking '/home/tknika/gral-iiriondo/unitree_ws/install/speech_to_goal/lib/pkgconfig/speech_to_goal.pc'
[26.825s] [34mcolcon.colcon_core.environment[0m [1;30mLevel 1[0m checking '/home/tknika/gral-iiriondo/unitree_ws/install/speech_to_goal/lib/python3.10/site-packages'
[26.825s] [34mcolcon.colcon_core.shell[0m [1;30mLevel 1[0m create_environment_hook('speech_to_goal', 'pythonpath')
[26.825s] [34mcolcon.colcon_core.shell[0m [1;30mINFO[0m Creating environment hook '/home/tknika/gral-iiriondo/unitree_ws/install/speech_to_goal/share/speech_to_goal/hook/pythonpath.ps1'
[26.826s] [34mcolcon.colcon_core.shell[0m [1;30mINFO[0m Creating environment descriptor '/home/tknika/gral-iiriondo/unitree_ws/install/speech_to_goal/share/speech_to_goal/hook/pythonpath.dsv'
[26.827s] [34mcolcon.colcon_core.shell[0m [1;30mINFO[0m Creating environment hook '/home/tknika/gral-iiriondo/unitree_ws/install/speech_to_goal/share/speech_to_goal/hook/pythonpath.sh'
[26.829s] [34mcolcon.colcon_core.environment[0m [1;30mLevel 1[0m checking '/home/tknika/gral-iiriondo/unitree_ws/install/speech_to_goal/bin'
[26.829s] [34mcolcon.colcon_core.environment[0m [1;30mLevel 1[0m create_environment_scripts_only(speech_to_goal)
[26.829s] [34mcolcon.colcon_core.shell[0m [1;30mINFO[0m Creating package script '/home/tknika/gral-iiriondo/unitree_ws/install/speech_to_goal/share/speech_to_goal/package.ps1'
[26.831s] [34mcolcon.colcon_core.shell[0m [1;30mINFO[0m Creating package descriptor '/home/tknika/gral-iiriondo/unitree_ws/install/speech_to_goal/share/speech_to_goal/package.dsv'
[26.832s] [34mcolcon.colcon_core.shell[0m [1;30mINFO[0m Creating package script '/home/tknika/gral-iiriondo/unitree_ws/install/speech_to_goal/share/speech_to_goal/package.sh'
[26.833s] [34mcolcon.colcon_core.shell[0m [1;30mINFO[0m Creating package script '/home/tknika/gral-iiriondo/unitree_ws/install/speech_to_goal/share/speech_to_goal/package.bash'
[26.834s] [34mcolcon.colcon_core.shell[0m [1;30mINFO[0m Creating package script '/home/tknika/gral-iiriondo/unitree_ws/install/speech_to_goal/share/speech_to_goal/package.zsh'
[26.834s] [34mcolcon.colcon_core.environment[0m [1;30mLevel 1[0m create_file_with_runtime_dependencies(/home/tknika/gral-iiriondo/unitree_ws/install/speech_to_goal/share/colcon-core/packages/speech_to_goal)
[26.835s] [34mcolcon.colcon_parallel_executor.executor.parallel[0m [1;30mDEBUG[0m [32mclosing loop[0m
[26.836s] [34mcolcon.colcon_parallel_executor.executor.parallel[0m [1;30mDEBUG[0m [32mloop closed[0m
[26.837s] [34mcolcon.colcon_parallel_executor.executor.parallel[0m [1;30mDEBUG[0m [32mrun_until_complete finished with '0'[0m
[26.837s] [34mcolcon.colcon_core.event_reactor[0m [1;30mDEBUG[0m [32mjoining thread[0m
[26.854s] [34mcolcon.colcon_core.plugin_system[0m [1;30mINFO[0m Skipping extension 'colcon_notification.desktop_notification.terminal_notifier': Not used on non-Darwin systems
[26.855s] [34mcolcon.colcon_core.plugin_system[0m [1;30mINFO[0m Skipping extension 'colcon_notification.desktop_notification.win32': Not used on non-Windows systems
[26.855s] [34mcolcon.colcon_notification.desktop_notification[0m [1;30mINFO[0m Sending desktop notification using 'notify2'
[26.907s] [34mcolcon.colcon_core.event_reactor[0m [1;30mDEBUG[0m [32mjoined thread[0m
[26.908s] [34mcolcon.colcon_core.shell[0m [1;30mINFO[0m Creating prefix script '/home/tknika/gral-iiriondo/unitree_ws/install/local_setup.ps1'
[26.912s] [34mcolcon.colcon_core.shell[0m [1;30mINFO[0m Creating prefix util module '/home/tknika/gral-iiriondo/unitree_ws/install/_local_setup_util_ps1.py'
[26.915s] [34mcolcon.colcon_core.shell[0m [1;30mINFO[0m Creating prefix chain script '/home/tknika/gral-iiriondo/unitree_ws/install/setup.ps1'
[26.918s] [34mcolcon.colcon_core.shell[0m [1;30mINFO[0m Creating prefix script '/home/tknika/gral-iiriondo/unitree_ws/install/local_setup.sh'
[26.920s] [34mcolcon.colcon_core.shell[0m [1;30mINFO[0m Creating prefix util module '/home/tknika/gral-iiriondo/unitree_ws/install/_local_setup_util_sh.py'
[26.922s] [34mcolcon.colcon_core.shell[0m [1;30mINFO[0m Creating prefix chain script '/home/tknika/gral-iiriondo/unitree_ws/install/setup.sh'
[26.925s] [34mcolcon.colcon_core.shell[0m [1;30mINFO[0m Creating prefix script '/home/tknika/gral-iiriondo/unitree_ws/install/local_setup.bash'
[26.926s] [34mcolcon.colcon_core.shell[0m [1;30mINFO[0m Creating prefix chain script '/home/tknika/gral-iiriondo/unitree_ws/install/setup.bash'
[26.930s] [34mcolcon.colcon_core.shell[0m [1;30mINFO[0m Creating prefix script '/home/tknika/gral-iiriondo/unitree_ws/install/local_setup.zsh'
[26.931s] [34mcolcon.colcon_core.shell[0m [1;30mINFO[0m Creating prefix chain script '/home/tknika/gral-iiriondo/unitree_ws/install/setup.zsh'
