[0.000000] (-) TimerEvent: {}
[0.009674] (aruco_markers_msgs) JobQueued: {'identifier': 'aruco_markers_msgs', 'dependencies': OrderedDict()}
[0.009832] (asr) JobQueued: {'identifier': 'asr', 'dependencies': OrderedDict()}
[0.009889] (go1_description) JobQueued: {'identifier': 'go1_description', 'dependencies': OrderedDict()}
[0.009938] (mapping_configuration) JobQueued: {'identifier': 'mapping_configuration', 'dependencies': OrderedDict()}
[0.009978] (object_recognition_interfaces) JobQueued: {'identifier': 'object_recognition_interfaces', 'dependencies': OrderedDict()}
[0.010019] (speech_to_goal_interfaces) JobQueued: {'identifier': 'speech_to_goal_interfaces', 'dependencies': OrderedDict()}
[0.010056] (standing_mode) JobQueued: {'identifier': 'standing_mode', 'dependencies': OrderedDict()}
[0.010091] (aruco_detector) JobQueued: {'identifier': 'aruco_detector', 'dependencies': OrderedDict([('aruco_markers_msgs', '/home/tknika/gral-iiriondo-main/unitree_ws/install/aruco_markers_msgs')])}
[0.010156] (object_recognition) JobQueued: {'identifier': 'object_recognition', 'dependencies': OrderedDict([('object_recognition_interfaces', '/home/tknika/gral-iiriondo-main/unitree_ws/install/object_recognition_interfaces')])}
[0.010230] (speech_to_goal) JobQueued: {'identifier': 'speech_to_goal', 'dependencies': OrderedDict([('object_recognition_interfaces', '/home/tknika/gral-iiriondo-main/unitree_ws/install/object_recognition_interfaces'), ('speech_to_goal_interfaces', '/home/tknika/gral-iiriondo-main/unitree_ws/install/speech_to_goal_interfaces')])}
[0.010279] (object_recognition_interfaces) JobStarted: {'identifier': 'object_recognition_interfaces'}
[0.021245] (aruco_markers_msgs) JobStarted: {'identifier': 'aruco_markers_msgs'}
[0.034728] (speech_to_goal_interfaces) JobStarted: {'identifier': 'speech_to_goal_interfaces'}
[0.043054] (asr) JobStarted: {'identifier': 'asr'}
[0.053780] (go1_description) JobStarted: {'identifier': 'go1_description'}
[0.070561] (mapping_configuration) JobStarted: {'identifier': 'mapping_configuration'}
[0.077279] (standing_mode) JobStarted: {'identifier': 'standing_mode'}
[0.096908] (object_recognition_interfaces) JobProgress: {'identifier': 'object_recognition_interfaces', 'progress': 'cmake'}
[0.097923] (-) TimerEvent: {}
[0.099287] (object_recognition_interfaces) JobProgress: {'identifier': 'object_recognition_interfaces', 'progress': 'build'}
[0.100557] (object_recognition_interfaces) Command: {'cmd': ['/usr/bin/cmake', '--build', '/home/tknika/gral-iiriondo-main/unitree_ws/build/object_recognition_interfaces', '--', '-j8', '-l8'], 'cwd': '/home/tknika/gral-iiriondo-main/unitree_ws/build/object_recognition_interfaces', 'env': OrderedDict([('GJS_DEBUG_TOPICS', 'JS ERROR;JS LOG'), ('LESSOPEN', '| /usr/bin/lesspipe %s'), ('USER', 'tknika'), ('OLLAMA_LLM_LIBRARY', 'cuda'), ('ROS_PACKAGE_PATH', '/home/tknika/gral-iiriondo-main/unitree_ws/install/speech_to_goal_interfaces/share'), ('XDG_SESSION_TYPE', 'x11'), ('SHLVL', '1'), ('LD_LIBRARY_PATH', '/home/tknika/gral-iiriondo-main/unitree_ws/install/speech_to_goal_interfaces/lib:/home/tknika/gral-iiriondo-main/unitree_ws/install/object_recognition_interfaces/lib:/home/tknika/gral-iiriondo-main/unitree_ws/install/aruco_markers_msgs/lib:/usr/lib/aarch64-linux-gnu/nvidia:/usr/local/cuda/lib64:/opt/ros/humble/opt/rviz_ogre_vendor/lib:/opt/ros/humble/lib/aarch64-linux-gnu:/opt/ros/humble/lib:/usr/local/cuda-12.6/lib64:/usr/lib/aarch64-linux-gnu/nvid'), ('HOME', '/home/tknika'), ('OLDPWD', '/home/tknika/gral-iiriondo-main/unitree_ws'), ('DESKTOP_SESSION', 'ubuntu'), ('GIO_LAUNCHED_DESKTOP_FILE', '/usr/share/applications/terminator.desktop'), ('ROS_PYTHON_VERSION', '3'), ('GNOME_SHELL_SESSION_MODE', 'ubuntu'), ('GTK_MODULES', 'gail:atk-bridge'), ('PS1', '\\[\\e]0;\\u@\\h: \\w\\a\\]${debian_chroot:+($debian_chroot)}\\[\\033[01;32m\\]\\u@\\h\\[\\033[00m\\]:\\[\\033[01;34m\\]\\w\\[\\033[00m\\]\\$'), ('MANAGERPID', '2504'), ('SYSTEMD_EXEC_PID', '2680'), ('DBUS_SESSION_BUS_ADDRESS', 'unix:path=/run/user/1000/bus'), ('COLORTERM', 'truecolor'), ('TERMINATOR_DBUS_NAME', 'net.tenshu.Terminator23558193cd9818af7fe4d2c2f5bd9d00f'), ('GIO_LAUNCHED_DESKTOP_FILE_PID', '4209'), ('IM_CONFIG_PHASE', '1'), ('COLCON_PREFIX_PATH', '/home/tknika/gral-iiriondo-main/unitree_ws/install'), ('CUDA_VISIBLE_DEVICES', '0'), ('ROS_DISTRO', 'humble'), ('GTK_IM_MODULE', 'ibus'), ('LOGNAME', 'tknika'), ('JOURNAL_STREAM', '8:50749'), ('_', '/usr/bin/colcon'), ('ROS_VERSION', '2'), ('PKG_CONFIG_PATH', '/home/tknika/gral-iiriondo-main/unitree_ws/install/speech_to_goal_interfaces/lib/aarch64-linux-gnu/pkgconfig:/home/tknika/gral-iiriondo-main/unitree_ws/install/speech_to_goal_interfaces/lib/pkgconfig'), ('XDG_SESSION_CLASS', 'user'), ('USERNAME', 'tknika'), ('TERM', 'xterm-256color'), ('GNOME_DESKTOP_SESSION_ID', 'this-is-deprecated'), ('ROS_LOCALHOST_ONLY', '0'), ('WINDOWPATH', '2'), ('PATH', '/usr/local/cuda-12.6/bin:/usr/local/cuda-12.6/bin:/home/bee/gral-iiriondo/unitree_ws/environments/unitree_env/bin:/opt/ros/humble/bin:/usr/local/cuda-12.6/bin:/home/tknika/.cargo/bin:/home/tknika/.local/bin:/usr/local/sbin:/usr/local/bin:/usr/sbin:/usr/bin:/sbin:/bin:/usr/games:/usr/local/games:/snap/bin:/snap/bin'), ('SESSION_MANAGER', 'local/ubuntu:@/tmp/.ICE-unix/2653,unix/ubuntu:/tmp/.ICE-unix/2653'), ('INVOCATION_ID', '23499d00eeb9404d9453ff310186aa72'), ('XDG_MENU_PREFIX', 'gnome-'), ('XDG_RUNTIME_DIR', '/run/user/1000'), ('DISPLAY', ':1'), ('TERMINATOR_DBUS_PATH', '/net/tenshu/Terminator2'), ('LANG', 'en_US.UTF-8'), ('XDG_CURRENT_DESKTOP', 'ubuntu:GNOME'), ('IBUS_DISABLE_SNOOPER', '1'), ('VIRTUAL_ENV_PROMPT', '(unitree_env)'), ('XMODIFIERS', '@im=ibus'), ('XDG_SESSION_DESKTOP', 'ubuntu'), ('XAUTHORITY', '/run/user/1000/gdm/Xauthority'), ('LS_COLORS', 'rs=0:di=01;34:ln=01;36:mh=00:pi=40;33:so=01;35:do=01;35:bd=40;33;01:cd=40;33;01:or=40;31;01:mi=00:su=37;41:sg=30;43:ca=30;41:tw=30;42:ow=34;42:st=37;44:ex=01;32:*.tar=01;31:*.tgz=01;31:*.arc=01;31:*.arj=01;31:*.taz=01;31:*.lha=01;31:*.lz4=01;31:*.lzh=01;31:*.lzma=01;31:*.tlz=01;31:*.txz=01;31:*.tzo=01;31:*.t7z=01;31:*.zip=01;31:*.z=01;31:*.dz=01;31:*.gz=01;31:*.lrz=01;31:*.lz=01;31:*.lzo=01;31:*.xz=01;31:*.zst=01;31:*.tzst=01;31:*.bz2=01;31:*.bz=01;31:*.tbz=01;31:*.tbz2=01;31:*.tz=01;31:*.deb=01;31:*.rpm=01;31:*.jar=01;31:*.war=01;31:*.ear=01;31:*.sar=01;31:*.rar=01;31:*.alz=01;31:*.ace=01;31:*.zoo=01;31:*.cpio=01;31:*.7z=01;31:*.rz=01;31:*.cab=01;31:*.wim=01;31:*.swm=01;31:*.dwm=01;31:*.esd=01;31:*.jpg=01;35:*.jpeg=01;35:*.mjpg=01;35:*.mjpeg=01;35:*.gif=01;35:*.bmp=01;35:*.pbm=01;35:*.pgm=01;35:*.ppm=01;35:*.tga=01;35:*.xbm=01;35:*.xpm=01;35:*.tif=01;35:*.tiff=01;35:*.png=01;35:*.svg=01;35:*.svgz=01;35:*.mng=01;35:*.pcx=01;35:*.mov=01;35:*.mpg=01;35:*.mpeg=01;35:*.m2v=01;35:*.mkv=01;35:*.webm=01;35:*.webp=01;35:*.ogm=01;35:*.mp4=01;35:*.m4v=01;35:*.mp4v=01;35:*.vob=01;35:*.qt=01;35:*.nuv=01;35:*.wmv=01;35:*.asf=01;35:*.rm=01;35:*.rmvb=01;35:*.flc=01;35:*.avi=01;35:*.fli=01;35:*.flv=01;35:*.gl=01;35:*.dl=01;35:*.xcf=01;35:*.xwd=01;35:*.yuv=01;35:*.cgm=01;35:*.emf=01;35:*.ogv=01;35:*.ogx=01;35:*.aac=00;36:*.au=00;36:*.flac=00;36:*.m4a=00;36:*.mid=00;36:*.midi=00;36:*.mka=00;36:*.mp3=00;36:*.mpc=00;36:*.ogg=00;36:*.ra=00;36:*.wav=00;36:*.oga=00;36:*.opus=00;36:*.spx=00;36:*.xspf=00;36:'), ('SSH_AGENT_LAUNCHER', 'gnome-keyring'), ('SSH_AUTH_SOCK', '/run/user/1000/keyring/ssh'), ('AMENT_PREFIX_PATH', '/opt/ros/humble'), ('SHELL', '/bin/bash'), ('TERMINATOR_UUID', 'urn:uuid:6783764e-82b3-4e19-a535-1afecb743d9d'), ('QT_ACCESSIBILITY', '1'), ('GDMSESSION', 'ubuntu'), ('LESSCLOSE', '/usr/bin/lesspipe %s %s'), ('GPG_AGENT_INFO', '/run/user/1000/gnupg/S.gpg-agent:0:1'), ('GJS_DEBUG_OUTPUT', 'stderr'), ('VIRTUAL_ENV', '/home/bee/gral-iiriondo/unitree_ws/environments/unitree_env'), ('QT_IM_MODULE', 'ibus'), ('PWD', '/home/tknika/gral-iiriondo-main/unitree_ws/build/object_recognition_interfaces'), ('XDG_CONFIG_DIRS', '/etc/xdg/xdg-ubuntu:/etc/xdg'), ('XDG_DATA_DIRS', '/usr/share/ubuntu:/usr/share/gnome:/usr/local/share/:/usr/share/:/var/lib/snapd/desktop'), ('PYTHONPATH', '/opt/ros/humble/lib/python3.10/site-packages:/opt/ros/humble/local/lib/python3.10/dist-packages'), ('COLCON', '1'), ('VTE_VERSION', '6800'), ('CMAKE_PREFIX_PATH', '/opt/ros/humble')]), 'shell': False}
[0.105310] (aruco_markers_msgs) JobProgress: {'identifier': 'aruco_markers_msgs', 'progress': 'cmake'}
[0.106538] (aruco_markers_msgs) JobProgress: {'identifier': 'aruco_markers_msgs', 'progress': 'build'}
[0.106992] (aruco_markers_msgs) Command: {'cmd': ['/usr/bin/cmake', '--build', '/home/tknika/gral-iiriondo-main/unitree_ws/build/aruco_markers_msgs', '--', '-j8', '-l8'], 'cwd': '/home/tknika/gral-iiriondo-main/unitree_ws/build/aruco_markers_msgs', 'env': OrderedDict([('GJS_DEBUG_TOPICS', 'JS ERROR;JS LOG'), ('LESSOPEN', '| /usr/bin/lesspipe %s'), ('USER', 'tknika'), ('OLLAMA_LLM_LIBRARY', 'cuda'), ('ROS_PACKAGE_PATH', '/home/tknika/gral-iiriondo-main/unitree_ws/install/speech_to_goal_interfaces/share'), ('XDG_SESSION_TYPE', 'x11'), ('SHLVL', '1'), ('LD_LIBRARY_PATH', '/home/tknika/gral-iiriondo-main/unitree_ws/install/speech_to_goal_interfaces/lib:/home/tknika/gral-iiriondo-main/unitree_ws/install/object_recognition_interfaces/lib:/home/tknika/gral-iiriondo-main/unitree_ws/install/aruco_markers_msgs/lib:/usr/lib/aarch64-linux-gnu/nvidia:/usr/local/cuda/lib64:/opt/ros/humble/opt/rviz_ogre_vendor/lib:/opt/ros/humble/lib/aarch64-linux-gnu:/opt/ros/humble/lib:/usr/local/cuda-12.6/lib64:/usr/lib/aarch64-linux-gnu/nvid'), ('HOME', '/home/tknika'), ('OLDPWD', '/home/tknika/gral-iiriondo-main/unitree_ws'), ('DESKTOP_SESSION', 'ubuntu'), ('GIO_LAUNCHED_DESKTOP_FILE', '/usr/share/applications/terminator.desktop'), ('ROS_PYTHON_VERSION', '3'), ('GNOME_SHELL_SESSION_MODE', 'ubuntu'), ('GTK_MODULES', 'gail:atk-bridge'), ('PS1', '\\[\\e]0;\\u@\\h: \\w\\a\\]${debian_chroot:+($debian_chroot)}\\[\\033[01;32m\\]\\u@\\h\\[\\033[00m\\]:\\[\\033[01;34m\\]\\w\\[\\033[00m\\]\\$'), ('MANAGERPID', '2504'), ('SYSTEMD_EXEC_PID', '2680'), ('DBUS_SESSION_BUS_ADDRESS', 'unix:path=/run/user/1000/bus'), ('COLORTERM', 'truecolor'), ('TERMINATOR_DBUS_NAME', 'net.tenshu.Terminator23558193cd9818af7fe4d2c2f5bd9d00f'), ('GIO_LAUNCHED_DESKTOP_FILE_PID', '4209'), ('IM_CONFIG_PHASE', '1'), ('COLCON_PREFIX_PATH', '/home/tknika/gral-iiriondo-main/unitree_ws/install'), ('CUDA_VISIBLE_DEVICES', '0'), ('ROS_DISTRO', 'humble'), ('GTK_IM_MODULE', 'ibus'), ('LOGNAME', 'tknika'), ('JOURNAL_STREAM', '8:50749'), ('_', '/usr/bin/colcon'), ('ROS_VERSION', '2'), ('PKG_CONFIG_PATH', '/home/tknika/gral-iiriondo-main/unitree_ws/install/speech_to_goal_interfaces/lib/aarch64-linux-gnu/pkgconfig:/home/tknika/gral-iiriondo-main/unitree_ws/install/speech_to_goal_interfaces/lib/pkgconfig'), ('XDG_SESSION_CLASS', 'user'), ('USERNAME', 'tknika'), ('TERM', 'xterm-256color'), ('GNOME_DESKTOP_SESSION_ID', 'this-is-deprecated'), ('ROS_LOCALHOST_ONLY', '0'), ('WINDOWPATH', '2'), ('PATH', '/usr/local/cuda-12.6/bin:/usr/local/cuda-12.6/bin:/home/bee/gral-iiriondo/unitree_ws/environments/unitree_env/bin:/opt/ros/humble/bin:/usr/local/cuda-12.6/bin:/home/tknika/.cargo/bin:/home/tknika/.local/bin:/usr/local/sbin:/usr/local/bin:/usr/sbin:/usr/bin:/sbin:/bin:/usr/games:/usr/local/games:/snap/bin:/snap/bin'), ('SESSION_MANAGER', 'local/ubuntu:@/tmp/.ICE-unix/2653,unix/ubuntu:/tmp/.ICE-unix/2653'), ('INVOCATION_ID', '23499d00eeb9404d9453ff310186aa72'), ('XDG_MENU_PREFIX', 'gnome-'), ('XDG_RUNTIME_DIR', '/run/user/1000'), ('DISPLAY', ':1'), ('TERMINATOR_DBUS_PATH', '/net/tenshu/Terminator2'), ('LANG', 'en_US.UTF-8'), ('XDG_CURRENT_DESKTOP', 'ubuntu:GNOME'), ('IBUS_DISABLE_SNOOPER', '1'), ('VIRTUAL_ENV_PROMPT', '(unitree_env)'), ('XMODIFIERS', '@im=ibus'), ('XDG_SESSION_DESKTOP', 'ubuntu'), ('XAUTHORITY', '/run/user/1000/gdm/Xauthority'), ('LS_COLORS', 'rs=0:di=01;34:ln=01;36:mh=00:pi=40;33:so=01;35:do=01;35:bd=40;33;01:cd=40;33;01:or=40;31;01:mi=00:su=37;41:sg=30;43:ca=30;41:tw=30;42:ow=34;42:st=37;44:ex=01;32:*.tar=01;31:*.tgz=01;31:*.arc=01;31:*.arj=01;31:*.taz=01;31:*.lha=01;31:*.lz4=01;31:*.lzh=01;31:*.lzma=01;31:*.tlz=01;31:*.txz=01;31:*.tzo=01;31:*.t7z=01;31:*.zip=01;31:*.z=01;31:*.dz=01;31:*.gz=01;31:*.lrz=01;31:*.lz=01;31:*.lzo=01;31:*.xz=01;31:*.zst=01;31:*.tzst=01;31:*.bz2=01;31:*.bz=01;31:*.tbz=01;31:*.tbz2=01;31:*.tz=01;31:*.deb=01;31:*.rpm=01;31:*.jar=01;31:*.war=01;31:*.ear=01;31:*.sar=01;31:*.rar=01;31:*.alz=01;31:*.ace=01;31:*.zoo=01;31:*.cpio=01;31:*.7z=01;31:*.rz=01;31:*.cab=01;31:*.wim=01;31:*.swm=01;31:*.dwm=01;31:*.esd=01;31:*.jpg=01;35:*.jpeg=01;35:*.mjpg=01;35:*.mjpeg=01;35:*.gif=01;35:*.bmp=01;35:*.pbm=01;35:*.pgm=01;35:*.ppm=01;35:*.tga=01;35:*.xbm=01;35:*.xpm=01;35:*.tif=01;35:*.tiff=01;35:*.png=01;35:*.svg=01;35:*.svgz=01;35:*.mng=01;35:*.pcx=01;35:*.mov=01;35:*.mpg=01;35:*.mpeg=01;35:*.m2v=01;35:*.mkv=01;35:*.webm=01;35:*.webp=01;35:*.ogm=01;35:*.mp4=01;35:*.m4v=01;35:*.mp4v=01;35:*.vob=01;35:*.qt=01;35:*.nuv=01;35:*.wmv=01;35:*.asf=01;35:*.rm=01;35:*.rmvb=01;35:*.flc=01;35:*.avi=01;35:*.fli=01;35:*.flv=01;35:*.gl=01;35:*.dl=01;35:*.xcf=01;35:*.xwd=01;35:*.yuv=01;35:*.cgm=01;35:*.emf=01;35:*.ogv=01;35:*.ogx=01;35:*.aac=00;36:*.au=00;36:*.flac=00;36:*.m4a=00;36:*.mid=00;36:*.midi=00;36:*.mka=00;36:*.mp3=00;36:*.mpc=00;36:*.ogg=00;36:*.ra=00;36:*.wav=00;36:*.oga=00;36:*.opus=00;36:*.spx=00;36:*.xspf=00;36:'), ('SSH_AGENT_LAUNCHER', 'gnome-keyring'), ('SSH_AUTH_SOCK', '/run/user/1000/keyring/ssh'), ('AMENT_PREFIX_PATH', '/opt/ros/humble'), ('SHELL', '/bin/bash'), ('TERMINATOR_UUID', 'urn:uuid:6783764e-82b3-4e19-a535-1afecb743d9d'), ('QT_ACCESSIBILITY', '1'), ('GDMSESSION', 'ubuntu'), ('LESSCLOSE', '/usr/bin/lesspipe %s %s'), ('GPG_AGENT_INFO', '/run/user/1000/gnupg/S.gpg-agent:0:1'), ('GJS_DEBUG_OUTPUT', 'stderr'), ('VIRTUAL_ENV', '/home/bee/gral-iiriondo/unitree_ws/environments/unitree_env'), ('QT_IM_MODULE', 'ibus'), ('PWD', '/home/tknika/gral-iiriondo-main/unitree_ws/build/aruco_markers_msgs'), ('XDG_CONFIG_DIRS', '/etc/xdg/xdg-ubuntu:/etc/xdg'), ('XDG_DATA_DIRS', '/usr/share/ubuntu:/usr/share/gnome:/usr/local/share/:/usr/share/:/var/lib/snapd/desktop'), ('PYTHONPATH', '/opt/ros/humble/lib/python3.10/site-packages:/opt/ros/humble/local/lib/python3.10/dist-packages'), ('COLCON', '1'), ('VTE_VERSION', '6800'), ('CMAKE_PREFIX_PATH', '/opt/ros/humble')]), 'shell': False}
[0.110498] (speech_to_goal_interfaces) JobProgress: {'identifier': 'speech_to_goal_interfaces', 'progress': 'cmake'}
[0.111731] (speech_to_goal_interfaces) JobProgress: {'identifier': 'speech_to_goal_interfaces', 'progress': 'build'}
[0.112207] (speech_to_goal_interfaces) Command: {'cmd': ['/usr/bin/cmake', '--build', '/home/tknika/gral-iiriondo-main/unitree_ws/build/speech_to_goal_interfaces', '--', '-j8', '-l8'], 'cwd': '/home/tknika/gral-iiriondo-main/unitree_ws/build/speech_to_goal_interfaces', 'env': OrderedDict([('GJS_DEBUG_TOPICS', 'JS ERROR;JS LOG'), ('LESSOPEN', '| /usr/bin/lesspipe %s'), ('USER', 'tknika'), ('OLLAMA_LLM_LIBRARY', 'cuda'), ('ROS_PACKAGE_PATH', '/home/tknika/gral-iiriondo-main/unitree_ws/install/speech_to_goal_interfaces/share'), ('XDG_SESSION_TYPE', 'x11'), ('SHLVL', '1'), ('LD_LIBRARY_PATH', '/home/tknika/gral-iiriondo-main/unitree_ws/install/speech_to_goal_interfaces/lib:/home/tknika/gral-iiriondo-main/unitree_ws/install/object_recognition_interfaces/lib:/home/tknika/gral-iiriondo-main/unitree_ws/install/aruco_markers_msgs/lib:/usr/lib/aarch64-linux-gnu/nvidia:/usr/local/cuda/lib64:/opt/ros/humble/opt/rviz_ogre_vendor/lib:/opt/ros/humble/lib/aarch64-linux-gnu:/opt/ros/humble/lib:/usr/local/cuda-12.6/lib64:/usr/lib/aarch64-linux-gnu/nvid'), ('HOME', '/home/tknika'), ('OLDPWD', '/home/tknika/gral-iiriondo-main/unitree_ws'), ('DESKTOP_SESSION', 'ubuntu'), ('GIO_LAUNCHED_DESKTOP_FILE', '/usr/share/applications/terminator.desktop'), ('ROS_PYTHON_VERSION', '3'), ('GNOME_SHELL_SESSION_MODE', 'ubuntu'), ('GTK_MODULES', 'gail:atk-bridge'), ('PS1', '\\[\\e]0;\\u@\\h: \\w\\a\\]${debian_chroot:+($debian_chroot)}\\[\\033[01;32m\\]\\u@\\h\\[\\033[00m\\]:\\[\\033[01;34m\\]\\w\\[\\033[00m\\]\\$'), ('MANAGERPID', '2504'), ('SYSTEMD_EXEC_PID', '2680'), ('DBUS_SESSION_BUS_ADDRESS', 'unix:path=/run/user/1000/bus'), ('COLORTERM', 'truecolor'), ('TERMINATOR_DBUS_NAME', 'net.tenshu.Terminator23558193cd9818af7fe4d2c2f5bd9d00f'), ('GIO_LAUNCHED_DESKTOP_FILE_PID', '4209'), ('IM_CONFIG_PHASE', '1'), ('COLCON_PREFIX_PATH', '/home/tknika/gral-iiriondo-main/unitree_ws/install'), ('CUDA_VISIBLE_DEVICES', '0'), ('ROS_DISTRO', 'humble'), ('GTK_IM_MODULE', 'ibus'), ('LOGNAME', 'tknika'), ('JOURNAL_STREAM', '8:50749'), ('_', '/usr/bin/colcon'), ('ROS_VERSION', '2'), ('PKG_CONFIG_PATH', '/home/tknika/gral-iiriondo-main/unitree_ws/install/speech_to_goal_interfaces/lib/aarch64-linux-gnu/pkgconfig:/home/tknika/gral-iiriondo-main/unitree_ws/install/speech_to_goal_interfaces/lib/pkgconfig'), ('XDG_SESSION_CLASS', 'user'), ('USERNAME', 'tknika'), ('TERM', 'xterm-256color'), ('GNOME_DESKTOP_SESSION_ID', 'this-is-deprecated'), ('ROS_LOCALHOST_ONLY', '0'), ('WINDOWPATH', '2'), ('PATH', '/usr/local/cuda-12.6/bin:/usr/local/cuda-12.6/bin:/home/bee/gral-iiriondo/unitree_ws/environments/unitree_env/bin:/opt/ros/humble/bin:/usr/local/cuda-12.6/bin:/home/tknika/.cargo/bin:/home/tknika/.local/bin:/usr/local/sbin:/usr/local/bin:/usr/sbin:/usr/bin:/sbin:/bin:/usr/games:/usr/local/games:/snap/bin:/snap/bin'), ('SESSION_MANAGER', 'local/ubuntu:@/tmp/.ICE-unix/2653,unix/ubuntu:/tmp/.ICE-unix/2653'), ('INVOCATION_ID', '23499d00eeb9404d9453ff310186aa72'), ('XDG_MENU_PREFIX', 'gnome-'), ('XDG_RUNTIME_DIR', '/run/user/1000'), ('DISPLAY', ':1'), ('TERMINATOR_DBUS_PATH', '/net/tenshu/Terminator2'), ('LANG', 'en_US.UTF-8'), ('XDG_CURRENT_DESKTOP', 'ubuntu:GNOME'), ('IBUS_DISABLE_SNOOPER', '1'), ('VIRTUAL_ENV_PROMPT', '(unitree_env)'), ('XMODIFIERS', '@im=ibus'), ('XDG_SESSION_DESKTOP', 'ubuntu'), ('XAUTHORITY', '/run/user/1000/gdm/Xauthority'), ('LS_COLORS', 'rs=0:di=01;34:ln=01;36:mh=00:pi=40;33:so=01;35:do=01;35:bd=40;33;01:cd=40;33;01:or=40;31;01:mi=00:su=37;41:sg=30;43:ca=30;41:tw=30;42:ow=34;42:st=37;44:ex=01;32:*.tar=01;31:*.tgz=01;31:*.arc=01;31:*.arj=01;31:*.taz=01;31:*.lha=01;31:*.lz4=01;31:*.lzh=01;31:*.lzma=01;31:*.tlz=01;31:*.txz=01;31:*.tzo=01;31:*.t7z=01;31:*.zip=01;31:*.z=01;31:*.dz=01;31:*.gz=01;31:*.lrz=01;31:*.lz=01;31:*.lzo=01;31:*.xz=01;31:*.zst=01;31:*.tzst=01;31:*.bz2=01;31:*.bz=01;31:*.tbz=01;31:*.tbz2=01;31:*.tz=01;31:*.deb=01;31:*.rpm=01;31:*.jar=01;31:*.war=01;31:*.ear=01;31:*.sar=01;31:*.rar=01;31:*.alz=01;31:*.ace=01;31:*.zoo=01;31:*.cpio=01;31:*.7z=01;31:*.rz=01;31:*.cab=01;31:*.wim=01;31:*.swm=01;31:*.dwm=01;31:*.esd=01;31:*.jpg=01;35:*.jpeg=01;35:*.mjpg=01;35:*.mjpeg=01;35:*.gif=01;35:*.bmp=01;35:*.pbm=01;35:*.pgm=01;35:*.ppm=01;35:*.tga=01;35:*.xbm=01;35:*.xpm=01;35:*.tif=01;35:*.tiff=01;35:*.png=01;35:*.svg=01;35:*.svgz=01;35:*.mng=01;35:*.pcx=01;35:*.mov=01;35:*.mpg=01;35:*.mpeg=01;35:*.m2v=01;35:*.mkv=01;35:*.webm=01;35:*.webp=01;35:*.ogm=01;35:*.mp4=01;35:*.m4v=01;35:*.mp4v=01;35:*.vob=01;35:*.qt=01;35:*.nuv=01;35:*.wmv=01;35:*.asf=01;35:*.rm=01;35:*.rmvb=01;35:*.flc=01;35:*.avi=01;35:*.fli=01;35:*.flv=01;35:*.gl=01;35:*.dl=01;35:*.xcf=01;35:*.xwd=01;35:*.yuv=01;35:*.cgm=01;35:*.emf=01;35:*.ogv=01;35:*.ogx=01;35:*.aac=00;36:*.au=00;36:*.flac=00;36:*.m4a=00;36:*.mid=00;36:*.midi=00;36:*.mka=00;36:*.mp3=00;36:*.mpc=00;36:*.ogg=00;36:*.ra=00;36:*.wav=00;36:*.oga=00;36:*.opus=00;36:*.spx=00;36:*.xspf=00;36:'), ('SSH_AGENT_LAUNCHER', 'gnome-keyring'), ('SSH_AUTH_SOCK', '/run/user/1000/keyring/ssh'), ('AMENT_PREFIX_PATH', '/opt/ros/humble'), ('SHELL', '/bin/bash'), ('TERMINATOR_UUID', 'urn:uuid:6783764e-82b3-4e19-a535-1afecb743d9d'), ('QT_ACCESSIBILITY', '1'), ('GDMSESSION', 'ubuntu'), ('LESSCLOSE', '/usr/bin/lesspipe %s %s'), ('GPG_AGENT_INFO', '/run/user/1000/gnupg/S.gpg-agent:0:1'), ('GJS_DEBUG_OUTPUT', 'stderr'), ('VIRTUAL_ENV', '/home/bee/gral-iiriondo/unitree_ws/environments/unitree_env'), ('QT_IM_MODULE', 'ibus'), ('PWD', '/home/tknika/gral-iiriondo-main/unitree_ws/build/speech_to_goal_interfaces'), ('XDG_CONFIG_DIRS', '/etc/xdg/xdg-ubuntu:/etc/xdg'), ('XDG_DATA_DIRS', '/usr/share/ubuntu:/usr/share/gnome:/usr/local/share/:/usr/share/:/var/lib/snapd/desktop'), ('PYTHONPATH', '/opt/ros/humble/lib/python3.10/site-packages:/opt/ros/humble/local/lib/python3.10/dist-packages'), ('COLCON', '1'), ('VTE_VERSION', '6800'), ('CMAKE_PREFIX_PATH', '/opt/ros/humble')]), 'shell': False}
[0.198655] (-) TimerEvent: {}
[0.299370] (-) TimerEvent: {}
[0.400059] (-) TimerEvent: {}
[0.500789] (-) TimerEvent: {}
[0.601423] (-) TimerEvent: {}
[0.702045] (-) TimerEvent: {}
[0.802691] (-) TimerEvent: {}
[0.903364] (-) TimerEvent: {}
[1.004015] (-) TimerEvent: {}
[1.105288] (-) TimerEvent: {}
[1.209620] (-) TimerEvent: {}
[1.310332] (-) TimerEvent: {}
[1.411010] (-) TimerEvent: {}
[1.511687] (-) TimerEvent: {}
[1.612419] (-) TimerEvent: {}
[1.713107] (-) TimerEvent: {}
[1.813761] (-) TimerEvent: {}
[1.914531] (-) TimerEvent: {}
[2.015297] (-) TimerEvent: {}
[2.116044] (-) TimerEvent: {}
[2.216714] (-) TimerEvent: {}
[2.317362] (-) TimerEvent: {}
[2.418063] (-) TimerEvent: {}
[2.518965] (-) TimerEvent: {}
[2.619630] (-) TimerEvent: {}
[2.720290] (-) TimerEvent: {}
[2.820993] (-) TimerEvent: {}
[2.921665] (-) TimerEvent: {}
[3.022255] (-) TimerEvent: {}
[3.122945] (-) TimerEvent: {}
[3.223609] (-) TimerEvent: {}
[3.324316] (-) TimerEvent: {}
[3.425085] (-) TimerEvent: {}
[3.525795] (-) TimerEvent: {}
[3.626531] (-) TimerEvent: {}
[3.727273] (-) TimerEvent: {}
[3.828082] (-) TimerEvent: {}
[3.842219] (object_recognition_interfaces) StdoutLine: {'line': b'\x1b[35m\x1b[1mConsolidate compiler generated dependencies of target object_recognition_interfaces__rosidl_generator_c\x1b[0m\n'}
[3.843983] (object_recognition_interfaces) StdoutLine: {'line': b'[  2%] Built target object_recognition_interfaces__rs\n'}
[3.845195] (object_recognition_interfaces) StdoutLine: {'line': b'[  5%] Built target object_recognition_interfaces__cpp\n'}
[3.845782] (object_recognition_interfaces) StdoutLine: {'line': b'[ 15%] Built target object_recognition_interfaces__rosidl_generator_c\n'}
[3.846470] (object_recognition_interfaces) StdoutLine: {'line': b'[ 15%] Built target ament_cmake_python_symlink_object_recognition_interfaces\n'}
[3.847708] (object_recognition_interfaces) StdoutLine: {'line': b'\x1b[35m\x1b[1mConsolidate compiler generated dependencies of target object_recognition_interfaces__rosidl_typesupport_fastrtps_c\x1b[0m\n'}
[3.848404] (object_recognition_interfaces) StdoutLine: {'line': b'\x1b[35m\x1b[1mConsolidate compiler generated dependencies of target object_recognition_interfaces__rosidl_typesupport_introspection_cpp\x1b[0m\n'}
[3.848749] (object_recognition_interfaces) StdoutLine: {'line': b'\x1b[35m\x1b[1mConsolidate compiler generated dependencies of target object_recognition_interfaces__rosidl_typesupport_c\x1b[0m\n'}
[3.849104] (object_recognition_interfaces) StdoutLine: {'line': b'\x1b[35m\x1b[1mConsolidate compiler generated dependencies of target object_recognition_interfaces__rosidl_typesupport_introspection_c\x1b[0m\n'}
[3.850264] (object_recognition_interfaces) StdoutLine: {'line': b'\x1b[35m\x1b[1mConsolidate compiler generated dependencies of target object_recognition_interfaces__rosidl_typesupport_fastrtps_cpp\x1b[0m\n'}
[3.851702] (object_recognition_interfaces) StdoutLine: {'line': b'\x1b[35m\x1b[1mConsolidate compiler generated dependencies of target object_recognition_interfaces__rosidl_typesupport_cpp\x1b[0m\n'}
[3.851993] (object_recognition_interfaces) StdoutLine: {'line': b'[ 25%] Built target object_recognition_interfaces__rosidl_typesupport_fastrtps_c\n'}
[3.852322] (object_recognition_interfaces) StdoutLine: {'line': b'[ 35%] Built target object_recognition_interfaces__rosidl_typesupport_introspection_cpp\n'}
[3.852763] (object_recognition_interfaces) StdoutLine: {'line': b'[ 45%] Built target object_recognition_interfaces__rosidl_typesupport_c\n'}
[3.853412] (object_recognition_interfaces) StdoutLine: {'line': b'[ 55%] Built target object_recognition_interfaces__rosidl_typesupport_cpp\n'}
[3.854907] (object_recognition_interfaces) StdoutLine: {'line': b'[ 75%] Built target object_recognition_interfaces__rosidl_typesupport_fastrtps_cpp\n'}
[3.855330] (object_recognition_interfaces) StdoutLine: {'line': b'[ 75%] Built target object_recognition_interfaces__rosidl_typesupport_introspection_c\n'}
[3.855491] (object_recognition_interfaces) StdoutLine: {'line': b'[ 75%] Built target object_recognition_interfaces\n'}
[3.855632] (object_recognition_interfaces) StdoutLine: {'line': b'[ 77%] Built target object_recognition_interfaces__py\n'}
[3.855813] (object_recognition_interfaces) StdoutLine: {'line': b'\x1b[35m\x1b[1mConsolidate compiler generated dependencies of target object_recognition_interfaces__rosidl_generator_py\x1b[0m\n'}
[3.855986] (object_recognition_interfaces) StdoutLine: {'line': b'[ 85%] Built target object_recognition_interfaces__rosidl_generator_py\n'}
[3.856157] (object_recognition_interfaces) StdoutLine: {'line': b'\x1b[35m\x1b[1mConsolidate compiler generated dependencies of target object_recognition_interfaces__rosidl_typesupport_fastrtps_c__pyext\x1b[0m\n'}
[3.856306] (object_recognition_interfaces) StdoutLine: {'line': b'\x1b[35m\x1b[1mConsolidate compiler generated dependencies of target object_recognition_interfaces__rosidl_typesupport_introspection_c__pyext\x1b[0m\n'}
[3.856432] (object_recognition_interfaces) StdoutLine: {'line': b'\x1b[35m\x1b[1mConsolidate compiler generated dependencies of target object_recognition_interfaces__rosidl_typesupport_c__pyext\x1b[0m\n'}
[3.856552] (object_recognition_interfaces) StdoutLine: {'line': b'[ 90%] Built target object_recognition_interfaces__rosidl_typesupport_introspection_c__pyext\n'}
[3.856674] (object_recognition_interfaces) StdoutLine: {'line': b'[ 95%] Built target object_recognition_interfaces__rosidl_typesupport_c__pyext\n'}
[3.856795] (object_recognition_interfaces) StdoutLine: {'line': b'[100%] Built target object_recognition_interfaces__rosidl_typesupport_fastrtps_c__pyext\n'}
[3.856912] (object_recognition_interfaces) StdoutLine: {'line': b'running egg_info\n'}
[3.857029] (object_recognition_interfaces) StdoutLine: {'line': b'writing object_recognition_interfaces.egg-info/PKG-INFO\n'}
[3.857142] (object_recognition_interfaces) StdoutLine: {'line': b'writing dependency_links to object_recognition_interfaces.egg-info/dependency_links.txt\n'}
[3.857252] (object_recognition_interfaces) StdoutLine: {'line': b'writing top-level names to object_recognition_interfaces.egg-info/top_level.txt\n'}
[3.857361] (object_recognition_interfaces) StdoutLine: {'line': b"reading manifest file 'object_recognition_interfaces.egg-info/SOURCES.txt'\n"}
[3.857469] (object_recognition_interfaces) StdoutLine: {'line': b"writing manifest file 'object_recognition_interfaces.egg-info/SOURCES.txt'\n"}
[3.857577] (object_recognition_interfaces) StdoutLine: {'line': b'[100%] Built target ament_cmake_python_build_object_recognition_interfaces_egg\n'}
[3.857690] (aruco_markers_msgs) StdoutLine: {'line': b'\x1b[35m\x1b[1mConsolidate compiler generated dependencies of target aruco_markers_msgs__rosidl_generator_c\x1b[0m\n'}
[3.857916] (aruco_markers_msgs) StdoutLine: {'line': b'[ 10%] Built target aruco_markers_msgs__rosidl_generator_c\n'}
[3.858040] (aruco_markers_msgs) StdoutLine: {'line': b'[ 15%] Built target aruco_markers_msgs__cpp\n'}
[3.858212] (aruco_markers_msgs) StdoutLine: {'line': b'[ 15%] Built target aruco_markers_msgs__rs\n'}
[3.858344] (aruco_markers_msgs) StdoutLine: {'line': b'[ 15%] Built target ament_cmake_python_symlink_aruco_markers_msgs\n'}
[3.858465] (aruco_markers_msgs) StdoutLine: {'line': b'\x1b[35m\x1b[1mConsolidate compiler generated dependencies of target aruco_markers_msgs__rosidl_typesupport_fastrtps_c\x1b[0m\n'}
[3.858583] (aruco_markers_msgs) StdoutLine: {'line': b'\x1b[35m\x1b[1mConsolidate compiler generated dependencies of target aruco_markers_msgs__rosidl_typesupport_c\x1b[0m\n'}
[3.858698] (aruco_markers_msgs) StdoutLine: {'line': b'\x1b[35m\x1b[1mConsolidate compiler generated dependencies of target aruco_markers_msgs__rosidl_typesupport_introspection_c\x1b[0m\n'}
[3.858814] (aruco_markers_msgs) StdoutLine: {'line': b'\x1b[35m\x1b[1mConsolidate compiler generated dependencies of target aruco_markers_msgs__rosidl_typesupport_cpp\x1b[0m\n'}
[3.858927] (aruco_markers_msgs) StdoutLine: {'line': b'\x1b[35m\x1b[1mConsolidate compiler generated dependencies of target aruco_markers_msgs__rosidl_typesupport_introspection_cpp\x1b[0m\n'}
[3.859041] (aruco_markers_msgs) StdoutLine: {'line': b'\x1b[35m\x1b[1mConsolidate compiler generated dependencies of target aruco_markers_msgs__rosidl_typesupport_fastrtps_cpp\x1b[0m\n'}
[3.859178] (aruco_markers_msgs) StdoutLine: {'line': b'[ 25%] Built target aruco_markers_msgs__rosidl_typesupport_c\n'}
[3.859296] (aruco_markers_msgs) StdoutLine: {'line': b'[ 35%] Built target aruco_markers_msgs__rosidl_typesupport_introspection_c\n'}
[3.859412] (aruco_markers_msgs) StdoutLine: {'line': b'[ 50%] Built target aruco_markers_msgs__rosidl_typesupport_fastrtps_c\n'}
[3.859529] (aruco_markers_msgs) StdoutLine: {'line': b'[ 60%] Built target aruco_markers_msgs__rosidl_typesupport_introspection_cpp\n'}
[3.859645] (aruco_markers_msgs) StdoutLine: {'line': b'[ 65%] Built target aruco_markers_msgs__rosidl_typesupport_cpp\n'}
[3.859760] (aruco_markers_msgs) StdoutLine: {'line': b'[ 75%] Built target aruco_markers_msgs__rosidl_typesupport_fastrtps_cpp\n'}
[3.859875] (aruco_markers_msgs) StdoutLine: {'line': b'[ 75%] Built target aruco_markers_msgs\n'}
[3.859992] (aruco_markers_msgs) StdoutLine: {'line': b'[ 77%] Built target aruco_markers_msgs__py\n'}
[3.860104] (aruco_markers_msgs) StdoutLine: {'line': b'\x1b[35m\x1b[1mConsolidate compiler generated dependencies of target aruco_markers_msgs__rosidl_generator_py\x1b[0m\n'}
[3.860217] (aruco_markers_msgs) StdoutLine: {'line': b'[ 85%] Built target aruco_markers_msgs__rosidl_generator_py\n'}
[3.860329] (aruco_markers_msgs) StdoutLine: {'line': b'\x1b[35m\x1b[1mConsolidate compiler generated dependencies of target aruco_markers_msgs__rosidl_typesupport_fastrtps_c__pyext\x1b[0m\n'}
[3.860571] (aruco_markers_msgs) StdoutLine: {'line': b'\x1b[35m\x1b[1mConsolidate compiler generated dependencies of target aruco_markers_msgs__rosidl_typesupport_introspection_c__pyext\x1b[0m\n'}
[3.860735] (aruco_markers_msgs) StdoutLine: {'line': b'\x1b[35m\x1b[1mConsolidate compiler generated dependencies of target aruco_markers_msgs__rosidl_typesupport_c__pyext\x1b[0m\n'}
[3.860860] (aruco_markers_msgs) StdoutLine: {'line': b'[ 90%] Built target aruco_markers_msgs__rosidl_typesupport_fastrtps_c__pyext\n'}
[3.860983] (aruco_markers_msgs) StdoutLine: {'line': b'[ 95%] Built target aruco_markers_msgs__rosidl_typesupport_c__pyext\n'}
[3.861104] (aruco_markers_msgs) StdoutLine: {'line': b'[100%] Built target aruco_markers_msgs__rosidl_typesupport_introspection_c__pyext\n'}
[3.861220] (aruco_markers_msgs) StdoutLine: {'line': b'running egg_info\n'}
[3.861335] (aruco_markers_msgs) StdoutLine: {'line': b'writing aruco_markers_msgs.egg-info/PKG-INFO\n'}
[3.861450] (aruco_markers_msgs) StdoutLine: {'line': b'writing dependency_links to aruco_markers_msgs.egg-info/dependency_links.txt\n'}
[3.861566] (aruco_markers_msgs) StdoutLine: {'line': b'writing top-level names to aruco_markers_msgs.egg-info/top_level.txt\n'}
[3.861677] (aruco_markers_msgs) StdoutLine: {'line': b"reading manifest file 'aruco_markers_msgs.egg-info/SOURCES.txt'\n"}
[3.861788] (aruco_markers_msgs) StdoutLine: {'line': b"writing manifest file 'aruco_markers_msgs.egg-info/SOURCES.txt'\n"}
[3.861899] (aruco_markers_msgs) StdoutLine: {'line': b'[100%] Built target ament_cmake_python_build_aruco_markers_msgs_egg\n'}
[3.862015] (speech_to_goal_interfaces) StdoutLine: {'line': b'\x1b[35m\x1b[1mConsolidate compiler generated dependencies of target speech_to_goal_interfaces__rosidl_generator_c\x1b[0m\n'}
[3.862253] (speech_to_goal_interfaces) StdoutLine: {'line': b'[ 12%] Built target speech_to_goal_interfaces__cpp\n'}
[3.862385] (speech_to_goal_interfaces) StdoutLine: {'line': b'[ 12%] Built target speech_to_goal_interfaces__rosidl_generator_c\n'}
[3.862512] (speech_to_goal_interfaces) StdoutLine: {'line': b'[ 12%] Built target ament_cmake_python_symlink_speech_to_goal_interfaces\n'}
[3.862628] (speech_to_goal_interfaces) StdoutLine: {'line': b'[ 14%] Built target speech_to_goal_interfaces__rs\n'}
[3.862744] (speech_to_goal_interfaces) StdoutLine: {'line': b'\x1b[35m\x1b[1mConsolidate compiler generated dependencies of target speech_to_goal_interfaces__rosidl_typesupport_introspection_cpp\x1b[0m\n'}
[3.862859] (speech_to_goal_interfaces) StdoutLine: {'line': b'\x1b[35m\x1b[1mConsolidate compiler generated dependencies of target speech_to_goal_interfaces__rosidl_typesupport_cpp\x1b[0m\n'}
[3.863085] (speech_to_goal_interfaces) StdoutLine: {'line': b'\x1b[35m\x1b[1mConsolidate compiler generated dependencies of target speech_to_goal_interfaces__rosidl_typesupport_fastrtps_c\x1b[0m\n'}
[3.863261] (speech_to_goal_interfaces) StdoutLine: {'line': b'\x1b[35m\x1b[1mConsolidate compiler generated dependencies of target speech_to_goal_interfaces__rosidl_typesupport_introspection_c\x1b[0m\n'}
[3.863478] (speech_to_goal_interfaces) StdoutLine: {'line': b'\x1b[35m\x1b[1mConsolidate compiler generated dependencies of target speech_to_goal_interfaces__rosidl_typesupport_c\x1b[0m\n'}
[3.863631] (speech_to_goal_interfaces) StdoutLine: {'line': b'\x1b[35m\x1b[1mConsolidate compiler generated dependencies of target speech_to_goal_interfaces__rosidl_typesupport_fastrtps_cpp\x1b[0m\n'}
[3.863758] (speech_to_goal_interfaces) StdoutLine: {'line': b'[ 25%] Built target speech_to_goal_interfaces__rosidl_typesupport_cpp\n'}
[3.863890] (speech_to_goal_interfaces) StdoutLine: {'line': b'[ 35%] Built target speech_to_goal_interfaces__rosidl_typesupport_introspection_cpp\n'}
[3.864019] (speech_to_goal_interfaces) StdoutLine: {'line': b'[ 45%] Built target speech_to_goal_interfaces__rosidl_typesupport_c\n'}
[3.864143] (speech_to_goal_interfaces) StdoutLine: {'line': b'[ 56%] Built target speech_to_goal_interfaces__rosidl_typesupport_introspection_c\n'}
[3.864266] (speech_to_goal_interfaces) StdoutLine: {'line': b'[ 66%] Built target speech_to_goal_interfaces__rosidl_typesupport_fastrtps_c\n'}
[3.864387] (speech_to_goal_interfaces) StdoutLine: {'line': b'[ 77%] Built target speech_to_goal_interfaces__rosidl_typesupport_fastrtps_cpp\n'}
[3.864505] (speech_to_goal_interfaces) StdoutLine: {'line': b'[ 77%] Built target speech_to_goal_interfaces\n'}
[3.864624] (speech_to_goal_interfaces) StdoutLine: {'line': b'[ 79%] Built target speech_to_goal_interfaces__py\n'}
[3.864742] (speech_to_goal_interfaces) StdoutLine: {'line': b'\x1b[35m\x1b[1mConsolidate compiler generated dependencies of target speech_to_goal_interfaces__rosidl_generator_py\x1b[0m\n'}
[3.864865] (speech_to_goal_interfaces) StdoutLine: {'line': b'[ 87%] Built target speech_to_goal_interfaces__rosidl_generator_py\n'}
[3.864985] (speech_to_goal_interfaces) StdoutLine: {'line': b'\x1b[35m\x1b[1mConsolidate compiler generated dependencies of target speech_to_goal_interfaces__rosidl_typesupport_fastrtps_c__pyext\x1b[0m\n'}
[3.865104] (speech_to_goal_interfaces) StdoutLine: {'line': b'\x1b[35m\x1b[1mConsolidate compiler generated dependencies of target speech_to_goal_interfaces__rosidl_typesupport_introspection_c__pyext\x1b[0m\n'}
[3.865223] (speech_to_goal_interfaces) StdoutLine: {'line': b'\x1b[35m\x1b[1mConsolidate compiler generated dependencies of target speech_to_goal_interfaces__rosidl_typesupport_c__pyext\x1b[0m\n'}
[3.865338] (speech_to_goal_interfaces) StdoutLine: {'line': b'[ 91%] Built target speech_to_goal_interfaces__rosidl_typesupport_fastrtps_c__pyext\n'}
[3.865455] (speech_to_goal_interfaces) StdoutLine: {'line': b'[ 95%] Built target speech_to_goal_interfaces__rosidl_typesupport_introspection_c__pyext\n'}
[3.865574] (speech_to_goal_interfaces) StdoutLine: {'line': b'[100%] Built target speech_to_goal_interfaces__rosidl_typesupport_c__pyext\n'}
[3.865693] (speech_to_goal_interfaces) StdoutLine: {'line': b'running egg_info\n'}
[3.865808] (speech_to_goal_interfaces) StdoutLine: {'line': b'writing speech_to_goal_interfaces.egg-info/PKG-INFO\n'}
[3.865922] (speech_to_goal_interfaces) StdoutLine: {'line': b'writing dependency_links to speech_to_goal_interfaces.egg-info/dependency_links.txt\n'}
[3.866037] (speech_to_goal_interfaces) StdoutLine: {'line': b'writing top-level names to speech_to_goal_interfaces.egg-info/top_level.txt\n'}
[3.866170] (speech_to_goal_interfaces) StdoutLine: {'line': b"reading manifest file 'speech_to_goal_interfaces.egg-info/SOURCES.txt'\n"}
[3.866289] (speech_to_goal_interfaces) StdoutLine: {'line': b"writing manifest file 'speech_to_goal_interfaces.egg-info/SOURCES.txt'\n"}
[3.866433] (speech_to_goal_interfaces) StdoutLine: {'line': b'[100%] Built target ament_cmake_python_build_speech_to_goal_interfaces_egg\n'}
[3.866561] (object_recognition_interfaces) CommandEnded: {'returncode': 0}
[3.867420] (object_recognition_interfaces) JobProgress: {'identifier': 'object_recognition_interfaces', 'progress': 'install'}
[3.871582] (object_recognition_interfaces) Command: {'cmd': ['/usr/bin/cmake', '--install', '/home/tknika/gral-iiriondo-main/unitree_ws/build/object_recognition_interfaces'], 'cwd': '/home/tknika/gral-iiriondo-main/unitree_ws/build/object_recognition_interfaces', 'env': OrderedDict([('GJS_DEBUG_TOPICS', 'JS ERROR;JS LOG'), ('LESSOPEN', '| /usr/bin/lesspipe %s'), ('USER', 'tknika'), ('OLLAMA_LLM_LIBRARY', 'cuda'), ('ROS_PACKAGE_PATH', '/home/tknika/gral-iiriondo-main/unitree_ws/install/speech_to_goal_interfaces/share'), ('XDG_SESSION_TYPE', 'x11'), ('SHLVL', '1'), ('LD_LIBRARY_PATH', '/home/tknika/gral-iiriondo-main/unitree_ws/install/speech_to_goal_interfaces/lib:/home/tknika/gral-iiriondo-main/unitree_ws/install/object_recognition_interfaces/lib:/home/tknika/gral-iiriondo-main/unitree_ws/install/aruco_markers_msgs/lib:/usr/lib/aarch64-linux-gnu/nvidia:/usr/local/cuda/lib64:/opt/ros/humble/opt/rviz_ogre_vendor/lib:/opt/ros/humble/lib/aarch64-linux-gnu:/opt/ros/humble/lib:/usr/local/cuda-12.6/lib64:/usr/lib/aarch64-linux-gnu/nvid'), ('HOME', '/home/tknika'), ('OLDPWD', '/home/tknika/gral-iiriondo-main/unitree_ws'), ('DESKTOP_SESSION', 'ubuntu'), ('GIO_LAUNCHED_DESKTOP_FILE', '/usr/share/applications/terminator.desktop'), ('ROS_PYTHON_VERSION', '3'), ('GNOME_SHELL_SESSION_MODE', 'ubuntu'), ('GTK_MODULES', 'gail:atk-bridge'), ('PS1', '\\[\\e]0;\\u@\\h: \\w\\a\\]${debian_chroot:+($debian_chroot)}\\[\\033[01;32m\\]\\u@\\h\\[\\033[00m\\]:\\[\\033[01;34m\\]\\w\\[\\033[00m\\]\\$'), ('MANAGERPID', '2504'), ('SYSTEMD_EXEC_PID', '2680'), ('DBUS_SESSION_BUS_ADDRESS', 'unix:path=/run/user/1000/bus'), ('COLORTERM', 'truecolor'), ('TERMINATOR_DBUS_NAME', 'net.tenshu.Terminator23558193cd9818af7fe4d2c2f5bd9d00f'), ('GIO_LAUNCHED_DESKTOP_FILE_PID', '4209'), ('IM_CONFIG_PHASE', '1'), ('COLCON_PREFIX_PATH', '/home/tknika/gral-iiriondo-main/unitree_ws/install'), ('CUDA_VISIBLE_DEVICES', '0'), ('ROS_DISTRO', 'humble'), ('GTK_IM_MODULE', 'ibus'), ('LOGNAME', 'tknika'), ('JOURNAL_STREAM', '8:50749'), ('_', '/usr/bin/colcon'), ('ROS_VERSION', '2'), ('PKG_CONFIG_PATH', '/home/tknika/gral-iiriondo-main/unitree_ws/install/speech_to_goal_interfaces/lib/aarch64-linux-gnu/pkgconfig:/home/tknika/gral-iiriondo-main/unitree_ws/install/speech_to_goal_interfaces/lib/pkgconfig'), ('XDG_SESSION_CLASS', 'user'), ('USERNAME', 'tknika'), ('TERM', 'xterm-256color'), ('GNOME_DESKTOP_SESSION_ID', 'this-is-deprecated'), ('ROS_LOCALHOST_ONLY', '0'), ('WINDOWPATH', '2'), ('PATH', '/usr/local/cuda-12.6/bin:/usr/local/cuda-12.6/bin:/home/bee/gral-iiriondo/unitree_ws/environments/unitree_env/bin:/opt/ros/humble/bin:/usr/local/cuda-12.6/bin:/home/tknika/.cargo/bin:/home/tknika/.local/bin:/usr/local/sbin:/usr/local/bin:/usr/sbin:/usr/bin:/sbin:/bin:/usr/games:/usr/local/games:/snap/bin:/snap/bin'), ('SESSION_MANAGER', 'local/ubuntu:@/tmp/.ICE-unix/2653,unix/ubuntu:/tmp/.ICE-unix/2653'), ('INVOCATION_ID', '23499d00eeb9404d9453ff310186aa72'), ('XDG_MENU_PREFIX', 'gnome-'), ('XDG_RUNTIME_DIR', '/run/user/1000'), ('DISPLAY', ':1'), ('TERMINATOR_DBUS_PATH', '/net/tenshu/Terminator2'), ('LANG', 'en_US.UTF-8'), ('XDG_CURRENT_DESKTOP', 'ubuntu:GNOME'), ('IBUS_DISABLE_SNOOPER', '1'), ('VIRTUAL_ENV_PROMPT', '(unitree_env)'), ('XMODIFIERS', '@im=ibus'), ('XDG_SESSION_DESKTOP', 'ubuntu'), ('XAUTHORITY', '/run/user/1000/gdm/Xauthority'), ('LS_COLORS', 'rs=0:di=01;34:ln=01;36:mh=00:pi=40;33:so=01;35:do=01;35:bd=40;33;01:cd=40;33;01:or=40;31;01:mi=00:su=37;41:sg=30;43:ca=30;41:tw=30;42:ow=34;42:st=37;44:ex=01;32:*.tar=01;31:*.tgz=01;31:*.arc=01;31:*.arj=01;31:*.taz=01;31:*.lha=01;31:*.lz4=01;31:*.lzh=01;31:*.lzma=01;31:*.tlz=01;31:*.txz=01;31:*.tzo=01;31:*.t7z=01;31:*.zip=01;31:*.z=01;31:*.dz=01;31:*.gz=01;31:*.lrz=01;31:*.lz=01;31:*.lzo=01;31:*.xz=01;31:*.zst=01;31:*.tzst=01;31:*.bz2=01;31:*.bz=01;31:*.tbz=01;31:*.tbz2=01;31:*.tz=01;31:*.deb=01;31:*.rpm=01;31:*.jar=01;31:*.war=01;31:*.ear=01;31:*.sar=01;31:*.rar=01;31:*.alz=01;31:*.ace=01;31:*.zoo=01;31:*.cpio=01;31:*.7z=01;31:*.rz=01;31:*.cab=01;31:*.wim=01;31:*.swm=01;31:*.dwm=01;31:*.esd=01;31:*.jpg=01;35:*.jpeg=01;35:*.mjpg=01;35:*.mjpeg=01;35:*.gif=01;35:*.bmp=01;35:*.pbm=01;35:*.pgm=01;35:*.ppm=01;35:*.tga=01;35:*.xbm=01;35:*.xpm=01;35:*.tif=01;35:*.tiff=01;35:*.png=01;35:*.svg=01;35:*.svgz=01;35:*.mng=01;35:*.pcx=01;35:*.mov=01;35:*.mpg=01;35:*.mpeg=01;35:*.m2v=01;35:*.mkv=01;35:*.webm=01;35:*.webp=01;35:*.ogm=01;35:*.mp4=01;35:*.m4v=01;35:*.mp4v=01;35:*.vob=01;35:*.qt=01;35:*.nuv=01;35:*.wmv=01;35:*.asf=01;35:*.rm=01;35:*.rmvb=01;35:*.flc=01;35:*.avi=01;35:*.fli=01;35:*.flv=01;35:*.gl=01;35:*.dl=01;35:*.xcf=01;35:*.xwd=01;35:*.yuv=01;35:*.cgm=01;35:*.emf=01;35:*.ogv=01;35:*.ogx=01;35:*.aac=00;36:*.au=00;36:*.flac=00;36:*.m4a=00;36:*.mid=00;36:*.midi=00;36:*.mka=00;36:*.mp3=00;36:*.mpc=00;36:*.ogg=00;36:*.ra=00;36:*.wav=00;36:*.oga=00;36:*.opus=00;36:*.spx=00;36:*.xspf=00;36:'), ('SSH_AGENT_LAUNCHER', 'gnome-keyring'), ('SSH_AUTH_SOCK', '/run/user/1000/keyring/ssh'), ('AMENT_PREFIX_PATH', '/opt/ros/humble'), ('SHELL', '/bin/bash'), ('TERMINATOR_UUID', 'urn:uuid:6783764e-82b3-4e19-a535-1afecb743d9d'), ('QT_ACCESSIBILITY', '1'), ('GDMSESSION', 'ubuntu'), ('LESSCLOSE', '/usr/bin/lesspipe %s %s'), ('GPG_AGENT_INFO', '/run/user/1000/gnupg/S.gpg-agent:0:1'), ('GJS_DEBUG_OUTPUT', 'stderr'), ('VIRTUAL_ENV', '/home/bee/gral-iiriondo/unitree_ws/environments/unitree_env'), ('QT_IM_MODULE', 'ibus'), ('PWD', '/home/tknika/gral-iiriondo-main/unitree_ws/build/object_recognition_interfaces'), ('XDG_CONFIG_DIRS', '/etc/xdg/xdg-ubuntu:/etc/xdg'), ('XDG_DATA_DIRS', '/usr/share/ubuntu:/usr/share/gnome:/usr/local/share/:/usr/share/:/var/lib/snapd/desktop'), ('PYTHONPATH', '/opt/ros/humble/lib/python3.10/site-packages:/opt/ros/humble/local/lib/python3.10/dist-packages'), ('COLCON', '1'), ('VTE_VERSION', '6800'), ('CMAKE_PREFIX_PATH', '/opt/ros/humble')]), 'shell': False}
[3.874725] (speech_to_goal_interfaces) CommandEnded: {'returncode': 0}
[3.875863] (speech_to_goal_interfaces) JobProgress: {'identifier': 'speech_to_goal_interfaces', 'progress': 'install'}
[3.876218] (speech_to_goal_interfaces) Command: {'cmd': ['/usr/bin/cmake', '--install', '/home/tknika/gral-iiriondo-main/unitree_ws/build/speech_to_goal_interfaces'], 'cwd': '/home/tknika/gral-iiriondo-main/unitree_ws/build/speech_to_goal_interfaces', 'env': OrderedDict([('GJS_DEBUG_TOPICS', 'JS ERROR;JS LOG'), ('LESSOPEN', '| /usr/bin/lesspipe %s'), ('USER', 'tknika'), ('OLLAMA_LLM_LIBRARY', 'cuda'), ('ROS_PACKAGE_PATH', '/home/tknika/gral-iiriondo-main/unitree_ws/install/speech_to_goal_interfaces/share'), ('XDG_SESSION_TYPE', 'x11'), ('SHLVL', '1'), ('LD_LIBRARY_PATH', '/home/tknika/gral-iiriondo-main/unitree_ws/install/speech_to_goal_interfaces/lib:/home/tknika/gral-iiriondo-main/unitree_ws/install/object_recognition_interfaces/lib:/home/tknika/gral-iiriondo-main/unitree_ws/install/aruco_markers_msgs/lib:/usr/lib/aarch64-linux-gnu/nvidia:/usr/local/cuda/lib64:/opt/ros/humble/opt/rviz_ogre_vendor/lib:/opt/ros/humble/lib/aarch64-linux-gnu:/opt/ros/humble/lib:/usr/local/cuda-12.6/lib64:/usr/lib/aarch64-linux-gnu/nvid'), ('HOME', '/home/tknika'), ('OLDPWD', '/home/tknika/gral-iiriondo-main/unitree_ws'), ('DESKTOP_SESSION', 'ubuntu'), ('GIO_LAUNCHED_DESKTOP_FILE', '/usr/share/applications/terminator.desktop'), ('ROS_PYTHON_VERSION', '3'), ('GNOME_SHELL_SESSION_MODE', 'ubuntu'), ('GTK_MODULES', 'gail:atk-bridge'), ('PS1', '\\[\\e]0;\\u@\\h: \\w\\a\\]${debian_chroot:+($debian_chroot)}\\[\\033[01;32m\\]\\u@\\h\\[\\033[00m\\]:\\[\\033[01;34m\\]\\w\\[\\033[00m\\]\\$'), ('MANAGERPID', '2504'), ('SYSTEMD_EXEC_PID', '2680'), ('DBUS_SESSION_BUS_ADDRESS', 'unix:path=/run/user/1000/bus'), ('COLORTERM', 'truecolor'), ('TERMINATOR_DBUS_NAME', 'net.tenshu.Terminator23558193cd9818af7fe4d2c2f5bd9d00f'), ('GIO_LAUNCHED_DESKTOP_FILE_PID', '4209'), ('IM_CONFIG_PHASE', '1'), ('COLCON_PREFIX_PATH', '/home/tknika/gral-iiriondo-main/unitree_ws/install'), ('CUDA_VISIBLE_DEVICES', '0'), ('ROS_DISTRO', 'humble'), ('GTK_IM_MODULE', 'ibus'), ('LOGNAME', 'tknika'), ('JOURNAL_STREAM', '8:50749'), ('_', '/usr/bin/colcon'), ('ROS_VERSION', '2'), ('PKG_CONFIG_PATH', '/home/tknika/gral-iiriondo-main/unitree_ws/install/speech_to_goal_interfaces/lib/aarch64-linux-gnu/pkgconfig:/home/tknika/gral-iiriondo-main/unitree_ws/install/speech_to_goal_interfaces/lib/pkgconfig'), ('XDG_SESSION_CLASS', 'user'), ('USERNAME', 'tknika'), ('TERM', 'xterm-256color'), ('GNOME_DESKTOP_SESSION_ID', 'this-is-deprecated'), ('ROS_LOCALHOST_ONLY', '0'), ('WINDOWPATH', '2'), ('PATH', '/usr/local/cuda-12.6/bin:/usr/local/cuda-12.6/bin:/home/bee/gral-iiriondo/unitree_ws/environments/unitree_env/bin:/opt/ros/humble/bin:/usr/local/cuda-12.6/bin:/home/tknika/.cargo/bin:/home/tknika/.local/bin:/usr/local/sbin:/usr/local/bin:/usr/sbin:/usr/bin:/sbin:/bin:/usr/games:/usr/local/games:/snap/bin:/snap/bin'), ('SESSION_MANAGER', 'local/ubuntu:@/tmp/.ICE-unix/2653,unix/ubuntu:/tmp/.ICE-unix/2653'), ('INVOCATION_ID', '23499d00eeb9404d9453ff310186aa72'), ('XDG_MENU_PREFIX', 'gnome-'), ('XDG_RUNTIME_DIR', '/run/user/1000'), ('DISPLAY', ':1'), ('TERMINATOR_DBUS_PATH', '/net/tenshu/Terminator2'), ('LANG', 'en_US.UTF-8'), ('XDG_CURRENT_DESKTOP', 'ubuntu:GNOME'), ('IBUS_DISABLE_SNOOPER', '1'), ('VIRTUAL_ENV_PROMPT', '(unitree_env)'), ('XMODIFIERS', '@im=ibus'), ('XDG_SESSION_DESKTOP', 'ubuntu'), ('XAUTHORITY', '/run/user/1000/gdm/Xauthority'), ('LS_COLORS', 'rs=0:di=01;34:ln=01;36:mh=00:pi=40;33:so=01;35:do=01;35:bd=40;33;01:cd=40;33;01:or=40;31;01:mi=00:su=37;41:sg=30;43:ca=30;41:tw=30;42:ow=34;42:st=37;44:ex=01;32:*.tar=01;31:*.tgz=01;31:*.arc=01;31:*.arj=01;31:*.taz=01;31:*.lha=01;31:*.lz4=01;31:*.lzh=01;31:*.lzma=01;31:*.tlz=01;31:*.txz=01;31:*.tzo=01;31:*.t7z=01;31:*.zip=01;31:*.z=01;31:*.dz=01;31:*.gz=01;31:*.lrz=01;31:*.lz=01;31:*.lzo=01;31:*.xz=01;31:*.zst=01;31:*.tzst=01;31:*.bz2=01;31:*.bz=01;31:*.tbz=01;31:*.tbz2=01;31:*.tz=01;31:*.deb=01;31:*.rpm=01;31:*.jar=01;31:*.war=01;31:*.ear=01;31:*.sar=01;31:*.rar=01;31:*.alz=01;31:*.ace=01;31:*.zoo=01;31:*.cpio=01;31:*.7z=01;31:*.rz=01;31:*.cab=01;31:*.wim=01;31:*.swm=01;31:*.dwm=01;31:*.esd=01;31:*.jpg=01;35:*.jpeg=01;35:*.mjpg=01;35:*.mjpeg=01;35:*.gif=01;35:*.bmp=01;35:*.pbm=01;35:*.pgm=01;35:*.ppm=01;35:*.tga=01;35:*.xbm=01;35:*.xpm=01;35:*.tif=01;35:*.tiff=01;35:*.png=01;35:*.svg=01;35:*.svgz=01;35:*.mng=01;35:*.pcx=01;35:*.mov=01;35:*.mpg=01;35:*.mpeg=01;35:*.m2v=01;35:*.mkv=01;35:*.webm=01;35:*.webp=01;35:*.ogm=01;35:*.mp4=01;35:*.m4v=01;35:*.mp4v=01;35:*.vob=01;35:*.qt=01;35:*.nuv=01;35:*.wmv=01;35:*.asf=01;35:*.rm=01;35:*.rmvb=01;35:*.flc=01;35:*.avi=01;35:*.fli=01;35:*.flv=01;35:*.gl=01;35:*.dl=01;35:*.xcf=01;35:*.xwd=01;35:*.yuv=01;35:*.cgm=01;35:*.emf=01;35:*.ogv=01;35:*.ogx=01;35:*.aac=00;36:*.au=00;36:*.flac=00;36:*.m4a=00;36:*.mid=00;36:*.midi=00;36:*.mka=00;36:*.mp3=00;36:*.mpc=00;36:*.ogg=00;36:*.ra=00;36:*.wav=00;36:*.oga=00;36:*.opus=00;36:*.spx=00;36:*.xspf=00;36:'), ('SSH_AGENT_LAUNCHER', 'gnome-keyring'), ('SSH_AUTH_SOCK', '/run/user/1000/keyring/ssh'), ('AMENT_PREFIX_PATH', '/opt/ros/humble'), ('SHELL', '/bin/bash'), ('TERMINATOR_UUID', 'urn:uuid:6783764e-82b3-4e19-a535-1afecb743d9d'), ('QT_ACCESSIBILITY', '1'), ('GDMSESSION', 'ubuntu'), ('LESSCLOSE', '/usr/bin/lesspipe %s %s'), ('GPG_AGENT_INFO', '/run/user/1000/gnupg/S.gpg-agent:0:1'), ('GJS_DEBUG_OUTPUT', 'stderr'), ('VIRTUAL_ENV', '/home/bee/gral-iiriondo/unitree_ws/environments/unitree_env'), ('QT_IM_MODULE', 'ibus'), ('PWD', '/home/tknika/gral-iiriondo-main/unitree_ws/build/speech_to_goal_interfaces'), ('XDG_CONFIG_DIRS', '/etc/xdg/xdg-ubuntu:/etc/xdg'), ('XDG_DATA_DIRS', '/usr/share/ubuntu:/usr/share/gnome:/usr/local/share/:/usr/share/:/var/lib/snapd/desktop'), ('PYTHONPATH', '/opt/ros/humble/lib/python3.10/site-packages:/opt/ros/humble/local/lib/python3.10/dist-packages'), ('COLCON', '1'), ('VTE_VERSION', '6800'), ('CMAKE_PREFIX_PATH', '/opt/ros/humble')]), 'shell': False}
[3.878909] (aruco_markers_msgs) CommandEnded: {'returncode': 0}
[3.880004] (aruco_markers_msgs) JobProgress: {'identifier': 'aruco_markers_msgs', 'progress': 'install'}
[3.880389] (aruco_markers_msgs) Command: {'cmd': ['/usr/bin/cmake', '--install', '/home/tknika/gral-iiriondo-main/unitree_ws/build/aruco_markers_msgs'], 'cwd': '/home/tknika/gral-iiriondo-main/unitree_ws/build/aruco_markers_msgs', 'env': OrderedDict([('GJS_DEBUG_TOPICS', 'JS ERROR;JS LOG'), ('LESSOPEN', '| /usr/bin/lesspipe %s'), ('USER', 'tknika'), ('OLLAMA_LLM_LIBRARY', 'cuda'), ('ROS_PACKAGE_PATH', '/home/tknika/gral-iiriondo-main/unitree_ws/install/speech_to_goal_interfaces/share'), ('XDG_SESSION_TYPE', 'x11'), ('SHLVL', '1'), ('LD_LIBRARY_PATH', '/home/tknika/gral-iiriondo-main/unitree_ws/install/speech_to_goal_interfaces/lib:/home/tknika/gral-iiriondo-main/unitree_ws/install/object_recognition_interfaces/lib:/home/tknika/gral-iiriondo-main/unitree_ws/install/aruco_markers_msgs/lib:/usr/lib/aarch64-linux-gnu/nvidia:/usr/local/cuda/lib64:/opt/ros/humble/opt/rviz_ogre_vendor/lib:/opt/ros/humble/lib/aarch64-linux-gnu:/opt/ros/humble/lib:/usr/local/cuda-12.6/lib64:/usr/lib/aarch64-linux-gnu/nvid'), ('HOME', '/home/tknika'), ('OLDPWD', '/home/tknika/gral-iiriondo-main/unitree_ws'), ('DESKTOP_SESSION', 'ubuntu'), ('GIO_LAUNCHED_DESKTOP_FILE', '/usr/share/applications/terminator.desktop'), ('ROS_PYTHON_VERSION', '3'), ('GNOME_SHELL_SESSION_MODE', 'ubuntu'), ('GTK_MODULES', 'gail:atk-bridge'), ('PS1', '\\[\\e]0;\\u@\\h: \\w\\a\\]${debian_chroot:+($debian_chroot)}\\[\\033[01;32m\\]\\u@\\h\\[\\033[00m\\]:\\[\\033[01;34m\\]\\w\\[\\033[00m\\]\\$'), ('MANAGERPID', '2504'), ('SYSTEMD_EXEC_PID', '2680'), ('DBUS_SESSION_BUS_ADDRESS', 'unix:path=/run/user/1000/bus'), ('COLORTERM', 'truecolor'), ('TERMINATOR_DBUS_NAME', 'net.tenshu.Terminator23558193cd9818af7fe4d2c2f5bd9d00f'), ('GIO_LAUNCHED_DESKTOP_FILE_PID', '4209'), ('IM_CONFIG_PHASE', '1'), ('COLCON_PREFIX_PATH', '/home/tknika/gral-iiriondo-main/unitree_ws/install'), ('CUDA_VISIBLE_DEVICES', '0'), ('ROS_DISTRO', 'humble'), ('GTK_IM_MODULE', 'ibus'), ('LOGNAME', 'tknika'), ('JOURNAL_STREAM', '8:50749'), ('_', '/usr/bin/colcon'), ('ROS_VERSION', '2'), ('PKG_CONFIG_PATH', '/home/tknika/gral-iiriondo-main/unitree_ws/install/speech_to_goal_interfaces/lib/aarch64-linux-gnu/pkgconfig:/home/tknika/gral-iiriondo-main/unitree_ws/install/speech_to_goal_interfaces/lib/pkgconfig'), ('XDG_SESSION_CLASS', 'user'), ('USERNAME', 'tknika'), ('TERM', 'xterm-256color'), ('GNOME_DESKTOP_SESSION_ID', 'this-is-deprecated'), ('ROS_LOCALHOST_ONLY', '0'), ('WINDOWPATH', '2'), ('PATH', '/usr/local/cuda-12.6/bin:/usr/local/cuda-12.6/bin:/home/bee/gral-iiriondo/unitree_ws/environments/unitree_env/bin:/opt/ros/humble/bin:/usr/local/cuda-12.6/bin:/home/tknika/.cargo/bin:/home/tknika/.local/bin:/usr/local/sbin:/usr/local/bin:/usr/sbin:/usr/bin:/sbin:/bin:/usr/games:/usr/local/games:/snap/bin:/snap/bin'), ('SESSION_MANAGER', 'local/ubuntu:@/tmp/.ICE-unix/2653,unix/ubuntu:/tmp/.ICE-unix/2653'), ('INVOCATION_ID', '23499d00eeb9404d9453ff310186aa72'), ('XDG_MENU_PREFIX', 'gnome-'), ('XDG_RUNTIME_DIR', '/run/user/1000'), ('DISPLAY', ':1'), ('TERMINATOR_DBUS_PATH', '/net/tenshu/Terminator2'), ('LANG', 'en_US.UTF-8'), ('XDG_CURRENT_DESKTOP', 'ubuntu:GNOME'), ('IBUS_DISABLE_SNOOPER', '1'), ('VIRTUAL_ENV_PROMPT', '(unitree_env)'), ('XMODIFIERS', '@im=ibus'), ('XDG_SESSION_DESKTOP', 'ubuntu'), ('XAUTHORITY', '/run/user/1000/gdm/Xauthority'), ('LS_COLORS', 'rs=0:di=01;34:ln=01;36:mh=00:pi=40;33:so=01;35:do=01;35:bd=40;33;01:cd=40;33;01:or=40;31;01:mi=00:su=37;41:sg=30;43:ca=30;41:tw=30;42:ow=34;42:st=37;44:ex=01;32:*.tar=01;31:*.tgz=01;31:*.arc=01;31:*.arj=01;31:*.taz=01;31:*.lha=01;31:*.lz4=01;31:*.lzh=01;31:*.lzma=01;31:*.tlz=01;31:*.txz=01;31:*.tzo=01;31:*.t7z=01;31:*.zip=01;31:*.z=01;31:*.dz=01;31:*.gz=01;31:*.lrz=01;31:*.lz=01;31:*.lzo=01;31:*.xz=01;31:*.zst=01;31:*.tzst=01;31:*.bz2=01;31:*.bz=01;31:*.tbz=01;31:*.tbz2=01;31:*.tz=01;31:*.deb=01;31:*.rpm=01;31:*.jar=01;31:*.war=01;31:*.ear=01;31:*.sar=01;31:*.rar=01;31:*.alz=01;31:*.ace=01;31:*.zoo=01;31:*.cpio=01;31:*.7z=01;31:*.rz=01;31:*.cab=01;31:*.wim=01;31:*.swm=01;31:*.dwm=01;31:*.esd=01;31:*.jpg=01;35:*.jpeg=01;35:*.mjpg=01;35:*.mjpeg=01;35:*.gif=01;35:*.bmp=01;35:*.pbm=01;35:*.pgm=01;35:*.ppm=01;35:*.tga=01;35:*.xbm=01;35:*.xpm=01;35:*.tif=01;35:*.tiff=01;35:*.png=01;35:*.svg=01;35:*.svgz=01;35:*.mng=01;35:*.pcx=01;35:*.mov=01;35:*.mpg=01;35:*.mpeg=01;35:*.m2v=01;35:*.mkv=01;35:*.webm=01;35:*.webp=01;35:*.ogm=01;35:*.mp4=01;35:*.m4v=01;35:*.mp4v=01;35:*.vob=01;35:*.qt=01;35:*.nuv=01;35:*.wmv=01;35:*.asf=01;35:*.rm=01;35:*.rmvb=01;35:*.flc=01;35:*.avi=01;35:*.fli=01;35:*.flv=01;35:*.gl=01;35:*.dl=01;35:*.xcf=01;35:*.xwd=01;35:*.yuv=01;35:*.cgm=01;35:*.emf=01;35:*.ogv=01;35:*.ogx=01;35:*.aac=00;36:*.au=00;36:*.flac=00;36:*.m4a=00;36:*.mid=00;36:*.midi=00;36:*.mka=00;36:*.mp3=00;36:*.mpc=00;36:*.ogg=00;36:*.ra=00;36:*.wav=00;36:*.oga=00;36:*.opus=00;36:*.spx=00;36:*.xspf=00;36:'), ('SSH_AGENT_LAUNCHER', 'gnome-keyring'), ('SSH_AUTH_SOCK', '/run/user/1000/keyring/ssh'), ('AMENT_PREFIX_PATH', '/opt/ros/humble'), ('SHELL', '/bin/bash'), ('TERMINATOR_UUID', 'urn:uuid:6783764e-82b3-4e19-a535-1afecb743d9d'), ('QT_ACCESSIBILITY', '1'), ('GDMSESSION', 'ubuntu'), ('LESSCLOSE', '/usr/bin/lesspipe %s %s'), ('GPG_AGENT_INFO', '/run/user/1000/gnupg/S.gpg-agent:0:1'), ('GJS_DEBUG_OUTPUT', 'stderr'), ('VIRTUAL_ENV', '/home/bee/gral-iiriondo/unitree_ws/environments/unitree_env'), ('QT_IM_MODULE', 'ibus'), ('PWD', '/home/tknika/gral-iiriondo-main/unitree_ws/build/aruco_markers_msgs'), ('XDG_CONFIG_DIRS', '/etc/xdg/xdg-ubuntu:/etc/xdg'), ('XDG_DATA_DIRS', '/usr/share/ubuntu:/usr/share/gnome:/usr/local/share/:/usr/share/:/var/lib/snapd/desktop'), ('PYTHONPATH', '/opt/ros/humble/lib/python3.10/site-packages:/opt/ros/humble/local/lib/python3.10/dist-packages'), ('COLCON', '1'), ('VTE_VERSION', '6800'), ('CMAKE_PREFIX_PATH', '/opt/ros/humble')]), 'shell': False}
[3.889770] (object_recognition_interfaces) StdoutLine: {'line': b'-- Install configuration: ""\n'}
[3.891113] (object_recognition_interfaces) StdoutLine: {'line': b'-- Execute custom install script\n'}
[3.891388] (object_recognition_interfaces) StdoutLine: {'line': b'-- Up-to-date symlink: /home/tknika/gral-iiriondo-main/unitree_ws/install/object_recognition_interfaces/share/ament_index/resource_index/rosidl_interfaces/object_recognition_interfaces\n'}
[3.891954] (speech_to_goal_interfaces) StdoutLine: {'line': b'-- Install configuration: ""\n'}
[3.892203] (object_recognition_interfaces) StdoutLine: {'line': b'-- Up-to-date symlink: /home/tknika/gral-iiriondo-main/unitree_ws/install/object_recognition_interfaces/include/object_recognition_interfaces/object_recognition_interfaces/msg/rosidl_generator_c__visibility_control.h\n'}
[3.892387] (object_recognition_interfaces) StdoutLine: {'line': b'-- Up-to-date symlink: /home/tknika/gral-iiriondo-main/unitree_ws/install/object_recognition_interfaces/include/object_recognition_interfaces/object_recognition_interfaces/srv/add_object.h\n'}
[3.892585] (object_recognition_interfaces) StdoutLine: {'line': b'-- Up-to-date symlink: /home/tknika/gral-iiriondo-main/unitree_ws/install/object_recognition_interfaces/include/object_recognition_interfaces/object_recognition_interfaces/srv/detail/add_object__functions.h\n'}
[3.892753] (object_recognition_interfaces) StdoutLine: {'line': b'-- Up-to-date symlink: /home/tknika/gral-iiriondo-main/unitree_ws/install/object_recognition_interfaces/include/object_recognition_interfaces/object_recognition_interfaces/srv/detail/add_object__struct.h\n'}
[3.893042] (speech_to_goal_interfaces) StdoutLine: {'line': b'-- Execute custom install script\n'}
[3.893206] (object_recognition_interfaces) StdoutLine: {'line': b'-- Up-to-date symlink: /home/tknika/gral-iiriondo-main/unitree_ws/install/object_recognition_interfaces/include/object_recognition_interfaces/object_recognition_interfaces/srv/detail/add_object__type_support.h\n'}
[3.893344] (object_recognition_interfaces) StdoutLine: {'line': b'-- Up-to-date symlink: /home/tknika/gral-iiriondo-main/unitree_ws/install/object_recognition_interfaces/include/object_recognition_interfaces/object_recognition_interfaces/srv/detail/detect_object__functions.h\n'}
[3.893582] (object_recognition_interfaces) StdoutLine: {'line': b'-- Up-to-date symlink: /home/tknika/gral-iiriondo-main/unitree_ws/install/object_recognition_interfaces/include/object_recognition_interfaces/object_recognition_interfaces/srv/detail/detect_object__struct.h\n'}
[3.893720] (speech_to_goal_interfaces) StdoutLine: {'line': b'-- Up-to-date symlink: /home/tknika/gral-iiriondo-main/unitree_ws/install/speech_to_goal_interfaces/share/ament_index/resource_index/rosidl_interfaces/speech_to_goal_interfaces\n'}
[3.894905] (object_recognition_interfaces) StdoutLine: {'line': b'-- Up-to-date symlink: /home/tknika/gral-iiriondo-main/unitree_ws/install/object_recognition_interfaces/include/object_recognition_interfaces/object_recognition_interfaces/srv/detail/detect_object__type_support.h\n'}
[3.899822] (object_recognition_interfaces) StdoutLine: {'line': b'-- Up-to-date symlink: /home/tknika/gral-iiriondo-main/unitree_ws/install/object_recognition_interfaces/include/object_recognition_interfaces/object_recognition_interfaces/srv/detect_object.h\n'}
[3.900861] (object_recognition_interfaces) StdoutLine: {'line': b'-- Up-to-date symlink: /home/tknika/gral-iiriondo-main/unitree_ws/install/object_recognition_interfaces/share/object_recognition_interfaces/environment/library_path.sh\n'}
[3.901752] (object_recognition_interfaces) StdoutLine: {'line': b'-- Up-to-date symlink: /home/tknika/gral-iiriondo-main/unitree_ws/install/object_recognition_interfaces/share/object_recognition_interfaces/environment/library_path.dsv\n'}
[3.903054] (speech_to_goal_interfaces) StdoutLine: {'line': b'-- Up-to-date symlink: /home/tknika/gral-iiriondo-main/unitree_ws/install/speech_to_goal_interfaces/include/speech_to_goal_interfaces/speech_to_goal_interfaces/msg/detail/waypoint__functions.h\n'}
[3.903483] (speech_to_goal_interfaces) StdoutLine: {'line': b'-- Up-to-date symlink: /home/tknika/gral-iiriondo-main/unitree_ws/install/speech_to_goal_interfaces/include/speech_to_goal_interfaces/speech_to_goal_interfaces/msg/detail/waypoint__struct.h\n'}
[3.903772] (speech_to_goal_interfaces) StdoutLine: {'line': b'-- Up-to-date symlink: /home/tknika/gral-iiriondo-main/unitree_ws/install/speech_to_goal_interfaces/include/speech_to_goal_interfaces/speech_to_goal_interfaces/msg/detail/waypoint__type_support.h\n'}
[3.904181] (speech_to_goal_interfaces) StdoutLine: {'line': b'-- Up-to-date symlink: /home/tknika/gral-iiriondo-main/unitree_ws/install/speech_to_goal_interfaces/include/speech_to_goal_interfaces/speech_to_goal_interfaces/msg/rosidl_generator_c__visibility_control.h\n'}
[3.904783] (aruco_markers_msgs) StdoutLine: {'line': b'-- Install configuration: ""\n'}
[3.905151] (object_recognition_interfaces) StdoutLine: {'line': b'-- Up-to-date symlink: /home/tknika/gral-iiriondo-main/unitree_ws/install/object_recognition_interfaces/include/object_recognition_interfaces/object_recognition_interfaces/msg/rosidl_typesupport_fastrtps_c__visibility_control.h\n'}
[3.905400] (object_recognition_interfaces) StdoutLine: {'line': b'-- Up-to-date symlink: /home/tknika/gral-iiriondo-main/unitree_ws/install/object_recognition_interfaces/include/object_recognition_interfaces/object_recognition_interfaces/srv/detail/add_object__rosidl_typesupport_fastrtps_c.h\n'}
[3.905799] (object_recognition_interfaces) StdoutLine: {'line': b'-- Up-to-date symlink: /home/tknika/gral-iiriondo-main/unitree_ws/install/object_recognition_interfaces/include/object_recognition_interfaces/object_recognition_interfaces/srv/detail/detect_object__rosidl_typesupport_fastrtps_c.h\n'}
[3.906260] (object_recognition_interfaces) StdoutLine: {'line': b'-- Up-to-date symlink: /home/tknika/gral-iiriondo-main/unitree_ws/install/object_recognition_interfaces/include/object_recognition_interfaces/object_recognition_interfaces/msg/rosidl_typesupport_introspection_c__visibility_control.h\n'}
[3.906587] (object_recognition_interfaces) StdoutLine: {'line': b'-- Up-to-date symlink: /home/tknika/gral-iiriondo-main/unitree_ws/install/object_recognition_interfaces/include/object_recognition_interfaces/object_recognition_interfaces/srv/detail/add_object__rosidl_typesupport_introspection_c.h\n'}
[3.907077] (object_recognition_interfaces) StdoutLine: {'line': b'-- Up-to-date symlink: /home/tknika/gral-iiriondo-main/unitree_ws/install/object_recognition_interfaces/include/object_recognition_interfaces/object_recognition_interfaces/srv/detail/detect_object__rosidl_typesupport_introspection_c.h\n'}
[3.907305] (object_recognition_interfaces) StdoutLine: {'line': b'-- Up-to-date symlink: /home/tknika/gral-iiriondo-main/unitree_ws/install/object_recognition_interfaces/include/object_recognition_interfaces/object_recognition_interfaces/msg/rosidl_generator_cpp__visibility_control.hpp\n'}
[3.907576] (object_recognition_interfaces) StdoutLine: {'line': b'-- Up-to-date symlink: /home/tknika/gral-iiriondo-main/unitree_ws/install/object_recognition_interfaces/include/object_recognition_interfaces/object_recognition_interfaces/srv/add_object.hpp\n'}
[3.907787] (object_recognition_interfaces) StdoutLine: {'line': b'-- Up-to-date symlink: /home/tknika/gral-iiriondo-main/unitree_ws/install/object_recognition_interfaces/include/object_recognition_interfaces/object_recognition_interfaces/srv/detail/add_object__builder.hpp\n'}
[3.908092] (object_recognition_interfaces) StdoutLine: {'line': b'-- Up-to-date symlink: /home/tknika/gral-iiriondo-main/unitree_ws/install/object_recognition_interfaces/include/object_recognition_interfaces/object_recognition_interfaces/srv/detail/add_object__struct.hpp\n'}
[3.908222] (object_recognition_interfaces) StdoutLine: {'line': b'-- Up-to-date symlink: /home/tknika/gral-iiriondo-main/unitree_ws/install/object_recognition_interfaces/include/object_recognition_interfaces/object_recognition_interfaces/srv/detail/add_object__traits.hpp\n'}
[3.908441] (aruco_markers_msgs) StdoutLine: {'line': b'-- Execute custom install script\n'}
[3.908627] (aruco_markers_msgs) StdoutLine: {'line': b'-- Up-to-date symlink: /home/tknika/gral-iiriondo-main/unitree_ws/install/aruco_markers_msgs/share/ament_index/resource_index/rosidl_interfaces/aruco_markers_msgs\n'}
[3.908819] (aruco_markers_msgs) StdoutLine: {'line': b'-- Up-to-date symlink: /home/tknika/gral-iiriondo-main/unitree_ws/install/aruco_markers_msgs/include/aruco_markers_msgs/aruco_markers_msgs/msg/detail/marker__functions.h\n'}
[3.908949] (aruco_markers_msgs) StdoutLine: {'line': b'-- Up-to-date symlink: /home/tknika/gral-iiriondo-main/unitree_ws/install/aruco_markers_msgs/include/aruco_markers_msgs/aruco_markers_msgs/msg/detail/marker__struct.h\n'}
[3.909112] (aruco_markers_msgs) StdoutLine: {'line': b'-- Up-to-date symlink: /home/tknika/gral-iiriondo-main/unitree_ws/install/aruco_markers_msgs/include/aruco_markers_msgs/aruco_markers_msgs/msg/detail/marker__type_support.h\n'}
[3.909435] (speech_to_goal_interfaces) StdoutLine: {'line': b'-- Up-to-date symlink: /home/tknika/gral-iiriondo-main/unitree_ws/install/speech_to_goal_interfaces/include/speech_to_goal_interfaces/speech_to_goal_interfaces/msg/waypoint.h\n'}
[3.909789] (speech_to_goal_interfaces) StdoutLine: {'line': b'-- Up-to-date symlink: /home/tknika/gral-iiriondo-main/unitree_ws/install/speech_to_goal_interfaces/include/speech_to_goal_interfaces/speech_to_goal_interfaces/srv/detail/detect_intent__functions.h\n'}
[3.909976] (speech_to_goal_interfaces) StdoutLine: {'line': b'-- Up-to-date symlink: /home/tknika/gral-iiriondo-main/unitree_ws/install/speech_to_goal_interfaces/include/speech_to_goal_interfaces/speech_to_goal_interfaces/srv/detail/detect_intent__struct.h\n'}
[3.910106] (speech_to_goal_interfaces) StdoutLine: {'line': b'-- Up-to-date symlink: /home/tknika/gral-iiriondo-main/unitree_ws/install/speech_to_goal_interfaces/include/speech_to_goal_interfaces/speech_to_goal_interfaces/srv/detail/detect_intent__type_support.h\n'}
[3.910383] (speech_to_goal_interfaces) StdoutLine: {'line': b'-- Up-to-date symlink: /home/tknika/gral-iiriondo-main/unitree_ws/install/speech_to_goal_interfaces/include/speech_to_goal_interfaces/speech_to_goal_interfaces/srv/detail/llm_query__functions.h\n'}
[3.910607] (speech_to_goal_interfaces) StdoutLine: {'line': b'-- Up-to-date symlink: /home/tknika/gral-iiriondo-main/unitree_ws/install/speech_to_goal_interfaces/include/speech_to_goal_interfaces/speech_to_goal_interfaces/srv/detail/llm_query__struct.h\n'}
[3.910922] (speech_to_goal_interfaces) StdoutLine: {'line': b'-- Up-to-date symlink: /home/tknika/gral-iiriondo-main/unitree_ws/install/speech_to_goal_interfaces/include/speech_to_goal_interfaces/speech_to_goal_interfaces/srv/detail/llm_query__type_support.h\n'}
[3.911119] (speech_to_goal_interfaces) StdoutLine: {'line': b'-- Up-to-date symlink: /home/tknika/gral-iiriondo-main/unitree_ws/install/speech_to_goal_interfaces/include/speech_to_goal_interfaces/speech_to_goal_interfaces/srv/detect_intent.h\n'}
[3.911359] (speech_to_goal_interfaces) StdoutLine: {'line': b'-- Up-to-date symlink: /home/tknika/gral-iiriondo-main/unitree_ws/install/speech_to_goal_interfaces/include/speech_to_goal_interfaces/speech_to_goal_interfaces/srv/llm_query.h\n'}
[3.911684] (speech_to_goal_interfaces) StdoutLine: {'line': b'-- Up-to-date symlink: /home/tknika/gral-iiriondo-main/unitree_ws/install/speech_to_goal_interfaces/share/speech_to_goal_interfaces/environment/library_path.sh\n'}
[3.911960] (speech_to_goal_interfaces) StdoutLine: {'line': b'-- Up-to-date symlink: /home/tknika/gral-iiriondo-main/unitree_ws/install/speech_to_goal_interfaces/share/speech_to_goal_interfaces/environment/library_path.dsv\n'}
[3.912140] (object_recognition_interfaces) StdoutLine: {'line': b'-- Up-to-date symlink: /home/tknika/gral-iiriondo-main/unitree_ws/install/object_recognition_interfaces/include/object_recognition_interfaces/object_recognition_interfaces/srv/detail/add_object__type_support.hpp\n'}
[3.912513] (object_recognition_interfaces) StdoutLine: {'line': b'-- Up-to-date symlink: /home/tknika/gral-iiriondo-main/unitree_ws/install/object_recognition_interfaces/include/object_recognition_interfaces/object_recognition_interfaces/srv/detail/detect_object__builder.hpp\n'}
[3.912887] (object_recognition_interfaces) StdoutLine: {'line': b'-- Up-to-date symlink: /home/tknika/gral-iiriondo-main/unitree_ws/install/object_recognition_interfaces/include/object_recognition_interfaces/object_recognition_interfaces/srv/detail/detect_object__struct.hpp\n'}
[3.913177] (object_recognition_interfaces) StdoutLine: {'line': b'-- Up-to-date symlink: /home/tknika/gral-iiriondo-main/unitree_ws/install/object_recognition_interfaces/include/object_recognition_interfaces/object_recognition_interfaces/srv/detail/detect_object__traits.hpp\n'}
[3.913473] (object_recognition_interfaces) StdoutLine: {'line': b'-- Up-to-date symlink: /home/tknika/gral-iiriondo-main/unitree_ws/install/object_recognition_interfaces/include/object_recognition_interfaces/object_recognition_interfaces/srv/detail/detect_object__type_support.hpp\n'}
[3.913716] (speech_to_goal_interfaces) StdoutLine: {'line': b'-- Up-to-date symlink: /home/tknika/gral-iiriondo-main/unitree_ws/install/speech_to_goal_interfaces/include/speech_to_goal_interfaces/speech_to_goal_interfaces/msg/detail/waypoint__rosidl_typesupport_fastrtps_c.h\n'}
[3.914018] (speech_to_goal_interfaces) StdoutLine: {'line': b'-- Up-to-date symlink: /home/tknika/gral-iiriondo-main/unitree_ws/install/speech_to_goal_interfaces/include/speech_to_goal_interfaces/speech_to_goal_interfaces/msg/rosidl_typesupport_fastrtps_c__visibility_control.h\n'}
[3.914220] (speech_to_goal_interfaces) StdoutLine: {'line': b'-- Up-to-date symlink: /home/tknika/gral-iiriondo-main/unitree_ws/install/speech_to_goal_interfaces/include/speech_to_goal_interfaces/speech_to_goal_interfaces/srv/detail/detect_intent__rosidl_typesupport_fastrtps_c.h\n'}
[3.914366] (speech_to_goal_interfaces) StdoutLine: {'line': b'-- Up-to-date symlink: /home/tknika/gral-iiriondo-main/unitree_ws/install/speech_to_goal_interfaces/include/speech_to_goal_interfaces/speech_to_goal_interfaces/srv/detail/llm_query__rosidl_typesupport_fastrtps_c.h\n'}
[3.914564] (object_recognition_interfaces) StdoutLine: {'line': b'-- Up-to-date symlink: /home/tknika/gral-iiriondo-main/unitree_ws/install/object_recognition_interfaces/include/object_recognition_interfaces/object_recognition_interfaces/srv/detect_object.hpp\n'}
[3.914847] (aruco_markers_msgs) StdoutLine: {'line': b'-- Up-to-date symlink: /home/tknika/gral-iiriondo-main/unitree_ws/install/aruco_markers_msgs/include/aruco_markers_msgs/aruco_markers_msgs/msg/detail/marker_array__functions.h\n'}
[3.915038] (aruco_markers_msgs) StdoutLine: {'line': b'-- Up-to-date symlink: /home/tknika/gral-iiriondo-main/unitree_ws/install/aruco_markers_msgs/include/aruco_markers_msgs/aruco_markers_msgs/msg/detail/marker_array__struct.h\n'}
[3.915298] (aruco_markers_msgs) StdoutLine: {'line': b'-- Up-to-date symlink: /home/tknika/gral-iiriondo-main/unitree_ws/install/aruco_markers_msgs/include/aruco_markers_msgs/aruco_markers_msgs/msg/detail/marker_array__type_support.h\n'}
[3.915511] (aruco_markers_msgs) StdoutLine: {'line': b'-- Up-to-date symlink: /home/tknika/gral-iiriondo-main/unitree_ws/install/aruco_markers_msgs/include/aruco_markers_msgs/aruco_markers_msgs/msg/marker.h\n'}
[3.915772] (aruco_markers_msgs) StdoutLine: {'line': b'-- Up-to-date symlink: /home/tknika/gral-iiriondo-main/unitree_ws/install/aruco_markers_msgs/include/aruco_markers_msgs/aruco_markers_msgs/msg/marker_array.h\n'}
[3.915908] (aruco_markers_msgs) StdoutLine: {'line': b'-- Up-to-date symlink: /home/tknika/gral-iiriondo-main/unitree_ws/install/aruco_markers_msgs/include/aruco_markers_msgs/aruco_markers_msgs/msg/rosidl_generator_c__visibility_control.h\n'}
[3.916239] (aruco_markers_msgs) StdoutLine: {'line': b'-- Up-to-date symlink: /home/tknika/gral-iiriondo-main/unitree_ws/install/aruco_markers_msgs/share/aruco_markers_msgs/environment/library_path.sh\n'}
[3.916430] (aruco_markers_msgs) StdoutLine: {'line': b'-- Up-to-date symlink: /home/tknika/gral-iiriondo-main/unitree_ws/install/aruco_markers_msgs/share/aruco_markers_msgs/environment/library_path.dsv\n'}
[3.917802] (speech_to_goal_interfaces) StdoutLine: {'line': b'-- Up-to-date symlink: /home/tknika/gral-iiriondo-main/unitree_ws/install/speech_to_goal_interfaces/include/speech_to_goal_interfaces/speech_to_goal_interfaces/msg/detail/waypoint__rosidl_typesupport_introspection_c.h\n'}
[3.918373] (object_recognition_interfaces) StdoutLine: {'line': b'-- Up-to-date symlink: /home/tknika/gral-iiriondo-main/unitree_ws/install/object_recognition_interfaces/include/object_recognition_interfaces/object_recognition_interfaces/msg/rosidl_typesupport_fastrtps_cpp__visibility_control.h\n'}
[3.918662] (object_recognition_interfaces) StdoutLine: {'line': b'-- Up-to-date symlink: /home/tknika/gral-iiriondo-main/unitree_ws/install/object_recognition_interfaces/include/object_recognition_interfaces/object_recognition_interfaces/srv/detail/add_object__rosidl_typesupport_fastrtps_cpp.hpp\n'}
[3.918991] (speech_to_goal_interfaces) StdoutLine: {'line': b'-- Up-to-date symlink: /home/tknika/gral-iiriondo-main/unitree_ws/install/speech_to_goal_interfaces/include/speech_to_goal_interfaces/speech_to_goal_interfaces/msg/rosidl_typesupport_introspection_c__visibility_control.h\n'}
[3.919201] (speech_to_goal_interfaces) StdoutLine: {'line': b'-- Up-to-date symlink: /home/tknika/gral-iiriondo-main/unitree_ws/install/speech_to_goal_interfaces/include/speech_to_goal_interfaces/speech_to_goal_interfaces/srv/detail/detect_intent__rosidl_typesupport_introspection_c.h\n'}
[3.919509] (speech_to_goal_interfaces) StdoutLine: {'line': b'-- Up-to-date symlink: /home/tknika/gral-iiriondo-main/unitree_ws/install/speech_to_goal_interfaces/include/speech_to_goal_interfaces/speech_to_goal_interfaces/srv/detail/llm_query__rosidl_typesupport_introspection_c.h\n'}
[3.919741] (aruco_markers_msgs) StdoutLine: {'line': b'-- Up-to-date symlink: /home/tknika/gral-iiriondo-main/unitree_ws/install/aruco_markers_msgs/include/aruco_markers_msgs/aruco_markers_msgs/msg/detail/marker__rosidl_typesupport_fastrtps_c.h\n'}
[3.920105] (object_recognition_interfaces) StdoutLine: {'line': b'-- Up-to-date symlink: /home/tknika/gral-iiriondo-main/unitree_ws/install/object_recognition_interfaces/include/object_recognition_interfaces/object_recognition_interfaces/srv/detail/detect_object__rosidl_typesupport_fastrtps_cpp.hpp\n'}
[3.920405] (object_recognition_interfaces) StdoutLine: {'line': b'-- Up-to-date symlink: /home/tknika/gral-iiriondo-main/unitree_ws/install/object_recognition_interfaces/include/object_recognition_interfaces/object_recognition_interfaces/srv/detail/add_object__rosidl_typesupport_introspection_cpp.hpp\n'}
[3.921937] (object_recognition_interfaces) StdoutLine: {'line': b'-- Up-to-date symlink: /home/tknika/gral-iiriondo-main/unitree_ws/install/object_recognition_interfaces/include/object_recognition_interfaces/object_recognition_interfaces/srv/detail/detect_object__rosidl_typesupport_introspection_cpp.hpp\n'}
[3.922272] (aruco_markers_msgs) StdoutLine: {'line': b'-- Up-to-date symlink: /home/tknika/gral-iiriondo-main/unitree_ws/install/aruco_markers_msgs/include/aruco_markers_msgs/aruco_markers_msgs/msg/detail/marker_array__rosidl_typesupport_fastrtps_c.h\n'}
[3.922633] (aruco_markers_msgs) StdoutLine: {'line': b'-- Up-to-date symlink: /home/tknika/gral-iiriondo-main/unitree_ws/install/aruco_markers_msgs/include/aruco_markers_msgs/aruco_markers_msgs/msg/rosidl_typesupport_fastrtps_c__visibility_control.h\n'}
[3.923291] (speech_to_goal_interfaces) StdoutLine: {'line': b'-- Up-to-date symlink: /home/tknika/gral-iiriondo-main/unitree_ws/install/speech_to_goal_interfaces/include/speech_to_goal_interfaces/speech_to_goal_interfaces/msg/detail/waypoint__builder.hpp\n'}
[3.923481] (speech_to_goal_interfaces) StdoutLine: {'line': b'-- Up-to-date symlink: /home/tknika/gral-iiriondo-main/unitree_ws/install/speech_to_goal_interfaces/include/speech_to_goal_interfaces/speech_to_goal_interfaces/msg/detail/waypoint__struct.hpp\n'}
[3.923722] (speech_to_goal_interfaces) StdoutLine: {'line': b'-- Up-to-date symlink: /home/tknika/gral-iiriondo-main/unitree_ws/install/speech_to_goal_interfaces/include/speech_to_goal_interfaces/speech_to_goal_interfaces/msg/detail/waypoint__traits.hpp\n'}
[3.923998] (speech_to_goal_interfaces) StdoutLine: {'line': b'-- Up-to-date symlink: /home/tknika/gral-iiriondo-main/unitree_ws/install/speech_to_goal_interfaces/include/speech_to_goal_interfaces/speech_to_goal_interfaces/msg/detail/waypoint__type_support.hpp\n'}
[3.924147] (aruco_markers_msgs) StdoutLine: {'line': b'-- Up-to-date symlink: /home/tknika/gral-iiriondo-main/unitree_ws/install/aruco_markers_msgs/include/aruco_markers_msgs/aruco_markers_msgs/msg/detail/marker__builder.hpp\n'}
[3.924293] (aruco_markers_msgs) StdoutLine: {'line': b'-- Up-to-date symlink: /home/tknika/gral-iiriondo-main/unitree_ws/install/aruco_markers_msgs/include/aruco_markers_msgs/aruco_markers_msgs/msg/detail/marker__struct.hpp\n'}
[3.924430] (object_recognition_interfaces) StdoutLine: {'line': b'-- Up-to-date symlink: /home/tknika/gral-iiriondo-main/unitree_ws/install/object_recognition_interfaces/share/object_recognition_interfaces/environment/pythonpath.sh\n'}
[3.924599] (object_recognition_interfaces) StdoutLine: {'line': b'-- Up-to-date symlink: /home/tknika/gral-iiriondo-main/unitree_ws/install/object_recognition_interfaces/share/object_recognition_interfaces/environment/pythonpath.dsv\n'}
[3.924855] (object_recognition_interfaces) StdoutLine: {'line': b'-- Up-to-date symlink: /home/tknika/gral-iiriondo-main/unitree_ws/install/object_recognition_interfaces/local/lib/python3.10/dist-packages/object_recognition_interfaces-0.0.0-py3.10.egg-info/PKG-INFO\n'}
[3.924992] (object_recognition_interfaces) StdoutLine: {'line': b'-- Up-to-date symlink: /home/tknika/gral-iiriondo-main/unitree_ws/install/object_recognition_interfaces/local/lib/python3.10/dist-packages/object_recognition_interfaces-0.0.0-py3.10.egg-info/SOURCES.txt\n'}
[3.925124] (object_recognition_interfaces) StdoutLine: {'line': b'-- Up-to-date symlink: /home/tknika/gral-iiriondo-main/unitree_ws/install/object_recognition_interfaces/local/lib/python3.10/dist-packages/object_recognition_interfaces-0.0.0-py3.10.egg-info/dependency_links.txt\n'}
[3.925368] (object_recognition_interfaces) StdoutLine: {'line': b'-- Up-to-date symlink: /home/tknika/gral-iiriondo-main/unitree_ws/install/object_recognition_interfaces/local/lib/python3.10/dist-packages/object_recognition_interfaces-0.0.0-py3.10.egg-info/top_level.txt\n'}
[3.925515] (speech_to_goal_interfaces) StdoutLine: {'line': b'-- Up-to-date symlink: /home/tknika/gral-iiriondo-main/unitree_ws/install/speech_to_goal_interfaces/include/speech_to_goal_interfaces/speech_to_goal_interfaces/msg/rosidl_generator_cpp__visibility_control.hpp\n'}
[3.925652] (speech_to_goal_interfaces) StdoutLine: {'line': b'-- Up-to-date symlink: /home/tknika/gral-iiriondo-main/unitree_ws/install/speech_to_goal_interfaces/include/speech_to_goal_interfaces/speech_to_goal_interfaces/msg/waypoint.hpp\n'}
[3.925781] (speech_to_goal_interfaces) StdoutLine: {'line': b'-- Up-to-date symlink: /home/tknika/gral-iiriondo-main/unitree_ws/install/speech_to_goal_interfaces/include/speech_to_goal_interfaces/speech_to_goal_interfaces/srv/detail/detect_intent__builder.hpp\n'}
[3.925980] (aruco_markers_msgs) StdoutLine: {'line': b'-- Up-to-date symlink: /home/tknika/gral-iiriondo-main/unitree_ws/install/aruco_markers_msgs/include/aruco_markers_msgs/aruco_markers_msgs/msg/detail/marker__traits.hpp\n'}
[3.926146] (aruco_markers_msgs) StdoutLine: {'line': b'-- Up-to-date symlink: /home/tknika/gral-iiriondo-main/unitree_ws/install/aruco_markers_msgs/include/aruco_markers_msgs/aruco_markers_msgs/msg/detail/marker__type_support.hpp\n'}
[3.926281] (aruco_markers_msgs) StdoutLine: {'line': b'-- Up-to-date symlink: /home/tknika/gral-iiriondo-main/unitree_ws/install/aruco_markers_msgs/include/aruco_markers_msgs/aruco_markers_msgs/msg/detail/marker_array__builder.hpp\n'}
[3.926415] (aruco_markers_msgs) StdoutLine: {'line': b'-- Up-to-date symlink: /home/tknika/gral-iiriondo-main/unitree_ws/install/aruco_markers_msgs/include/aruco_markers_msgs/aruco_markers_msgs/msg/detail/marker_array__struct.hpp\n'}
[3.926537] (aruco_markers_msgs) StdoutLine: {'line': b'-- Up-to-date symlink: /home/tknika/gral-iiriondo-main/unitree_ws/install/aruco_markers_msgs/include/aruco_markers_msgs/aruco_markers_msgs/msg/detail/marker_array__traits.hpp\n'}
[3.926808] (aruco_markers_msgs) StdoutLine: {'line': b'-- Up-to-date symlink: /home/tknika/gral-iiriondo-main/unitree_ws/install/aruco_markers_msgs/include/aruco_markers_msgs/aruco_markers_msgs/msg/detail/marker_array__type_support.hpp\n'}
[3.926937] (aruco_markers_msgs) StdoutLine: {'line': b'-- Up-to-date symlink: /home/tknika/gral-iiriondo-main/unitree_ws/install/aruco_markers_msgs/include/aruco_markers_msgs/aruco_markers_msgs/msg/marker.hpp\n'}
[3.927055] (speech_to_goal_interfaces) StdoutLine: {'line': b'-- Up-to-date symlink: /home/tknika/gral-iiriondo-main/unitree_ws/install/speech_to_goal_interfaces/include/speech_to_goal_interfaces/speech_to_goal_interfaces/srv/detail/detect_intent__struct.hpp\n'}
[3.927184] (aruco_markers_msgs) StdoutLine: {'line': b'-- Up-to-date symlink: /home/tknika/gral-iiriondo-main/unitree_ws/install/aruco_markers_msgs/include/aruco_markers_msgs/aruco_markers_msgs/msg/marker_array.hpp\n'}
[3.927300] (aruco_markers_msgs) StdoutLine: {'line': b'-- Up-to-date symlink: /home/tknika/gral-iiriondo-main/unitree_ws/install/aruco_markers_msgs/include/aruco_markers_msgs/aruco_markers_msgs/msg/rosidl_generator_cpp__visibility_control.hpp\n'}
[3.927421] (speech_to_goal_interfaces) StdoutLine: {'line': b'-- Up-to-date symlink: /home/tknika/gral-iiriondo-main/unitree_ws/install/speech_to_goal_interfaces/include/speech_to_goal_interfaces/speech_to_goal_interfaces/srv/detail/detect_intent__traits.hpp\n'}
[3.927575] (object_recognition_interfaces) StdoutLine: {'line': b'-- Up-to-date symlink: /home/tknika/gral-iiriondo-main/unitree_ws/install/object_recognition_interfaces/local/lib/python3.10/dist-packages/object_recognition_interfaces/__init__.py\n'}
[3.927820] (speech_to_goal_interfaces) StdoutLine: {'line': b'-- Up-to-date symlink: /home/tknika/gral-iiriondo-main/unitree_ws/install/speech_to_goal_interfaces/include/speech_to_goal_interfaces/speech_to_goal_interfaces/srv/detail/detect_intent__type_support.hpp\n'}
[3.928082] (-) TimerEvent: {}
[3.928750] (object_recognition_interfaces) StdoutLine: {'line': b'-- Up-to-date symlink: /home/tknika/gral-iiriondo-main/unitree_ws/install/object_recognition_interfaces/local/lib/python3.10/dist-packages/object_recognition_interfaces/_object_recognition_interfaces_s.ep.rosidl_typesupport_c.c\n'}
[3.929072] (speech_to_goal_interfaces) StdoutLine: {'line': b'-- Up-to-date symlink: /home/tknika/gral-iiriondo-main/unitree_ws/install/speech_to_goal_interfaces/include/speech_to_goal_interfaces/speech_to_goal_interfaces/srv/detail/llm_query__builder.hpp\n'}
[3.929317] (aruco_markers_msgs) StdoutLine: {'line': b'-- Up-to-date symlink: /home/tknika/gral-iiriondo-main/unitree_ws/install/aruco_markers_msgs/include/aruco_markers_msgs/aruco_markers_msgs/msg/detail/marker__rosidl_typesupport_fastrtps_cpp.hpp\n'}
[3.929470] (object_recognition_interfaces) StdoutLine: {'line': b'-- Up-to-date symlink: /home/tknika/gral-iiriondo-main/unitree_ws/install/object_recognition_interfaces/local/lib/python3.10/dist-packages/object_recognition_interfaces/_object_recognition_interfaces_s.ep.rosidl_typesupport_fastrtps_c.c\n'}
[3.929703] (object_recognition_interfaces) StdoutLine: {'line': b'-- Up-to-date symlink: /home/tknika/gral-iiriondo-main/unitree_ws/install/object_recognition_interfaces/local/lib/python3.10/dist-packages/object_recognition_interfaces/_object_recognition_interfaces_s.ep.rosidl_typesupport_introspection_c.c\n'}
[3.929892] (aruco_markers_msgs) StdoutLine: {'line': b'-- Up-to-date symlink: /home/tknika/gral-iiriondo-main/unitree_ws/install/aruco_markers_msgs/include/aruco_markers_msgs/aruco_markers_msgs/msg/detail/marker_array__rosidl_typesupport_fastrtps_cpp.hpp\n'}
[3.930399] (speech_to_goal_interfaces) StdoutLine: {'line': b'-- Up-to-date symlink: /home/tknika/gral-iiriondo-main/unitree_ws/install/speech_to_goal_interfaces/include/speech_to_goal_interfaces/speech_to_goal_interfaces/srv/detail/llm_query__struct.hpp\n'}
[3.930741] (object_recognition_interfaces) StdoutLine: {'line': b'-- Up-to-date symlink: /home/tknika/gral-iiriondo-main/unitree_ws/install/object_recognition_interfaces/local/lib/python3.10/dist-packages/object_recognition_interfaces/libobject_recognition_interfaces__rosidl_generator_py.so\n'}
[3.930886] (aruco_markers_msgs) StdoutLine: {'line': b'-- Up-to-date symlink: /home/tknika/gral-iiriondo-main/unitree_ws/install/aruco_markers_msgs/include/aruco_markers_msgs/aruco_markers_msgs/msg/rosidl_typesupport_fastrtps_cpp__visibility_control.h\n'}
[3.931154] (object_recognition_interfaces) StdoutLine: {'line': b'-- Up-to-date symlink: /home/tknika/gral-iiriondo-main/unitree_ws/install/object_recognition_interfaces/local/lib/python3.10/dist-packages/object_recognition_interfaces/object_recognition_interfaces_s__rosidl_typesupport_c.cpython-310-aarch64-linux-gnu.so\n'}
[3.931294] (speech_to_goal_interfaces) StdoutLine: {'line': b'-- Up-to-date symlink: /home/tknika/gral-iiriondo-main/unitree_ws/install/speech_to_goal_interfaces/include/speech_to_goal_interfaces/speech_to_goal_interfaces/srv/detail/llm_query__traits.hpp\n'}
[3.931515] (object_recognition_interfaces) StdoutLine: {'line': b'-- Up-to-date symlink: /home/tknika/gral-iiriondo-main/unitree_ws/install/object_recognition_interfaces/local/lib/python3.10/dist-packages/object_recognition_interfaces/object_recognition_interfaces_s__rosidl_typesupport_fastrtps_c.cpython-310-aarch64-linux-gnu.so\n'}
[3.931662] (aruco_markers_msgs) StdoutLine: {'line': b'-- Up-to-date symlink: /home/tknika/gral-iiriondo-main/unitree_ws/install/aruco_markers_msgs/include/aruco_markers_msgs/aruco_markers_msgs/msg/detail/marker__rosidl_typesupport_introspection_c.h\n'}
[3.931793] (object_recognition_interfaces) StdoutLine: {'line': b'-- Up-to-date symlink: /home/tknika/gral-iiriondo-main/unitree_ws/install/object_recognition_interfaces/local/lib/python3.10/dist-packages/object_recognition_interfaces/object_recognition_interfaces_s__rosidl_typesupport_introspection_c.cpython-310-aarch64-linux-gnu.so\n'}
[3.932011] (speech_to_goal_interfaces) StdoutLine: {'line': b'-- Up-to-date symlink: /home/tknika/gral-iiriondo-main/unitree_ws/install/speech_to_goal_interfaces/include/speech_to_goal_interfaces/speech_to_goal_interfaces/srv/detail/llm_query__type_support.hpp\n'}
[3.932170] (aruco_markers_msgs) StdoutLine: {'line': b'-- Up-to-date symlink: /home/tknika/gral-iiriondo-main/unitree_ws/install/aruco_markers_msgs/include/aruco_markers_msgs/aruco_markers_msgs/msg/detail/marker_array__rosidl_typesupport_introspection_c.h\n'}
[3.932441] (object_recognition_interfaces) StdoutLine: {'line': b'-- Up-to-date symlink: /home/tknika/gral-iiriondo-main/unitree_ws/install/object_recognition_interfaces/local/lib/python3.10/dist-packages/object_recognition_interfaces/srv/__init__.py\n'}
[3.932579] (aruco_markers_msgs) StdoutLine: {'line': b'-- Up-to-date symlink: /home/tknika/gral-iiriondo-main/unitree_ws/install/aruco_markers_msgs/include/aruco_markers_msgs/aruco_markers_msgs/msg/rosidl_typesupport_introspection_c__visibility_control.h\n'}
[3.932701] (object_recognition_interfaces) StdoutLine: {'line': b'-- Up-to-date symlink: /home/tknika/gral-iiriondo-main/unitree_ws/install/object_recognition_interfaces/local/lib/python3.10/dist-packages/object_recognition_interfaces/srv/_add_object.py\n'}
[3.932938] (speech_to_goal_interfaces) StdoutLine: {'line': b'-- Up-to-date symlink: /home/tknika/gral-iiriondo-main/unitree_ws/install/speech_to_goal_interfaces/include/speech_to_goal_interfaces/speech_to_goal_interfaces/srv/detect_intent.hpp\n'}
[3.933071] (object_recognition_interfaces) StdoutLine: {'line': b'-- Up-to-date symlink: /home/tknika/gral-iiriondo-main/unitree_ws/install/object_recognition_interfaces/local/lib/python3.10/dist-packages/object_recognition_interfaces/srv/_add_object_s.c\n'}
[3.933244] (object_recognition_interfaces) StdoutLine: {'line': b'-- Up-to-date symlink: /home/tknika/gral-iiriondo-main/unitree_ws/install/object_recognition_interfaces/local/lib/python3.10/dist-packages/object_recognition_interfaces/srv/_detect_object.py\n'}
[3.933375] (aruco_markers_msgs) StdoutLine: {'line': b'-- Up-to-date symlink: /home/tknika/gral-iiriondo-main/unitree_ws/install/aruco_markers_msgs/include/aruco_markers_msgs/aruco_markers_msgs/msg/detail/marker__rosidl_typesupport_introspection_cpp.hpp\n'}
[3.933501] (speech_to_goal_interfaces) StdoutLine: {'line': b'-- Up-to-date symlink: /home/tknika/gral-iiriondo-main/unitree_ws/install/speech_to_goal_interfaces/include/speech_to_goal_interfaces/speech_to_goal_interfaces/srv/llm_query.hpp\n'}
[3.933726] (object_recognition_interfaces) StdoutLine: {'line': b'-- Up-to-date symlink: /home/tknika/gral-iiriondo-main/unitree_ws/install/object_recognition_interfaces/local/lib/python3.10/dist-packages/object_recognition_interfaces/srv/_detect_object_s.c\n'}
[3.933852] (aruco_markers_msgs) StdoutLine: {'line': b'-- Up-to-date symlink: /home/tknika/gral-iiriondo-main/unitree_ws/install/aruco_markers_msgs/include/aruco_markers_msgs/aruco_markers_msgs/msg/detail/marker_array__rosidl_typesupport_introspection_cpp.hpp\n'}
[3.933982] (aruco_markers_msgs) StdoutLine: {'line': b'-- Up-to-date symlink: /home/tknika/gral-iiriondo-main/unitree_ws/install/aruco_markers_msgs/share/aruco_markers_msgs/environment/pythonpath.sh\n'}
[3.934235] (object_recognition_interfaces) StdoutLine: {'line': b'-- Up-to-date symlink: /home/tknika/gral-iiriondo-main/unitree_ws/install/object_recognition_interfaces/local/lib/python3.10/dist-packages/object_recognition_interfaces/object_recognition_interfaces_s__rosidl_typesupport_fastrtps_c.cpython-310-aarch64-linux-gnu.so\n'}
[3.934403] (aruco_markers_msgs) StdoutLine: {'line': b'-- Up-to-date symlink: /home/tknika/gral-iiriondo-main/unitree_ws/install/aruco_markers_msgs/share/aruco_markers_msgs/environment/pythonpath.dsv\n'}
[3.934614] (object_recognition_interfaces) StdoutLine: {'line': b'-- Up-to-date symlink: /home/tknika/gral-iiriondo-main/unitree_ws/install/object_recognition_interfaces/local/lib/python3.10/dist-packages/object_recognition_interfaces/object_recognition_interfaces_s__rosidl_typesupport_introspection_c.cpython-310-aarch64-linux-gnu.so\n'}
[3.934767] (aruco_markers_msgs) StdoutLine: {'line': b'-- Up-to-date symlink: /home/tknika/gral-iiriondo-main/unitree_ws/install/aruco_markers_msgs/local/lib/python3.10/dist-packages/aruco_markers_msgs-0.0.3-py3.10.egg-info/PKG-INFO\n'}
[3.934887] (object_recognition_interfaces) StdoutLine: {'line': b'-- Up-to-date symlink: /home/tknika/gral-iiriondo-main/unitree_ws/install/object_recognition_interfaces/local/lib/python3.10/dist-packages/object_recognition_interfaces/object_recognition_interfaces_s__rosidl_typesupport_c.cpython-310-aarch64-linux-gnu.so\n'}
[3.935086] (speech_to_goal_interfaces) StdoutLine: {'line': b'-- Up-to-date symlink: /home/tknika/gral-iiriondo-main/unitree_ws/install/speech_to_goal_interfaces/include/speech_to_goal_interfaces/speech_to_goal_interfaces/msg/detail/waypoint__rosidl_typesupport_fastrtps_cpp.hpp\n'}
[3.935227] (aruco_markers_msgs) StdoutLine: {'line': b'-- Up-to-date symlink: /home/tknika/gral-iiriondo-main/unitree_ws/install/aruco_markers_msgs/local/lib/python3.10/dist-packages/aruco_markers_msgs-0.0.3-py3.10.egg-info/SOURCES.txt\n'}
[3.935350] (aruco_markers_msgs) StdoutLine: {'line': b'-- Up-to-date symlink: /home/tknika/gral-iiriondo-main/unitree_ws/install/aruco_markers_msgs/local/lib/python3.10/dist-packages/aruco_markers_msgs-0.0.3-py3.10.egg-info/dependency_links.txt\n'}
[3.935509] (object_recognition_interfaces) StdoutLine: {'line': b'-- Up-to-date symlink: /home/tknika/gral-iiriondo-main/unitree_ws/install/object_recognition_interfaces/share/ament_index/resource_index/rust_packages/object_recognition_interfaces\n'}
[3.935726] (speech_to_goal_interfaces) StdoutLine: {'line': b'-- Up-to-date symlink: /home/tknika/gral-iiriondo-main/unitree_ws/install/speech_to_goal_interfaces/include/speech_to_goal_interfaces/speech_to_goal_interfaces/msg/rosidl_typesupport_fastrtps_cpp__visibility_control.h\n'}
[3.935860] (aruco_markers_msgs) StdoutLine: {'line': b'-- Up-to-date symlink: /home/tknika/gral-iiriondo-main/unitree_ws/install/aruco_markers_msgs/local/lib/python3.10/dist-packages/aruco_markers_msgs-0.0.3-py3.10.egg-info/top_level.txt\n'}
[3.935980] (speech_to_goal_interfaces) StdoutLine: {'line': b'-- Up-to-date symlink: /home/tknika/gral-iiriondo-main/unitree_ws/install/speech_to_goal_interfaces/include/speech_to_goal_interfaces/speech_to_goal_interfaces/srv/detail/detect_intent__rosidl_typesupport_fastrtps_cpp.hpp\n'}
[3.936138] (object_recognition_interfaces) StdoutLine: {'line': b'-- Up-to-date symlink: /home/tknika/gral-iiriondo-main/unitree_ws/install/object_recognition_interfaces/share/object_recognition_interfaces/rust/Cargo.toml\n'}
[3.936355] (speech_to_goal_interfaces) StdoutLine: {'line': b'-- Up-to-date symlink: /home/tknika/gral-iiriondo-main/unitree_ws/install/speech_to_goal_interfaces/include/speech_to_goal_interfaces/speech_to_goal_interfaces/srv/detail/llm_query__rosidl_typesupport_fastrtps_cpp.hpp\n'}
[3.936482] (object_recognition_interfaces) StdoutLine: {'line': b'-- Up-to-date symlink: /home/tknika/gral-iiriondo-main/unitree_ws/install/object_recognition_interfaces/share/object_recognition_interfaces/rust/build.rs\n'}
[3.936710] (aruco_markers_msgs) StdoutLine: {'line': b'-- Up-to-date symlink: /home/tknika/gral-iiriondo-main/unitree_ws/install/aruco_markers_msgs/local/lib/python3.10/dist-packages/aruco_markers_msgs/__init__.py\n'}
[3.936834] (aruco_markers_msgs) StdoutLine: {'line': b'-- Up-to-date symlink: /home/tknika/gral-iiriondo-main/unitree_ws/install/aruco_markers_msgs/local/lib/python3.10/dist-packages/aruco_markers_msgs/_aruco_markers_msgs_s.ep.rosidl_typesupport_c.c\n'}
[3.936956] (object_recognition_interfaces) StdoutLine: {'line': b'-- Up-to-date symlink: /home/tknika/gral-iiriondo-main/unitree_ws/install/object_recognition_interfaces/share/object_recognition_interfaces/rust/src/lib.rs\n'}
[3.937171] (aruco_markers_msgs) StdoutLine: {'line': b'-- Up-to-date symlink: /home/tknika/gral-iiriondo-main/unitree_ws/install/aruco_markers_msgs/local/lib/python3.10/dist-packages/aruco_markers_msgs/_aruco_markers_msgs_s.ep.rosidl_typesupport_fastrtps_c.c\n'}
[3.937343] (aruco_markers_msgs) StdoutLine: {'line': b'-- Up-to-date symlink: /home/tknika/gral-iiriondo-main/unitree_ws/install/aruco_markers_msgs/local/lib/python3.10/dist-packages/aruco_markers_msgs/_aruco_markers_msgs_s.ep.rosidl_typesupport_introspection_c.c\n'}
[3.937485] (object_recognition_interfaces) StdoutLine: {'line': b'-- Up-to-date symlink: /home/tknika/gral-iiriondo-main/unitree_ws/install/object_recognition_interfaces/share/object_recognition_interfaces/rust/src/srv.rs\n'}
[3.937711] (speech_to_goal_interfaces) StdoutLine: {'line': b'-- Up-to-date symlink: /home/tknika/gral-iiriondo-main/unitree_ws/install/speech_to_goal_interfaces/include/speech_to_goal_interfaces/speech_to_goal_interfaces/msg/detail/waypoint__rosidl_typesupport_introspection_cpp.hpp\n'}
[3.937843] (aruco_markers_msgs) StdoutLine: {'line': b'-- Up-to-date symlink: /home/tknika/gral-iiriondo-main/unitree_ws/install/aruco_markers_msgs/local/lib/python3.10/dist-packages/aruco_markers_msgs/aruco_markers_msgs_s__rosidl_typesupport_c.cpython-310-aarch64-linux-gnu.so\n'}
[3.937986] (object_recognition_interfaces) StdoutLine: {'line': b'-- Up-to-date symlink: /home/tknika/gral-iiriondo-main/unitree_ws/install/object_recognition_interfaces/share/object_recognition_interfaces/rust/src/srv/rmw.rs\n'}
[3.938349] (aruco_markers_msgs) StdoutLine: {'line': b'-- Up-to-date symlink: /home/tknika/gral-iiriondo-main/unitree_ws/install/aruco_markers_msgs/local/lib/python3.10/dist-packages/aruco_markers_msgs/aruco_markers_msgs_s__rosidl_typesupport_fastrtps_c.cpython-310-aarch64-linux-gnu.so\n'}
[3.938513] (aruco_markers_msgs) StdoutLine: {'line': b'-- Up-to-date symlink: /home/tknika/gral-iiriondo-main/unitree_ws/install/aruco_markers_msgs/local/lib/python3.10/dist-packages/aruco_markers_msgs/aruco_markers_msgs_s__rosidl_typesupport_introspection_c.cpython-310-aarch64-linux-gnu.so\n'}
[3.938744] (speech_to_goal_interfaces) StdoutLine: {'line': b'-- Up-to-date symlink: /home/tknika/gral-iiriondo-main/unitree_ws/install/speech_to_goal_interfaces/include/speech_to_goal_interfaces/speech_to_goal_interfaces/srv/detail/detect_intent__rosidl_typesupport_introspection_cpp.hpp\n'}
[3.941350] (object_recognition_interfaces) StdoutLine: {'line': b'-- Up-to-date symlink: /home/tknika/gral-iiriondo-main/unitree_ws/install/object_recognition_interfaces/share/object_recognition_interfaces/srv/DetectObject.idl\n'}
[3.943635] (aruco_markers_msgs) StdoutLine: {'line': b'-- Up-to-date symlink: /home/tknika/gral-iiriondo-main/unitree_ws/install/aruco_markers_msgs/local/lib/python3.10/dist-packages/aruco_markers_msgs/libaruco_markers_msgs__rosidl_generator_py.so\n'}
[3.947838] (aruco_markers_msgs) StdoutLine: {'line': b'-- Up-to-date symlink: /home/tknika/gral-iiriondo-main/unitree_ws/install/aruco_markers_msgs/local/lib/python3.10/dist-packages/aruco_markers_msgs/msg/__init__.py\n'}
[3.948611] (object_recognition_interfaces) StdoutLine: {'line': b'-- Up-to-date symlink: /home/tknika/gral-iiriondo-main/unitree_ws/install/object_recognition_interfaces/share/object_recognition_interfaces/srv/AddObject.idl\n'}
[3.949252] (speech_to_goal_interfaces) StdoutLine: {'line': b'-- Up-to-date symlink: /home/tknika/gral-iiriondo-main/unitree_ws/install/speech_to_goal_interfaces/include/speech_to_goal_interfaces/speech_to_goal_interfaces/srv/detail/llm_query__rosidl_typesupport_introspection_cpp.hpp\n'}
[3.949903] (aruco_markers_msgs) StdoutLine: {'line': b'-- Up-to-date symlink: /home/tknika/gral-iiriondo-main/unitree_ws/install/aruco_markers_msgs/local/lib/python3.10/dist-packages/aruco_markers_msgs/msg/_marker.py\n'}
[3.950565] (object_recognition_interfaces) StdoutLine: {'line': b'-- Up-to-date symlink: /home/tknika/gral-iiriondo-main/unitree_ws/install/object_recognition_interfaces/share/object_recognition_interfaces/srv/DetectObject.srv\n'}
[3.951348] (aruco_markers_msgs) StdoutLine: {'line': b'-- Up-to-date symlink: /home/tknika/gral-iiriondo-main/unitree_ws/install/aruco_markers_msgs/local/lib/python3.10/dist-packages/aruco_markers_msgs/msg/_marker_array.py\n'}
[3.952286] (speech_to_goal_interfaces) StdoutLine: {'line': b'-- Up-to-date symlink: /home/tknika/gral-iiriondo-main/unitree_ws/install/speech_to_goal_interfaces/share/speech_to_goal_interfaces/environment/pythonpath.sh\n'}
[3.952816] (aruco_markers_msgs) StdoutLine: {'line': b'-- Up-to-date symlink: /home/tknika/gral-iiriondo-main/unitree_ws/install/aruco_markers_msgs/local/lib/python3.10/dist-packages/aruco_markers_msgs/msg/_marker_array_s.c\n'}
[3.953399] (object_recognition_interfaces) StdoutLine: {'line': b'-- Up-to-date symlink: /home/tknika/gral-iiriondo-main/unitree_ws/install/object_recognition_interfaces/share/object_recognition_interfaces/srv/DetectObject_Request.msg\n'}
[3.954090] (aruco_markers_msgs) StdoutLine: {'line': b'-- Up-to-date symlink: /home/tknika/gral-iiriondo-main/unitree_ws/install/aruco_markers_msgs/local/lib/python3.10/dist-packages/aruco_markers_msgs/msg/_marker_s.c\n'}
[3.959128] (speech_to_goal_interfaces) StdoutLine: {'line': b'-- Up-to-date symlink: /home/tknika/gral-iiriondo-main/unitree_ws/install/speech_to_goal_interfaces/share/speech_to_goal_interfaces/environment/pythonpath.dsv\n'}
[3.959954] (object_recognition_interfaces) StdoutLine: {'line': b'-- Up-to-date symlink: /home/tknika/gral-iiriondo-main/unitree_ws/install/object_recognition_interfaces/share/object_recognition_interfaces/srv/DetectObject_Response.msg\n'}
[3.961544] (aruco_markers_msgs) StdoutLine: {'line': b'-- Up-to-date symlink: /home/tknika/gral-iiriondo-main/unitree_ws/install/aruco_markers_msgs/local/lib/python3.10/dist-packages/aruco_markers_msgs/aruco_markers_msgs_s__rosidl_typesupport_fastrtps_c.cpython-310-aarch64-linux-gnu.so\n'}
[3.962589] (object_recognition_interfaces) StdoutLine: {'line': b'-- Up-to-date symlink: /home/tknika/gral-iiriondo-main/unitree_ws/install/object_recognition_interfaces/share/object_recognition_interfaces/srv/AddObject.srv\n'}
[3.963607] (aruco_markers_msgs) StdoutLine: {'line': b'-- Up-to-date symlink: /home/tknika/gral-iiriondo-main/unitree_ws/install/aruco_markers_msgs/local/lib/python3.10/dist-packages/aruco_markers_msgs/aruco_markers_msgs_s__rosidl_typesupport_introspection_c.cpython-310-aarch64-linux-gnu.so\n'}
[3.964619] (speech_to_goal_interfaces) StdoutLine: {'line': b'-- Up-to-date symlink: /home/tknika/gral-iiriondo-main/unitree_ws/install/speech_to_goal_interfaces/local/lib/python3.10/dist-packages/speech_to_goal_interfaces-0.0.0-py3.10.egg-info/PKG-INFO\n'}
[3.966177] (object_recognition_interfaces) StdoutLine: {'line': b'-- Up-to-date symlink: /home/tknika/gral-iiriondo-main/unitree_ws/install/object_recognition_interfaces/share/object_recognition_interfaces/srv/AddObject_Request.msg\n'}
[3.967179] (aruco_markers_msgs) StdoutLine: {'line': b'-- Up-to-date symlink: /home/tknika/gral-iiriondo-main/unitree_ws/install/aruco_markers_msgs/local/lib/python3.10/dist-packages/aruco_markers_msgs/aruco_markers_msgs_s__rosidl_typesupport_c.cpython-310-aarch64-linux-gnu.so\n'}
[3.967782] (speech_to_goal_interfaces) StdoutLine: {'line': b'-- Up-to-date symlink: /home/tknika/gral-iiriondo-main/unitree_ws/install/speech_to_goal_interfaces/local/lib/python3.10/dist-packages/speech_to_goal_interfaces-0.0.0-py3.10.egg-info/SOURCES.txt\n'}
[3.968369] (aruco_markers_msgs) StdoutLine: {'line': b'-- Up-to-date symlink: /home/tknika/gral-iiriondo-main/unitree_ws/install/aruco_markers_msgs/share/ament_index/resource_index/rust_packages/aruco_markers_msgs\n'}
[3.969048] (object_recognition_interfaces) StdoutLine: {'line': b'-- Up-to-date symlink: /home/tknika/gral-iiriondo-main/unitree_ws/install/object_recognition_interfaces/share/object_recognition_interfaces/srv/AddObject_Response.msg\n'}
[3.970077] (speech_to_goal_interfaces) StdoutLine: {'line': b'-- Up-to-date symlink: /home/tknika/gral-iiriondo-main/unitree_ws/install/speech_to_goal_interfaces/local/lib/python3.10/dist-packages/speech_to_goal_interfaces-0.0.0-py3.10.egg-info/dependency_links.txt\n'}
[3.971302] (object_recognition_interfaces) StdoutLine: {'line': b'-- Up-to-date symlink: /home/tknika/gral-iiriondo-main/unitree_ws/install/object_recognition_interfaces/share/ament_index/resource_index/package_run_dependencies/object_recognition_interfaces\n'}
[3.974788] (aruco_markers_msgs) StdoutLine: {'line': b'-- Up-to-date symlink: /home/tknika/gral-iiriondo-main/unitree_ws/install/aruco_markers_msgs/share/aruco_markers_msgs/rust/Cargo.toml\n'}
[3.975059] (speech_to_goal_interfaces) StdoutLine: {'line': b'-- Up-to-date symlink: /home/tknika/gral-iiriondo-main/unitree_ws/install/speech_to_goal_interfaces/local/lib/python3.10/dist-packages/speech_to_goal_interfaces-0.0.0-py3.10.egg-info/top_level.txt\n'}
[3.975236] (aruco_markers_msgs) StdoutLine: {'line': b'-- Up-to-date symlink: /home/tknika/gral-iiriondo-main/unitree_ws/install/aruco_markers_msgs/share/aruco_markers_msgs/rust/build.rs\n'}
[3.975377] (aruco_markers_msgs) StdoutLine: {'line': b'-- Up-to-date symlink: /home/tknika/gral-iiriondo-main/unitree_ws/install/aruco_markers_msgs/share/aruco_markers_msgs/rust/src/lib.rs\n'}
[3.975511] (aruco_markers_msgs) StdoutLine: {'line': b'-- Up-to-date symlink: /home/tknika/gral-iiriondo-main/unitree_ws/install/aruco_markers_msgs/share/aruco_markers_msgs/rust/src/msg.rs\n'}
[3.975632] (object_recognition_interfaces) StdoutLine: {'line': b'-- Up-to-date symlink: /home/tknika/gral-iiriondo-main/unitree_ws/install/object_recognition_interfaces/share/ament_index/resource_index/parent_prefix_path/object_recognition_interfaces\n'}
[3.975773] (object_recognition_interfaces) StdoutLine: {'line': b'-- Up-to-date symlink: /home/tknika/gral-iiriondo-main/unitree_ws/install/object_recognition_interfaces/share/object_recognition_interfaces/environment/ament_prefix_path.sh\n'}
[3.975898] (object_recognition_interfaces) StdoutLine: {'line': b'-- Up-to-date symlink: /home/tknika/gral-iiriondo-main/unitree_ws/install/object_recognition_interfaces/share/object_recognition_interfaces/environment/ament_prefix_path.dsv\n'}
[3.976017] (aruco_markers_msgs) StdoutLine: {'line': b'-- Up-to-date symlink: /home/tknika/gral-iiriondo-main/unitree_ws/install/aruco_markers_msgs/share/aruco_markers_msgs/rust/src/msg/rmw.rs\n'}
[3.976142] (aruco_markers_msgs) StdoutLine: {'line': b'-- Up-to-date symlink: /home/tknika/gral-iiriondo-main/unitree_ws/install/aruco_markers_msgs/share/aruco_markers_msgs/msg/Marker.idl\n'}
[3.976259] (aruco_markers_msgs) StdoutLine: {'line': b'-- Up-to-date symlink: /home/tknika/gral-iiriondo-main/unitree_ws/install/aruco_markers_msgs/share/aruco_markers_msgs/msg/MarkerArray.idl\n'}
[3.976372] (speech_to_goal_interfaces) StdoutLine: {'line': b'-- Up-to-date symlink: /home/tknika/gral-iiriondo-main/unitree_ws/install/speech_to_goal_interfaces/local/lib/python3.10/dist-packages/speech_to_goal_interfaces/__init__.py\n'}
[3.976501] (aruco_markers_msgs) StdoutLine: {'line': b'-- Up-to-date symlink: /home/tknika/gral-iiriondo-main/unitree_ws/install/aruco_markers_msgs/share/aruco_markers_msgs/msg/Marker.msg\n'}
[3.976618] (object_recognition_interfaces) StdoutLine: {'line': b'-- Up-to-date symlink: /home/tknika/gral-iiriondo-main/unitree_ws/install/object_recognition_interfaces/share/object_recognition_interfaces/environment/path.sh\n'}
[3.976777] (aruco_markers_msgs) StdoutLine: {'line': b'-- Up-to-date symlink: /home/tknika/gral-iiriondo-main/unitree_ws/install/aruco_markers_msgs/share/aruco_markers_msgs/msg/MarkerArray.msg\n'}
[3.976918] (speech_to_goal_interfaces) StdoutLine: {'line': b'-- Up-to-date symlink: /home/tknika/gral-iiriondo-main/unitree_ws/install/speech_to_goal_interfaces/local/lib/python3.10/dist-packages/speech_to_goal_interfaces/_speech_to_goal_interfaces_s.ep.rosidl_typesupport_c.c\n'}
[3.994550] (aruco_markers_msgs) StdoutLine: {'line': b'-- Up-to-date symlink: /home/tknika/gral-iiriondo-main/unitree_ws/install/aruco_markers_msgs/share/ament_index/resource_index/package_run_dependencies/aruco_markers_msgs\n'}
[3.995585] (object_recognition_interfaces) StdoutLine: {'line': b'-- Up-to-date symlink: /home/tknika/gral-iiriondo-main/unitree_ws/install/object_recognition_interfaces/share/object_recognition_interfaces/environment/path.dsv\n'}
[4.004102] (aruco_markers_msgs) StdoutLine: {'line': b'-- Up-to-date symlink: /home/tknika/gral-iiriondo-main/unitree_ws/install/aruco_markers_msgs/share/ament_index/resource_index/parent_prefix_path/aruco_markers_msgs\n'}
[4.005786] (speech_to_goal_interfaces) StdoutLine: {'line': b'-- Up-to-date symlink: /home/tknika/gral-iiriondo-main/unitree_ws/install/speech_to_goal_interfaces/local/lib/python3.10/dist-packages/speech_to_goal_interfaces/_speech_to_goal_interfaces_s.ep.rosidl_typesupport_fastrtps_c.c\n'}
[4.006706] (object_recognition_interfaces) StdoutLine: {'line': b'-- Up-to-date symlink: /home/tknika/gral-iiriondo-main/unitree_ws/install/object_recognition_interfaces/share/object_recognition_interfaces/local_setup.bash\n'}
[4.007487] (aruco_markers_msgs) StdoutLine: {'line': b'-- Up-to-date symlink: /home/tknika/gral-iiriondo-main/unitree_ws/install/aruco_markers_msgs/share/aruco_markers_msgs/environment/ament_prefix_path.sh\n'}
[4.008045] (aruco_markers_msgs) StdoutLine: {'line': b'-- Up-to-date symlink: /home/tknika/gral-iiriondo-main/unitree_ws/install/aruco_markers_msgs/share/aruco_markers_msgs/environment/ament_prefix_path.dsv\n'}
[4.008555] (object_recognition_interfaces) StdoutLine: {'line': b'-- Up-to-date symlink: /home/tknika/gral-iiriondo-main/unitree_ws/install/object_recognition_interfaces/share/object_recognition_interfaces/local_setup.sh\n'}
[4.009063] (speech_to_goal_interfaces) StdoutLine: {'line': b'-- Up-to-date symlink: /home/tknika/gral-iiriondo-main/unitree_ws/install/speech_to_goal_interfaces/local/lib/python3.10/dist-packages/speech_to_goal_interfaces/_speech_to_goal_interfaces_s.ep.rosidl_typesupport_introspection_c.c\n'}
[4.009600] (aruco_markers_msgs) StdoutLine: {'line': b'-- Up-to-date symlink: /home/tknika/gral-iiriondo-main/unitree_ws/install/aruco_markers_msgs/share/aruco_markers_msgs/environment/path.sh\n'}
[4.010582] (speech_to_goal_interfaces) StdoutLine: {'line': b'-- Up-to-date symlink: /home/tknika/gral-iiriondo-main/unitree_ws/install/speech_to_goal_interfaces/local/lib/python3.10/dist-packages/speech_to_goal_interfaces/libspeech_to_goal_interfaces__rosidl_generator_py.so\n'}
[4.011572] (object_recognition_interfaces) StdoutLine: {'line': b'-- Up-to-date symlink: /home/tknika/gral-iiriondo-main/unitree_ws/install/object_recognition_interfaces/share/object_recognition_interfaces/local_setup.zsh\n'}
[4.012130] (aruco_markers_msgs) StdoutLine: {'line': b'-- Up-to-date symlink: /home/tknika/gral-iiriondo-main/unitree_ws/install/aruco_markers_msgs/share/aruco_markers_msgs/environment/path.dsv\n'}
[4.012666] (object_recognition_interfaces) StdoutLine: {'line': b'-- Up-to-date symlink: /home/tknika/gral-iiriondo-main/unitree_ws/install/object_recognition_interfaces/share/object_recognition_interfaces/local_setup.dsv\n'}
[4.013161] (speech_to_goal_interfaces) StdoutLine: {'line': b'-- Up-to-date symlink: /home/tknika/gral-iiriondo-main/unitree_ws/install/speech_to_goal_interfaces/local/lib/python3.10/dist-packages/speech_to_goal_interfaces/msg/__init__.py\n'}
[4.013727] (aruco_markers_msgs) StdoutLine: {'line': b'-- Up-to-date symlink: /home/tknika/gral-iiriondo-main/unitree_ws/install/aruco_markers_msgs/share/aruco_markers_msgs/local_setup.bash\n'}
[4.014258] (object_recognition_interfaces) StdoutLine: {'line': b'-- Symlinking: /home/tknika/gral-iiriondo-main/unitree_ws/install/object_recognition_interfaces/share/object_recognition_interfaces/package.dsv\n'}
[4.014782] (speech_to_goal_interfaces) StdoutLine: {'line': b'-- Up-to-date symlink: /home/tknika/gral-iiriondo-main/unitree_ws/install/speech_to_goal_interfaces/local/lib/python3.10/dist-packages/speech_to_goal_interfaces/msg/_waypoint.py\n'}
[4.015308] (aruco_markers_msgs) StdoutLine: {'line': b'-- Up-to-date symlink: /home/tknika/gral-iiriondo-main/unitree_ws/install/aruco_markers_msgs/share/aruco_markers_msgs/local_setup.sh\n'}
[4.040118] (-) TimerEvent: {}
[4.040744] (speech_to_goal_interfaces) StdoutLine: {'line': b'-- Up-to-date symlink: /home/tknika/gral-iiriondo-main/unitree_ws/install/speech_to_goal_interfaces/local/lib/python3.10/dist-packages/speech_to_goal_interfaces/msg/_waypoint_s.c\n'}
[4.045330] (speech_to_goal_interfaces) StdoutLine: {'line': b'-- Up-to-date symlink: /home/tknika/gral-iiriondo-main/unitree_ws/install/speech_to_goal_interfaces/local/lib/python3.10/dist-packages/speech_to_goal_interfaces/speech_to_goal_interfaces_s__rosidl_typesupport_c.cpython-310-aarch64-linux-gnu.so\n'}
[4.053093] (speech_to_goal_interfaces) StdoutLine: {'line': b'-- Up-to-date symlink: /home/tknika/gral-iiriondo-main/unitree_ws/install/speech_to_goal_interfaces/local/lib/python3.10/dist-packages/speech_to_goal_interfaces/speech_to_goal_interfaces_s__rosidl_typesupport_fastrtps_c.cpython-310-aarch64-linux-gnu.so\n'}
[4.059381] (speech_to_goal_interfaces) StdoutLine: {'line': b'-- Up-to-date symlink: /home/tknika/gral-iiriondo-main/unitree_ws/install/speech_to_goal_interfaces/local/lib/python3.10/dist-packages/speech_to_goal_interfaces/speech_to_goal_interfaces_s__rosidl_typesupport_introspection_c.cpython-310-aarch64-linux-gnu.so\n'}
[4.061274] (speech_to_goal_interfaces) StdoutLine: {'line': b'-- Up-to-date symlink: /home/tknika/gral-iiriondo-main/unitree_ws/install/speech_to_goal_interfaces/local/lib/python3.10/dist-packages/speech_to_goal_interfaces/srv/__init__.py\n'}
[4.062887] (aruco_markers_msgs) StdoutLine: {'line': b'-- Up-to-date symlink: /home/tknika/gral-iiriondo-main/unitree_ws/install/aruco_markers_msgs/share/aruco_markers_msgs/local_setup.zsh\n'}
[4.065726] (aruco_markers_msgs) StdoutLine: {'line': b'-- Up-to-date symlink: /home/tknika/gral-iiriondo-main/unitree_ws/install/aruco_markers_msgs/share/aruco_markers_msgs/local_setup.dsv\n'}
[4.070524] (aruco_markers_msgs) StdoutLine: {'line': b'-- Symlinking: /home/tknika/gral-iiriondo-main/unitree_ws/install/aruco_markers_msgs/share/aruco_markers_msgs/package.dsv\n'}
[4.070921] (speech_to_goal_interfaces) StdoutLine: {'line': b'-- Up-to-date symlink: /home/tknika/gral-iiriondo-main/unitree_ws/install/speech_to_goal_interfaces/local/lib/python3.10/dist-packages/speech_to_goal_interfaces/srv/_detect_intent.py\n'}
[4.071304] (speech_to_goal_interfaces) StdoutLine: {'line': b'-- Up-to-date symlink: /home/tknika/gral-iiriondo-main/unitree_ws/install/speech_to_goal_interfaces/local/lib/python3.10/dist-packages/speech_to_goal_interfaces/srv/_detect_intent_s.c\n'}
[4.071780] (speech_to_goal_interfaces) StdoutLine: {'line': b'-- Up-to-date symlink: /home/tknika/gral-iiriondo-main/unitree_ws/install/speech_to_goal_interfaces/local/lib/python3.10/dist-packages/speech_to_goal_interfaces/srv/_llm_query.py\n'}
[4.071993] (speech_to_goal_interfaces) StdoutLine: {'line': b'-- Up-to-date symlink: /home/tknika/gral-iiriondo-main/unitree_ws/install/speech_to_goal_interfaces/local/lib/python3.10/dist-packages/speech_to_goal_interfaces/srv/_llm_query_s.c\n'}
[4.072129] (speech_to_goal_interfaces) StdoutLine: {'line': b'-- Up-to-date symlink: /home/tknika/gral-iiriondo-main/unitree_ws/install/speech_to_goal_interfaces/local/lib/python3.10/dist-packages/speech_to_goal_interfaces/speech_to_goal_interfaces_s__rosidl_typesupport_fastrtps_c.cpython-310-aarch64-linux-gnu.so\n'}
[4.072288] (speech_to_goal_interfaces) StdoutLine: {'line': b'-- Up-to-date symlink: /home/tknika/gral-iiriondo-main/unitree_ws/install/speech_to_goal_interfaces/local/lib/python3.10/dist-packages/speech_to_goal_interfaces/speech_to_goal_interfaces_s__rosidl_typesupport_introspection_c.cpython-310-aarch64-linux-gnu.so\n'}
[4.072417] (speech_to_goal_interfaces) StdoutLine: {'line': b'-- Up-to-date symlink: /home/tknika/gral-iiriondo-main/unitree_ws/install/speech_to_goal_interfaces/local/lib/python3.10/dist-packages/speech_to_goal_interfaces/speech_to_goal_interfaces_s__rosidl_typesupport_c.cpython-310-aarch64-linux-gnu.so\n'}
[4.072661] (speech_to_goal_interfaces) StdoutLine: {'line': b'-- Up-to-date symlink: /home/tknika/gral-iiriondo-main/unitree_ws/install/speech_to_goal_interfaces/share/ament_index/resource_index/rust_packages/speech_to_goal_interfaces\n'}
[4.072994] (speech_to_goal_interfaces) StdoutLine: {'line': b'-- Up-to-date symlink: /home/tknika/gral-iiriondo-main/unitree_ws/install/speech_to_goal_interfaces/share/speech_to_goal_interfaces/rust/Cargo.toml\n'}
[4.073137] (speech_to_goal_interfaces) StdoutLine: {'line': b'-- Up-to-date symlink: /home/tknika/gral-iiriondo-main/unitree_ws/install/speech_to_goal_interfaces/share/speech_to_goal_interfaces/rust/build.rs\n'}
[4.073317] (speech_to_goal_interfaces) StdoutLine: {'line': b'-- Up-to-date symlink: /home/tknika/gral-iiriondo-main/unitree_ws/install/speech_to_goal_interfaces/share/speech_to_goal_interfaces/rust/src/lib.rs\n'}
[4.073438] (speech_to_goal_interfaces) StdoutLine: {'line': b'-- Up-to-date symlink: /home/tknika/gral-iiriondo-main/unitree_ws/install/speech_to_goal_interfaces/share/speech_to_goal_interfaces/rust/src/msg.rs\n'}
[4.074904] (speech_to_goal_interfaces) StdoutLine: {'line': b'-- Up-to-date symlink: /home/tknika/gral-iiriondo-main/unitree_ws/install/speech_to_goal_interfaces/share/speech_to_goal_interfaces/rust/src/msg/rmw.rs\n'}
[4.075179] (speech_to_goal_interfaces) StdoutLine: {'line': b'-- Up-to-date symlink: /home/tknika/gral-iiriondo-main/unitree_ws/install/speech_to_goal_interfaces/share/speech_to_goal_interfaces/rust/src/srv.rs\n'}
[4.077888] (speech_to_goal_interfaces) StdoutLine: {'line': b'-- Up-to-date symlink: /home/tknika/gral-iiriondo-main/unitree_ws/install/speech_to_goal_interfaces/share/speech_to_goal_interfaces/rust/src/srv/rmw.rs\n'}
[4.078178] (speech_to_goal_interfaces) StdoutLine: {'line': b'-- Up-to-date symlink: /home/tknika/gral-iiriondo-main/unitree_ws/install/speech_to_goal_interfaces/share/speech_to_goal_interfaces/msg/Waypoint.idl\n'}
[4.078352] (speech_to_goal_interfaces) StdoutLine: {'line': b'-- Up-to-date symlink: /home/tknika/gral-iiriondo-main/unitree_ws/install/speech_to_goal_interfaces/share/speech_to_goal_interfaces/srv/LLMQuery.idl\n'}
[4.078491] (speech_to_goal_interfaces) StdoutLine: {'line': b'-- Up-to-date symlink: /home/tknika/gral-iiriondo-main/unitree_ws/install/speech_to_goal_interfaces/share/speech_to_goal_interfaces/srv/DetectIntent.idl\n'}
[4.079207] (speech_to_goal_interfaces) StdoutLine: {'line': b'-- Up-to-date symlink: /home/tknika/gral-iiriondo-main/unitree_ws/install/speech_to_goal_interfaces/share/speech_to_goal_interfaces/msg/Waypoint.msg\n'}
[4.080447] (speech_to_goal_interfaces) StdoutLine: {'line': b'-- Up-to-date symlink: /home/tknika/gral-iiriondo-main/unitree_ws/install/speech_to_goal_interfaces/share/speech_to_goal_interfaces/srv/LLMQuery.srv\n'}
[4.080649] (speech_to_goal_interfaces) StdoutLine: {'line': b'-- Up-to-date symlink: /home/tknika/gral-iiriondo-main/unitree_ws/install/speech_to_goal_interfaces/share/speech_to_goal_interfaces/srv/LLMQuery_Request.msg\n'}
[4.080866] (speech_to_goal_interfaces) StdoutLine: {'line': b'-- Up-to-date symlink: /home/tknika/gral-iiriondo-main/unitree_ws/install/speech_to_goal_interfaces/share/speech_to_goal_interfaces/srv/LLMQuery_Response.msg\n'}
[4.081473] (speech_to_goal_interfaces) StdoutLine: {'line': b'-- Up-to-date symlink: /home/tknika/gral-iiriondo-main/unitree_ws/install/speech_to_goal_interfaces/share/speech_to_goal_interfaces/srv/DetectIntent.srv\n'}
[4.081662] (speech_to_goal_interfaces) StdoutLine: {'line': b'-- Up-to-date symlink: /home/tknika/gral-iiriondo-main/unitree_ws/install/speech_to_goal_interfaces/share/speech_to_goal_interfaces/srv/DetectIntent_Request.msg\n'}
[4.083150] (speech_to_goal_interfaces) StdoutLine: {'line': b'-- Up-to-date symlink: /home/tknika/gral-iiriondo-main/unitree_ws/install/speech_to_goal_interfaces/share/speech_to_goal_interfaces/srv/DetectIntent_Response.msg\n'}
[4.083445] (speech_to_goal_interfaces) StdoutLine: {'line': b'-- Up-to-date symlink: /home/tknika/gral-iiriondo-main/unitree_ws/install/speech_to_goal_interfaces/share/ament_index/resource_index/package_run_dependencies/speech_to_goal_interfaces\n'}
[4.083609] (speech_to_goal_interfaces) StdoutLine: {'line': b'-- Up-to-date symlink: /home/tknika/gral-iiriondo-main/unitree_ws/install/speech_to_goal_interfaces/share/ament_index/resource_index/parent_prefix_path/speech_to_goal_interfaces\n'}
[4.083811] (speech_to_goal_interfaces) StdoutLine: {'line': b'-- Up-to-date symlink: /home/tknika/gral-iiriondo-main/unitree_ws/install/speech_to_goal_interfaces/share/speech_to_goal_interfaces/environment/ament_prefix_path.sh\n'}
[4.084996] (speech_to_goal_interfaces) StdoutLine: {'line': b'-- Up-to-date symlink: /home/tknika/gral-iiriondo-main/unitree_ws/install/speech_to_goal_interfaces/share/speech_to_goal_interfaces/environment/ament_prefix_path.dsv\n'}
[4.085309] (speech_to_goal_interfaces) StdoutLine: {'line': b'-- Up-to-date symlink: /home/tknika/gral-iiriondo-main/unitree_ws/install/speech_to_goal_interfaces/share/speech_to_goal_interfaces/environment/path.sh\n'}
[4.085912] (speech_to_goal_interfaces) StdoutLine: {'line': b'-- Up-to-date symlink: /home/tknika/gral-iiriondo-main/unitree_ws/install/speech_to_goal_interfaces/share/speech_to_goal_interfaces/environment/path.dsv\n'}
[4.091435] (speech_to_goal_interfaces) StdoutLine: {'line': b'-- Up-to-date symlink: /home/tknika/gral-iiriondo-main/unitree_ws/install/speech_to_goal_interfaces/share/speech_to_goal_interfaces/local_setup.bash\n'}
[4.091645] (speech_to_goal_interfaces) StdoutLine: {'line': b'-- Up-to-date symlink: /home/tknika/gral-iiriondo-main/unitree_ws/install/speech_to_goal_interfaces/share/speech_to_goal_interfaces/local_setup.sh\n'}
[4.091797] (speech_to_goal_interfaces) StdoutLine: {'line': b'-- Up-to-date symlink: /home/tknika/gral-iiriondo-main/unitree_ws/install/speech_to_goal_interfaces/share/speech_to_goal_interfaces/local_setup.zsh\n'}
[4.091939] (speech_to_goal_interfaces) StdoutLine: {'line': b'-- Up-to-date symlink: /home/tknika/gral-iiriondo-main/unitree_ws/install/speech_to_goal_interfaces/share/speech_to_goal_interfaces/local_setup.dsv\n'}
[4.092071] (speech_to_goal_interfaces) StdoutLine: {'line': b'-- Symlinking: /home/tknika/gral-iiriondo-main/unitree_ws/install/speech_to_goal_interfaces/share/speech_to_goal_interfaces/package.dsv\n'}
[4.092202] (aruco_markers_msgs) StdoutLine: {'line': b'-- Up-to-date symlink: /home/tknika/gral-iiriondo-main/unitree_ws/install/aruco_markers_msgs/share/ament_index/resource_index/packages/aruco_markers_msgs\n'}
[4.092356] (aruco_markers_msgs) StdoutLine: {'line': b'-- Up-to-date symlink: /home/tknika/gral-iiriondo-main/unitree_ws/install/aruco_markers_msgs/share/aruco_markers_msgs/cmake/rosidl_cmake-extras.cmake\n'}
[4.092488] (aruco_markers_msgs) StdoutLine: {'line': b'-- Up-to-date symlink: /home/tknika/gral-iiriondo-main/unitree_ws/install/aruco_markers_msgs/share/aruco_markers_msgs/cmake/ament_cmake_export_dependencies-extras.cmake\n'}
[4.092676] (aruco_markers_msgs) StdoutLine: {'line': b'-- Up-to-date symlink: /home/tknika/gral-iiriondo-main/unitree_ws/install/aruco_markers_msgs/share/aruco_markers_msgs/cmake/ament_cmake_export_include_directories-extras.cmake\n'}
[4.092809] (aruco_markers_msgs) StdoutLine: {'line': b'-- Up-to-date symlink: /home/tknika/gral-iiriondo-main/unitree_ws/install/aruco_markers_msgs/share/aruco_markers_msgs/cmake/ament_cmake_export_libraries-extras.cmake\n'}
[4.092935] (aruco_markers_msgs) StdoutLine: {'line': b'-- Up-to-date symlink: /home/tknika/gral-iiriondo-main/unitree_ws/install/aruco_markers_msgs/share/aruco_markers_msgs/cmake/ament_cmake_export_targets-extras.cmake\n'}
[4.093061] (aruco_markers_msgs) StdoutLine: {'line': b'-- Up-to-date symlink: /home/tknika/gral-iiriondo-main/unitree_ws/install/aruco_markers_msgs/share/aruco_markers_msgs/cmake/rosidl_cmake_export_typesupport_targets-extras.cmake\n'}
[4.093840] (aruco_markers_msgs) StdoutLine: {'line': b'-- Up-to-date symlink: /home/tknika/gral-iiriondo-main/unitree_ws/install/aruco_markers_msgs/share/aruco_markers_msgs/cmake/rosidl_cmake_export_typesupport_libraries-extras.cmake\n'}
[4.094298] (aruco_markers_msgs) StdoutLine: {'line': b'-- Up-to-date symlink: /home/tknika/gral-iiriondo-main/unitree_ws/install/aruco_markers_msgs/share/aruco_markers_msgs/cmake/aruco_markers_msgsConfig.cmake\n'}
[4.094785] (aruco_markers_msgs) StdoutLine: {'line': b'-- Up-to-date symlink: /home/tknika/gral-iiriondo-main/unitree_ws/install/aruco_markers_msgs/share/aruco_markers_msgs/cmake/aruco_markers_msgsConfig-version.cmake\n'}
[4.094969] (aruco_markers_msgs) StdoutLine: {'line': b'-- Up-to-date symlink: /home/tknika/gral-iiriondo-main/unitree_ws/install/aruco_markers_msgs/share/aruco_markers_msgs/package.xml\n'}
[4.095107] (aruco_markers_msgs) StdoutLine: {'line': b'-- Up-to-date: /home/tknika/gral-iiriondo-main/unitree_ws/install/aruco_markers_msgs/lib/libaruco_markers_msgs__rosidl_generator_c.so\n'}
[4.095231] (aruco_markers_msgs) StdoutLine: {'line': b'-- Up-to-date: /home/tknika/gral-iiriondo-main/unitree_ws/install/aruco_markers_msgs/lib/libaruco_markers_msgs__rosidl_typesupport_fastrtps_c.so\n'}
[4.095353] (aruco_markers_msgs) StdoutLine: {'line': b'-- Up-to-date: /home/tknika/gral-iiriondo-main/unitree_ws/install/aruco_markers_msgs/lib/libaruco_markers_msgs__rosidl_typesupport_fastrtps_cpp.so\n'}
[4.095477] (aruco_markers_msgs) StdoutLine: {'line': b'-- Up-to-date: /home/tknika/gral-iiriondo-main/unitree_ws/install/aruco_markers_msgs/lib/libaruco_markers_msgs__rosidl_typesupport_introspection_c.so\n'}
[4.095632] (aruco_markers_msgs) StdoutLine: {'line': b'-- Up-to-date: /home/tknika/gral-iiriondo-main/unitree_ws/install/aruco_markers_msgs/lib/libaruco_markers_msgs__rosidl_typesupport_c.so\n'}
[4.095760] (aruco_markers_msgs) StdoutLine: {'line': b'-- Up-to-date: /home/tknika/gral-iiriondo-main/unitree_ws/install/aruco_markers_msgs/lib/libaruco_markers_msgs__rosidl_typesupport_introspection_cpp.so\n'}
[4.095884] (aruco_markers_msgs) StdoutLine: {'line': b'-- Up-to-date: /home/tknika/gral-iiriondo-main/unitree_ws/install/aruco_markers_msgs/lib/libaruco_markers_msgs__rosidl_typesupport_cpp.so\n'}
[4.096005] (speech_to_goal_interfaces) StdoutLine: {'line': b'-- Up-to-date symlink: /home/tknika/gral-iiriondo-main/unitree_ws/install/speech_to_goal_interfaces/share/ament_index/resource_index/packages/speech_to_goal_interfaces\n'}
[4.096148] (speech_to_goal_interfaces) StdoutLine: {'line': b'-- Up-to-date symlink: /home/tknika/gral-iiriondo-main/unitree_ws/install/speech_to_goal_interfaces/share/speech_to_goal_interfaces/cmake/rosidl_cmake-extras.cmake\n'}
[4.096292] (speech_to_goal_interfaces) StdoutLine: {'line': b'-- Up-to-date symlink: /home/tknika/gral-iiriondo-main/unitree_ws/install/speech_to_goal_interfaces/share/speech_to_goal_interfaces/cmake/ament_cmake_export_include_directories-extras.cmake\n'}
[4.096433] (speech_to_goal_interfaces) StdoutLine: {'line': b'-- Up-to-date symlink: /home/tknika/gral-iiriondo-main/unitree_ws/install/speech_to_goal_interfaces/share/speech_to_goal_interfaces/cmake/ament_cmake_export_libraries-extras.cmake\n'}
[4.096555] (speech_to_goal_interfaces) StdoutLine: {'line': b'-- Up-to-date symlink: /home/tknika/gral-iiriondo-main/unitree_ws/install/speech_to_goal_interfaces/share/speech_to_goal_interfaces/cmake/ament_cmake_export_targets-extras.cmake\n'}
[4.096675] (speech_to_goal_interfaces) StdoutLine: {'line': b'-- Up-to-date symlink: /home/tknika/gral-iiriondo-main/unitree_ws/install/speech_to_goal_interfaces/share/speech_to_goal_interfaces/cmake/rosidl_cmake_export_typesupport_targets-extras.cmake\n'}
[4.096798] (speech_to_goal_interfaces) StdoutLine: {'line': b'-- Up-to-date symlink: /home/tknika/gral-iiriondo-main/unitree_ws/install/speech_to_goal_interfaces/share/speech_to_goal_interfaces/cmake/ament_cmake_export_dependencies-extras.cmake\n'}
[4.096918] (speech_to_goal_interfaces) StdoutLine: {'line': b'-- Up-to-date symlink: /home/tknika/gral-iiriondo-main/unitree_ws/install/speech_to_goal_interfaces/share/speech_to_goal_interfaces/cmake/rosidl_cmake_export_typesupport_libraries-extras.cmake\n'}
[4.097040] (object_recognition_interfaces) StdoutLine: {'line': b'-- Up-to-date symlink: /home/tknika/gral-iiriondo-main/unitree_ws/install/object_recognition_interfaces/share/ament_index/resource_index/packages/object_recognition_interfaces\n'}
[4.097184] (object_recognition_interfaces) StdoutLine: {'line': b'-- Up-to-date symlink: /home/tknika/gral-iiriondo-main/unitree_ws/install/object_recognition_interfaces/share/object_recognition_interfaces/cmake/rosidl_cmake-extras.cmake\n'}
[4.097329] (speech_to_goal_interfaces) StdoutLine: {'line': b'-- Up-to-date symlink: /home/tknika/gral-iiriondo-main/unitree_ws/install/speech_to_goal_interfaces/share/speech_to_goal_interfaces/cmake/speech_to_goal_interfacesConfig.cmake\n'}
[4.097449] (object_recognition_interfaces) StdoutLine: {'line': b'-- Up-to-date symlink: /home/tknika/gral-iiriondo-main/unitree_ws/install/object_recognition_interfaces/share/object_recognition_interfaces/cmake/ament_cmake_export_include_directories-extras.cmake\n'}
[4.097569] (speech_to_goal_interfaces) StdoutLine: {'line': b'-- Up-to-date symlink: /home/tknika/gral-iiriondo-main/unitree_ws/install/speech_to_goal_interfaces/share/speech_to_goal_interfaces/cmake/speech_to_goal_interfacesConfig-version.cmake\n'}
[4.097686] (object_recognition_interfaces) StdoutLine: {'line': b'-- Up-to-date symlink: /home/tknika/gral-iiriondo-main/unitree_ws/install/object_recognition_interfaces/share/object_recognition_interfaces/cmake/ament_cmake_export_libraries-extras.cmake\n'}
[4.097800] (speech_to_goal_interfaces) StdoutLine: {'line': b'-- Up-to-date symlink: /home/tknika/gral-iiriondo-main/unitree_ws/install/speech_to_goal_interfaces/share/speech_to_goal_interfaces/package.xml\n'}
[4.097915] (speech_to_goal_interfaces) StdoutLine: {'line': b'-- Up-to-date: /home/tknika/gral-iiriondo-main/unitree_ws/install/speech_to_goal_interfaces/lib/libspeech_to_goal_interfaces__rosidl_generator_c.so\n'}
[4.098033] (speech_to_goal_interfaces) StdoutLine: {'line': b'-- Up-to-date: /home/tknika/gral-iiriondo-main/unitree_ws/install/speech_to_goal_interfaces/lib/libspeech_to_goal_interfaces__rosidl_typesupport_fastrtps_c.so\n'}
[4.098185] (object_recognition_interfaces) StdoutLine: {'line': b'-- Up-to-date symlink: /home/tknika/gral-iiriondo-main/unitree_ws/install/object_recognition_interfaces/share/object_recognition_interfaces/cmake/ament_cmake_export_targets-extras.cmake\n'}
[4.098320] (object_recognition_interfaces) StdoutLine: {'line': b'-- Up-to-date symlink: /home/tknika/gral-iiriondo-main/unitree_ws/install/object_recognition_interfaces/share/object_recognition_interfaces/cmake/rosidl_cmake_export_typesupport_targets-extras.cmake\n'}
[4.098443] (speech_to_goal_interfaces) StdoutLine: {'line': b'-- Up-to-date: /home/tknika/gral-iiriondo-main/unitree_ws/install/speech_to_goal_interfaces/lib/libspeech_to_goal_interfaces__rosidl_typesupport_introspection_c.so\n'}
[4.098566] (object_recognition_interfaces) StdoutLine: {'line': b'-- Up-to-date symlink: /home/tknika/gral-iiriondo-main/unitree_ws/install/object_recognition_interfaces/share/object_recognition_interfaces/cmake/ament_cmake_export_dependencies-extras.cmake\n'}
[4.098726] (speech_to_goal_interfaces) StdoutLine: {'line': b'-- Up-to-date: /home/tknika/gral-iiriondo-main/unitree_ws/install/speech_to_goal_interfaces/lib/libspeech_to_goal_interfaces__rosidl_typesupport_c.so\n'}
[4.098851] (speech_to_goal_interfaces) StdoutLine: {'line': b'-- Up-to-date: /home/tknika/gral-iiriondo-main/unitree_ws/install/speech_to_goal_interfaces/lib/libspeech_to_goal_interfaces__rosidl_typesupport_fastrtps_cpp.so\n'}
[4.099211] (speech_to_goal_interfaces) StdoutLine: {'line': b'-- Up-to-date: /home/tknika/gral-iiriondo-main/unitree_ws/install/speech_to_goal_interfaces/lib/libspeech_to_goal_interfaces__rosidl_typesupport_introspection_cpp.so\n'}
[4.099439] (object_recognition_interfaces) StdoutLine: {'line': b'-- Up-to-date symlink: /home/tknika/gral-iiriondo-main/unitree_ws/install/object_recognition_interfaces/share/object_recognition_interfaces/cmake/rosidl_cmake_export_typesupport_libraries-extras.cmake\n'}
[4.099579] (object_recognition_interfaces) StdoutLine: {'line': b'-- Up-to-date symlink: /home/tknika/gral-iiriondo-main/unitree_ws/install/object_recognition_interfaces/share/object_recognition_interfaces/cmake/object_recognition_interfacesConfig.cmake\n'}
[4.099732] (speech_to_goal_interfaces) StdoutLine: {'line': b'-- Up-to-date: /home/tknika/gral-iiriondo-main/unitree_ws/install/speech_to_goal_interfaces/lib/libspeech_to_goal_interfaces__rosidl_typesupport_cpp.so\n'}
[4.099859] (object_recognition_interfaces) StdoutLine: {'line': b'-- Up-to-date symlink: /home/tknika/gral-iiriondo-main/unitree_ws/install/object_recognition_interfaces/share/object_recognition_interfaces/cmake/object_recognition_interfacesConfig-version.cmake\n'}
[4.099985] (object_recognition_interfaces) StdoutLine: {'line': b'-- Up-to-date symlink: /home/tknika/gral-iiriondo-main/unitree_ws/install/object_recognition_interfaces/share/object_recognition_interfaces/package.xml\n'}
[4.100107] (object_recognition_interfaces) StdoutLine: {'line': b'-- Up-to-date: /home/tknika/gral-iiriondo-main/unitree_ws/install/object_recognition_interfaces/lib/libobject_recognition_interfaces__rosidl_generator_c.so\n'}
[4.100230] (object_recognition_interfaces) StdoutLine: {'line': b'-- Up-to-date: /home/tknika/gral-iiriondo-main/unitree_ws/install/object_recognition_interfaces/lib/libobject_recognition_interfaces__rosidl_typesupport_fastrtps_c.so\n'}
[4.100352] (object_recognition_interfaces) StdoutLine: {'line': b'-- Up-to-date: /home/tknika/gral-iiriondo-main/unitree_ws/install/object_recognition_interfaces/lib/libobject_recognition_interfaces__rosidl_typesupport_introspection_c.so\n'}
[4.100471] (object_recognition_interfaces) StdoutLine: {'line': b'-- Up-to-date: /home/tknika/gral-iiriondo-main/unitree_ws/install/object_recognition_interfaces/lib/libobject_recognition_interfaces__rosidl_typesupport_c.so\n'}
[4.100592] (object_recognition_interfaces) StdoutLine: {'line': b'-- Up-to-date: /home/tknika/gral-iiriondo-main/unitree_ws/install/object_recognition_interfaces/lib/libobject_recognition_interfaces__rosidl_typesupport_fastrtps_cpp.so\n'}
[4.100710] (object_recognition_interfaces) StdoutLine: {'line': b'-- Up-to-date: /home/tknika/gral-iiriondo-main/unitree_ws/install/object_recognition_interfaces/lib/libobject_recognition_interfaces__rosidl_typesupport_introspection_cpp.so\n'}
[4.100858] (object_recognition_interfaces) StdoutLine: {'line': b'-- Up-to-date: /home/tknika/gral-iiriondo-main/unitree_ws/install/object_recognition_interfaces/lib/libobject_recognition_interfaces__rosidl_typesupport_cpp.so\n'}
[4.100981] (aruco_markers_msgs) StdoutLine: {'line': b"Listing '/home/tknika/gral-iiriondo-main/unitree_ws/install/aruco_markers_msgs/local/lib/python3.10/dist-packages/aruco_markers_msgs'...\n"}
[4.101123] (aruco_markers_msgs) StdoutLine: {'line': b"Listing '/home/tknika/gral-iiriondo-main/unitree_ws/install/aruco_markers_msgs/local/lib/python3.10/dist-packages/aruco_markers_msgs/msg'...\n"}
[4.101246] (aruco_markers_msgs) StdoutLine: {'line': b'-- Up-to-date: /home/tknika/gral-iiriondo-main/unitree_ws/install/aruco_markers_msgs/lib/libaruco_markers_msgs__rosidl_generator_py.so\n'}
[4.101367] (aruco_markers_msgs) StdoutLine: {'line': b'-- Up-to-date: /home/tknika/gral-iiriondo-main/unitree_ws/install/aruco_markers_msgs/share/aruco_markers_msgs/cmake/export_aruco_markers_msgs__rosidl_generator_cExport.cmake\n'}
[4.101892] (aruco_markers_msgs) StdoutLine: {'line': b'-- Up-to-date: /home/tknika/gral-iiriondo-main/unitree_ws/install/aruco_markers_msgs/share/aruco_markers_msgs/cmake/export_aruco_markers_msgs__rosidl_generator_cExport-noconfig.cmake\n'}
[4.102032] (aruco_markers_msgs) StdoutLine: {'line': b'-- Up-to-date: /home/tknika/gral-iiriondo-main/unitree_ws/install/aruco_markers_msgs/share/aruco_markers_msgs/cmake/export_aruco_markers_msgs__rosidl_typesupport_fastrtps_cExport.cmake\n'}
[4.102190] (aruco_markers_msgs) StdoutLine: {'line': b'-- Up-to-date: /home/tknika/gral-iiriondo-main/unitree_ws/install/aruco_markers_msgs/share/aruco_markers_msgs/cmake/export_aruco_markers_msgs__rosidl_typesupport_fastrtps_cExport-noconfig.cmake\n'}
[4.102320] (aruco_markers_msgs) StdoutLine: {'line': b'-- Up-to-date: /home/tknika/gral-iiriondo-main/unitree_ws/install/aruco_markers_msgs/share/aruco_markers_msgs/cmake/export_aruco_markers_msgs__rosidl_generator_cppExport.cmake\n'}
[4.102479] (aruco_markers_msgs) StdoutLine: {'line': b'-- Up-to-date: /home/tknika/gral-iiriondo-main/unitree_ws/install/aruco_markers_msgs/share/aruco_markers_msgs/cmake/export_aruco_markers_msgs__rosidl_typesupport_fastrtps_cppExport.cmake\n'}
[4.102605] (aruco_markers_msgs) StdoutLine: {'line': b'-- Up-to-date: /home/tknika/gral-iiriondo-main/unitree_ws/install/aruco_markers_msgs/share/aruco_markers_msgs/cmake/export_aruco_markers_msgs__rosidl_typesupport_fastrtps_cppExport-noconfig.cmake\n'}
[4.102726] (aruco_markers_msgs) StdoutLine: {'line': b'-- Up-to-date: /home/tknika/gral-iiriondo-main/unitree_ws/install/aruco_markers_msgs/share/aruco_markers_msgs/cmake/aruco_markers_msgs__rosidl_typesupport_introspection_cExport.cmake\n'}
[4.102887] (aruco_markers_msgs) StdoutLine: {'line': b'-- Up-to-date: /home/tknika/gral-iiriondo-main/unitree_ws/install/aruco_markers_msgs/share/aruco_markers_msgs/cmake/aruco_markers_msgs__rosidl_typesupport_introspection_cExport-noconfig.cmake\n'}
[4.103014] (aruco_markers_msgs) StdoutLine: {'line': b'-- Up-to-date: /home/tknika/gral-iiriondo-main/unitree_ws/install/aruco_markers_msgs/share/aruco_markers_msgs/cmake/aruco_markers_msgs__rosidl_typesupport_cExport.cmake\n'}
[4.103137] (aruco_markers_msgs) StdoutLine: {'line': b'-- Up-to-date: /home/tknika/gral-iiriondo-main/unitree_ws/install/aruco_markers_msgs/share/aruco_markers_msgs/cmake/aruco_markers_msgs__rosidl_typesupport_cExport-noconfig.cmake\n'}
[4.103258] (aruco_markers_msgs) StdoutLine: {'line': b'-- Up-to-date: /home/tknika/gral-iiriondo-main/unitree_ws/install/aruco_markers_msgs/share/aruco_markers_msgs/cmake/aruco_markers_msgs__rosidl_typesupport_introspection_cppExport.cmake\n'}
[4.103374] (aruco_markers_msgs) StdoutLine: {'line': b'-- Up-to-date: /home/tknika/gral-iiriondo-main/unitree_ws/install/aruco_markers_msgs/share/aruco_markers_msgs/cmake/aruco_markers_msgs__rosidl_typesupport_introspection_cppExport-noconfig.cmake\n'}
[4.103489] (aruco_markers_msgs) StdoutLine: {'line': b'-- Up-to-date: /home/tknika/gral-iiriondo-main/unitree_ws/install/aruco_markers_msgs/share/aruco_markers_msgs/cmake/aruco_markers_msgs__rosidl_typesupport_cppExport.cmake\n'}
[4.103607] (aruco_markers_msgs) StdoutLine: {'line': b'-- Up-to-date: /home/tknika/gral-iiriondo-main/unitree_ws/install/aruco_markers_msgs/share/aruco_markers_msgs/cmake/aruco_markers_msgs__rosidl_typesupport_cppExport-noconfig.cmake\n'}
[4.103728] (aruco_markers_msgs) StdoutLine: {'line': b'-- Up-to-date: /home/tknika/gral-iiriondo-main/unitree_ws/install/aruco_markers_msgs/share/aruco_markers_msgs/cmake/export_aruco_markers_msgs__rosidl_generator_pyExport.cmake\n'}
[4.103874] (aruco_markers_msgs) StdoutLine: {'line': b'-- Up-to-date: /home/tknika/gral-iiriondo-main/unitree_ws/install/aruco_markers_msgs/share/aruco_markers_msgs/cmake/export_aruco_markers_msgs__rosidl_generator_pyExport-noconfig.cmake\n'}
[4.104002] (aruco_markers_msgs) CommandEnded: {'returncode': 0}
[4.106375] (object_recognition_interfaces) StdoutLine: {'line': b"Listing '/home/tknika/gral-iiriondo-main/unitree_ws/install/object_recognition_interfaces/local/lib/python3.10/dist-packages/object_recognition_interfaces'...\n"}
[4.107115] (object_recognition_interfaces) StdoutLine: {'line': b"Listing '/home/tknika/gral-iiriondo-main/unitree_ws/install/object_recognition_interfaces/local/lib/python3.10/dist-packages/object_recognition_interfaces/srv'...\n"}
[4.107470] (object_recognition_interfaces) StdoutLine: {'line': b'-- Up-to-date: /home/tknika/gral-iiriondo-main/unitree_ws/install/object_recognition_interfaces/lib/libobject_recognition_interfaces__rosidl_generator_py.so\n'}
[4.107692] (object_recognition_interfaces) StdoutLine: {'line': b'-- Up-to-date: /home/tknika/gral-iiriondo-main/unitree_ws/install/object_recognition_interfaces/share/object_recognition_interfaces/cmake/export_object_recognition_interfaces__rosidl_generator_cExport.cmake\n'}
[4.107901] (object_recognition_interfaces) StdoutLine: {'line': b'-- Up-to-date: /home/tknika/gral-iiriondo-main/unitree_ws/install/object_recognition_interfaces/share/object_recognition_interfaces/cmake/export_object_recognition_interfaces__rosidl_generator_cExport-noconfig.cmake\n'}
[4.108138] (object_recognition_interfaces) StdoutLine: {'line': b'-- Up-to-date: /home/tknika/gral-iiriondo-main/unitree_ws/install/object_recognition_interfaces/share/object_recognition_interfaces/cmake/export_object_recognition_interfaces__rosidl_typesupport_fastrtps_cExport.cmake\n'}
[4.108305] (object_recognition_interfaces) StdoutLine: {'line': b'-- Up-to-date: /home/tknika/gral-iiriondo-main/unitree_ws/install/object_recognition_interfaces/share/object_recognition_interfaces/cmake/export_object_recognition_interfaces__rosidl_typesupport_fastrtps_cExport-noconfig.cmake\n'}
[4.108757] (object_recognition_interfaces) StdoutLine: {'line': b'-- Up-to-date: /home/tknika/gral-iiriondo-main/unitree_ws/install/object_recognition_interfaces/share/object_recognition_interfaces/cmake/object_recognition_interfaces__rosidl_typesupport_introspection_cExport.cmake\n'}
[4.111977] (object_recognition_interfaces) StdoutLine: {'line': b'-- Up-to-date: /home/tknika/gral-iiriondo-main/unitree_ws/install/object_recognition_interfaces/share/object_recognition_interfaces/cmake/object_recognition_interfaces__rosidl_typesupport_introspection_cExport-noconfig.cmake\n'}
[4.112249] (object_recognition_interfaces) StdoutLine: {'line': b'-- Up-to-date: /home/tknika/gral-iiriondo-main/unitree_ws/install/object_recognition_interfaces/share/object_recognition_interfaces/cmake/object_recognition_interfaces__rosidl_typesupport_cExport.cmake\n'}
[4.112862] (object_recognition_interfaces) StdoutLine: {'line': b'-- Up-to-date: /home/tknika/gral-iiriondo-main/unitree_ws/install/object_recognition_interfaces/share/object_recognition_interfaces/cmake/object_recognition_interfaces__rosidl_typesupport_cExport-noconfig.cmake\n'}
[4.113362] (object_recognition_interfaces) StdoutLine: {'line': b'-- Up-to-date: /home/tknika/gral-iiriondo-main/unitree_ws/install/object_recognition_interfaces/share/object_recognition_interfaces/cmake/export_object_recognition_interfaces__rosidl_generator_cppExport.cmake\n'}
[4.113566] (object_recognition_interfaces) StdoutLine: {'line': b'-- Up-to-date: /home/tknika/gral-iiriondo-main/unitree_ws/install/object_recognition_interfaces/share/object_recognition_interfaces/cmake/export_object_recognition_interfaces__rosidl_typesupport_fastrtps_cppExport.cmake\n'}
[4.113755] (object_recognition_interfaces) StdoutLine: {'line': b'-- Up-to-date: /home/tknika/gral-iiriondo-main/unitree_ws/install/object_recognition_interfaces/share/object_recognition_interfaces/cmake/export_object_recognition_interfaces__rosidl_typesupport_fastrtps_cppExport-noconfig.cmake\n'}
[4.114249] (object_recognition_interfaces) StdoutLine: {'line': b'-- Up-to-date: /home/tknika/gral-iiriondo-main/unitree_ws/install/object_recognition_interfaces/share/object_recognition_interfaces/cmake/object_recognition_interfaces__rosidl_typesupport_introspection_cppExport.cmake\n'}
[4.114405] (object_recognition_interfaces) StdoutLine: {'line': b'-- Up-to-date: /home/tknika/gral-iiriondo-main/unitree_ws/install/object_recognition_interfaces/share/object_recognition_interfaces/cmake/object_recognition_interfaces__rosidl_typesupport_introspection_cppExport-noconfig.cmake\n'}
[4.114584] (object_recognition_interfaces) StdoutLine: {'line': b'-- Up-to-date: /home/tknika/gral-iiriondo-main/unitree_ws/install/object_recognition_interfaces/share/object_recognition_interfaces/cmake/object_recognition_interfaces__rosidl_typesupport_cppExport.cmake\n'}
[4.115208] (object_recognition_interfaces) StdoutLine: {'line': b'-- Up-to-date: /home/tknika/gral-iiriondo-main/unitree_ws/install/object_recognition_interfaces/share/object_recognition_interfaces/cmake/object_recognition_interfaces__rosidl_typesupport_cppExport-noconfig.cmake\n'}
[4.115439] (object_recognition_interfaces) StdoutLine: {'line': b'-- Up-to-date: /home/tknika/gral-iiriondo-main/unitree_ws/install/object_recognition_interfaces/share/object_recognition_interfaces/cmake/export_object_recognition_interfaces__rosidl_generator_pyExport.cmake\n'}
[4.115641] (object_recognition_interfaces) StdoutLine: {'line': b'-- Up-to-date: /home/tknika/gral-iiriondo-main/unitree_ws/install/object_recognition_interfaces/share/object_recognition_interfaces/cmake/export_object_recognition_interfaces__rosidl_generator_pyExport-noconfig.cmake\n'}
[4.115778] (speech_to_goal_interfaces) StdoutLine: {'line': b"Listing '/home/tknika/gral-iiriondo-main/unitree_ws/install/speech_to_goal_interfaces/local/lib/python3.10/dist-packages/speech_to_goal_interfaces'...\n"}
[4.116340] (speech_to_goal_interfaces) StdoutLine: {'line': b"Listing '/home/tknika/gral-iiriondo-main/unitree_ws/install/speech_to_goal_interfaces/local/lib/python3.10/dist-packages/speech_to_goal_interfaces/msg'...\n"}
[4.116768] (speech_to_goal_interfaces) StdoutLine: {'line': b"Listing '/home/tknika/gral-iiriondo-main/unitree_ws/install/speech_to_goal_interfaces/local/lib/python3.10/dist-packages/speech_to_goal_interfaces/srv'...\n"}
[4.117013] (speech_to_goal_interfaces) StdoutLine: {'line': b'-- Up-to-date: /home/tknika/gral-iiriondo-main/unitree_ws/install/speech_to_goal_interfaces/lib/libspeech_to_goal_interfaces__rosidl_generator_py.so\n'}
[4.119700] (speech_to_goal_interfaces) StdoutLine: {'line': b'-- Up-to-date: /home/tknika/gral-iiriondo-main/unitree_ws/install/speech_to_goal_interfaces/share/speech_to_goal_interfaces/cmake/export_speech_to_goal_interfaces__rosidl_generator_cExport.cmake\n'}
[4.120479] (speech_to_goal_interfaces) StdoutLine: {'line': b'-- Up-to-date: /home/tknika/gral-iiriondo-main/unitree_ws/install/speech_to_goal_interfaces/share/speech_to_goal_interfaces/cmake/export_speech_to_goal_interfaces__rosidl_generator_cExport-noconfig.cmake\n'}
[4.120991] (speech_to_goal_interfaces) StdoutLine: {'line': b'-- Up-to-date: /home/tknika/gral-iiriondo-main/unitree_ws/install/speech_to_goal_interfaces/share/speech_to_goal_interfaces/cmake/export_speech_to_goal_interfaces__rosidl_typesupport_fastrtps_cExport.cmake\n'}
[4.121186] (speech_to_goal_interfaces) StdoutLine: {'line': b'-- Up-to-date: /home/tknika/gral-iiriondo-main/unitree_ws/install/speech_to_goal_interfaces/share/speech_to_goal_interfaces/cmake/export_speech_to_goal_interfaces__rosidl_typesupport_fastrtps_cExport-noconfig.cmake\n'}
[4.121470] (speech_to_goal_interfaces) StdoutLine: {'line': b'-- Up-to-date: /home/tknika/gral-iiriondo-main/unitree_ws/install/speech_to_goal_interfaces/share/speech_to_goal_interfaces/cmake/speech_to_goal_interfaces__rosidl_typesupport_introspection_cExport.cmake\n'}
[4.121776] (speech_to_goal_interfaces) StdoutLine: {'line': b'-- Up-to-date: /home/tknika/gral-iiriondo-main/unitree_ws/install/speech_to_goal_interfaces/share/speech_to_goal_interfaces/cmake/speech_to_goal_interfaces__rosidl_typesupport_introspection_cExport-noconfig.cmake\n'}
[4.122371] (speech_to_goal_interfaces) StdoutLine: {'line': b'-- Up-to-date: /home/tknika/gral-iiriondo-main/unitree_ws/install/speech_to_goal_interfaces/share/speech_to_goal_interfaces/cmake/speech_to_goal_interfaces__rosidl_typesupport_cExport.cmake\n'}
[4.122549] (speech_to_goal_interfaces) StdoutLine: {'line': b'-- Up-to-date: /home/tknika/gral-iiriondo-main/unitree_ws/install/speech_to_goal_interfaces/share/speech_to_goal_interfaces/cmake/speech_to_goal_interfaces__rosidl_typesupport_cExport-noconfig.cmake\n'}
[4.122745] (speech_to_goal_interfaces) StdoutLine: {'line': b'-- Up-to-date: /home/tknika/gral-iiriondo-main/unitree_ws/install/speech_to_goal_interfaces/share/speech_to_goal_interfaces/cmake/export_speech_to_goal_interfaces__rosidl_generator_cppExport.cmake\n'}
[4.123183] (speech_to_goal_interfaces) StdoutLine: {'line': b'-- Up-to-date: /home/tknika/gral-iiriondo-main/unitree_ws/install/speech_to_goal_interfaces/share/speech_to_goal_interfaces/cmake/export_speech_to_goal_interfaces__rosidl_typesupport_fastrtps_cppExport.cmake\n'}
[4.124379] (speech_to_goal_interfaces) StdoutLine: {'line': b'-- Up-to-date: /home/tknika/gral-iiriondo-main/unitree_ws/install/speech_to_goal_interfaces/share/speech_to_goal_interfaces/cmake/export_speech_to_goal_interfaces__rosidl_typesupport_fastrtps_cppExport-noconfig.cmake\n'}
[4.125399] (speech_to_goal_interfaces) StdoutLine: {'line': b'-- Up-to-date: /home/tknika/gral-iiriondo-main/unitree_ws/install/speech_to_goal_interfaces/share/speech_to_goal_interfaces/cmake/speech_to_goal_interfaces__rosidl_typesupport_introspection_cppExport.cmake\n'}
[4.126511] (speech_to_goal_interfaces) StdoutLine: {'line': b'-- Up-to-date: /home/tknika/gral-iiriondo-main/unitree_ws/install/speech_to_goal_interfaces/share/speech_to_goal_interfaces/cmake/speech_to_goal_interfaces__rosidl_typesupport_introspection_cppExport-noconfig.cmake\n'}
[4.126782] (speech_to_goal_interfaces) StdoutLine: {'line': b'-- Up-to-date: /home/tknika/gral-iiriondo-main/unitree_ws/install/speech_to_goal_interfaces/share/speech_to_goal_interfaces/cmake/speech_to_goal_interfaces__rosidl_typesupport_cppExport.cmake\n'}
[4.138823] (speech_to_goal_interfaces) StdoutLine: {'line': b'-- Up-to-date: /home/tknika/gral-iiriondo-main/unitree_ws/install/speech_to_goal_interfaces/share/speech_to_goal_interfaces/cmake/speech_to_goal_interfaces__rosidl_typesupport_cppExport-noconfig.cmake\n'}
[4.140206] (-) TimerEvent: {}
[4.140632] (speech_to_goal_interfaces) StdoutLine: {'line': b'-- Up-to-date: /home/tknika/gral-iiriondo-main/unitree_ws/install/speech_to_goal_interfaces/share/speech_to_goal_interfaces/cmake/export_speech_to_goal_interfaces__rosidl_generator_pyExport.cmake\n'}
[4.140915] (speech_to_goal_interfaces) StdoutLine: {'line': b'-- Up-to-date: /home/tknika/gral-iiriondo-main/unitree_ws/install/speech_to_goal_interfaces/share/speech_to_goal_interfaces/cmake/export_speech_to_goal_interfaces__rosidl_generator_pyExport-noconfig.cmake\n'}
[4.141076] (aruco_markers_msgs) JobEnded: {'identifier': 'aruco_markers_msgs', 'rc': 0}
[4.143966] (aruco_detector) JobStarted: {'identifier': 'aruco_detector'}
[4.158193] (speech_to_goal_interfaces) CommandEnded: {'returncode': 0}
[4.203676] (speech_to_goal_interfaces) JobEnded: {'identifier': 'speech_to_goal_interfaces', 'rc': 0}
[4.204460] (object_recognition_interfaces) CommandEnded: {'returncode': 0}
[4.240618] (-) TimerEvent: {}
[4.243923] (object_recognition_interfaces) JobEnded: {'identifier': 'object_recognition_interfaces', 'rc': 0}
[4.245857] (object_recognition) JobStarted: {'identifier': 'object_recognition'}
[4.262993] (speech_to_goal) JobStarted: {'identifier': 'speech_to_goal'}
[4.340794] (-) TimerEvent: {}
[4.442827] (-) TimerEvent: {}
[4.543516] (-) TimerEvent: {}
[4.644249] (-) TimerEvent: {}
[4.744915] (-) TimerEvent: {}
[4.845633] (-) TimerEvent: {}
[4.946329] (-) TimerEvent: {}
[5.047045] (-) TimerEvent: {}
[5.147876] (-) TimerEvent: {}
[5.248995] (-) TimerEvent: {}
[5.349703] (-) TimerEvent: {}
[5.450396] (-) TimerEvent: {}
[5.552379] (-) TimerEvent: {}
[5.653076] (-) TimerEvent: {}
[5.753750] (-) TimerEvent: {}
[5.854431] (-) TimerEvent: {}
[5.955144] (-) TimerEvent: {}
[6.055978] (-) TimerEvent: {}
[6.156625] (-) TimerEvent: {}
[6.257334] (-) TimerEvent: {}
[6.358076] (-) TimerEvent: {}
[6.458834] (-) TimerEvent: {}
[6.559716] (-) TimerEvent: {}
[6.660553] (-) TimerEvent: {}
[6.761260] (-) TimerEvent: {}
[6.862003] (-) TimerEvent: {}
[6.962800] (-) TimerEvent: {}
[7.066255] (-) TimerEvent: {}
[7.166950] (-) TimerEvent: {}
[7.267681] (-) TimerEvent: {}
[7.301506] (asr) Command: {'cmd': ['/usr/bin/python3', '-W', 'ignore:setup.py install is deprecated', '-W', 'ignore:easy_install command is deprecated', 'setup.py', 'develop', '--editable', '--build-directory', '/home/tknika/gral-iiriondo-main/unitree_ws/build/asr/build', '--no-deps', 'symlink_data'], 'cwd': '/home/tknika/gral-iiriondo-main/unitree_ws/build/asr', 'env': {'GJS_DEBUG_TOPICS': 'JS ERROR;JS LOG', 'LESSOPEN': '| /usr/bin/lesspipe %s', 'USER': 'tknika', 'OLLAMA_LLM_LIBRARY': 'cuda', 'ROS_PACKAGE_PATH': '/home/tknika/gral-iiriondo-main/unitree_ws/install/speech_to_goal_interfaces/share', 'XDG_SESSION_TYPE': 'x11', 'SHLVL': '1', 'LD_LIBRARY_PATH': '/home/tknika/gral-iiriondo-main/unitree_ws/install/speech_to_goal_interfaces/lib:/home/tknika/gral-iiriondo-main/unitree_ws/install/object_recognition_interfaces/lib:/home/tknika/gral-iiriondo-main/unitree_ws/install/aruco_markers_msgs/lib:/usr/lib/aarch64-linux-gnu/nvidia:/usr/local/cuda/lib64:/opt/ros/humble/opt/rviz_ogre_vendor/lib:/opt/ros/humble/lib/aarch64-linux-gnu:/opt/ros/humble/lib:/usr/local/cuda-12.6/lib64:/usr/lib/aarch64-linux-gnu/nvid', 'HOME': '/home/tknika', 'OLDPWD': '/home/tknika/gral-iiriondo-main/unitree_ws', 'DESKTOP_SESSION': 'ubuntu', 'GIO_LAUNCHED_DESKTOP_FILE': '/usr/share/applications/terminator.desktop', 'ROS_PYTHON_VERSION': '3', 'GNOME_SHELL_SESSION_MODE': 'ubuntu', 'GTK_MODULES': 'gail:atk-bridge', 'PS1': '\\[\\e]0;\\u@\\h: \\w\\a\\]${debian_chroot:+($debian_chroot)}\\[\\033[01;32m\\]\\u@\\h\\[\\033[00m\\]:\\[\\033[01;34m\\]\\w\\[\\033[00m\\]\\$', 'MANAGERPID': '2504', 'SYSTEMD_EXEC_PID': '2680', 'DBUS_SESSION_BUS_ADDRESS': 'unix:path=/run/user/1000/bus', 'COLORTERM': 'truecolor', 'TERMINATOR_DBUS_NAME': 'net.tenshu.Terminator23558193cd9818af7fe4d2c2f5bd9d00f', 'GIO_LAUNCHED_DESKTOP_FILE_PID': '4209', 'IM_CONFIG_PHASE': '1', 'COLCON_PREFIX_PATH': '/home/tknika/gral-iiriondo-main/unitree_ws/install', 'CUDA_VISIBLE_DEVICES': '0', 'ROS_DISTRO': 'humble', 'GTK_IM_MODULE': 'ibus', 'LOGNAME': 'tknika', 'JOURNAL_STREAM': '8:50749', '_': '/usr/bin/colcon', 'ROS_VERSION': '2', 'PKG_CONFIG_PATH': '/home/tknika/gral-iiriondo-main/unitree_ws/install/speech_to_goal_interfaces/lib/aarch64-linux-gnu/pkgconfig:/home/tknika/gral-iiriondo-main/unitree_ws/install/speech_to_goal_interfaces/lib/pkgconfig', 'XDG_SESSION_CLASS': 'user', 'USERNAME': 'tknika', 'TERM': 'xterm-256color', 'GNOME_DESKTOP_SESSION_ID': 'this-is-deprecated', 'ROS_LOCALHOST_ONLY': '0', 'WINDOWPATH': '2', 'PATH': '/usr/local/cuda-12.6/bin:/usr/local/cuda-12.6/bin:/home/bee/gral-iiriondo/unitree_ws/environments/unitree_env/bin:/opt/ros/humble/bin:/usr/local/cuda-12.6/bin:/home/tknika/.cargo/bin:/home/tknika/.local/bin:/usr/local/sbin:/usr/local/bin:/usr/sbin:/usr/bin:/sbin:/bin:/usr/games:/usr/local/games:/snap/bin:/snap/bin', 'SESSION_MANAGER': 'local/ubuntu:@/tmp/.ICE-unix/2653,unix/ubuntu:/tmp/.ICE-unix/2653', 'INVOCATION_ID': '23499d00eeb9404d9453ff310186aa72', 'XDG_MENU_PREFIX': 'gnome-', 'XDG_RUNTIME_DIR': '/run/user/1000', 'DISPLAY': ':1', 'TERMINATOR_DBUS_PATH': '/net/tenshu/Terminator2', 'LANG': 'en_US.UTF-8', 'XDG_CURRENT_DESKTOP': 'ubuntu:GNOME', 'IBUS_DISABLE_SNOOPER': '1', 'VIRTUAL_ENV_PROMPT': '(unitree_env)', 'XMODIFIERS': '@im=ibus', 'XDG_SESSION_DESKTOP': 'ubuntu', 'XAUTHORITY': '/run/user/1000/gdm/Xauthority', 'LS_COLORS': 'rs=0:di=01;34:ln=01;36:mh=00:pi=40;33:so=01;35:do=01;35:bd=40;33;01:cd=40;33;01:or=40;31;01:mi=00:su=37;41:sg=30;43:ca=30;41:tw=30;42:ow=34;42:st=37;44:ex=01;32:*.tar=01;31:*.tgz=01;31:*.arc=01;31:*.arj=01;31:*.taz=01;31:*.lha=01;31:*.lz4=01;31:*.lzh=01;31:*.lzma=01;31:*.tlz=01;31:*.txz=01;31:*.tzo=01;31:*.t7z=01;31:*.zip=01;31:*.z=01;31:*.dz=01;31:*.gz=01;31:*.lrz=01;31:*.lz=01;31:*.lzo=01;31:*.xz=01;31:*.zst=01;31:*.tzst=01;31:*.bz2=01;31:*.bz=01;31:*.tbz=01;31:*.tbz2=01;31:*.tz=01;31:*.deb=01;31:*.rpm=01;31:*.jar=01;31:*.war=01;31:*.ear=01;31:*.sar=01;31:*.rar=01;31:*.alz=01;31:*.ace=01;31:*.zoo=01;31:*.cpio=01;31:*.7z=01;31:*.rz=01;31:*.cab=01;31:*.wim=01;31:*.swm=01;31:*.dwm=01;31:*.esd=01;31:*.jpg=01;35:*.jpeg=01;35:*.mjpg=01;35:*.mjpeg=01;35:*.gif=01;35:*.bmp=01;35:*.pbm=01;35:*.pgm=01;35:*.ppm=01;35:*.tga=01;35:*.xbm=01;35:*.xpm=01;35:*.tif=01;35:*.tiff=01;35:*.png=01;35:*.svg=01;35:*.svgz=01;35:*.mng=01;35:*.pcx=01;35:*.mov=01;35:*.mpg=01;35:*.mpeg=01;35:*.m2v=01;35:*.mkv=01;35:*.webm=01;35:*.webp=01;35:*.ogm=01;35:*.mp4=01;35:*.m4v=01;35:*.mp4v=01;35:*.vob=01;35:*.qt=01;35:*.nuv=01;35:*.wmv=01;35:*.asf=01;35:*.rm=01;35:*.rmvb=01;35:*.flc=01;35:*.avi=01;35:*.fli=01;35:*.flv=01;35:*.gl=01;35:*.dl=01;35:*.xcf=01;35:*.xwd=01;35:*.yuv=01;35:*.cgm=01;35:*.emf=01;35:*.ogv=01;35:*.ogx=01;35:*.aac=00;36:*.au=00;36:*.flac=00;36:*.m4a=00;36:*.mid=00;36:*.midi=00;36:*.mka=00;36:*.mp3=00;36:*.mpc=00;36:*.ogg=00;36:*.ra=00;36:*.wav=00;36:*.oga=00;36:*.opus=00;36:*.spx=00;36:*.xspf=00;36:', 'SSH_AGENT_LAUNCHER': 'gnome-keyring', 'SSH_AUTH_SOCK': '/run/user/1000/keyring/ssh', 'AMENT_PREFIX_PATH': '/opt/ros/humble', 'SHELL': '/bin/bash', 'TERMINATOR_UUID': 'urn:uuid:6783764e-82b3-4e19-a535-1afecb743d9d', 'QT_ACCESSIBILITY': '1', 'GDMSESSION': 'ubuntu', 'LESSCLOSE': '/usr/bin/lesspipe %s %s', 'GPG_AGENT_INFO': '/run/user/1000/gnupg/S.gpg-agent:0:1', 'GJS_DEBUG_OUTPUT': 'stderr', 'VIRTUAL_ENV': '/home/bee/gral-iiriondo/unitree_ws/environments/unitree_env', 'QT_IM_MODULE': 'ibus', 'PWD': '/home/tknika/gral-iiriondo-main/unitree_ws/build/asr', 'XDG_CONFIG_DIRS': '/etc/xdg/xdg-ubuntu:/etc/xdg', 'XDG_DATA_DIRS': '/usr/share/ubuntu:/usr/share/gnome:/usr/local/share/:/usr/share/:/var/lib/snapd/desktop', 'PYTHONPATH': '/home/tknika/gral-iiriondo-main/unitree_ws/build/asr/prefix_override:/usr/lib/python3/dist-packages/colcon_core/task/python/colcon_distutils_commands:/home/tknika/gral-iiriondo-main/unitree_ws/install/asr/lib/python3.10/site-packages:/opt/ros/humble/lib/python3.10/site-packages:/opt/ros/humble/local/lib/python3.10/dist-packages', 'COLCON': '1', 'VTE_VERSION': '6800'}, 'shell': False}
[7.306837] (go1_description) Command: {'cmd': ['/usr/bin/python3', '-W', 'ignore:setup.py install is deprecated', '-W', 'ignore:easy_install command is deprecated', 'setup.py', 'develop', '--editable', '--build-directory', '/home/tknika/gral-iiriondo-main/unitree_ws/build/go1_description/build', '--no-deps', 'symlink_data'], 'cwd': '/home/tknika/gral-iiriondo-main/unitree_ws/build/go1_description', 'env': {'GJS_DEBUG_TOPICS': 'JS ERROR;JS LOG', 'LESSOPEN': '| /usr/bin/lesspipe %s', 'USER': 'tknika', 'OLLAMA_LLM_LIBRARY': 'cuda', 'ROS_PACKAGE_PATH': '/home/tknika/gral-iiriondo-main/unitree_ws/install/speech_to_goal_interfaces/share', 'XDG_SESSION_TYPE': 'x11', 'SHLVL': '1', 'LD_LIBRARY_PATH': '/home/tknika/gral-iiriondo-main/unitree_ws/install/speech_to_goal_interfaces/lib:/home/tknika/gral-iiriondo-main/unitree_ws/install/object_recognition_interfaces/lib:/home/tknika/gral-iiriondo-main/unitree_ws/install/aruco_markers_msgs/lib:/usr/lib/aarch64-linux-gnu/nvidia:/usr/local/cuda/lib64:/opt/ros/humble/opt/rviz_ogre_vendor/lib:/opt/ros/humble/lib/aarch64-linux-gnu:/opt/ros/humble/lib:/usr/local/cuda-12.6/lib64:/usr/lib/aarch64-linux-gnu/nvid', 'HOME': '/home/tknika', 'OLDPWD': '/home/tknika/gral-iiriondo-main/unitree_ws', 'DESKTOP_SESSION': 'ubuntu', 'GIO_LAUNCHED_DESKTOP_FILE': '/usr/share/applications/terminator.desktop', 'ROS_PYTHON_VERSION': '3', 'GNOME_SHELL_SESSION_MODE': 'ubuntu', 'GTK_MODULES': 'gail:atk-bridge', 'PS1': '\\[\\e]0;\\u@\\h: \\w\\a\\]${debian_chroot:+($debian_chroot)}\\[\\033[01;32m\\]\\u@\\h\\[\\033[00m\\]:\\[\\033[01;34m\\]\\w\\[\\033[00m\\]\\$', 'MANAGERPID': '2504', 'SYSTEMD_EXEC_PID': '2680', 'DBUS_SESSION_BUS_ADDRESS': 'unix:path=/run/user/1000/bus', 'COLORTERM': 'truecolor', 'TERMINATOR_DBUS_NAME': 'net.tenshu.Terminator23558193cd9818af7fe4d2c2f5bd9d00f', 'GIO_LAUNCHED_DESKTOP_FILE_PID': '4209', 'IM_CONFIG_PHASE': '1', 'COLCON_PREFIX_PATH': '/home/tknika/gral-iiriondo-main/unitree_ws/install', 'CUDA_VISIBLE_DEVICES': '0', 'ROS_DISTRO': 'humble', 'GTK_IM_MODULE': 'ibus', 'LOGNAME': 'tknika', 'JOURNAL_STREAM': '8:50749', '_': '/usr/bin/colcon', 'ROS_VERSION': '2', 'PKG_CONFIG_PATH': '/home/tknika/gral-iiriondo-main/unitree_ws/install/speech_to_goal_interfaces/lib/aarch64-linux-gnu/pkgconfig:/home/tknika/gral-iiriondo-main/unitree_ws/install/speech_to_goal_interfaces/lib/pkgconfig', 'XDG_SESSION_CLASS': 'user', 'USERNAME': 'tknika', 'TERM': 'xterm-256color', 'GNOME_DESKTOP_SESSION_ID': 'this-is-deprecated', 'ROS_LOCALHOST_ONLY': '0', 'WINDOWPATH': '2', 'PATH': '/usr/local/cuda-12.6/bin:/usr/local/cuda-12.6/bin:/home/bee/gral-iiriondo/unitree_ws/environments/unitree_env/bin:/opt/ros/humble/bin:/usr/local/cuda-12.6/bin:/home/tknika/.cargo/bin:/home/tknika/.local/bin:/usr/local/sbin:/usr/local/bin:/usr/sbin:/usr/bin:/sbin:/bin:/usr/games:/usr/local/games:/snap/bin:/snap/bin', 'SESSION_MANAGER': 'local/ubuntu:@/tmp/.ICE-unix/2653,unix/ubuntu:/tmp/.ICE-unix/2653', 'INVOCATION_ID': '23499d00eeb9404d9453ff310186aa72', 'XDG_MENU_PREFIX': 'gnome-', 'XDG_RUNTIME_DIR': '/run/user/1000', 'DISPLAY': ':1', 'TERMINATOR_DBUS_PATH': '/net/tenshu/Terminator2', 'LANG': 'en_US.UTF-8', 'XDG_CURRENT_DESKTOP': 'ubuntu:GNOME', 'IBUS_DISABLE_SNOOPER': '1', 'VIRTUAL_ENV_PROMPT': '(unitree_env)', 'XMODIFIERS': '@im=ibus', 'XDG_SESSION_DESKTOP': 'ubuntu', 'XAUTHORITY': '/run/user/1000/gdm/Xauthority', 'LS_COLORS': 'rs=0:di=01;34:ln=01;36:mh=00:pi=40;33:so=01;35:do=01;35:bd=40;33;01:cd=40;33;01:or=40;31;01:mi=00:su=37;41:sg=30;43:ca=30;41:tw=30;42:ow=34;42:st=37;44:ex=01;32:*.tar=01;31:*.tgz=01;31:*.arc=01;31:*.arj=01;31:*.taz=01;31:*.lha=01;31:*.lz4=01;31:*.lzh=01;31:*.lzma=01;31:*.tlz=01;31:*.txz=01;31:*.tzo=01;31:*.t7z=01;31:*.zip=01;31:*.z=01;31:*.dz=01;31:*.gz=01;31:*.lrz=01;31:*.lz=01;31:*.lzo=01;31:*.xz=01;31:*.zst=01;31:*.tzst=01;31:*.bz2=01;31:*.bz=01;31:*.tbz=01;31:*.tbz2=01;31:*.tz=01;31:*.deb=01;31:*.rpm=01;31:*.jar=01;31:*.war=01;31:*.ear=01;31:*.sar=01;31:*.rar=01;31:*.alz=01;31:*.ace=01;31:*.zoo=01;31:*.cpio=01;31:*.7z=01;31:*.rz=01;31:*.cab=01;31:*.wim=01;31:*.swm=01;31:*.dwm=01;31:*.esd=01;31:*.jpg=01;35:*.jpeg=01;35:*.mjpg=01;35:*.mjpeg=01;35:*.gif=01;35:*.bmp=01;35:*.pbm=01;35:*.pgm=01;35:*.ppm=01;35:*.tga=01;35:*.xbm=01;35:*.xpm=01;35:*.tif=01;35:*.tiff=01;35:*.png=01;35:*.svg=01;35:*.svgz=01;35:*.mng=01;35:*.pcx=01;35:*.mov=01;35:*.mpg=01;35:*.mpeg=01;35:*.m2v=01;35:*.mkv=01;35:*.webm=01;35:*.webp=01;35:*.ogm=01;35:*.mp4=01;35:*.m4v=01;35:*.mp4v=01;35:*.vob=01;35:*.qt=01;35:*.nuv=01;35:*.wmv=01;35:*.asf=01;35:*.rm=01;35:*.rmvb=01;35:*.flc=01;35:*.avi=01;35:*.fli=01;35:*.flv=01;35:*.gl=01;35:*.dl=01;35:*.xcf=01;35:*.xwd=01;35:*.yuv=01;35:*.cgm=01;35:*.emf=01;35:*.ogv=01;35:*.ogx=01;35:*.aac=00;36:*.au=00;36:*.flac=00;36:*.m4a=00;36:*.mid=00;36:*.midi=00;36:*.mka=00;36:*.mp3=00;36:*.mpc=00;36:*.ogg=00;36:*.ra=00;36:*.wav=00;36:*.oga=00;36:*.opus=00;36:*.spx=00;36:*.xspf=00;36:', 'SSH_AGENT_LAUNCHER': 'gnome-keyring', 'SSH_AUTH_SOCK': '/run/user/1000/keyring/ssh', 'AMENT_PREFIX_PATH': '/opt/ros/humble', 'SHELL': '/bin/bash', 'TERMINATOR_UUID': 'urn:uuid:6783764e-82b3-4e19-a535-1afecb743d9d', 'QT_ACCESSIBILITY': '1', 'GDMSESSION': 'ubuntu', 'LESSCLOSE': '/usr/bin/lesspipe %s %s', 'GPG_AGENT_INFO': '/run/user/1000/gnupg/S.gpg-agent:0:1', 'GJS_DEBUG_OUTPUT': 'stderr', 'VIRTUAL_ENV': '/home/bee/gral-iiriondo/unitree_ws/environments/unitree_env', 'QT_IM_MODULE': 'ibus', 'PWD': '/home/tknika/gral-iiriondo-main/unitree_ws/build/go1_description', 'XDG_CONFIG_DIRS': '/etc/xdg/xdg-ubuntu:/etc/xdg', 'XDG_DATA_DIRS': '/usr/share/ubuntu:/usr/share/gnome:/usr/local/share/:/usr/share/:/var/lib/snapd/desktop', 'PYTHONPATH': '/home/tknika/gral-iiriondo-main/unitree_ws/build/go1_description/prefix_override:/usr/lib/python3/dist-packages/colcon_core/task/python/colcon_distutils_commands:/home/tknika/gral-iiriondo-main/unitree_ws/install/go1_description/lib/python3.10/site-packages:/opt/ros/humble/lib/python3.10/site-packages:/opt/ros/humble/local/lib/python3.10/dist-packages', 'COLCON': '1', 'VTE_VERSION': '6800'}, 'shell': False}
[7.315421] (mapping_configuration) Command: {'cmd': ['/usr/bin/python3', '-W', 'ignore:setup.py install is deprecated', '-W', 'ignore:easy_install command is deprecated', 'setup.py', 'develop', '--editable', '--build-directory', '/home/tknika/gral-iiriondo-main/unitree_ws/build/mapping_configuration/build', '--no-deps', 'symlink_data'], 'cwd': '/home/tknika/gral-iiriondo-main/unitree_ws/build/mapping_configuration', 'env': {'GJS_DEBUG_TOPICS': 'JS ERROR;JS LOG', 'LESSOPEN': '| /usr/bin/lesspipe %s', 'USER': 'tknika', 'OLLAMA_LLM_LIBRARY': 'cuda', 'ROS_PACKAGE_PATH': '/home/tknika/gral-iiriondo-main/unitree_ws/install/speech_to_goal_interfaces/share', 'XDG_SESSION_TYPE': 'x11', 'SHLVL': '1', 'LD_LIBRARY_PATH': '/home/tknika/gral-iiriondo-main/unitree_ws/install/speech_to_goal_interfaces/lib:/home/tknika/gral-iiriondo-main/unitree_ws/install/object_recognition_interfaces/lib:/home/tknika/gral-iiriondo-main/unitree_ws/install/aruco_markers_msgs/lib:/usr/lib/aarch64-linux-gnu/nvidia:/usr/local/cuda/lib64:/opt/ros/humble/opt/rviz_ogre_vendor/lib:/opt/ros/humble/lib/aarch64-linux-gnu:/opt/ros/humble/lib:/usr/local/cuda-12.6/lib64:/usr/lib/aarch64-linux-gnu/nvid', 'HOME': '/home/tknika', 'OLDPWD': '/home/tknika/gral-iiriondo-main/unitree_ws', 'DESKTOP_SESSION': 'ubuntu', 'GIO_LAUNCHED_DESKTOP_FILE': '/usr/share/applications/terminator.desktop', 'ROS_PYTHON_VERSION': '3', 'GNOME_SHELL_SESSION_MODE': 'ubuntu', 'GTK_MODULES': 'gail:atk-bridge', 'PS1': '\\[\\e]0;\\u@\\h: \\w\\a\\]${debian_chroot:+($debian_chroot)}\\[\\033[01;32m\\]\\u@\\h\\[\\033[00m\\]:\\[\\033[01;34m\\]\\w\\[\\033[00m\\]\\$', 'MANAGERPID': '2504', 'SYSTEMD_EXEC_PID': '2680', 'DBUS_SESSION_BUS_ADDRESS': 'unix:path=/run/user/1000/bus', 'COLORTERM': 'truecolor', 'TERMINATOR_DBUS_NAME': 'net.tenshu.Terminator23558193cd9818af7fe4d2c2f5bd9d00f', 'GIO_LAUNCHED_DESKTOP_FILE_PID': '4209', 'IM_CONFIG_PHASE': '1', 'COLCON_PREFIX_PATH': '/home/tknika/gral-iiriondo-main/unitree_ws/install', 'CUDA_VISIBLE_DEVICES': '0', 'ROS_DISTRO': 'humble', 'GTK_IM_MODULE': 'ibus', 'LOGNAME': 'tknika', 'JOURNAL_STREAM': '8:50749', '_': '/usr/bin/colcon', 'ROS_VERSION': '2', 'PKG_CONFIG_PATH': '/home/tknika/gral-iiriondo-main/unitree_ws/install/speech_to_goal_interfaces/lib/aarch64-linux-gnu/pkgconfig:/home/tknika/gral-iiriondo-main/unitree_ws/install/speech_to_goal_interfaces/lib/pkgconfig', 'XDG_SESSION_CLASS': 'user', 'USERNAME': 'tknika', 'TERM': 'xterm-256color', 'GNOME_DESKTOP_SESSION_ID': 'this-is-deprecated', 'ROS_LOCALHOST_ONLY': '0', 'WINDOWPATH': '2', 'PATH': '/usr/local/cuda-12.6/bin:/usr/local/cuda-12.6/bin:/home/bee/gral-iiriondo/unitree_ws/environments/unitree_env/bin:/opt/ros/humble/bin:/usr/local/cuda-12.6/bin:/home/tknika/.cargo/bin:/home/tknika/.local/bin:/usr/local/sbin:/usr/local/bin:/usr/sbin:/usr/bin:/sbin:/bin:/usr/games:/usr/local/games:/snap/bin:/snap/bin', 'SESSION_MANAGER': 'local/ubuntu:@/tmp/.ICE-unix/2653,unix/ubuntu:/tmp/.ICE-unix/2653', 'INVOCATION_ID': '23499d00eeb9404d9453ff310186aa72', 'XDG_MENU_PREFIX': 'gnome-', 'XDG_RUNTIME_DIR': '/run/user/1000', 'DISPLAY': ':1', 'TERMINATOR_DBUS_PATH': '/net/tenshu/Terminator2', 'LANG': 'en_US.UTF-8', 'XDG_CURRENT_DESKTOP': 'ubuntu:GNOME', 'IBUS_DISABLE_SNOOPER': '1', 'VIRTUAL_ENV_PROMPT': '(unitree_env)', 'XMODIFIERS': '@im=ibus', 'XDG_SESSION_DESKTOP': 'ubuntu', 'XAUTHORITY': '/run/user/1000/gdm/Xauthority', 'LS_COLORS': 'rs=0:di=01;34:ln=01;36:mh=00:pi=40;33:so=01;35:do=01;35:bd=40;33;01:cd=40;33;01:or=40;31;01:mi=00:su=37;41:sg=30;43:ca=30;41:tw=30;42:ow=34;42:st=37;44:ex=01;32:*.tar=01;31:*.tgz=01;31:*.arc=01;31:*.arj=01;31:*.taz=01;31:*.lha=01;31:*.lz4=01;31:*.lzh=01;31:*.lzma=01;31:*.tlz=01;31:*.txz=01;31:*.tzo=01;31:*.t7z=01;31:*.zip=01;31:*.z=01;31:*.dz=01;31:*.gz=01;31:*.lrz=01;31:*.lz=01;31:*.lzo=01;31:*.xz=01;31:*.zst=01;31:*.tzst=01;31:*.bz2=01;31:*.bz=01;31:*.tbz=01;31:*.tbz2=01;31:*.tz=01;31:*.deb=01;31:*.rpm=01;31:*.jar=01;31:*.war=01;31:*.ear=01;31:*.sar=01;31:*.rar=01;31:*.alz=01;31:*.ace=01;31:*.zoo=01;31:*.cpio=01;31:*.7z=01;31:*.rz=01;31:*.cab=01;31:*.wim=01;31:*.swm=01;31:*.dwm=01;31:*.esd=01;31:*.jpg=01;35:*.jpeg=01;35:*.mjpg=01;35:*.mjpeg=01;35:*.gif=01;35:*.bmp=01;35:*.pbm=01;35:*.pgm=01;35:*.ppm=01;35:*.tga=01;35:*.xbm=01;35:*.xpm=01;35:*.tif=01;35:*.tiff=01;35:*.png=01;35:*.svg=01;35:*.svgz=01;35:*.mng=01;35:*.pcx=01;35:*.mov=01;35:*.mpg=01;35:*.mpeg=01;35:*.m2v=01;35:*.mkv=01;35:*.webm=01;35:*.webp=01;35:*.ogm=01;35:*.mp4=01;35:*.m4v=01;35:*.mp4v=01;35:*.vob=01;35:*.qt=01;35:*.nuv=01;35:*.wmv=01;35:*.asf=01;35:*.rm=01;35:*.rmvb=01;35:*.flc=01;35:*.avi=01;35:*.fli=01;35:*.flv=01;35:*.gl=01;35:*.dl=01;35:*.xcf=01;35:*.xwd=01;35:*.yuv=01;35:*.cgm=01;35:*.emf=01;35:*.ogv=01;35:*.ogx=01;35:*.aac=00;36:*.au=00;36:*.flac=00;36:*.m4a=00;36:*.mid=00;36:*.midi=00;36:*.mka=00;36:*.mp3=00;36:*.mpc=00;36:*.ogg=00;36:*.ra=00;36:*.wav=00;36:*.oga=00;36:*.opus=00;36:*.spx=00;36:*.xspf=00;36:', 'SSH_AGENT_LAUNCHER': 'gnome-keyring', 'SSH_AUTH_SOCK': '/run/user/1000/keyring/ssh', 'AMENT_PREFIX_PATH': '/opt/ros/humble', 'SHELL': '/bin/bash', 'TERMINATOR_UUID': 'urn:uuid:6783764e-82b3-4e19-a535-1afecb743d9d', 'QT_ACCESSIBILITY': '1', 'GDMSESSION': 'ubuntu', 'LESSCLOSE': '/usr/bin/lesspipe %s %s', 'GPG_AGENT_INFO': '/run/user/1000/gnupg/S.gpg-agent:0:1', 'GJS_DEBUG_OUTPUT': 'stderr', 'VIRTUAL_ENV': '/home/bee/gral-iiriondo/unitree_ws/environments/unitree_env', 'QT_IM_MODULE': 'ibus', 'PWD': '/home/tknika/gral-iiriondo-main/unitree_ws/build/mapping_configuration', 'XDG_CONFIG_DIRS': '/etc/xdg/xdg-ubuntu:/etc/xdg', 'XDG_DATA_DIRS': '/usr/share/ubuntu:/usr/share/gnome:/usr/local/share/:/usr/share/:/var/lib/snapd/desktop', 'PYTHONPATH': '/home/tknika/gral-iiriondo-main/unitree_ws/build/mapping_configuration/prefix_override:/usr/lib/python3/dist-packages/colcon_core/task/python/colcon_distutils_commands:/home/tknika/gral-iiriondo-main/unitree_ws/install/mapping_configuration/lib/python3.10/site-packages:/opt/ros/humble/lib/python3.10/site-packages:/opt/ros/humble/local/lib/python3.10/dist-packages', 'COLCON': '1', 'VTE_VERSION': '6800'}, 'shell': False}
[7.319535] (standing_mode) Command: {'cmd': ['/usr/bin/python3', '-W', 'ignore:setup.py install is deprecated', '-W', 'ignore:easy_install command is deprecated', 'setup.py', 'develop', '--editable', '--build-directory', '/home/tknika/gral-iiriondo-main/unitree_ws/build/standing_mode/build', '--no-deps', 'symlink_data'], 'cwd': '/home/tknika/gral-iiriondo-main/unitree_ws/build/standing_mode', 'env': {'GJS_DEBUG_TOPICS': 'JS ERROR;JS LOG', 'LESSOPEN': '| /usr/bin/lesspipe %s', 'USER': 'tknika', 'OLLAMA_LLM_LIBRARY': 'cuda', 'ROS_PACKAGE_PATH': '/home/tknika/gral-iiriondo-main/unitree_ws/install/speech_to_goal_interfaces/share', 'XDG_SESSION_TYPE': 'x11', 'SHLVL': '1', 'LD_LIBRARY_PATH': '/home/tknika/gral-iiriondo-main/unitree_ws/install/speech_to_goal_interfaces/lib:/home/tknika/gral-iiriondo-main/unitree_ws/install/object_recognition_interfaces/lib:/home/tknika/gral-iiriondo-main/unitree_ws/install/aruco_markers_msgs/lib:/usr/lib/aarch64-linux-gnu/nvidia:/usr/local/cuda/lib64:/opt/ros/humble/opt/rviz_ogre_vendor/lib:/opt/ros/humble/lib/aarch64-linux-gnu:/opt/ros/humble/lib:/usr/local/cuda-12.6/lib64:/usr/lib/aarch64-linux-gnu/nvid', 'HOME': '/home/tknika', 'OLDPWD': '/home/tknika/gral-iiriondo-main/unitree_ws', 'DESKTOP_SESSION': 'ubuntu', 'GIO_LAUNCHED_DESKTOP_FILE': '/usr/share/applications/terminator.desktop', 'ROS_PYTHON_VERSION': '3', 'GNOME_SHELL_SESSION_MODE': 'ubuntu', 'GTK_MODULES': 'gail:atk-bridge', 'PS1': '\\[\\e]0;\\u@\\h: \\w\\a\\]${debian_chroot:+($debian_chroot)}\\[\\033[01;32m\\]\\u@\\h\\[\\033[00m\\]:\\[\\033[01;34m\\]\\w\\[\\033[00m\\]\\$', 'MANAGERPID': '2504', 'SYSTEMD_EXEC_PID': '2680', 'DBUS_SESSION_BUS_ADDRESS': 'unix:path=/run/user/1000/bus', 'COLORTERM': 'truecolor', 'TERMINATOR_DBUS_NAME': 'net.tenshu.Terminator23558193cd9818af7fe4d2c2f5bd9d00f', 'GIO_LAUNCHED_DESKTOP_FILE_PID': '4209', 'IM_CONFIG_PHASE': '1', 'COLCON_PREFIX_PATH': '/home/tknika/gral-iiriondo-main/unitree_ws/install', 'CUDA_VISIBLE_DEVICES': '0', 'ROS_DISTRO': 'humble', 'GTK_IM_MODULE': 'ibus', 'LOGNAME': 'tknika', 'JOURNAL_STREAM': '8:50749', '_': '/usr/bin/colcon', 'ROS_VERSION': '2', 'PKG_CONFIG_PATH': '/home/tknika/gral-iiriondo-main/unitree_ws/install/speech_to_goal_interfaces/lib/aarch64-linux-gnu/pkgconfig:/home/tknika/gral-iiriondo-main/unitree_ws/install/speech_to_goal_interfaces/lib/pkgconfig', 'XDG_SESSION_CLASS': 'user', 'USERNAME': 'tknika', 'TERM': 'xterm-256color', 'GNOME_DESKTOP_SESSION_ID': 'this-is-deprecated', 'ROS_LOCALHOST_ONLY': '0', 'WINDOWPATH': '2', 'PATH': '/usr/local/cuda-12.6/bin:/usr/local/cuda-12.6/bin:/home/bee/gral-iiriondo/unitree_ws/environments/unitree_env/bin:/opt/ros/humble/bin:/usr/local/cuda-12.6/bin:/home/tknika/.cargo/bin:/home/tknika/.local/bin:/usr/local/sbin:/usr/local/bin:/usr/sbin:/usr/bin:/sbin:/bin:/usr/games:/usr/local/games:/snap/bin:/snap/bin', 'SESSION_MANAGER': 'local/ubuntu:@/tmp/.ICE-unix/2653,unix/ubuntu:/tmp/.ICE-unix/2653', 'INVOCATION_ID': '23499d00eeb9404d9453ff310186aa72', 'XDG_MENU_PREFIX': 'gnome-', 'XDG_RUNTIME_DIR': '/run/user/1000', 'DISPLAY': ':1', 'TERMINATOR_DBUS_PATH': '/net/tenshu/Terminator2', 'LANG': 'en_US.UTF-8', 'XDG_CURRENT_DESKTOP': 'ubuntu:GNOME', 'IBUS_DISABLE_SNOOPER': '1', 'VIRTUAL_ENV_PROMPT': '(unitree_env)', 'XMODIFIERS': '@im=ibus', 'XDG_SESSION_DESKTOP': 'ubuntu', 'XAUTHORITY': '/run/user/1000/gdm/Xauthority', 'LS_COLORS': 'rs=0:di=01;34:ln=01;36:mh=00:pi=40;33:so=01;35:do=01;35:bd=40;33;01:cd=40;33;01:or=40;31;01:mi=00:su=37;41:sg=30;43:ca=30;41:tw=30;42:ow=34;42:st=37;44:ex=01;32:*.tar=01;31:*.tgz=01;31:*.arc=01;31:*.arj=01;31:*.taz=01;31:*.lha=01;31:*.lz4=01;31:*.lzh=01;31:*.lzma=01;31:*.tlz=01;31:*.txz=01;31:*.tzo=01;31:*.t7z=01;31:*.zip=01;31:*.z=01;31:*.dz=01;31:*.gz=01;31:*.lrz=01;31:*.lz=01;31:*.lzo=01;31:*.xz=01;31:*.zst=01;31:*.tzst=01;31:*.bz2=01;31:*.bz=01;31:*.tbz=01;31:*.tbz2=01;31:*.tz=01;31:*.deb=01;31:*.rpm=01;31:*.jar=01;31:*.war=01;31:*.ear=01;31:*.sar=01;31:*.rar=01;31:*.alz=01;31:*.ace=01;31:*.zoo=01;31:*.cpio=01;31:*.7z=01;31:*.rz=01;31:*.cab=01;31:*.wim=01;31:*.swm=01;31:*.dwm=01;31:*.esd=01;31:*.jpg=01;35:*.jpeg=01;35:*.mjpg=01;35:*.mjpeg=01;35:*.gif=01;35:*.bmp=01;35:*.pbm=01;35:*.pgm=01;35:*.ppm=01;35:*.tga=01;35:*.xbm=01;35:*.xpm=01;35:*.tif=01;35:*.tiff=01;35:*.png=01;35:*.svg=01;35:*.svgz=01;35:*.mng=01;35:*.pcx=01;35:*.mov=01;35:*.mpg=01;35:*.mpeg=01;35:*.m2v=01;35:*.mkv=01;35:*.webm=01;35:*.webp=01;35:*.ogm=01;35:*.mp4=01;35:*.m4v=01;35:*.mp4v=01;35:*.vob=01;35:*.qt=01;35:*.nuv=01;35:*.wmv=01;35:*.asf=01;35:*.rm=01;35:*.rmvb=01;35:*.flc=01;35:*.avi=01;35:*.fli=01;35:*.flv=01;35:*.gl=01;35:*.dl=01;35:*.xcf=01;35:*.xwd=01;35:*.yuv=01;35:*.cgm=01;35:*.emf=01;35:*.ogv=01;35:*.ogx=01;35:*.aac=00;36:*.au=00;36:*.flac=00;36:*.m4a=00;36:*.mid=00;36:*.midi=00;36:*.mka=00;36:*.mp3=00;36:*.mpc=00;36:*.ogg=00;36:*.ra=00;36:*.wav=00;36:*.oga=00;36:*.opus=00;36:*.spx=00;36:*.xspf=00;36:', 'SSH_AGENT_LAUNCHER': 'gnome-keyring', 'SSH_AUTH_SOCK': '/run/user/1000/keyring/ssh', 'AMENT_PREFIX_PATH': '/opt/ros/humble', 'SHELL': '/bin/bash', 'TERMINATOR_UUID': 'urn:uuid:6783764e-82b3-4e19-a535-1afecb743d9d', 'QT_ACCESSIBILITY': '1', 'GDMSESSION': 'ubuntu', 'LESSCLOSE': '/usr/bin/lesspipe %s %s', 'GPG_AGENT_INFO': '/run/user/1000/gnupg/S.gpg-agent:0:1', 'GJS_DEBUG_OUTPUT': 'stderr', 'VIRTUAL_ENV': '/home/bee/gral-iiriondo/unitree_ws/environments/unitree_env', 'QT_IM_MODULE': 'ibus', 'PWD': '/home/tknika/gral-iiriondo-main/unitree_ws/build/standing_mode', 'XDG_CONFIG_DIRS': '/etc/xdg/xdg-ubuntu:/etc/xdg', 'XDG_DATA_DIRS': '/usr/share/ubuntu:/usr/share/gnome:/usr/local/share/:/usr/share/:/var/lib/snapd/desktop', 'PYTHONPATH': '/home/tknika/gral-iiriondo-main/unitree_ws/build/standing_mode/prefix_override:/usr/lib/python3/dist-packages/colcon_core/task/python/colcon_distutils_commands:/home/tknika/gral-iiriondo-main/unitree_ws/install/standing_mode/lib/python3.10/site-packages:/opt/ros/humble/lib/python3.10/site-packages:/opt/ros/humble/local/lib/python3.10/dist-packages', 'COLCON': '1', 'VTE_VERSION': '6800'}, 'shell': False}
[7.367830] (-) TimerEvent: {}
[7.468515] (-) TimerEvent: {}
[7.569209] (-) TimerEvent: {}
[7.669861] (-) TimerEvent: {}
[7.773163] (-) TimerEvent: {}
[7.873892] (-) TimerEvent: {}
[7.974609] (-) TimerEvent: {}
[8.075295] (-) TimerEvent: {}
[8.175983] (-) TimerEvent: {}
[8.276704] (-) TimerEvent: {}
[8.296489] (mapping_configuration) StdoutLine: {'line': b'running develop\n'}
[8.373569] (standing_mode) StdoutLine: {'line': b'running develop\n'}
[8.376856] (-) TimerEvent: {}
[8.403051] (asr) StdoutLine: {'line': b'running develop\n'}
[8.448654] (go1_description) StdoutLine: {'line': b'running develop\n'}
[8.477016] (-) TimerEvent: {}
[8.577673] (-) TimerEvent: {}
[8.678681] (-) TimerEvent: {}
[8.779456] (-) TimerEvent: {}
[8.880297] (-) TimerEvent: {}
[8.967895] (mapping_configuration) StdoutLine: {'line': b'running egg_info\n'}
[8.980492] (-) TimerEvent: {}
[8.985473] (aruco_detector) Command: {'cmd': ['/usr/bin/python3', '-W', 'ignore:setup.py install is deprecated', '-W', 'ignore:easy_install command is deprecated', 'setup.py', 'develop', '--editable', '--build-directory', '/home/tknika/gral-iiriondo-main/unitree_ws/build/aruco_detector/build', '--no-deps', 'symlink_data'], 'cwd': '/home/tknika/gral-iiriondo-main/unitree_ws/build/aruco_detector', 'env': {'GJS_DEBUG_TOPICS': 'JS ERROR;JS LOG', 'LESSOPEN': '| /usr/bin/lesspipe %s', 'USER': 'tknika', 'OLLAMA_LLM_LIBRARY': 'cuda', 'ROS_PACKAGE_PATH': '/home/tknika/gral-iiriondo-main/unitree_ws/install/speech_to_goal_interfaces/share', 'XDG_SESSION_TYPE': 'x11', 'SHLVL': '1', 'LD_LIBRARY_PATH': '/home/tknika/gral-iiriondo-main/unitree_ws/install/aruco_markers_msgs/lib:/home/tknika/gral-iiriondo-main/unitree_ws/install/speech_to_goal_interfaces/lib:/home/tknika/gral-iiriondo-main/unitree_ws/install/object_recognition_interfaces/lib:/usr/lib/aarch64-linux-gnu/nvidia:/usr/local/cuda/lib64:/opt/ros/humble/opt/rviz_ogre_vendor/lib:/opt/ros/humble/lib/aarch64-linux-gnu:/opt/ros/humble/lib:/usr/local/cuda-12.6/lib64:/usr/lib/aarch64-linux-gnu/nvid', 'HOME': '/home/tknika', 'OLDPWD': '/home/tknika/gral-iiriondo-main/unitree_ws', 'DESKTOP_SESSION': 'ubuntu', 'GIO_LAUNCHED_DESKTOP_FILE': '/usr/share/applications/terminator.desktop', 'ROS_PYTHON_VERSION': '3', 'GNOME_SHELL_SESSION_MODE': 'ubuntu', 'GTK_MODULES': 'gail:atk-bridge', 'PS1': '\\[\\e]0;\\u@\\h: \\w\\a\\]${debian_chroot:+($debian_chroot)}\\[\\033[01;32m\\]\\u@\\h\\[\\033[00m\\]:\\[\\033[01;34m\\]\\w\\[\\033[00m\\]\\$', 'MANAGERPID': '2504', 'SYSTEMD_EXEC_PID': '2680', 'DBUS_SESSION_BUS_ADDRESS': 'unix:path=/run/user/1000/bus', 'COLORTERM': 'truecolor', 'TERMINATOR_DBUS_NAME': 'net.tenshu.Terminator23558193cd9818af7fe4d2c2f5bd9d00f', 'GIO_LAUNCHED_DESKTOP_FILE_PID': '4209', 'IM_CONFIG_PHASE': '1', 'COLCON_PREFIX_PATH': '/home/tknika/gral-iiriondo-main/unitree_ws/install', 'CUDA_VISIBLE_DEVICES': '0', 'ROS_DISTRO': 'humble', 'GTK_IM_MODULE': 'ibus', 'LOGNAME': 'tknika', 'JOURNAL_STREAM': '8:50749', '_': '/usr/bin/colcon', 'ROS_VERSION': '2', 'PKG_CONFIG_PATH': '/home/tknika/gral-iiriondo-main/unitree_ws/install/speech_to_goal_interfaces/lib/aarch64-linux-gnu/pkgconfig:/home/tknika/gral-iiriondo-main/unitree_ws/install/speech_to_goal_interfaces/lib/pkgconfig', 'XDG_SESSION_CLASS': 'user', 'USERNAME': 'tknika', 'TERM': 'xterm-256color', 'GNOME_DESKTOP_SESSION_ID': 'this-is-deprecated', 'ROS_LOCALHOST_ONLY': '0', 'WINDOWPATH': '2', 'PATH': '/usr/local/cuda-12.6/bin:/usr/local/cuda-12.6/bin:/home/bee/gral-iiriondo/unitree_ws/environments/unitree_env/bin:/opt/ros/humble/bin:/usr/local/cuda-12.6/bin:/home/tknika/.cargo/bin:/home/tknika/.local/bin:/usr/local/sbin:/usr/local/bin:/usr/sbin:/usr/bin:/sbin:/bin:/usr/games:/usr/local/games:/snap/bin:/snap/bin', 'SESSION_MANAGER': 'local/ubuntu:@/tmp/.ICE-unix/2653,unix/ubuntu:/tmp/.ICE-unix/2653', 'INVOCATION_ID': '23499d00eeb9404d9453ff310186aa72', 'XDG_MENU_PREFIX': 'gnome-', 'XDG_RUNTIME_DIR': '/run/user/1000', 'DISPLAY': ':1', 'TERMINATOR_DBUS_PATH': '/net/tenshu/Terminator2', 'LANG': 'en_US.UTF-8', 'XDG_CURRENT_DESKTOP': 'ubuntu:GNOME', 'IBUS_DISABLE_SNOOPER': '1', 'VIRTUAL_ENV_PROMPT': '(unitree_env)', 'XMODIFIERS': '@im=ibus', 'XDG_SESSION_DESKTOP': 'ubuntu', 'XAUTHORITY': '/run/user/1000/gdm/Xauthority', 'LS_COLORS': 'rs=0:di=01;34:ln=01;36:mh=00:pi=40;33:so=01;35:do=01;35:bd=40;33;01:cd=40;33;01:or=40;31;01:mi=00:su=37;41:sg=30;43:ca=30;41:tw=30;42:ow=34;42:st=37;44:ex=01;32:*.tar=01;31:*.tgz=01;31:*.arc=01;31:*.arj=01;31:*.taz=01;31:*.lha=01;31:*.lz4=01;31:*.lzh=01;31:*.lzma=01;31:*.tlz=01;31:*.txz=01;31:*.tzo=01;31:*.t7z=01;31:*.zip=01;31:*.z=01;31:*.dz=01;31:*.gz=01;31:*.lrz=01;31:*.lz=01;31:*.lzo=01;31:*.xz=01;31:*.zst=01;31:*.tzst=01;31:*.bz2=01;31:*.bz=01;31:*.tbz=01;31:*.tbz2=01;31:*.tz=01;31:*.deb=01;31:*.rpm=01;31:*.jar=01;31:*.war=01;31:*.ear=01;31:*.sar=01;31:*.rar=01;31:*.alz=01;31:*.ace=01;31:*.zoo=01;31:*.cpio=01;31:*.7z=01;31:*.rz=01;31:*.cab=01;31:*.wim=01;31:*.swm=01;31:*.dwm=01;31:*.esd=01;31:*.jpg=01;35:*.jpeg=01;35:*.mjpg=01;35:*.mjpeg=01;35:*.gif=01;35:*.bmp=01;35:*.pbm=01;35:*.pgm=01;35:*.ppm=01;35:*.tga=01;35:*.xbm=01;35:*.xpm=01;35:*.tif=01;35:*.tiff=01;35:*.png=01;35:*.svg=01;35:*.svgz=01;35:*.mng=01;35:*.pcx=01;35:*.mov=01;35:*.mpg=01;35:*.mpeg=01;35:*.m2v=01;35:*.mkv=01;35:*.webm=01;35:*.webp=01;35:*.ogm=01;35:*.mp4=01;35:*.m4v=01;35:*.mp4v=01;35:*.vob=01;35:*.qt=01;35:*.nuv=01;35:*.wmv=01;35:*.asf=01;35:*.rm=01;35:*.rmvb=01;35:*.flc=01;35:*.avi=01;35:*.fli=01;35:*.flv=01;35:*.gl=01;35:*.dl=01;35:*.xcf=01;35:*.xwd=01;35:*.yuv=01;35:*.cgm=01;35:*.emf=01;35:*.ogv=01;35:*.ogx=01;35:*.aac=00;36:*.au=00;36:*.flac=00;36:*.m4a=00;36:*.mid=00;36:*.midi=00;36:*.mka=00;36:*.mp3=00;36:*.mpc=00;36:*.ogg=00;36:*.ra=00;36:*.wav=00;36:*.oga=00;36:*.opus=00;36:*.spx=00;36:*.xspf=00;36:', 'SSH_AGENT_LAUNCHER': 'gnome-keyring', 'SSH_AUTH_SOCK': '/run/user/1000/keyring/ssh', 'AMENT_PREFIX_PATH': '/home/tknika/gral-iiriondo-main/unitree_ws/install/aruco_markers_msgs:/opt/ros/humble', 'SHELL': '/bin/bash', 'TERMINATOR_UUID': 'urn:uuid:6783764e-82b3-4e19-a535-1afecb743d9d', 'QT_ACCESSIBILITY': '1', 'GDMSESSION': 'ubuntu', 'LESSCLOSE': '/usr/bin/lesspipe %s %s', 'GPG_AGENT_INFO': '/run/user/1000/gnupg/S.gpg-agent:0:1', 'GJS_DEBUG_OUTPUT': 'stderr', 'VIRTUAL_ENV': '/home/bee/gral-iiriondo/unitree_ws/environments/unitree_env', 'QT_IM_MODULE': 'ibus', 'PWD': '/home/tknika/gral-iiriondo-main/unitree_ws/build/aruco_detector', 'XDG_CONFIG_DIRS': '/etc/xdg/xdg-ubuntu:/etc/xdg', 'XDG_DATA_DIRS': '/usr/share/ubuntu:/usr/share/gnome:/usr/local/share/:/usr/share/:/var/lib/snapd/desktop', 'PYTHONPATH': '/home/tknika/gral-iiriondo-main/unitree_ws/build/aruco_detector/prefix_override:/usr/lib/python3/dist-packages/colcon_core/task/python/colcon_distutils_commands:/home/tknika/gral-iiriondo-main/unitree_ws/install/aruco_detector/lib/python3.10/site-packages:/home/tknika/gral-iiriondo-main/unitree_ws/install/aruco_markers_msgs/local/lib/python3.10/dist-packages:/opt/ros/humble/lib/python3.10/site-packages:/opt/ros/humble/local/lib/python3.10/dist-packages', 'COLCON': '1', 'VTE_VERSION': '6800', 'CMAKE_PREFIX_PATH': '/home/tknika/gral-iiriondo-main/unitree_ws/install/aruco_markers_msgs'}, 'shell': False}
[9.014052] (mapping_configuration) StdoutLine: {'line': b'writing mapping_configuration.egg-info/PKG-INFO\n'}
[9.015403] (mapping_configuration) StdoutLine: {'line': b'writing dependency_links to mapping_configuration.egg-info/dependency_links.txt\n'}
[9.015822] (mapping_configuration) StdoutLine: {'line': b'writing entry points to mapping_configuration.egg-info/entry_points.txt\n'}
[9.017720] (mapping_configuration) StdoutLine: {'line': b'writing requirements to mapping_configuration.egg-info/requires.txt\n'}
[9.018381] (mapping_configuration) StdoutLine: {'line': b'writing top-level names to mapping_configuration.egg-info/top_level.txt\n'}
[9.062176] (asr) StdoutLine: {'line': b'running egg_info\n'}
[9.082166] (-) TimerEvent: {}
[9.104855] (asr) StdoutLine: {'line': b'writing asr.egg-info/PKG-INFO\n'}
[9.106160] (asr) StdoutLine: {'line': b'writing dependency_links to asr.egg-info/dependency_links.txt\n'}
[9.107245] (asr) StdoutLine: {'line': b'writing entry points to asr.egg-info/entry_points.txt\n'}
[9.107920] (asr) StdoutLine: {'line': b'writing requirements to asr.egg-info/requires.txt\n'}
[9.109277] (asr) StdoutLine: {'line': b'writing top-level names to asr.egg-info/top_level.txt\n'}
[9.113107] (mapping_configuration) StdoutLine: {'line': b"reading manifest file 'mapping_configuration.egg-info/SOURCES.txt'\n"}
[9.115100] (mapping_configuration) StdoutLine: {'line': b"writing manifest file 'mapping_configuration.egg-info/SOURCES.txt'\n"}
[9.146396] (go1_description) StdoutLine: {'line': b'running egg_info\n'}
[9.163550] (mapping_configuration) StdoutLine: {'line': b'running build_ext\n'}
[9.164305] (mapping_configuration) StdoutLine: {'line': b'Creating /home/tknika/gral-iiriondo-main/unitree_ws/install/mapping_configuration/lib/python3.10/site-packages/mapping-configuration.egg-link (link to .)\n'}
[9.167877] (mapping_configuration) StdoutLine: {'line': b'Installing mapping_publishers script to /home/tknika/gral-iiriondo-main/unitree_ws/install/mapping_configuration/lib/mapping_configuration\n'}
[9.168340] (object_recognition) Command: {'cmd': ['/usr/bin/python3', '-W', 'ignore:setup.py install is deprecated', '-W', 'ignore:easy_install command is deprecated', 'setup.py', 'develop', '--editable', '--build-directory', '/home/tknika/gral-iiriondo-main/unitree_ws/build/object_recognition/build', '--no-deps', 'symlink_data'], 'cwd': '/home/tknika/gral-iiriondo-main/unitree_ws/build/object_recognition', 'env': {'GJS_DEBUG_TOPICS': 'JS ERROR;JS LOG', 'LESSOPEN': '| /usr/bin/lesspipe %s', 'USER': 'tknika', 'OLLAMA_LLM_LIBRARY': 'cuda', 'ROS_PACKAGE_PATH': '/home/tknika/gral-iiriondo-main/unitree_ws/install/speech_to_goal_interfaces/share', 'XDG_SESSION_TYPE': 'x11', 'SHLVL': '1', 'LD_LIBRARY_PATH': '/home/tknika/gral-iiriondo-main/unitree_ws/install/object_recognition_interfaces/lib:/home/tknika/gral-iiriondo-main/unitree_ws/install/speech_to_goal_interfaces/lib:/home/tknika/gral-iiriondo-main/unitree_ws/install/aruco_markers_msgs/lib:/usr/lib/aarch64-linux-gnu/nvidia:/usr/local/cuda/lib64:/opt/ros/humble/opt/rviz_ogre_vendor/lib:/opt/ros/humble/lib/aarch64-linux-gnu:/opt/ros/humble/lib:/usr/local/cuda-12.6/lib64:/usr/lib/aarch64-linux-gnu/nvid', 'HOME': '/home/tknika', 'OLDPWD': '/home/tknika/gral-iiriondo-main/unitree_ws', 'DESKTOP_SESSION': 'ubuntu', 'GIO_LAUNCHED_DESKTOP_FILE': '/usr/share/applications/terminator.desktop', 'ROS_PYTHON_VERSION': '3', 'GNOME_SHELL_SESSION_MODE': 'ubuntu', 'GTK_MODULES': 'gail:atk-bridge', 'PS1': '\\[\\e]0;\\u@\\h: \\w\\a\\]${debian_chroot:+($debian_chroot)}\\[\\033[01;32m\\]\\u@\\h\\[\\033[00m\\]:\\[\\033[01;34m\\]\\w\\[\\033[00m\\]\\$', 'MANAGERPID': '2504', 'SYSTEMD_EXEC_PID': '2680', 'DBUS_SESSION_BUS_ADDRESS': 'unix:path=/run/user/1000/bus', 'COLORTERM': 'truecolor', 'TERMINATOR_DBUS_NAME': 'net.tenshu.Terminator23558193cd9818af7fe4d2c2f5bd9d00f', 'GIO_LAUNCHED_DESKTOP_FILE_PID': '4209', 'IM_CONFIG_PHASE': '1', 'COLCON_PREFIX_PATH': '/home/tknika/gral-iiriondo-main/unitree_ws/install', 'CUDA_VISIBLE_DEVICES': '0', 'ROS_DISTRO': 'humble', 'GTK_IM_MODULE': 'ibus', 'LOGNAME': 'tknika', 'JOURNAL_STREAM': '8:50749', '_': '/usr/bin/colcon', 'ROS_VERSION': '2', 'PKG_CONFIG_PATH': '/home/tknika/gral-iiriondo-main/unitree_ws/install/speech_to_goal_interfaces/lib/aarch64-linux-gnu/pkgconfig:/home/tknika/gral-iiriondo-main/unitree_ws/install/speech_to_goal_interfaces/lib/pkgconfig', 'XDG_SESSION_CLASS': 'user', 'USERNAME': 'tknika', 'TERM': 'xterm-256color', 'GNOME_DESKTOP_SESSION_ID': 'this-is-deprecated', 'ROS_LOCALHOST_ONLY': '0', 'WINDOWPATH': '2', 'PATH': '/usr/local/cuda-12.6/bin:/usr/local/cuda-12.6/bin:/home/bee/gral-iiriondo/unitree_ws/environments/unitree_env/bin:/opt/ros/humble/bin:/usr/local/cuda-12.6/bin:/home/tknika/.cargo/bin:/home/tknika/.local/bin:/usr/local/sbin:/usr/local/bin:/usr/sbin:/usr/bin:/sbin:/bin:/usr/games:/usr/local/games:/snap/bin:/snap/bin', 'SESSION_MANAGER': 'local/ubuntu:@/tmp/.ICE-unix/2653,unix/ubuntu:/tmp/.ICE-unix/2653', 'INVOCATION_ID': '23499d00eeb9404d9453ff310186aa72', 'XDG_MENU_PREFIX': 'gnome-', 'XDG_RUNTIME_DIR': '/run/user/1000', 'DISPLAY': ':1', 'TERMINATOR_DBUS_PATH': '/net/tenshu/Terminator2', 'LANG': 'en_US.UTF-8', 'XDG_CURRENT_DESKTOP': 'ubuntu:GNOME', 'IBUS_DISABLE_SNOOPER': '1', 'VIRTUAL_ENV_PROMPT': '(unitree_env)', 'XMODIFIERS': '@im=ibus', 'XDG_SESSION_DESKTOP': 'ubuntu', 'XAUTHORITY': '/run/user/1000/gdm/Xauthority', 'LS_COLORS': 'rs=0:di=01;34:ln=01;36:mh=00:pi=40;33:so=01;35:do=01;35:bd=40;33;01:cd=40;33;01:or=40;31;01:mi=00:su=37;41:sg=30;43:ca=30;41:tw=30;42:ow=34;42:st=37;44:ex=01;32:*.tar=01;31:*.tgz=01;31:*.arc=01;31:*.arj=01;31:*.taz=01;31:*.lha=01;31:*.lz4=01;31:*.lzh=01;31:*.lzma=01;31:*.tlz=01;31:*.txz=01;31:*.tzo=01;31:*.t7z=01;31:*.zip=01;31:*.z=01;31:*.dz=01;31:*.gz=01;31:*.lrz=01;31:*.lz=01;31:*.lzo=01;31:*.xz=01;31:*.zst=01;31:*.tzst=01;31:*.bz2=01;31:*.bz=01;31:*.tbz=01;31:*.tbz2=01;31:*.tz=01;31:*.deb=01;31:*.rpm=01;31:*.jar=01;31:*.war=01;31:*.ear=01;31:*.sar=01;31:*.rar=01;31:*.alz=01;31:*.ace=01;31:*.zoo=01;31:*.cpio=01;31:*.7z=01;31:*.rz=01;31:*.cab=01;31:*.wim=01;31:*.swm=01;31:*.dwm=01;31:*.esd=01;31:*.jpg=01;35:*.jpeg=01;35:*.mjpg=01;35:*.mjpeg=01;35:*.gif=01;35:*.bmp=01;35:*.pbm=01;35:*.pgm=01;35:*.ppm=01;35:*.tga=01;35:*.xbm=01;35:*.xpm=01;35:*.tif=01;35:*.tiff=01;35:*.png=01;35:*.svg=01;35:*.svgz=01;35:*.mng=01;35:*.pcx=01;35:*.mov=01;35:*.mpg=01;35:*.mpeg=01;35:*.m2v=01;35:*.mkv=01;35:*.webm=01;35:*.webp=01;35:*.ogm=01;35:*.mp4=01;35:*.m4v=01;35:*.mp4v=01;35:*.vob=01;35:*.qt=01;35:*.nuv=01;35:*.wmv=01;35:*.asf=01;35:*.rm=01;35:*.rmvb=01;35:*.flc=01;35:*.avi=01;35:*.fli=01;35:*.flv=01;35:*.gl=01;35:*.dl=01;35:*.xcf=01;35:*.xwd=01;35:*.yuv=01;35:*.cgm=01;35:*.emf=01;35:*.ogv=01;35:*.ogx=01;35:*.aac=00;36:*.au=00;36:*.flac=00;36:*.m4a=00;36:*.mid=00;36:*.midi=00;36:*.mka=00;36:*.mp3=00;36:*.mpc=00;36:*.ogg=00;36:*.ra=00;36:*.wav=00;36:*.oga=00;36:*.opus=00;36:*.spx=00;36:*.xspf=00;36:', 'SSH_AGENT_LAUNCHER': 'gnome-keyring', 'SSH_AUTH_SOCK': '/run/user/1000/keyring/ssh', 'AMENT_PREFIX_PATH': '/home/tknika/gral-iiriondo-main/unitree_ws/install/object_recognition_interfaces:/opt/ros/humble', 'SHELL': '/bin/bash', 'TERMINATOR_UUID': 'urn:uuid:6783764e-82b3-4e19-a535-1afecb743d9d', 'QT_ACCESSIBILITY': '1', 'GDMSESSION': 'ubuntu', 'LESSCLOSE': '/usr/bin/lesspipe %s %s', 'GPG_AGENT_INFO': '/run/user/1000/gnupg/S.gpg-agent:0:1', 'GJS_DEBUG_OUTPUT': 'stderr', 'VIRTUAL_ENV': '/home/bee/gral-iiriondo/unitree_ws/environments/unitree_env', 'QT_IM_MODULE': 'ibus', 'PWD': '/home/tknika/gral-iiriondo-main/unitree_ws/build/object_recognition', 'XDG_CONFIG_DIRS': '/etc/xdg/xdg-ubuntu:/etc/xdg', 'XDG_DATA_DIRS': '/usr/share/ubuntu:/usr/share/gnome:/usr/local/share/:/usr/share/:/var/lib/snapd/desktop', 'PYTHONPATH': '/home/tknika/gral-iiriondo-main/unitree_ws/build/object_recognition/prefix_override:/usr/lib/python3/dist-packages/colcon_core/task/python/colcon_distutils_commands:/home/tknika/gral-iiriondo-main/unitree_ws/install/object_recognition/lib/python3.10/site-packages:/home/tknika/gral-iiriondo-main/unitree_ws/install/object_recognition_interfaces/local/lib/python3.10/dist-packages:/opt/ros/humble/lib/python3.10/site-packages:/opt/ros/humble/local/lib/python3.10/dist-packages', 'COLCON': '1', 'VTE_VERSION': '6800', 'CMAKE_PREFIX_PATH': '/home/tknika/gral-iiriondo-main/unitree_ws/install/object_recognition_interfaces'}, 'shell': False}
[9.170113] (mapping_configuration) StdoutLine: {'line': b'\n'}
[9.170351] (mapping_configuration) StdoutLine: {'line': b'Installed /home/tknika/gral-iiriondo-main/unitree_ws/build/mapping_configuration\n'}
[9.170506] (mapping_configuration) StdoutLine: {'line': b'running symlink_data\n'}
[9.182255] (-) TimerEvent: {}
[9.189160] (standing_mode) StdoutLine: {'line': b'running egg_info\n'}
[9.191869] (go1_description) StdoutLine: {'line': b'writing go1_description.egg-info/PKG-INFO\n'}
[9.192735] (go1_description) StdoutLine: {'line': b'writing dependency_links to go1_description.egg-info/dependency_links.txt\n'}
[9.193778] (go1_description) StdoutLine: {'line': b'writing requirements to go1_description.egg-info/requires.txt\n'}
[9.194659] (go1_description) StdoutLine: {'line': b'writing top-level names to go1_description.egg-info/top_level.txt\n'}
[9.204535] (asr) StdoutLine: {'line': b"reading manifest file 'asr.egg-info/SOURCES.txt'\n"}
[9.206856] (asr) StdoutLine: {'line': b"writing manifest file 'asr.egg-info/SOURCES.txt'\n"}
[9.241594] (standing_mode) StdoutLine: {'line': b'writing standing_mode.egg-info/PKG-INFO\n'}
[9.246428] (standing_mode) StdoutLine: {'line': b'writing dependency_links to standing_mode.egg-info/dependency_links.txt\n'}
[9.247548] (standing_mode) StdoutLine: {'line': b'writing entry points to standing_mode.egg-info/entry_points.txt\n'}
[9.247963] (standing_mode) StdoutLine: {'line': b'writing requirements to standing_mode.egg-info/requires.txt\n'}
[9.248254] (standing_mode) StdoutLine: {'line': b'writing top-level names to standing_mode.egg-info/top_level.txt\n'}
[9.255852] (asr) StdoutLine: {'line': b'running build_ext\n'}
[9.256406] (asr) StdoutLine: {'line': b'Creating /home/tknika/gral-iiriondo-main/unitree_ws/install/asr/lib/python3.10/site-packages/asr.egg-link (link to .)\n'}
[9.259008] (asr) StdoutLine: {'line': b'Installing vosk_node script to /home/tknika/gral-iiriondo-main/unitree_ws/install/asr/lib/asr\n'}
[9.260137] (asr) StdoutLine: {'line': b'Installing whisper_medium_node script to /home/tknika/gral-iiriondo-main/unitree_ws/install/asr/lib/asr\n'}
[9.261401] (asr) StdoutLine: {'line': b'\n'}
[9.261704] (asr) StdoutLine: {'line': b'Installed /home/tknika/gral-iiriondo-main/unitree_ws/build/asr\n'}
[9.262061] (asr) StdoutLine: {'line': b'running symlink_data\n'}
[9.282405] (-) TimerEvent: {}
[9.292422] (go1_description) StdoutLine: {'line': b"reading manifest file 'go1_description.egg-info/SOURCES.txt'\n"}
[9.295446] (go1_description) StdoutLine: {'line': b"writing manifest file 'go1_description.egg-info/SOURCES.txt'\n"}
[9.348225] (standing_mode) StdoutLine: {'line': b"reading manifest file 'standing_mode.egg-info/SOURCES.txt'\n"}
[9.348853] (go1_description) StdoutLine: {'line': b'running build_ext\n'}
[9.349235] (go1_description) StdoutLine: {'line': b'Creating /home/tknika/gral-iiriondo-main/unitree_ws/install/go1_description/lib/python3.10/site-packages/go1-description.egg-link (link to .)\n'}
[9.349871] (standing_mode) StdoutLine: {'line': b"writing manifest file 'standing_mode.egg-info/SOURCES.txt'\n"}
[9.352051] (go1_description) StdoutLine: {'line': b'\n'}
[9.352483] (go1_description) StdoutLine: {'line': b'Installed /home/tknika/gral-iiriondo-main/unitree_ws/build/go1_description\n'}
[9.352981] (go1_description) StdoutLine: {'line': b'running symlink_data\n'}
[9.382552] (-) TimerEvent: {}
[9.400354] (standing_mode) StdoutLine: {'line': b'running build_ext\n'}
[9.400958] (standing_mode) StdoutLine: {'line': b'Creating /home/tknika/gral-iiriondo-main/unitree_ws/install/standing_mode/lib/python3.10/site-packages/standing-mode.egg-link (link to .)\n'}
[9.403409] (standing_mode) StdoutLine: {'line': b'Installing standing_mode script to /home/tknika/gral-iiriondo-main/unitree_ws/install/standing_mode/lib/standing_mode\n'}
[9.404528] (standing_mode) StdoutLine: {'line': b'\n'}
[9.404880] (standing_mode) StdoutLine: {'line': b'Installed /home/tknika/gral-iiriondo-main/unitree_ws/build/standing_mode\n'}
[9.405098] (standing_mode) StdoutLine: {'line': b'running symlink_data\n'}
[9.414423] (mapping_configuration) CommandEnded: {'returncode': 0}
[9.444734] (mapping_configuration) JobEnded: {'identifier': 'mapping_configuration', 'rc': 0}
[9.482754] (-) TimerEvent: {}
[9.516873] (asr) CommandEnded: {'returncode': 0}
[9.538037] (asr) JobEnded: {'identifier': 'asr', 'rc': 0}
[9.576682] (speech_to_goal) Command: {'cmd': ['/usr/bin/python3', '-W', 'ignore:setup.py install is deprecated', '-W', 'ignore:easy_install command is deprecated', 'setup.py', 'develop', '--editable', '--build-directory', '/home/tknika/gral-iiriondo-main/unitree_ws/build/speech_to_goal/build', '--no-deps', 'symlink_data'], 'cwd': '/home/tknika/gral-iiriondo-main/unitree_ws/build/speech_to_goal', 'env': {'GJS_DEBUG_TOPICS': 'JS ERROR;JS LOG', 'LESSOPEN': '| /usr/bin/lesspipe %s', 'USER': 'tknika', 'OLLAMA_LLM_LIBRARY': 'cuda', 'ROS_PACKAGE_PATH': '/home/tknika/gral-iiriondo-main/unitree_ws/install/speech_to_goal_interfaces/share', 'XDG_SESSION_TYPE': 'x11', 'SHLVL': '1', 'LD_LIBRARY_PATH': '/home/tknika/gral-iiriondo-main/unitree_ws/install/speech_to_goal_interfaces/lib:/home/tknika/gral-iiriondo-main/unitree_ws/install/object_recognition_interfaces/lib:/home/tknika/gral-iiriondo-main/unitree_ws/install/aruco_markers_msgs/lib:/usr/lib/aarch64-linux-gnu/nvidia:/usr/local/cuda/lib64:/opt/ros/humble/opt/rviz_ogre_vendor/lib:/opt/ros/humble/lib/aarch64-linux-gnu:/opt/ros/humble/lib:/usr/local/cuda-12.6/lib64:/usr/lib/aarch64-linux-gnu/nvid', 'HOME': '/home/tknika', 'OLDPWD': '/home/tknika/gral-iiriondo-main/unitree_ws', 'DESKTOP_SESSION': 'ubuntu', 'GIO_LAUNCHED_DESKTOP_FILE': '/usr/share/applications/terminator.desktop', 'ROS_PYTHON_VERSION': '3', 'GNOME_SHELL_SESSION_MODE': 'ubuntu', 'GTK_MODULES': 'gail:atk-bridge', 'PS1': '\\[\\e]0;\\u@\\h: \\w\\a\\]${debian_chroot:+($debian_chroot)}\\[\\033[01;32m\\]\\u@\\h\\[\\033[00m\\]:\\[\\033[01;34m\\]\\w\\[\\033[00m\\]\\$', 'MANAGERPID': '2504', 'SYSTEMD_EXEC_PID': '2680', 'DBUS_SESSION_BUS_ADDRESS': 'unix:path=/run/user/1000/bus', 'COLORTERM': 'truecolor', 'TERMINATOR_DBUS_NAME': 'net.tenshu.Terminator23558193cd9818af7fe4d2c2f5bd9d00f', 'GIO_LAUNCHED_DESKTOP_FILE_PID': '4209', 'IM_CONFIG_PHASE': '1', 'COLCON_PREFIX_PATH': '/home/tknika/gral-iiriondo-main/unitree_ws/install', 'CUDA_VISIBLE_DEVICES': '0', 'ROS_DISTRO': 'humble', 'GTK_IM_MODULE': 'ibus', 'LOGNAME': 'tknika', 'JOURNAL_STREAM': '8:50749', '_': '/usr/bin/colcon', 'ROS_VERSION': '2', 'PKG_CONFIG_PATH': '/home/tknika/gral-iiriondo-main/unitree_ws/install/speech_to_goal_interfaces/lib/aarch64-linux-gnu/pkgconfig:/home/tknika/gral-iiriondo-main/unitree_ws/install/speech_to_goal_interfaces/lib/pkgconfig', 'XDG_SESSION_CLASS': 'user', 'USERNAME': 'tknika', 'TERM': 'xterm-256color', 'GNOME_DESKTOP_SESSION_ID': 'this-is-deprecated', 'ROS_LOCALHOST_ONLY': '0', 'WINDOWPATH': '2', 'PATH': '/usr/local/cuda-12.6/bin:/usr/local/cuda-12.6/bin:/home/bee/gral-iiriondo/unitree_ws/environments/unitree_env/bin:/opt/ros/humble/bin:/usr/local/cuda-12.6/bin:/home/tknika/.cargo/bin:/home/tknika/.local/bin:/usr/local/sbin:/usr/local/bin:/usr/sbin:/usr/bin:/sbin:/bin:/usr/games:/usr/local/games:/snap/bin:/snap/bin', 'SESSION_MANAGER': 'local/ubuntu:@/tmp/.ICE-unix/2653,unix/ubuntu:/tmp/.ICE-unix/2653', 'INVOCATION_ID': '23499d00eeb9404d9453ff310186aa72', 'XDG_MENU_PREFIX': 'gnome-', 'XDG_RUNTIME_DIR': '/run/user/1000', 'DISPLAY': ':1', 'TERMINATOR_DBUS_PATH': '/net/tenshu/Terminator2', 'LANG': 'en_US.UTF-8', 'XDG_CURRENT_DESKTOP': 'ubuntu:GNOME', 'IBUS_DISABLE_SNOOPER': '1', 'VIRTUAL_ENV_PROMPT': '(unitree_env)', 'XMODIFIERS': '@im=ibus', 'XDG_SESSION_DESKTOP': 'ubuntu', 'XAUTHORITY': '/run/user/1000/gdm/Xauthority', 'LS_COLORS': 'rs=0:di=01;34:ln=01;36:mh=00:pi=40;33:so=01;35:do=01;35:bd=40;33;01:cd=40;33;01:or=40;31;01:mi=00:su=37;41:sg=30;43:ca=30;41:tw=30;42:ow=34;42:st=37;44:ex=01;32:*.tar=01;31:*.tgz=01;31:*.arc=01;31:*.arj=01;31:*.taz=01;31:*.lha=01;31:*.lz4=01;31:*.lzh=01;31:*.lzma=01;31:*.tlz=01;31:*.txz=01;31:*.tzo=01;31:*.t7z=01;31:*.zip=01;31:*.z=01;31:*.dz=01;31:*.gz=01;31:*.lrz=01;31:*.lz=01;31:*.lzo=01;31:*.xz=01;31:*.zst=01;31:*.tzst=01;31:*.bz2=01;31:*.bz=01;31:*.tbz=01;31:*.tbz2=01;31:*.tz=01;31:*.deb=01;31:*.rpm=01;31:*.jar=01;31:*.war=01;31:*.ear=01;31:*.sar=01;31:*.rar=01;31:*.alz=01;31:*.ace=01;31:*.zoo=01;31:*.cpio=01;31:*.7z=01;31:*.rz=01;31:*.cab=01;31:*.wim=01;31:*.swm=01;31:*.dwm=01;31:*.esd=01;31:*.jpg=01;35:*.jpeg=01;35:*.mjpg=01;35:*.mjpeg=01;35:*.gif=01;35:*.bmp=01;35:*.pbm=01;35:*.pgm=01;35:*.ppm=01;35:*.tga=01;35:*.xbm=01;35:*.xpm=01;35:*.tif=01;35:*.tiff=01;35:*.png=01;35:*.svg=01;35:*.svgz=01;35:*.mng=01;35:*.pcx=01;35:*.mov=01;35:*.mpg=01;35:*.mpeg=01;35:*.m2v=01;35:*.mkv=01;35:*.webm=01;35:*.webp=01;35:*.ogm=01;35:*.mp4=01;35:*.m4v=01;35:*.mp4v=01;35:*.vob=01;35:*.qt=01;35:*.nuv=01;35:*.wmv=01;35:*.asf=01;35:*.rm=01;35:*.rmvb=01;35:*.flc=01;35:*.avi=01;35:*.fli=01;35:*.flv=01;35:*.gl=01;35:*.dl=01;35:*.xcf=01;35:*.xwd=01;35:*.yuv=01;35:*.cgm=01;35:*.emf=01;35:*.ogv=01;35:*.ogx=01;35:*.aac=00;36:*.au=00;36:*.flac=00;36:*.m4a=00;36:*.mid=00;36:*.midi=00;36:*.mka=00;36:*.mp3=00;36:*.mpc=00;36:*.ogg=00;36:*.ra=00;36:*.wav=00;36:*.oga=00;36:*.opus=00;36:*.spx=00;36:*.xspf=00;36:', 'SSH_AGENT_LAUNCHER': 'gnome-keyring', 'SSH_AUTH_SOCK': '/run/user/1000/keyring/ssh', 'AMENT_PREFIX_PATH': '/home/tknika/gral-iiriondo-main/unitree_ws/install/speech_to_goal_interfaces:/home/tknika/gral-iiriondo-main/unitree_ws/install/object_recognition_interfaces:/opt/ros/humble', 'SHELL': '/bin/bash', 'TERMINATOR_UUID': 'urn:uuid:6783764e-82b3-4e19-a535-1afecb743d9d', 'QT_ACCESSIBILITY': '1', 'GDMSESSION': 'ubuntu', 'LESSCLOSE': '/usr/bin/lesspipe %s %s', 'GPG_AGENT_INFO': '/run/user/1000/gnupg/S.gpg-agent:0:1', 'GJS_DEBUG_OUTPUT': 'stderr', 'VIRTUAL_ENV': '/home/bee/gral-iiriondo/unitree_ws/environments/unitree_env', 'QT_IM_MODULE': 'ibus', 'PWD': '/home/tknika/gral-iiriondo-main/unitree_ws/build/speech_to_goal', 'XDG_CONFIG_DIRS': '/etc/xdg/xdg-ubuntu:/etc/xdg', 'XDG_DATA_DIRS': '/usr/share/ubuntu:/usr/share/gnome:/usr/local/share/:/usr/share/:/var/lib/snapd/desktop', 'PYTHONPATH': '/home/tknika/gral-iiriondo-main/unitree_ws/build/speech_to_goal/prefix_override:/usr/lib/python3/dist-packages/colcon_core/task/python/colcon_distutils_commands:/home/tknika/gral-iiriondo-main/unitree_ws/install/speech_to_goal/lib/python3.10/site-packages:/home/tknika/gral-iiriondo-main/unitree_ws/install/speech_to_goal_interfaces/local/lib/python3.10/dist-packages:/home/tknika/gral-iiriondo-main/unitree_ws/install/object_recognition_interfaces/local/lib/python3.10/dist-packages:/opt/ros/humble/lib/python3.10/site-packages:/opt/ros/humble/local/lib/python3.10/dist-packages', 'COLCON': '1', 'VTE_VERSION': '6800', 'CMAKE_PREFIX_PATH': '/home/tknika/gral-iiriondo-main/unitree_ws/install/speech_to_goal_interfaces:/home/tknika/gral-iiriondo-main/unitree_ws/install/object_recognition_interfaces'}, 'shell': False}
[9.582986] (-) TimerEvent: {}
[9.603075] (go1_description) CommandEnded: {'returncode': 0}
[9.630882] (go1_description) JobEnded: {'identifier': 'go1_description', 'rc': 0}
[9.661867] (standing_mode) CommandEnded: {'returncode': 0}
[9.683290] (-) TimerEvent: {}
[9.686187] (standing_mode) JobEnded: {'identifier': 'standing_mode', 'rc': 0}
[9.783465] (-) TimerEvent: {}
[9.884098] (-) TimerEvent: {}
[9.978336] (aruco_detector) StdoutLine: {'line': b'running develop\n'}
[9.984236] (-) TimerEvent: {}
[10.084873] (-) TimerEvent: {}
[10.138842] (object_recognition) StdoutLine: {'line': b'running develop\n'}
[10.185033] (-) TimerEvent: {}
[10.285650] (-) TimerEvent: {}
[10.386275] (-) TimerEvent: {}
[10.486918] (-) TimerEvent: {}
[10.568680] (speech_to_goal) StdoutLine: {'line': b'running develop\n'}
[10.587034] (-) TimerEvent: {}
[10.629496] (aruco_detector) StdoutLine: {'line': b'running egg_info\n'}
[10.669914] (aruco_detector) StdoutLine: {'line': b'writing aruco_detector.egg-info/PKG-INFO\n'}
[10.670569] (aruco_detector) StdoutLine: {'line': b'writing dependency_links to aruco_detector.egg-info/dependency_links.txt\n'}
[10.671124] (aruco_detector) StdoutLine: {'line': b'writing entry points to aruco_detector.egg-info/entry_points.txt\n'}
[10.671491] (aruco_detector) StdoutLine: {'line': b'writing requirements to aruco_detector.egg-info/requires.txt\n'}
[10.671780] (aruco_detector) StdoutLine: {'line': b'writing top-level names to aruco_detector.egg-info/top_level.txt\n'}
[10.687159] (-) TimerEvent: {}
[10.755663] (aruco_detector) StdoutLine: {'line': b"reading manifest file 'aruco_detector.egg-info/SOURCES.txt'\n"}
[10.757279] (aruco_detector) StdoutLine: {'line': b"writing manifest file 'aruco_detector.egg-info/SOURCES.txt'\n"}
[10.782964] (object_recognition) StdoutLine: {'line': b'running egg_info\n'}
[10.787272] (-) TimerEvent: {}
[10.801601] (aruco_detector) StdoutLine: {'line': b'running build_ext\n'}
[10.802030] (aruco_detector) StdoutLine: {'line': b'Creating /home/tknika/gral-iiriondo-main/unitree_ws/install/aruco_detector/lib/python3.10/site-packages/aruco-detector.egg-link (link to .)\n'}
[10.803543] (aruco_detector) StdoutLine: {'line': b'Installing aruco_detector_node script to /home/tknika/gral-iiriondo-main/unitree_ws/install/aruco_detector/lib/aruco_detector\n'}
[10.803978] (aruco_detector) StdoutLine: {'line': b'Installing aruco_mapper_node script to /home/tknika/gral-iiriondo-main/unitree_ws/install/aruco_detector/lib/aruco_detector\n'}
[10.804491] (aruco_detector) StdoutLine: {'line': b'\n'}
[10.804679] (aruco_detector) StdoutLine: {'line': b'Installed /home/tknika/gral-iiriondo-main/unitree_ws/build/aruco_detector\n'}
[10.804822] (aruco_detector) StdoutLine: {'line': b'running symlink_data\n'}
[10.823707] (object_recognition) StdoutLine: {'line': b'writing object_recognition.egg-info/PKG-INFO\n'}
[10.824452] (object_recognition) StdoutLine: {'line': b'writing dependency_links to object_recognition.egg-info/dependency_links.txt\n'}
[10.825000] (object_recognition) StdoutLine: {'line': b'writing entry points to object_recognition.egg-info/entry_points.txt\n'}
[10.825402] (object_recognition) StdoutLine: {'line': b'writing requirements to object_recognition.egg-info/requires.txt\n'}
[10.825691] (object_recognition) StdoutLine: {'line': b'writing top-level names to object_recognition.egg-info/top_level.txt\n'}
[10.887419] (-) TimerEvent: {}
[10.912653] (object_recognition) StdoutLine: {'line': b"reading manifest file 'object_recognition.egg-info/SOURCES.txt'\n"}
[10.914378] (object_recognition) StdoutLine: {'line': b"writing manifest file 'object_recognition.egg-info/SOURCES.txt'\n"}
[10.960246] (object_recognition) StdoutLine: {'line': b'running build_ext\n'}
[10.960916] (object_recognition) StdoutLine: {'line': b'Creating /home/tknika/gral-iiriondo-main/unitree_ws/install/object_recognition/lib/python3.10/site-packages/object-recognition.egg-link (link to .)\n'}
[10.962243] (object_recognition) StdoutLine: {'line': b'Installing object_recognition_node script to /home/tknika/gral-iiriondo-main/unitree_ws/install/object_recognition/lib/object_recognition\n'}
[10.962978] (object_recognition) StdoutLine: {'line': b'\n'}
[10.963223] (object_recognition) StdoutLine: {'line': b'Installed /home/tknika/gral-iiriondo-main/unitree_ws/build/object_recognition\n'}
[10.963373] (object_recognition) StdoutLine: {'line': b'running symlink_data\n'}
[10.978590] (aruco_detector) CommandEnded: {'returncode': 0}
[10.987592] (-) TimerEvent: {}
[11.000661] (aruco_detector) JobEnded: {'identifier': 'aruco_detector', 'rc': 0}
[11.087776] (-) TimerEvent: {}
[11.129682] (object_recognition) CommandEnded: {'returncode': 0}
[11.146633] (object_recognition) JobEnded: {'identifier': 'object_recognition', 'rc': 0}
[11.187934] (-) TimerEvent: {}
[11.211380] (speech_to_goal) StdoutLine: {'line': b'running egg_info\n'}
[11.252834] (speech_to_goal) StdoutLine: {'line': b'writing speech_to_goal.egg-info/PKG-INFO\n'}
[11.253582] (speech_to_goal) StdoutLine: {'line': b'writing dependency_links to speech_to_goal.egg-info/dependency_links.txt\n'}
[11.254098] (speech_to_goal) StdoutLine: {'line': b'writing entry points to speech_to_goal.egg-info/entry_points.txt\n'}
[11.254471] (speech_to_goal) StdoutLine: {'line': b'writing requirements to speech_to_goal.egg-info/requires.txt\n'}
[11.254763] (speech_to_goal) StdoutLine: {'line': b'writing top-level names to speech_to_goal.egg-info/top_level.txt\n'}
[11.288081] (-) TimerEvent: {}
[11.341666] (speech_to_goal) StdoutLine: {'line': b"reading manifest file 'speech_to_goal.egg-info/SOURCES.txt'\n"}
[11.343310] (speech_to_goal) StdoutLine: {'line': b"writing manifest file 'speech_to_goal.egg-info/SOURCES.txt'\n"}
[11.388295] (speech_to_goal) StdoutLine: {'line': b'running build_ext\n'}
[11.388781] (-) TimerEvent: {}
[11.389048] (speech_to_goal) StdoutLine: {'line': b'Creating /home/tknika/gral-iiriondo-main/unitree_ws/install/speech_to_goal/lib/python3.10/site-packages/speech-to-goal.egg-link (link to .)\n'}
[11.390403] (speech_to_goal) StdoutLine: {'line': b'Installing intent_classifier_node script to /home/tknika/gral-iiriondo-main/unitree_ws/install/speech_to_goal/lib/speech_to_goal\n'}
[11.390833] (speech_to_goal) StdoutLine: {'line': b'Installing speech_to_goal_llm_node script to /home/tknika/gral-iiriondo-main/unitree_ws/install/speech_to_goal/lib/speech_to_goal\n'}
[11.391106] (speech_to_goal) StdoutLine: {'line': b'Installing speech_to_goal_main_planner_node script to /home/tknika/gral-iiriondo-main/unitree_ws/install/speech_to_goal/lib/speech_to_goal\n'}
[11.391362] (speech_to_goal) StdoutLine: {'line': b'Installing speech_to_goal_node script to /home/tknika/gral-iiriondo-main/unitree_ws/install/speech_to_goal/lib/speech_to_goal\n'}
[11.391811] (speech_to_goal) StdoutLine: {'line': b'\n'}
[11.392003] (speech_to_goal) StdoutLine: {'line': b'Installed /home/tknika/gral-iiriondo-main/unitree_ws/build/speech_to_goal\n'}
[11.392148] (speech_to_goal) StdoutLine: {'line': b'running symlink_data\n'}
[11.488974] (-) TimerEvent: {}
[11.582657] (speech_to_goal) CommandEnded: {'returncode': 0}
[11.589044] (-) TimerEvent: {}
[11.601695] (speech_to_goal) JobEnded: {'identifier': 'speech_to_goal', 'rc': 0}
[11.603472] (-) EventReactorShutdown: {}
