[0.000000] (-) TimerEvent: {}
[0.000808] (aruco_markers_msgs) JobQueued: {'identifier': 'aruco_markers_msgs', 'dependencies': OrderedDict()}
[0.001574] (asr) JobQueued: {'identifier': 'asr', 'dependencies': OrderedDict()}
[0.001799] (go1_description) JobQueued: {'identifier': 'go1_description', 'dependencies': OrderedDict()}
[0.002076] (mapping_configuration) JobQueued: {'identifier': 'mapping_configuration', 'dependencies': OrderedDict()}
[0.002173] (object_recognition_interfaces) JobQueued: {'identifier': 'object_recognition_interfaces', 'dependencies': OrderedDict()}
[0.002343] (speech_to_goal_interfaces) JobQueued: {'identifier': 'speech_to_goal_interfaces', 'dependencies': OrderedDict()}
[0.002427] (standing_mode) JobQueued: {'identifier': 'standing_mode', 'dependencies': OrderedDict()}
[0.002470] (aruco_detector) JobQueued: {'identifier': 'aruco_detector', 'dependencies': OrderedDict([('aruco_markers_msgs', '/home/tknika/gral-iiriondo-main/unitree_ws/install/aruco_markers_msgs')])}
[0.002556] (object_recognition) JobQueued: {'identifier': 'object_recognition', 'dependencies': OrderedDict([('object_recognition_interfaces', '/home/tknika/gral-iiriondo-main/unitree_ws/install/object_recognition_interfaces')])}
[0.002613] (speech_to_goal) JobQueued: {'identifier': 'speech_to_goal', 'dependencies': OrderedDict([('object_recognition_interfaces', '/home/tknika/gral-iiriondo-main/unitree_ws/install/object_recognition_interfaces'), ('speech_to_goal_interfaces', '/home/tknika/gral-iiriondo-main/unitree_ws/install/speech_to_goal_interfaces')])}
[0.002704] (object_recognition_interfaces) JobStarted: {'identifier': 'object_recognition_interfaces'}
[0.013779] (aruco_markers_msgs) JobStarted: {'identifier': 'aruco_markers_msgs'}
[0.019863] (speech_to_goal_interfaces) JobStarted: {'identifier': 'speech_to_goal_interfaces'}
[0.027169] (asr) JobStarted: {'identifier': 'asr'}
[0.038586] (go1_description) JobStarted: {'identifier': 'go1_description'}
[0.049213] (mapping_configuration) JobStarted: {'identifier': 'mapping_configuration'}
[0.058559] (standing_mode) JobStarted: {'identifier': 'standing_mode'}
[0.073381] (object_recognition_interfaces) JobProgress: {'identifier': 'object_recognition_interfaces', 'progress': 'cmake'}
[0.074313] (object_recognition_interfaces) Command: {'cmd': ['/usr/bin/cmake', '/home/tknika/gral-iiriondo-main/unitree_ws/src/object_recognition_interfaces', '-DAMENT_CMAKE_SYMLINK_INSTALL=1', '-DCMAKE_INSTALL_PREFIX=/home/tknika/gral-iiriondo-main/unitree_ws/install/object_recognition_interfaces'], 'cwd': '/home/tknika/gral-iiriondo-main/unitree_ws/build/object_recognition_interfaces', 'env': OrderedDict([('GJS_DEBUG_TOPICS', 'JS ERROR;JS LOG'), ('LESSOPEN', '| /usr/bin/lesspipe %s'), ('USER', 'tknika'), ('OLLAMA_LLM_LIBRARY', 'cuda'), ('ROS_PACKAGE_PATH', '/home/tknika/gral-iiriondo-main/unitree_ws/install/speech_to_goal_interfaces/share'), ('XDG_SESSION_TYPE', 'x11'), ('SHLVL', '1'), ('LD_LIBRARY_PATH', '/home/tknika/gral-iiriondo-main/unitree_ws/install/speech_to_goal_interfaces/lib:/home/tknika/gral-iiriondo-main/unitree_ws/install/object_recognition_interfaces/lib:/home/tknika/gral-iiriondo-main/unitree_ws/install/aruco_markers_msgs/lib:/usr/lib/aarch64-linux-gnu/nvidia:/usr/local/cuda/lib64:/opt/ros/humble/opt/rviz_ogre_vendor/lib:/opt/ros/humble/lib/aarch64-linux-gnu:/opt/ros/humble/lib:/usr/local/cuda-12.6/lib64:/usr/lib/aarch64-linux-gnu/nvid'), ('HOME', '/home/tknika'), ('OLDPWD', '/home/tknika/gral-iiriondo-main'), ('DESKTOP_SESSION', 'ubuntu'), ('GIO_LAUNCHED_DESKTOP_FILE', '/usr/share/applications/terminator.desktop'), ('ROS_PYTHON_VERSION', '3'), ('GNOME_SHELL_SESSION_MODE', 'ubuntu'), ('GTK_MODULES', 'gail:atk-bridge'), ('PS1', '\\[\\e]0;\\u@\\h: \\w\\a\\]${debian_chroot:+($debian_chroot)}\\[\\033[01;32m\\]\\u@\\h\\[\\033[00m\\]:\\[\\033[01;34m\\]\\w\\[\\033[00m\\]\\$'), ('MANAGERPID', '2504'), ('SYSTEMD_EXEC_PID', '2680'), ('DBUS_SESSION_BUS_ADDRESS', 'unix:path=/run/user/1000/bus'), ('COLORTERM', 'truecolor'), ('TERMINATOR_DBUS_NAME', 'net.tenshu.Terminator23558193cd9818af7fe4d2c2f5bd9d00f'), ('GIO_LAUNCHED_DESKTOP_FILE_PID', '4209'), ('IM_CONFIG_PHASE', '1'), ('COLCON_PREFIX_PATH', '/home/tknika/gral-iiriondo-main/unitree_ws/install'), ('CUDA_VISIBLE_DEVICES', '0'), ('ROS_DISTRO', 'humble'), ('GTK_IM_MODULE', 'ibus'), ('LOGNAME', 'tknika'), ('JOURNAL_STREAM', '8:50749'), ('_', '/usr/bin/colcon'), ('ROS_VERSION', '2'), ('PKG_CONFIG_PATH', '/home/tknika/gral-iiriondo-main/unitree_ws/install/speech_to_goal_interfaces/lib/aarch64-linux-gnu/pkgconfig:/home/tknika/gral-iiriondo-main/unitree_ws/install/speech_to_goal_interfaces/lib/pkgconfig'), ('XDG_SESSION_CLASS', 'user'), ('USERNAME', 'tknika'), ('TERM', 'xterm-256color'), ('GNOME_DESKTOP_SESSION_ID', 'this-is-deprecated'), ('ROS_LOCALHOST_ONLY', '0'), ('WINDOWPATH', '2'), ('PATH', '/usr/local/cuda-12.6/bin:/usr/local/cuda-12.6/bin:/home/bee/gral-iiriondo/unitree_ws/environments/unitree_env/bin:/opt/ros/humble/bin:/usr/local/cuda-12.6/bin:/home/tknika/.cargo/bin:/home/tknika/.local/bin:/usr/local/sbin:/usr/local/bin:/usr/sbin:/usr/bin:/sbin:/bin:/usr/games:/usr/local/games:/snap/bin:/snap/bin'), ('SESSION_MANAGER', 'local/ubuntu:@/tmp/.ICE-unix/2653,unix/ubuntu:/tmp/.ICE-unix/2653'), ('INVOCATION_ID', '23499d00eeb9404d9453ff310186aa72'), ('XDG_MENU_PREFIX', 'gnome-'), ('XDG_RUNTIME_DIR', '/run/user/1000'), ('DISPLAY', ':1'), ('TERMINATOR_DBUS_PATH', '/net/tenshu/Terminator2'), ('LANG', 'en_US.UTF-8'), ('XDG_CURRENT_DESKTOP', 'ubuntu:GNOME'), ('IBUS_DISABLE_SNOOPER', '1'), ('VIRTUAL_ENV_PROMPT', '(unitree_env)'), ('XMODIFIERS', '@im=ibus'), ('XDG_SESSION_DESKTOP', 'ubuntu'), ('XAUTHORITY', '/run/user/1000/gdm/Xauthority'), ('LS_COLORS', 'rs=0:di=01;34:ln=01;36:mh=00:pi=40;33:so=01;35:do=01;35:bd=40;33;01:cd=40;33;01:or=40;31;01:mi=00:su=37;41:sg=30;43:ca=30;41:tw=30;42:ow=34;42:st=37;44:ex=01;32:*.tar=01;31:*.tgz=01;31:*.arc=01;31:*.arj=01;31:*.taz=01;31:*.lha=01;31:*.lz4=01;31:*.lzh=01;31:*.lzma=01;31:*.tlz=01;31:*.txz=01;31:*.tzo=01;31:*.t7z=01;31:*.zip=01;31:*.z=01;31:*.dz=01;31:*.gz=01;31:*.lrz=01;31:*.lz=01;31:*.lzo=01;31:*.xz=01;31:*.zst=01;31:*.tzst=01;31:*.bz2=01;31:*.bz=01;31:*.tbz=01;31:*.tbz2=01;31:*.tz=01;31:*.deb=01;31:*.rpm=01;31:*.jar=01;31:*.war=01;31:*.ear=01;31:*.sar=01;31:*.rar=01;31:*.alz=01;31:*.ace=01;31:*.zoo=01;31:*.cpio=01;31:*.7z=01;31:*.rz=01;31:*.cab=01;31:*.wim=01;31:*.swm=01;31:*.dwm=01;31:*.esd=01;31:*.jpg=01;35:*.jpeg=01;35:*.mjpg=01;35:*.mjpeg=01;35:*.gif=01;35:*.bmp=01;35:*.pbm=01;35:*.pgm=01;35:*.ppm=01;35:*.tga=01;35:*.xbm=01;35:*.xpm=01;35:*.tif=01;35:*.tiff=01;35:*.png=01;35:*.svg=01;35:*.svgz=01;35:*.mng=01;35:*.pcx=01;35:*.mov=01;35:*.mpg=01;35:*.mpeg=01;35:*.m2v=01;35:*.mkv=01;35:*.webm=01;35:*.webp=01;35:*.ogm=01;35:*.mp4=01;35:*.m4v=01;35:*.mp4v=01;35:*.vob=01;35:*.qt=01;35:*.nuv=01;35:*.wmv=01;35:*.asf=01;35:*.rm=01;35:*.rmvb=01;35:*.flc=01;35:*.avi=01;35:*.fli=01;35:*.flv=01;35:*.gl=01;35:*.dl=01;35:*.xcf=01;35:*.xwd=01;35:*.yuv=01;35:*.cgm=01;35:*.emf=01;35:*.ogv=01;35:*.ogx=01;35:*.aac=00;36:*.au=00;36:*.flac=00;36:*.m4a=00;36:*.mid=00;36:*.midi=00;36:*.mka=00;36:*.mp3=00;36:*.mpc=00;36:*.ogg=00;36:*.ra=00;36:*.wav=00;36:*.oga=00;36:*.opus=00;36:*.spx=00;36:*.xspf=00;36:'), ('SSH_AGENT_LAUNCHER', 'gnome-keyring'), ('SSH_AUTH_SOCK', '/run/user/1000/keyring/ssh'), ('AMENT_PREFIX_PATH', '/home/tknika/gral-iiriondo-main/unitree_ws/install/speech_to_goal_interfaces:/home/tknika/gral-iiriondo-main/unitree_ws/install/standing_mode:/home/tknika/gral-iiriondo-main/unitree_ws/install/speech_to_goal:/home/tknika/gral-iiriondo-main/unitree_ws/install/object_recognition:/home/tknika/gral-iiriondo-main/unitree_ws/install/object_recognition_interfaces:/home/tknika/gral-iiriondo-main/unitree_ws/install/mapping_configuration:/home/tknika/gral-iiriondo-main/unitree_ws/install/go1_description:/home/tknika/gral-iiriondo-main/unitree_ws/install/asr:/home/tknika/gral-iiriondo-main/unitree_ws/install/aruco_detector:/home/tknika/gral-iiriondo-main/unitree_ws/install/aruco_markers_msgs:/opt/ros/humble'), ('SHELL', '/bin/bash'), ('TERMINATOR_UUID', 'urn:uuid:6783764e-82b3-4e19-a535-1afecb743d9d'), ('QT_ACCESSIBILITY', '1'), ('GDMSESSION', 'ubuntu'), ('LESSCLOSE', '/usr/bin/lesspipe %s %s'), ('GPG_AGENT_INFO', '/run/user/1000/gnupg/S.gpg-agent:0:1'), ('GJS_DEBUG_OUTPUT', 'stderr'), ('VIRTUAL_ENV', '/home/bee/gral-iiriondo/unitree_ws/environments/unitree_env'), ('QT_IM_MODULE', 'ibus'), ('PWD', '/home/tknika/gral-iiriondo-main/unitree_ws/build/object_recognition_interfaces'), ('XDG_CONFIG_DIRS', '/etc/xdg/xdg-ubuntu:/etc/xdg'), ('XDG_DATA_DIRS', '/usr/share/ubuntu:/usr/share/gnome:/usr/local/share/:/usr/share/:/var/lib/snapd/desktop'), ('PYTHONPATH', '/home/tknika/gral-iiriondo-main/unitree_ws/build/standing_mode:/home/tknika/gral-iiriondo-main/unitree_ws/install/standing_mode/lib/python3.10/site-packages:/home/tknika/gral-iiriondo-main/unitree_ws/build/speech_to_goal:/home/tknika/gral-iiriondo-main/unitree_ws/install/speech_to_goal/lib/python3.10/site-packages:/home/tknika/gral-iiriondo-main/unitree_ws/install/speech_to_goal_interfaces/local/lib/python3.10/dist-packages:/home/tknika/gral-iiriondo-main/unitree_ws/build/object_recognition:/home/tknika/gral-iiriondo-main/unitree_ws/install/object_recognition/lib/python3.10/site-packages:/home/tknika/gral-iiriondo-main/unitree_ws/install/object_recognition_interfaces/local/lib/python3.10/dist-packages:/home/tknika/gral-iiriondo-main/unitree_ws/build/mapping_configuration:/home/tknika/gral-iiriondo-main/unitree_ws/install/mapping_configuration/lib/python3.10/site-packages:/home/tknika/gral-iiriondo-main/unitree_ws/build/go1_description:/home/tknika/gral-iiriondo-main/unitree_ws/install/go1_description/lib/python3.10/site-packages:/home/tknika/gral-iiriondo-main/unitree_ws/build/asr:/home/tknika/gral-iiriondo-main/unitree_ws/install/asr/lib/python3.10/site-packages:/home/tknika/gral-iiriondo-main/unitree_ws/build/aruco_detector:/home/tknika/gral-iiriondo-main/unitree_ws/install/aruco_detector/lib/python3.10/site-packages:/home/tknika/gral-iiriondo-main/unitree_ws/install/aruco_markers_msgs/local/lib/python3.10/dist-packages:/home/tknika/gral-iiriondo-main/unitree_ws/src/unitree_legged_sdk/lib/python/arm64:/home/tknika/gral-iiriondo-main/unitree_ws/src/unitree_legged_sdk/lib/python/arm64:/home/tknika/gral-iiriondo-main/unitree_ws/src/unitree_legged_sdk/lib/python/arm64:/opt/ros/humble/lib/python3.10/site-packages:/opt/ros/humble/local/lib/python3.10/dist-packages'), ('COLCON', '1'), ('VTE_VERSION', '6800'), ('CMAKE_PREFIX_PATH', '/home/tknika/gral-iiriondo-main/unitree_ws/install/speech_to_goal_interfaces:/home/tknika/gral-iiriondo-main/unitree_ws/install/object_recognition_interfaces:/home/tknika/gral-iiriondo-main/unitree_ws/install/aruco_markers_msgs:/home/tknika/gral-iiriondo-main/unitree_ws/install/standing_mode:/home/tknika/gral-iiriondo-main/unitree_ws/install/speech_to_goal:/home/tknika/gral-iiriondo-main/unitree_ws/install/object_recognition:/home/tknika/gral-iiriondo-main/unitree_ws/install/mapping_configuration:/home/tknika/gral-iiriondo-main/unitree_ws/install/go1_description:/home/tknika/gral-iiriondo-main/unitree_ws/install/asr:/home/tknika/gral-iiriondo-main/unitree_ws/install/aruco_detector:/opt/ros/humble')]), 'shell': False}
[0.079244] (aruco_markers_msgs) JobProgress: {'identifier': 'aruco_markers_msgs', 'progress': 'cmake'}
[0.080316] (aruco_markers_msgs) Command: {'cmd': ['/usr/bin/cmake', '/home/tknika/gral-iiriondo-main/unitree_ws/src/aruco_markers_msgs', '-DAMENT_CMAKE_SYMLINK_INSTALL=1', '-DCMAKE_INSTALL_PREFIX=/home/tknika/gral-iiriondo-main/unitree_ws/install/aruco_markers_msgs'], 'cwd': '/home/tknika/gral-iiriondo-main/unitree_ws/build/aruco_markers_msgs', 'env': OrderedDict([('GJS_DEBUG_TOPICS', 'JS ERROR;JS LOG'), ('LESSOPEN', '| /usr/bin/lesspipe %s'), ('USER', 'tknika'), ('OLLAMA_LLM_LIBRARY', 'cuda'), ('ROS_PACKAGE_PATH', '/home/tknika/gral-iiriondo-main/unitree_ws/install/speech_to_goal_interfaces/share'), ('XDG_SESSION_TYPE', 'x11'), ('SHLVL', '1'), ('LD_LIBRARY_PATH', '/home/tknika/gral-iiriondo-main/unitree_ws/install/speech_to_goal_interfaces/lib:/home/tknika/gral-iiriondo-main/unitree_ws/install/object_recognition_interfaces/lib:/home/tknika/gral-iiriondo-main/unitree_ws/install/aruco_markers_msgs/lib:/usr/lib/aarch64-linux-gnu/nvidia:/usr/local/cuda/lib64:/opt/ros/humble/opt/rviz_ogre_vendor/lib:/opt/ros/humble/lib/aarch64-linux-gnu:/opt/ros/humble/lib:/usr/local/cuda-12.6/lib64:/usr/lib/aarch64-linux-gnu/nvid'), ('HOME', '/home/tknika'), ('OLDPWD', '/home/tknika/gral-iiriondo-main'), ('DESKTOP_SESSION', 'ubuntu'), ('GIO_LAUNCHED_DESKTOP_FILE', '/usr/share/applications/terminator.desktop'), ('ROS_PYTHON_VERSION', '3'), ('GNOME_SHELL_SESSION_MODE', 'ubuntu'), ('GTK_MODULES', 'gail:atk-bridge'), ('PS1', '\\[\\e]0;\\u@\\h: \\w\\a\\]${debian_chroot:+($debian_chroot)}\\[\\033[01;32m\\]\\u@\\h\\[\\033[00m\\]:\\[\\033[01;34m\\]\\w\\[\\033[00m\\]\\$'), ('MANAGERPID', '2504'), ('SYSTEMD_EXEC_PID', '2680'), ('DBUS_SESSION_BUS_ADDRESS', 'unix:path=/run/user/1000/bus'), ('COLORTERM', 'truecolor'), ('TERMINATOR_DBUS_NAME', 'net.tenshu.Terminator23558193cd9818af7fe4d2c2f5bd9d00f'), ('GIO_LAUNCHED_DESKTOP_FILE_PID', '4209'), ('IM_CONFIG_PHASE', '1'), ('COLCON_PREFIX_PATH', '/home/tknika/gral-iiriondo-main/unitree_ws/install'), ('CUDA_VISIBLE_DEVICES', '0'), ('ROS_DISTRO', 'humble'), ('GTK_IM_MODULE', 'ibus'), ('LOGNAME', 'tknika'), ('JOURNAL_STREAM', '8:50749'), ('_', '/usr/bin/colcon'), ('ROS_VERSION', '2'), ('PKG_CONFIG_PATH', '/home/tknika/gral-iiriondo-main/unitree_ws/install/speech_to_goal_interfaces/lib/aarch64-linux-gnu/pkgconfig:/home/tknika/gral-iiriondo-main/unitree_ws/install/speech_to_goal_interfaces/lib/pkgconfig'), ('XDG_SESSION_CLASS', 'user'), ('USERNAME', 'tknika'), ('TERM', 'xterm-256color'), ('GNOME_DESKTOP_SESSION_ID', 'this-is-deprecated'), ('ROS_LOCALHOST_ONLY', '0'), ('WINDOWPATH', '2'), ('PATH', '/usr/local/cuda-12.6/bin:/usr/local/cuda-12.6/bin:/home/bee/gral-iiriondo/unitree_ws/environments/unitree_env/bin:/opt/ros/humble/bin:/usr/local/cuda-12.6/bin:/home/tknika/.cargo/bin:/home/tknika/.local/bin:/usr/local/sbin:/usr/local/bin:/usr/sbin:/usr/bin:/sbin:/bin:/usr/games:/usr/local/games:/snap/bin:/snap/bin'), ('SESSION_MANAGER', 'local/ubuntu:@/tmp/.ICE-unix/2653,unix/ubuntu:/tmp/.ICE-unix/2653'), ('INVOCATION_ID', '23499d00eeb9404d9453ff310186aa72'), ('XDG_MENU_PREFIX', 'gnome-'), ('XDG_RUNTIME_DIR', '/run/user/1000'), ('DISPLAY', ':1'), ('TERMINATOR_DBUS_PATH', '/net/tenshu/Terminator2'), ('LANG', 'en_US.UTF-8'), ('XDG_CURRENT_DESKTOP', 'ubuntu:GNOME'), ('IBUS_DISABLE_SNOOPER', '1'), ('VIRTUAL_ENV_PROMPT', '(unitree_env)'), ('XMODIFIERS', '@im=ibus'), ('XDG_SESSION_DESKTOP', 'ubuntu'), ('XAUTHORITY', '/run/user/1000/gdm/Xauthority'), ('LS_COLORS', 'rs=0:di=01;34:ln=01;36:mh=00:pi=40;33:so=01;35:do=01;35:bd=40;33;01:cd=40;33;01:or=40;31;01:mi=00:su=37;41:sg=30;43:ca=30;41:tw=30;42:ow=34;42:st=37;44:ex=01;32:*.tar=01;31:*.tgz=01;31:*.arc=01;31:*.arj=01;31:*.taz=01;31:*.lha=01;31:*.lz4=01;31:*.lzh=01;31:*.lzma=01;31:*.tlz=01;31:*.txz=01;31:*.tzo=01;31:*.t7z=01;31:*.zip=01;31:*.z=01;31:*.dz=01;31:*.gz=01;31:*.lrz=01;31:*.lz=01;31:*.lzo=01;31:*.xz=01;31:*.zst=01;31:*.tzst=01;31:*.bz2=01;31:*.bz=01;31:*.tbz=01;31:*.tbz2=01;31:*.tz=01;31:*.deb=01;31:*.rpm=01;31:*.jar=01;31:*.war=01;31:*.ear=01;31:*.sar=01;31:*.rar=01;31:*.alz=01;31:*.ace=01;31:*.zoo=01;31:*.cpio=01;31:*.7z=01;31:*.rz=01;31:*.cab=01;31:*.wim=01;31:*.swm=01;31:*.dwm=01;31:*.esd=01;31:*.jpg=01;35:*.jpeg=01;35:*.mjpg=01;35:*.mjpeg=01;35:*.gif=01;35:*.bmp=01;35:*.pbm=01;35:*.pgm=01;35:*.ppm=01;35:*.tga=01;35:*.xbm=01;35:*.xpm=01;35:*.tif=01;35:*.tiff=01;35:*.png=01;35:*.svg=01;35:*.svgz=01;35:*.mng=01;35:*.pcx=01;35:*.mov=01;35:*.mpg=01;35:*.mpeg=01;35:*.m2v=01;35:*.mkv=01;35:*.webm=01;35:*.webp=01;35:*.ogm=01;35:*.mp4=01;35:*.m4v=01;35:*.mp4v=01;35:*.vob=01;35:*.qt=01;35:*.nuv=01;35:*.wmv=01;35:*.asf=01;35:*.rm=01;35:*.rmvb=01;35:*.flc=01;35:*.avi=01;35:*.fli=01;35:*.flv=01;35:*.gl=01;35:*.dl=01;35:*.xcf=01;35:*.xwd=01;35:*.yuv=01;35:*.cgm=01;35:*.emf=01;35:*.ogv=01;35:*.ogx=01;35:*.aac=00;36:*.au=00;36:*.flac=00;36:*.m4a=00;36:*.mid=00;36:*.midi=00;36:*.mka=00;36:*.mp3=00;36:*.mpc=00;36:*.ogg=00;36:*.ra=00;36:*.wav=00;36:*.oga=00;36:*.opus=00;36:*.spx=00;36:*.xspf=00;36:'), ('SSH_AGENT_LAUNCHER', 'gnome-keyring'), ('SSH_AUTH_SOCK', '/run/user/1000/keyring/ssh'), ('AMENT_PREFIX_PATH', '/home/tknika/gral-iiriondo-main/unitree_ws/install/speech_to_goal_interfaces:/home/tknika/gral-iiriondo-main/unitree_ws/install/standing_mode:/home/tknika/gral-iiriondo-main/unitree_ws/install/speech_to_goal:/home/tknika/gral-iiriondo-main/unitree_ws/install/object_recognition:/home/tknika/gral-iiriondo-main/unitree_ws/install/object_recognition_interfaces:/home/tknika/gral-iiriondo-main/unitree_ws/install/mapping_configuration:/home/tknika/gral-iiriondo-main/unitree_ws/install/go1_description:/home/tknika/gral-iiriondo-main/unitree_ws/install/asr:/home/tknika/gral-iiriondo-main/unitree_ws/install/aruco_detector:/home/tknika/gral-iiriondo-main/unitree_ws/install/aruco_markers_msgs:/opt/ros/humble'), ('SHELL', '/bin/bash'), ('TERMINATOR_UUID', 'urn:uuid:6783764e-82b3-4e19-a535-1afecb743d9d'), ('QT_ACCESSIBILITY', '1'), ('GDMSESSION', 'ubuntu'), ('LESSCLOSE', '/usr/bin/lesspipe %s %s'), ('GPG_AGENT_INFO', '/run/user/1000/gnupg/S.gpg-agent:0:1'), ('GJS_DEBUG_OUTPUT', 'stderr'), ('VIRTUAL_ENV', '/home/bee/gral-iiriondo/unitree_ws/environments/unitree_env'), ('QT_IM_MODULE', 'ibus'), ('PWD', '/home/tknika/gral-iiriondo-main/unitree_ws/build/aruco_markers_msgs'), ('XDG_CONFIG_DIRS', '/etc/xdg/xdg-ubuntu:/etc/xdg'), ('XDG_DATA_DIRS', '/usr/share/ubuntu:/usr/share/gnome:/usr/local/share/:/usr/share/:/var/lib/snapd/desktop'), ('PYTHONPATH', '/home/tknika/gral-iiriondo-main/unitree_ws/build/standing_mode:/home/tknika/gral-iiriondo-main/unitree_ws/install/standing_mode/lib/python3.10/site-packages:/home/tknika/gral-iiriondo-main/unitree_ws/build/speech_to_goal:/home/tknika/gral-iiriondo-main/unitree_ws/install/speech_to_goal/lib/python3.10/site-packages:/home/tknika/gral-iiriondo-main/unitree_ws/install/speech_to_goal_interfaces/local/lib/python3.10/dist-packages:/home/tknika/gral-iiriondo-main/unitree_ws/build/object_recognition:/home/tknika/gral-iiriondo-main/unitree_ws/install/object_recognition/lib/python3.10/site-packages:/home/tknika/gral-iiriondo-main/unitree_ws/install/object_recognition_interfaces/local/lib/python3.10/dist-packages:/home/tknika/gral-iiriondo-main/unitree_ws/build/mapping_configuration:/home/tknika/gral-iiriondo-main/unitree_ws/install/mapping_configuration/lib/python3.10/site-packages:/home/tknika/gral-iiriondo-main/unitree_ws/build/go1_description:/home/tknika/gral-iiriondo-main/unitree_ws/install/go1_description/lib/python3.10/site-packages:/home/tknika/gral-iiriondo-main/unitree_ws/build/asr:/home/tknika/gral-iiriondo-main/unitree_ws/install/asr/lib/python3.10/site-packages:/home/tknika/gral-iiriondo-main/unitree_ws/build/aruco_detector:/home/tknika/gral-iiriondo-main/unitree_ws/install/aruco_detector/lib/python3.10/site-packages:/home/tknika/gral-iiriondo-main/unitree_ws/install/aruco_markers_msgs/local/lib/python3.10/dist-packages:/home/tknika/gral-iiriondo-main/unitree_ws/src/unitree_legged_sdk/lib/python/arm64:/home/tknika/gral-iiriondo-main/unitree_ws/src/unitree_legged_sdk/lib/python/arm64:/home/tknika/gral-iiriondo-main/unitree_ws/src/unitree_legged_sdk/lib/python/arm64:/opt/ros/humble/lib/python3.10/site-packages:/opt/ros/humble/local/lib/python3.10/dist-packages'), ('COLCON', '1'), ('VTE_VERSION', '6800'), ('CMAKE_PREFIX_PATH', '/home/tknika/gral-iiriondo-main/unitree_ws/install/speech_to_goal_interfaces:/home/tknika/gral-iiriondo-main/unitree_ws/install/object_recognition_interfaces:/home/tknika/gral-iiriondo-main/unitree_ws/install/aruco_markers_msgs:/home/tknika/gral-iiriondo-main/unitree_ws/install/standing_mode:/home/tknika/gral-iiriondo-main/unitree_ws/install/speech_to_goal:/home/tknika/gral-iiriondo-main/unitree_ws/install/object_recognition:/home/tknika/gral-iiriondo-main/unitree_ws/install/mapping_configuration:/home/tknika/gral-iiriondo-main/unitree_ws/install/go1_description:/home/tknika/gral-iiriondo-main/unitree_ws/install/asr:/home/tknika/gral-iiriondo-main/unitree_ws/install/aruco_detector:/opt/ros/humble')]), 'shell': False}
[0.084145] (speech_to_goal_interfaces) JobProgress: {'identifier': 'speech_to_goal_interfaces', 'progress': 'cmake'}
[0.085161] (speech_to_goal_interfaces) Command: {'cmd': ['/usr/bin/cmake', '/home/tknika/gral-iiriondo-main/unitree_ws/src/speech_to_goal_interfaces', '-DAMENT_CMAKE_SYMLINK_INSTALL=1', '-DCMAKE_INSTALL_PREFIX=/home/tknika/gral-iiriondo-main/unitree_ws/install/speech_to_goal_interfaces'], 'cwd': '/home/tknika/gral-iiriondo-main/unitree_ws/build/speech_to_goal_interfaces', 'env': OrderedDict([('GJS_DEBUG_TOPICS', 'JS ERROR;JS LOG'), ('LESSOPEN', '| /usr/bin/lesspipe %s'), ('USER', 'tknika'), ('OLLAMA_LLM_LIBRARY', 'cuda'), ('ROS_PACKAGE_PATH', '/home/tknika/gral-iiriondo-main/unitree_ws/install/speech_to_goal_interfaces/share'), ('XDG_SESSION_TYPE', 'x11'), ('SHLVL', '1'), ('LD_LIBRARY_PATH', '/home/tknika/gral-iiriondo-main/unitree_ws/install/speech_to_goal_interfaces/lib:/home/tknika/gral-iiriondo-main/unitree_ws/install/object_recognition_interfaces/lib:/home/tknika/gral-iiriondo-main/unitree_ws/install/aruco_markers_msgs/lib:/usr/lib/aarch64-linux-gnu/nvidia:/usr/local/cuda/lib64:/opt/ros/humble/opt/rviz_ogre_vendor/lib:/opt/ros/humble/lib/aarch64-linux-gnu:/opt/ros/humble/lib:/usr/local/cuda-12.6/lib64:/usr/lib/aarch64-linux-gnu/nvid'), ('HOME', '/home/tknika'), ('OLDPWD', '/home/tknika/gral-iiriondo-main'), ('DESKTOP_SESSION', 'ubuntu'), ('GIO_LAUNCHED_DESKTOP_FILE', '/usr/share/applications/terminator.desktop'), ('ROS_PYTHON_VERSION', '3'), ('GNOME_SHELL_SESSION_MODE', 'ubuntu'), ('GTK_MODULES', 'gail:atk-bridge'), ('PS1', '\\[\\e]0;\\u@\\h: \\w\\a\\]${debian_chroot:+($debian_chroot)}\\[\\033[01;32m\\]\\u@\\h\\[\\033[00m\\]:\\[\\033[01;34m\\]\\w\\[\\033[00m\\]\\$'), ('MANAGERPID', '2504'), ('SYSTEMD_EXEC_PID', '2680'), ('DBUS_SESSION_BUS_ADDRESS', 'unix:path=/run/user/1000/bus'), ('COLORTERM', 'truecolor'), ('TERMINATOR_DBUS_NAME', 'net.tenshu.Terminator23558193cd9818af7fe4d2c2f5bd9d00f'), ('GIO_LAUNCHED_DESKTOP_FILE_PID', '4209'), ('IM_CONFIG_PHASE', '1'), ('COLCON_PREFIX_PATH', '/home/tknika/gral-iiriondo-main/unitree_ws/install'), ('CUDA_VISIBLE_DEVICES', '0'), ('ROS_DISTRO', 'humble'), ('GTK_IM_MODULE', 'ibus'), ('LOGNAME', 'tknika'), ('JOURNAL_STREAM', '8:50749'), ('_', '/usr/bin/colcon'), ('ROS_VERSION', '2'), ('PKG_CONFIG_PATH', '/home/tknika/gral-iiriondo-main/unitree_ws/install/speech_to_goal_interfaces/lib/aarch64-linux-gnu/pkgconfig:/home/tknika/gral-iiriondo-main/unitree_ws/install/speech_to_goal_interfaces/lib/pkgconfig'), ('XDG_SESSION_CLASS', 'user'), ('USERNAME', 'tknika'), ('TERM', 'xterm-256color'), ('GNOME_DESKTOP_SESSION_ID', 'this-is-deprecated'), ('ROS_LOCALHOST_ONLY', '0'), ('WINDOWPATH', '2'), ('PATH', '/usr/local/cuda-12.6/bin:/usr/local/cuda-12.6/bin:/home/bee/gral-iiriondo/unitree_ws/environments/unitree_env/bin:/opt/ros/humble/bin:/usr/local/cuda-12.6/bin:/home/tknika/.cargo/bin:/home/tknika/.local/bin:/usr/local/sbin:/usr/local/bin:/usr/sbin:/usr/bin:/sbin:/bin:/usr/games:/usr/local/games:/snap/bin:/snap/bin'), ('SESSION_MANAGER', 'local/ubuntu:@/tmp/.ICE-unix/2653,unix/ubuntu:/tmp/.ICE-unix/2653'), ('INVOCATION_ID', '23499d00eeb9404d9453ff310186aa72'), ('XDG_MENU_PREFIX', 'gnome-'), ('XDG_RUNTIME_DIR', '/run/user/1000'), ('DISPLAY', ':1'), ('TERMINATOR_DBUS_PATH', '/net/tenshu/Terminator2'), ('LANG', 'en_US.UTF-8'), ('XDG_CURRENT_DESKTOP', 'ubuntu:GNOME'), ('IBUS_DISABLE_SNOOPER', '1'), ('VIRTUAL_ENV_PROMPT', '(unitree_env)'), ('XMODIFIERS', '@im=ibus'), ('XDG_SESSION_DESKTOP', 'ubuntu'), ('XAUTHORITY', '/run/user/1000/gdm/Xauthority'), ('LS_COLORS', 'rs=0:di=01;34:ln=01;36:mh=00:pi=40;33:so=01;35:do=01;35:bd=40;33;01:cd=40;33;01:or=40;31;01:mi=00:su=37;41:sg=30;43:ca=30;41:tw=30;42:ow=34;42:st=37;44:ex=01;32:*.tar=01;31:*.tgz=01;31:*.arc=01;31:*.arj=01;31:*.taz=01;31:*.lha=01;31:*.lz4=01;31:*.lzh=01;31:*.lzma=01;31:*.tlz=01;31:*.txz=01;31:*.tzo=01;31:*.t7z=01;31:*.zip=01;31:*.z=01;31:*.dz=01;31:*.gz=01;31:*.lrz=01;31:*.lz=01;31:*.lzo=01;31:*.xz=01;31:*.zst=01;31:*.tzst=01;31:*.bz2=01;31:*.bz=01;31:*.tbz=01;31:*.tbz2=01;31:*.tz=01;31:*.deb=01;31:*.rpm=01;31:*.jar=01;31:*.war=01;31:*.ear=01;31:*.sar=01;31:*.rar=01;31:*.alz=01;31:*.ace=01;31:*.zoo=01;31:*.cpio=01;31:*.7z=01;31:*.rz=01;31:*.cab=01;31:*.wim=01;31:*.swm=01;31:*.dwm=01;31:*.esd=01;31:*.jpg=01;35:*.jpeg=01;35:*.mjpg=01;35:*.mjpeg=01;35:*.gif=01;35:*.bmp=01;35:*.pbm=01;35:*.pgm=01;35:*.ppm=01;35:*.tga=01;35:*.xbm=01;35:*.xpm=01;35:*.tif=01;35:*.tiff=01;35:*.png=01;35:*.svg=01;35:*.svgz=01;35:*.mng=01;35:*.pcx=01;35:*.mov=01;35:*.mpg=01;35:*.mpeg=01;35:*.m2v=01;35:*.mkv=01;35:*.webm=01;35:*.webp=01;35:*.ogm=01;35:*.mp4=01;35:*.m4v=01;35:*.mp4v=01;35:*.vob=01;35:*.qt=01;35:*.nuv=01;35:*.wmv=01;35:*.asf=01;35:*.rm=01;35:*.rmvb=01;35:*.flc=01;35:*.avi=01;35:*.fli=01;35:*.flv=01;35:*.gl=01;35:*.dl=01;35:*.xcf=01;35:*.xwd=01;35:*.yuv=01;35:*.cgm=01;35:*.emf=01;35:*.ogv=01;35:*.ogx=01;35:*.aac=00;36:*.au=00;36:*.flac=00;36:*.m4a=00;36:*.mid=00;36:*.midi=00;36:*.mka=00;36:*.mp3=00;36:*.mpc=00;36:*.ogg=00;36:*.ra=00;36:*.wav=00;36:*.oga=00;36:*.opus=00;36:*.spx=00;36:*.xspf=00;36:'), ('SSH_AGENT_LAUNCHER', 'gnome-keyring'), ('SSH_AUTH_SOCK', '/run/user/1000/keyring/ssh'), ('AMENT_PREFIX_PATH', '/home/tknika/gral-iiriondo-main/unitree_ws/install/speech_to_goal_interfaces:/home/tknika/gral-iiriondo-main/unitree_ws/install/standing_mode:/home/tknika/gral-iiriondo-main/unitree_ws/install/speech_to_goal:/home/tknika/gral-iiriondo-main/unitree_ws/install/object_recognition:/home/tknika/gral-iiriondo-main/unitree_ws/install/object_recognition_interfaces:/home/tknika/gral-iiriondo-main/unitree_ws/install/mapping_configuration:/home/tknika/gral-iiriondo-main/unitree_ws/install/go1_description:/home/tknika/gral-iiriondo-main/unitree_ws/install/asr:/home/tknika/gral-iiriondo-main/unitree_ws/install/aruco_detector:/home/tknika/gral-iiriondo-main/unitree_ws/install/aruco_markers_msgs:/opt/ros/humble'), ('SHELL', '/bin/bash'), ('TERMINATOR_UUID', 'urn:uuid:6783764e-82b3-4e19-a535-1afecb743d9d'), ('QT_ACCESSIBILITY', '1'), ('GDMSESSION', 'ubuntu'), ('LESSCLOSE', '/usr/bin/lesspipe %s %s'), ('GPG_AGENT_INFO', '/run/user/1000/gnupg/S.gpg-agent:0:1'), ('GJS_DEBUG_OUTPUT', 'stderr'), ('VIRTUAL_ENV', '/home/bee/gral-iiriondo/unitree_ws/environments/unitree_env'), ('QT_IM_MODULE', 'ibus'), ('PWD', '/home/tknika/gral-iiriondo-main/unitree_ws/build/speech_to_goal_interfaces'), ('XDG_CONFIG_DIRS', '/etc/xdg/xdg-ubuntu:/etc/xdg'), ('XDG_DATA_DIRS', '/usr/share/ubuntu:/usr/share/gnome:/usr/local/share/:/usr/share/:/var/lib/snapd/desktop'), ('PYTHONPATH', '/home/tknika/gral-iiriondo-main/unitree_ws/build/standing_mode:/home/tknika/gral-iiriondo-main/unitree_ws/install/standing_mode/lib/python3.10/site-packages:/home/tknika/gral-iiriondo-main/unitree_ws/build/speech_to_goal:/home/tknika/gral-iiriondo-main/unitree_ws/install/speech_to_goal/lib/python3.10/site-packages:/home/tknika/gral-iiriondo-main/unitree_ws/install/speech_to_goal_interfaces/local/lib/python3.10/dist-packages:/home/tknika/gral-iiriondo-main/unitree_ws/build/object_recognition:/home/tknika/gral-iiriondo-main/unitree_ws/install/object_recognition/lib/python3.10/site-packages:/home/tknika/gral-iiriondo-main/unitree_ws/install/object_recognition_interfaces/local/lib/python3.10/dist-packages:/home/tknika/gral-iiriondo-main/unitree_ws/build/mapping_configuration:/home/tknika/gral-iiriondo-main/unitree_ws/install/mapping_configuration/lib/python3.10/site-packages:/home/tknika/gral-iiriondo-main/unitree_ws/build/go1_description:/home/tknika/gral-iiriondo-main/unitree_ws/install/go1_description/lib/python3.10/site-packages:/home/tknika/gral-iiriondo-main/unitree_ws/build/asr:/home/tknika/gral-iiriondo-main/unitree_ws/install/asr/lib/python3.10/site-packages:/home/tknika/gral-iiriondo-main/unitree_ws/build/aruco_detector:/home/tknika/gral-iiriondo-main/unitree_ws/install/aruco_detector/lib/python3.10/site-packages:/home/tknika/gral-iiriondo-main/unitree_ws/install/aruco_markers_msgs/local/lib/python3.10/dist-packages:/home/tknika/gral-iiriondo-main/unitree_ws/src/unitree_legged_sdk/lib/python/arm64:/home/tknika/gral-iiriondo-main/unitree_ws/src/unitree_legged_sdk/lib/python/arm64:/home/tknika/gral-iiriondo-main/unitree_ws/src/unitree_legged_sdk/lib/python/arm64:/opt/ros/humble/lib/python3.10/site-packages:/opt/ros/humble/local/lib/python3.10/dist-packages'), ('COLCON', '1'), ('VTE_VERSION', '6800'), ('CMAKE_PREFIX_PATH', '/home/tknika/gral-iiriondo-main/unitree_ws/install/speech_to_goal_interfaces:/home/tknika/gral-iiriondo-main/unitree_ws/install/object_recognition_interfaces:/home/tknika/gral-iiriondo-main/unitree_ws/install/aruco_markers_msgs:/home/tknika/gral-iiriondo-main/unitree_ws/install/standing_mode:/home/tknika/gral-iiriondo-main/unitree_ws/install/speech_to_goal:/home/tknika/gral-iiriondo-main/unitree_ws/install/object_recognition:/home/tknika/gral-iiriondo-main/unitree_ws/install/mapping_configuration:/home/tknika/gral-iiriondo-main/unitree_ws/install/go1_description:/home/tknika/gral-iiriondo-main/unitree_ws/install/asr:/home/tknika/gral-iiriondo-main/unitree_ws/install/aruco_detector:/opt/ros/humble')]), 'shell': False}
[0.099348] (-) TimerEvent: {}
[0.200029] (-) TimerEvent: {}
[0.300766] (-) TimerEvent: {}
[0.401431] (-) TimerEvent: {}
[0.502103] (-) TimerEvent: {}
[0.602780] (-) TimerEvent: {}
[0.703414] (-) TimerEvent: {}
[0.804097] (-) TimerEvent: {}
[0.905357] (-) TimerEvent: {}
[1.006067] (-) TimerEvent: {}
[1.106738] (-) TimerEvent: {}
[1.207425] (-) TimerEvent: {}
[1.308099] (-) TimerEvent: {}
[1.408963] (-) TimerEvent: {}
[1.509677] (-) TimerEvent: {}
[1.610463] (-) TimerEvent: {}
[1.711125] (-) TimerEvent: {}
[1.811832] (-) TimerEvent: {}
[1.912499] (-) TimerEvent: {}
[2.013160] (-) TimerEvent: {}
[2.113827] (-) TimerEvent: {}
[2.214562] (-) TimerEvent: {}
[2.315642] (-) TimerEvent: {}
[2.416351] (-) TimerEvent: {}
[2.517043] (-) TimerEvent: {}
[2.617704] (-) TimerEvent: {}
[2.718384] (-) TimerEvent: {}
[2.819402] (-) TimerEvent: {}
[2.920092] (-) TimerEvent: {}
[3.020768] (-) TimerEvent: {}
[3.121439] (-) TimerEvent: {}
[3.222096] (-) TimerEvent: {}
[3.322744] (-) TimerEvent: {}
[3.423433] (-) TimerEvent: {}
[3.514283] (object_recognition_interfaces) StdoutLine: {'line': b'-- The C compiler identification is GNU 11.4.0\n'}
[3.515686] (object_recognition_interfaces) StdoutLine: {'line': b'-- The CXX compiler identification is GNU 11.4.0\n'}
[3.516570] (object_recognition_interfaces) StdoutLine: {'line': b'-- Detecting C compiler ABI info\n'}
[3.516886] (object_recognition_interfaces) StdoutLine: {'line': b'-- Detecting C compiler ABI info - done\n'}
[3.517269] (object_recognition_interfaces) StdoutLine: {'line': b'-- Check for working C compiler: /usr/bin/cc - skipped\n'}
[3.518341] (object_recognition_interfaces) StdoutLine: {'line': b'-- Detecting C compile features\n'}
[3.518515] (object_recognition_interfaces) StdoutLine: {'line': b'-- Detecting C compile features - done\n'}
[3.518656] (object_recognition_interfaces) StdoutLine: {'line': b'-- Detecting CXX compiler ABI info\n'}
[3.518787] (object_recognition_interfaces) StdoutLine: {'line': b'-- Detecting CXX compiler ABI info - done\n'}
[3.518913] (object_recognition_interfaces) StdoutLine: {'line': b'-- Check for working CXX compiler: /usr/bin/c++ - skipped\n'}
[3.519036] (object_recognition_interfaces) StdoutLine: {'line': b'-- Detecting CXX compile features\n'}
[3.519158] (object_recognition_interfaces) StdoutLine: {'line': b'-- Detecting CXX compile features - done\n'}
[3.519278] (object_recognition_interfaces) StdoutLine: {'line': b'-- Found ament_cmake: 1.3.14 (/opt/ros/humble/share/ament_cmake/cmake)\n'}
[3.519401] (object_recognition_interfaces) StdoutLine: {'line': b'-- Found Python3: /usr/bin/python3 (found version "3.10.12") found components: Interpreter \n'}
[3.519526] (object_recognition_interfaces) StdoutLine: {'line': b'-- Override CMake install command with custom implementation using symlinks instead of copying resources\n'}
[3.519647] (object_recognition_interfaces) StdoutLine: {'line': b'-- Found rosidl_default_generators: 1.2.1 (/opt/ros/humble/share/rosidl_default_generators/cmake)\n'}
[3.519770] (object_recognition_interfaces) StdoutLine: {'line': b'-- Using all available rosidl_typesupport_c: rosidl_typesupport_fastrtps_c;rosidl_typesupport_introspection_c\n'}
[3.519893] (object_recognition_interfaces) StdoutLine: {'line': b'-- Found rosidl_adapter: 3.1.8 (/opt/ros/humble/share/rosidl_adapter/cmake)\n'}
[3.520053] (object_recognition_interfaces) StdoutLine: {'line': b'-- Using all available rosidl_typesupport_cpp: rosidl_typesupport_fastrtps_cpp;rosidl_typesupport_introspection_cpp\n'}
[3.520184] (object_recognition_interfaces) StdoutLine: {'line': b'-- Found ament_cmake_ros: 0.10.0 (/opt/ros/humble/share/ament_cmake_ros/cmake)\n'}
[3.520310] (aruco_markers_msgs) StdoutLine: {'line': b'-- The C compiler identification is GNU 11.4.0\n'}
[3.520542] (aruco_markers_msgs) StdoutLine: {'line': b'-- The CXX compiler identification is GNU 11.4.0\n'}
[3.520677] (aruco_markers_msgs) StdoutLine: {'line': b'-- Detecting C compiler ABI info\n'}
[3.520802] (aruco_markers_msgs) StdoutLine: {'line': b'-- Detecting C compiler ABI info - done\n'}
[3.520924] (aruco_markers_msgs) StdoutLine: {'line': b'-- Check for working C compiler: /usr/bin/cc - skipped\n'}
[3.521044] (aruco_markers_msgs) StdoutLine: {'line': b'-- Detecting C compile features\n'}
[3.521165] (aruco_markers_msgs) StdoutLine: {'line': b'-- Detecting C compile features - done\n'}
[3.521436] (aruco_markers_msgs) StdoutLine: {'line': b'-- Detecting CXX compiler ABI info\n'}
[3.521596] (aruco_markers_msgs) StdoutLine: {'line': b'-- Detecting CXX compiler ABI info - done\n'}
[3.521794] (aruco_markers_msgs) StdoutLine: {'line': b'-- Check for working CXX compiler: /usr/bin/c++ - skipped\n'}
[3.521953] (aruco_markers_msgs) StdoutLine: {'line': b'-- Detecting CXX compile features\n'}
[3.522283] (aruco_markers_msgs) StdoutLine: {'line': b'-- Detecting CXX compile features - done\n'}
[3.522437] (aruco_markers_msgs) StdoutLine: {'line': b'-- Found ament_cmake: 1.3.14 (/opt/ros/humble/share/ament_cmake/cmake)\n'}
[3.522575] (aruco_markers_msgs) StdoutLine: {'line': b'-- Found Python3: /usr/bin/python3 (found version "3.10.12") found components: Interpreter \n'}
[3.522704] (aruco_markers_msgs) StdoutLine: {'line': b'-- Override CMake install command with custom implementation using symlinks instead of copying resources\n'}
[3.522829] (aruco_markers_msgs) StdoutLine: {'line': b'-- Found std_msgs: 4.9.1 (/opt/ros/humble/share/std_msgs/cmake)\n'}
[3.522955] (aruco_markers_msgs) StdoutLine: {'line': b'-- Found rosidl_generator_c: 3.1.8 (/opt/ros/humble/share/rosidl_generator_c/cmake)\n'}
[3.523076] (aruco_markers_msgs) StdoutLine: {'line': b'-- Found rosidl_adapter: 3.1.8 (/opt/ros/humble/share/rosidl_adapter/cmake)\n'}
[3.523195] (aruco_markers_msgs) StdoutLine: {'line': b'-- Found rosidl_generator_cpp: 3.1.8 (/opt/ros/humble/share/rosidl_generator_cpp/cmake)\n'}
[3.523318] (aruco_markers_msgs) StdoutLine: {'line': b'-- Using all available rosidl_typesupport_c: rosidl_typesupport_fastrtps_c;rosidl_typesupport_introspection_c\n'}
[3.523441] (-) TimerEvent: {}
[3.523771] (aruco_markers_msgs) StdoutLine: {'line': b'-- Using all available rosidl_typesupport_cpp: rosidl_typesupport_fastrtps_cpp;rosidl_typesupport_introspection_cpp\n'}
[3.523933] (aruco_markers_msgs) StdoutLine: {'line': b'-- Found geometry_msgs: 4.9.1 (/opt/ros/humble/share/geometry_msgs/cmake)\n'}
[3.524067] (aruco_markers_msgs) StdoutLine: {'line': b'-- Found rosidl_default_generators: 1.2.1 (/opt/ros/humble/share/rosidl_default_generators/cmake)\n'}
[3.524196] (aruco_markers_msgs) StdoutLine: {'line': b'-- Found ament_cmake_ros: 0.10.0 (/opt/ros/humble/share/ament_cmake_ros/cmake)\n'}
[3.524327] (speech_to_goal_interfaces) StdoutLine: {'line': b'-- The C compiler identification is GNU 11.4.0\n'}
[3.524578] (speech_to_goal_interfaces) StdoutLine: {'line': b'-- The CXX compiler identification is GNU 11.4.0\n'}
[3.524720] (speech_to_goal_interfaces) StdoutLine: {'line': b'-- Detecting C compiler ABI info\n'}
[3.524849] (speech_to_goal_interfaces) StdoutLine: {'line': b'-- Detecting C compiler ABI info - done\n'}
[3.524979] (speech_to_goal_interfaces) StdoutLine: {'line': b'-- Check for working C compiler: /usr/bin/cc - skipped\n'}
[3.525107] (speech_to_goal_interfaces) StdoutLine: {'line': b'-- Detecting C compile features\n'}
[3.525231] (speech_to_goal_interfaces) StdoutLine: {'line': b'-- Detecting C compile features - done\n'}
[3.525406] (speech_to_goal_interfaces) StdoutLine: {'line': b'-- Detecting CXX compiler ABI info\n'}
[3.525534] (speech_to_goal_interfaces) StdoutLine: {'line': b'-- Detecting CXX compiler ABI info - done\n'}
[3.525658] (speech_to_goal_interfaces) StdoutLine: {'line': b'-- Check for working CXX compiler: /usr/bin/c++ - skipped\n'}
[3.525783] (speech_to_goal_interfaces) StdoutLine: {'line': b'-- Detecting CXX compile features\n'}
[3.525905] (speech_to_goal_interfaces) StdoutLine: {'line': b'-- Detecting CXX compile features - done\n'}
[3.526026] (speech_to_goal_interfaces) StdoutLine: {'line': b'-- Found ament_cmake: 1.3.14 (/opt/ros/humble/share/ament_cmake/cmake)\n'}
[3.526149] (speech_to_goal_interfaces) StdoutLine: {'line': b'-- Found Python3: /usr/bin/python3 (found version "3.10.12") found components: Interpreter \n'}
[3.526273] (speech_to_goal_interfaces) StdoutLine: {'line': b'-- Override CMake install command with custom implementation using symlinks instead of copying resources\n'}
[3.526397] (speech_to_goal_interfaces) StdoutLine: {'line': b'-- Found rosidl_default_generators: 1.2.1 (/opt/ros/humble/share/rosidl_default_generators/cmake)\n'}
[3.526522] (speech_to_goal_interfaces) StdoutLine: {'line': b'-- Using all available rosidl_typesupport_c: rosidl_typesupport_fastrtps_c;rosidl_typesupport_introspection_c\n'}
[3.526641] (speech_to_goal_interfaces) StdoutLine: {'line': b'-- Found rosidl_adapter: 3.1.8 (/opt/ros/humble/share/rosidl_adapter/cmake)\n'}
[3.526762] (speech_to_goal_interfaces) StdoutLine: {'line': b'-- Using all available rosidl_typesupport_cpp: rosidl_typesupport_fastrtps_cpp;rosidl_typesupport_introspection_cpp\n'}
[3.526884] (speech_to_goal_interfaces) StdoutLine: {'line': b'-- Found ament_cmake_ros: 0.10.0 (/opt/ros/humble/share/ament_cmake_ros/cmake)\n'}
[3.623624] (-) TimerEvent: {}
[3.627809] (object_recognition_interfaces) StdoutLine: {'line': b'-- Using all available rosidl_typesupport_c: rosidl_typesupport_fastrtps_c;rosidl_typesupport_introspection_c\n'}
[3.639724] (speech_to_goal_interfaces) StdoutLine: {'line': b'-- Using all available rosidl_typesupport_c: rosidl_typesupport_fastrtps_c;rosidl_typesupport_introspection_c\n'}
[3.723773] (-) TimerEvent: {}
[3.824453] (-) TimerEvent: {}
[3.925105] (-) TimerEvent: {}
[4.025754] (-) TimerEvent: {}
[4.126434] (-) TimerEvent: {}
[4.156168] (object_recognition_interfaces) StdoutLine: {'line': b'-- Using all available rosidl_typesupport_cpp: rosidl_typesupport_fastrtps_cpp;rosidl_typesupport_introspection_cpp\n'}
[4.183753] (speech_to_goal_interfaces) StdoutLine: {'line': b'-- Using all available rosidl_typesupport_cpp: rosidl_typesupport_fastrtps_cpp;rosidl_typesupport_introspection_cpp\n'}
[4.209801] (object_recognition_interfaces) StdoutLine: {'line': b'-- Found PythonInterp: /usr/bin/python3 (found suitable version "3.10.12", minimum required is "3.6") \n'}
[4.218508] (object_recognition_interfaces) StdoutLine: {'line': b'-- Found python_cmake_module: 0.10.0 (/opt/ros/humble/share/python_cmake_module/cmake)\n'}
[4.226585] (-) TimerEvent: {}
[4.240548] (speech_to_goal_interfaces) StdoutLine: {'line': b'-- Found PythonInterp: /usr/bin/python3 (found suitable version "3.10.12", minimum required is "3.6") \n'}
[4.241356] (aruco_markers_msgs) StdoutLine: {'line': b'-- Using all available rosidl_typesupport_c: rosidl_typesupport_fastrtps_c;rosidl_typesupport_introspection_c\n'}
[4.243748] (speech_to_goal_interfaces) StdoutLine: {'line': b'-- Found python_cmake_module: 0.10.0 (/opt/ros/humble/share/python_cmake_module/cmake)\n'}
[4.283970] (object_recognition_interfaces) StdoutLine: {'line': b'-- Found PythonLibs: /usr/lib/aarch64-linux-gnu/libpython3.10.so (found suitable version "3.10.12", minimum required is "3.5") \n'}
[4.284713] (object_recognition_interfaces) StdoutLine: {'line': b'-- Using PYTHON_EXECUTABLE: /usr/bin/python3\n'}
[4.285014] (object_recognition_interfaces) StdoutLine: {'line': b'-- Using PYTHON_INCLUDE_DIRS: /usr/include/python3.10\n'}
[4.285234] (object_recognition_interfaces) StdoutLine: {'line': b'-- Using PYTHON_LIBRARIES: /usr/lib/aarch64-linux-gnu/libpython3.10.so\n'}
[4.301732] (speech_to_goal_interfaces) StdoutLine: {'line': b'-- Found PythonLibs: /usr/lib/aarch64-linux-gnu/libpython3.10.so (found suitable version "3.10.12", minimum required is "3.5") \n'}
[4.303370] (speech_to_goal_interfaces) StdoutLine: {'line': b'-- Using PYTHON_EXECUTABLE: /usr/bin/python3\n'}
[4.303758] (speech_to_goal_interfaces) StdoutLine: {'line': b'-- Using PYTHON_INCLUDE_DIRS: /usr/include/python3.10\n'}
[4.303915] (speech_to_goal_interfaces) StdoutLine: {'line': b'-- Using PYTHON_LIBRARIES: /usr/lib/aarch64-linux-gnu/libpython3.10.so\n'}
[4.326721] (-) TimerEvent: {}
[4.339264] (object_recognition_interfaces) StdoutLine: {'line': b'-- Found PythonExtra: .so  \n'}
[4.355931] (speech_to_goal_interfaces) StdoutLine: {'line': b'-- Found PythonExtra: .so  \n'}
[4.426923] (-) TimerEvent: {}
[4.528544] (-) TimerEvent: {}
[4.577086] (object_recognition_interfaces) StdoutLine: {'line': b'-- Found ament_lint_auto: 0.12.15 (/opt/ros/humble/share/ament_lint_auto/cmake)\n'}
[4.608673] (aruco_markers_msgs) StdoutLine: {'line': b'-- Using all available rosidl_typesupport_cpp: rosidl_typesupport_fastrtps_cpp;rosidl_typesupport_introspection_cpp\n'}
[4.612299] (speech_to_goal_interfaces) StdoutLine: {'line': b'-- Configuring done\n'}
[4.616383] (object_recognition_interfaces) StdoutLine: {'line': b"-- Added test 'lint_cmake' to check CMake code style\n"}
[4.618850] (object_recognition_interfaces) StdoutLine: {'line': b"-- Added test 'xmllint' to check XML markup files\n"}
[4.627241] (object_recognition_interfaces) StdoutLine: {'line': b'-- Configuring done\n'}
[4.628720] (-) TimerEvent: {}
[4.663538] (aruco_markers_msgs) StdoutLine: {'line': b'-- Found PythonInterp: /usr/bin/python3 (found suitable version "3.10.12", minimum required is "3.6") \n'}
[4.667165] (aruco_markers_msgs) StdoutLine: {'line': b'-- Found python_cmake_module: 0.10.0 (/opt/ros/humble/share/python_cmake_module/cmake)\n'}
[4.718586] (speech_to_goal_interfaces) StdoutLine: {'line': b'-- Generating done\n'}
[4.728092] (object_recognition_interfaces) StdoutLine: {'line': b'-- Generating done\n'}
[4.728810] (-) TimerEvent: {}
[4.734857] (aruco_markers_msgs) StdoutLine: {'line': b'-- Found PythonLibs: /usr/lib/aarch64-linux-gnu/libpython3.10.so (found suitable version "3.10.12", minimum required is "3.5") \n'}
[4.735397] (aruco_markers_msgs) StdoutLine: {'line': b'-- Using PYTHON_EXECUTABLE: /usr/bin/python3\n'}
[4.735587] (aruco_markers_msgs) StdoutLine: {'line': b'-- Using PYTHON_INCLUDE_DIRS: /usr/include/python3.10\n'}
[4.735742] (aruco_markers_msgs) StdoutLine: {'line': b'-- Using PYTHON_LIBRARIES: /usr/lib/aarch64-linux-gnu/libpython3.10.so\n'}
[4.741782] (speech_to_goal_interfaces) StdoutLine: {'line': b'-- Build files have been written to: /home/tknika/gral-iiriondo-main/unitree_ws/build/speech_to_goal_interfaces\n'}
[4.774512] (object_recognition_interfaces) StdoutLine: {'line': b'-- Build files have been written to: /home/tknika/gral-iiriondo-main/unitree_ws/build/object_recognition_interfaces\n'}
[4.778566] (speech_to_goal_interfaces) CommandEnded: {'returncode': 0}
[4.779599] (speech_to_goal_interfaces) JobProgress: {'identifier': 'speech_to_goal_interfaces', 'progress': 'build'}
[4.779670] (speech_to_goal_interfaces) Command: {'cmd': ['/usr/bin/cmake', '--build', '/home/tknika/gral-iiriondo-main/unitree_ws/build/speech_to_goal_interfaces', '--', '-j8', '-l8'], 'cwd': '/home/tknika/gral-iiriondo-main/unitree_ws/build/speech_to_goal_interfaces', 'env': OrderedDict([('GJS_DEBUG_TOPICS', 'JS ERROR;JS LOG'), ('LESSOPEN', '| /usr/bin/lesspipe %s'), ('USER', 'tknika'), ('OLLAMA_LLM_LIBRARY', 'cuda'), ('ROS_PACKAGE_PATH', '/home/tknika/gral-iiriondo-main/unitree_ws/install/speech_to_goal_interfaces/share'), ('XDG_SESSION_TYPE', 'x11'), ('SHLVL', '1'), ('LD_LIBRARY_PATH', '/home/tknika/gral-iiriondo-main/unitree_ws/install/speech_to_goal_interfaces/lib:/home/tknika/gral-iiriondo-main/unitree_ws/install/object_recognition_interfaces/lib:/home/tknika/gral-iiriondo-main/unitree_ws/install/aruco_markers_msgs/lib:/usr/lib/aarch64-linux-gnu/nvidia:/usr/local/cuda/lib64:/opt/ros/humble/opt/rviz_ogre_vendor/lib:/opt/ros/humble/lib/aarch64-linux-gnu:/opt/ros/humble/lib:/usr/local/cuda-12.6/lib64:/usr/lib/aarch64-linux-gnu/nvid'), ('HOME', '/home/tknika'), ('OLDPWD', '/home/tknika/gral-iiriondo-main'), ('DESKTOP_SESSION', 'ubuntu'), ('GIO_LAUNCHED_DESKTOP_FILE', '/usr/share/applications/terminator.desktop'), ('ROS_PYTHON_VERSION', '3'), ('GNOME_SHELL_SESSION_MODE', 'ubuntu'), ('GTK_MODULES', 'gail:atk-bridge'), ('PS1', '\\[\\e]0;\\u@\\h: \\w\\a\\]${debian_chroot:+($debian_chroot)}\\[\\033[01;32m\\]\\u@\\h\\[\\033[00m\\]:\\[\\033[01;34m\\]\\w\\[\\033[00m\\]\\$'), ('MANAGERPID', '2504'), ('SYSTEMD_EXEC_PID', '2680'), ('DBUS_SESSION_BUS_ADDRESS', 'unix:path=/run/user/1000/bus'), ('COLORTERM', 'truecolor'), ('TERMINATOR_DBUS_NAME', 'net.tenshu.Terminator23558193cd9818af7fe4d2c2f5bd9d00f'), ('GIO_LAUNCHED_DESKTOP_FILE_PID', '4209'), ('IM_CONFIG_PHASE', '1'), ('COLCON_PREFIX_PATH', '/home/tknika/gral-iiriondo-main/unitree_ws/install'), ('CUDA_VISIBLE_DEVICES', '0'), ('ROS_DISTRO', 'humble'), ('GTK_IM_MODULE', 'ibus'), ('LOGNAME', 'tknika'), ('JOURNAL_STREAM', '8:50749'), ('_', '/usr/bin/colcon'), ('ROS_VERSION', '2'), ('PKG_CONFIG_PATH', '/home/tknika/gral-iiriondo-main/unitree_ws/install/speech_to_goal_interfaces/lib/aarch64-linux-gnu/pkgconfig:/home/tknika/gral-iiriondo-main/unitree_ws/install/speech_to_goal_interfaces/lib/pkgconfig'), ('XDG_SESSION_CLASS', 'user'), ('USERNAME', 'tknika'), ('TERM', 'xterm-256color'), ('GNOME_DESKTOP_SESSION_ID', 'this-is-deprecated'), ('ROS_LOCALHOST_ONLY', '0'), ('WINDOWPATH', '2'), ('PATH', '/usr/local/cuda-12.6/bin:/usr/local/cuda-12.6/bin:/home/bee/gral-iiriondo/unitree_ws/environments/unitree_env/bin:/opt/ros/humble/bin:/usr/local/cuda-12.6/bin:/home/tknika/.cargo/bin:/home/tknika/.local/bin:/usr/local/sbin:/usr/local/bin:/usr/sbin:/usr/bin:/sbin:/bin:/usr/games:/usr/local/games:/snap/bin:/snap/bin'), ('SESSION_MANAGER', 'local/ubuntu:@/tmp/.ICE-unix/2653,unix/ubuntu:/tmp/.ICE-unix/2653'), ('INVOCATION_ID', '23499d00eeb9404d9453ff310186aa72'), ('XDG_MENU_PREFIX', 'gnome-'), ('XDG_RUNTIME_DIR', '/run/user/1000'), ('DISPLAY', ':1'), ('TERMINATOR_DBUS_PATH', '/net/tenshu/Terminator2'), ('LANG', 'en_US.UTF-8'), ('XDG_CURRENT_DESKTOP', 'ubuntu:GNOME'), ('IBUS_DISABLE_SNOOPER', '1'), ('VIRTUAL_ENV_PROMPT', '(unitree_env)'), ('XMODIFIERS', '@im=ibus'), ('XDG_SESSION_DESKTOP', 'ubuntu'), ('XAUTHORITY', '/run/user/1000/gdm/Xauthority'), ('LS_COLORS', 'rs=0:di=01;34:ln=01;36:mh=00:pi=40;33:so=01;35:do=01;35:bd=40;33;01:cd=40;33;01:or=40;31;01:mi=00:su=37;41:sg=30;43:ca=30;41:tw=30;42:ow=34;42:st=37;44:ex=01;32:*.tar=01;31:*.tgz=01;31:*.arc=01;31:*.arj=01;31:*.taz=01;31:*.lha=01;31:*.lz4=01;31:*.lzh=01;31:*.lzma=01;31:*.tlz=01;31:*.txz=01;31:*.tzo=01;31:*.t7z=01;31:*.zip=01;31:*.z=01;31:*.dz=01;31:*.gz=01;31:*.lrz=01;31:*.lz=01;31:*.lzo=01;31:*.xz=01;31:*.zst=01;31:*.tzst=01;31:*.bz2=01;31:*.bz=01;31:*.tbz=01;31:*.tbz2=01;31:*.tz=01;31:*.deb=01;31:*.rpm=01;31:*.jar=01;31:*.war=01;31:*.ear=01;31:*.sar=01;31:*.rar=01;31:*.alz=01;31:*.ace=01;31:*.zoo=01;31:*.cpio=01;31:*.7z=01;31:*.rz=01;31:*.cab=01;31:*.wim=01;31:*.swm=01;31:*.dwm=01;31:*.esd=01;31:*.jpg=01;35:*.jpeg=01;35:*.mjpg=01;35:*.mjpeg=01;35:*.gif=01;35:*.bmp=01;35:*.pbm=01;35:*.pgm=01;35:*.ppm=01;35:*.tga=01;35:*.xbm=01;35:*.xpm=01;35:*.tif=01;35:*.tiff=01;35:*.png=01;35:*.svg=01;35:*.svgz=01;35:*.mng=01;35:*.pcx=01;35:*.mov=01;35:*.mpg=01;35:*.mpeg=01;35:*.m2v=01;35:*.mkv=01;35:*.webm=01;35:*.webp=01;35:*.ogm=01;35:*.mp4=01;35:*.m4v=01;35:*.mp4v=01;35:*.vob=01;35:*.qt=01;35:*.nuv=01;35:*.wmv=01;35:*.asf=01;35:*.rm=01;35:*.rmvb=01;35:*.flc=01;35:*.avi=01;35:*.fli=01;35:*.flv=01;35:*.gl=01;35:*.dl=01;35:*.xcf=01;35:*.xwd=01;35:*.yuv=01;35:*.cgm=01;35:*.emf=01;35:*.ogv=01;35:*.ogx=01;35:*.aac=00;36:*.au=00;36:*.flac=00;36:*.m4a=00;36:*.mid=00;36:*.midi=00;36:*.mka=00;36:*.mp3=00;36:*.mpc=00;36:*.ogg=00;36:*.ra=00;36:*.wav=00;36:*.oga=00;36:*.opus=00;36:*.spx=00;36:*.xspf=00;36:'), ('SSH_AGENT_LAUNCHER', 'gnome-keyring'), ('SSH_AUTH_SOCK', '/run/user/1000/keyring/ssh'), ('AMENT_PREFIX_PATH', '/home/tknika/gral-iiriondo-main/unitree_ws/install/speech_to_goal_interfaces:/home/tknika/gral-iiriondo-main/unitree_ws/install/standing_mode:/home/tknika/gral-iiriondo-main/unitree_ws/install/speech_to_goal:/home/tknika/gral-iiriondo-main/unitree_ws/install/object_recognition:/home/tknika/gral-iiriondo-main/unitree_ws/install/object_recognition_interfaces:/home/tknika/gral-iiriondo-main/unitree_ws/install/mapping_configuration:/home/tknika/gral-iiriondo-main/unitree_ws/install/go1_description:/home/tknika/gral-iiriondo-main/unitree_ws/install/asr:/home/tknika/gral-iiriondo-main/unitree_ws/install/aruco_detector:/home/tknika/gral-iiriondo-main/unitree_ws/install/aruco_markers_msgs:/opt/ros/humble'), ('SHELL', '/bin/bash'), ('TERMINATOR_UUID', 'urn:uuid:6783764e-82b3-4e19-a535-1afecb743d9d'), ('QT_ACCESSIBILITY', '1'), ('GDMSESSION', 'ubuntu'), ('LESSCLOSE', '/usr/bin/lesspipe %s %s'), ('GPG_AGENT_INFO', '/run/user/1000/gnupg/S.gpg-agent:0:1'), ('GJS_DEBUG_OUTPUT', 'stderr'), ('VIRTUAL_ENV', '/home/bee/gral-iiriondo/unitree_ws/environments/unitree_env'), ('QT_IM_MODULE', 'ibus'), ('PWD', '/home/tknika/gral-iiriondo-main/unitree_ws/build/speech_to_goal_interfaces'), ('XDG_CONFIG_DIRS', '/etc/xdg/xdg-ubuntu:/etc/xdg'), ('XDG_DATA_DIRS', '/usr/share/ubuntu:/usr/share/gnome:/usr/local/share/:/usr/share/:/var/lib/snapd/desktop'), ('PYTHONPATH', '/home/tknika/gral-iiriondo-main/unitree_ws/build/standing_mode:/home/tknika/gral-iiriondo-main/unitree_ws/install/standing_mode/lib/python3.10/site-packages:/home/tknika/gral-iiriondo-main/unitree_ws/build/speech_to_goal:/home/tknika/gral-iiriondo-main/unitree_ws/install/speech_to_goal/lib/python3.10/site-packages:/home/tknika/gral-iiriondo-main/unitree_ws/install/speech_to_goal_interfaces/local/lib/python3.10/dist-packages:/home/tknika/gral-iiriondo-main/unitree_ws/build/object_recognition:/home/tknika/gral-iiriondo-main/unitree_ws/install/object_recognition/lib/python3.10/site-packages:/home/tknika/gral-iiriondo-main/unitree_ws/install/object_recognition_interfaces/local/lib/python3.10/dist-packages:/home/tknika/gral-iiriondo-main/unitree_ws/build/mapping_configuration:/home/tknika/gral-iiriondo-main/unitree_ws/install/mapping_configuration/lib/python3.10/site-packages:/home/tknika/gral-iiriondo-main/unitree_ws/build/go1_description:/home/tknika/gral-iiriondo-main/unitree_ws/install/go1_description/lib/python3.10/site-packages:/home/tknika/gral-iiriondo-main/unitree_ws/build/asr:/home/tknika/gral-iiriondo-main/unitree_ws/install/asr/lib/python3.10/site-packages:/home/tknika/gral-iiriondo-main/unitree_ws/build/aruco_detector:/home/tknika/gral-iiriondo-main/unitree_ws/install/aruco_detector/lib/python3.10/site-packages:/home/tknika/gral-iiriondo-main/unitree_ws/install/aruco_markers_msgs/local/lib/python3.10/dist-packages:/home/tknika/gral-iiriondo-main/unitree_ws/src/unitree_legged_sdk/lib/python/arm64:/home/tknika/gral-iiriondo-main/unitree_ws/src/unitree_legged_sdk/lib/python/arm64:/home/tknika/gral-iiriondo-main/unitree_ws/src/unitree_legged_sdk/lib/python/arm64:/opt/ros/humble/lib/python3.10/site-packages:/opt/ros/humble/local/lib/python3.10/dist-packages'), ('COLCON', '1'), ('VTE_VERSION', '6800'), ('CMAKE_PREFIX_PATH', '/home/tknika/gral-iiriondo-main/unitree_ws/install/speech_to_goal_interfaces:/home/tknika/gral-iiriondo-main/unitree_ws/install/object_recognition_interfaces:/home/tknika/gral-iiriondo-main/unitree_ws/install/aruco_markers_msgs:/home/tknika/gral-iiriondo-main/unitree_ws/install/standing_mode:/home/tknika/gral-iiriondo-main/unitree_ws/install/speech_to_goal:/home/tknika/gral-iiriondo-main/unitree_ws/install/object_recognition:/home/tknika/gral-iiriondo-main/unitree_ws/install/mapping_configuration:/home/tknika/gral-iiriondo-main/unitree_ws/install/go1_description:/home/tknika/gral-iiriondo-main/unitree_ws/install/asr:/home/tknika/gral-iiriondo-main/unitree_ws/install/aruco_detector:/opt/ros/humble')]), 'shell': False}
[4.793073] (aruco_markers_msgs) StdoutLine: {'line': b'-- Found PythonExtra: .so  \n'}
[4.808624] (object_recognition_interfaces) CommandEnded: {'returncode': 0}
[4.810122] (object_recognition_interfaces) JobProgress: {'identifier': 'object_recognition_interfaces', 'progress': 'build'}
[4.810192] (object_recognition_interfaces) Command: {'cmd': ['/usr/bin/cmake', '--build', '/home/tknika/gral-iiriondo-main/unitree_ws/build/object_recognition_interfaces', '--', '-j8', '-l8'], 'cwd': '/home/tknika/gral-iiriondo-main/unitree_ws/build/object_recognition_interfaces', 'env': OrderedDict([('GJS_DEBUG_TOPICS', 'JS ERROR;JS LOG'), ('LESSOPEN', '| /usr/bin/lesspipe %s'), ('USER', 'tknika'), ('OLLAMA_LLM_LIBRARY', 'cuda'), ('ROS_PACKAGE_PATH', '/home/tknika/gral-iiriondo-main/unitree_ws/install/speech_to_goal_interfaces/share'), ('XDG_SESSION_TYPE', 'x11'), ('SHLVL', '1'), ('LD_LIBRARY_PATH', '/home/tknika/gral-iiriondo-main/unitree_ws/install/speech_to_goal_interfaces/lib:/home/tknika/gral-iiriondo-main/unitree_ws/install/object_recognition_interfaces/lib:/home/tknika/gral-iiriondo-main/unitree_ws/install/aruco_markers_msgs/lib:/usr/lib/aarch64-linux-gnu/nvidia:/usr/local/cuda/lib64:/opt/ros/humble/opt/rviz_ogre_vendor/lib:/opt/ros/humble/lib/aarch64-linux-gnu:/opt/ros/humble/lib:/usr/local/cuda-12.6/lib64:/usr/lib/aarch64-linux-gnu/nvid'), ('HOME', '/home/tknika'), ('OLDPWD', '/home/tknika/gral-iiriondo-main'), ('DESKTOP_SESSION', 'ubuntu'), ('GIO_LAUNCHED_DESKTOP_FILE', '/usr/share/applications/terminator.desktop'), ('ROS_PYTHON_VERSION', '3'), ('GNOME_SHELL_SESSION_MODE', 'ubuntu'), ('GTK_MODULES', 'gail:atk-bridge'), ('PS1', '\\[\\e]0;\\u@\\h: \\w\\a\\]${debian_chroot:+($debian_chroot)}\\[\\033[01;32m\\]\\u@\\h\\[\\033[00m\\]:\\[\\033[01;34m\\]\\w\\[\\033[00m\\]\\$'), ('MANAGERPID', '2504'), ('SYSTEMD_EXEC_PID', '2680'), ('DBUS_SESSION_BUS_ADDRESS', 'unix:path=/run/user/1000/bus'), ('COLORTERM', 'truecolor'), ('TERMINATOR_DBUS_NAME', 'net.tenshu.Terminator23558193cd9818af7fe4d2c2f5bd9d00f'), ('GIO_LAUNCHED_DESKTOP_FILE_PID', '4209'), ('IM_CONFIG_PHASE', '1'), ('COLCON_PREFIX_PATH', '/home/tknika/gral-iiriondo-main/unitree_ws/install'), ('CUDA_VISIBLE_DEVICES', '0'), ('ROS_DISTRO', 'humble'), ('GTK_IM_MODULE', 'ibus'), ('LOGNAME', 'tknika'), ('JOURNAL_STREAM', '8:50749'), ('_', '/usr/bin/colcon'), ('ROS_VERSION', '2'), ('PKG_CONFIG_PATH', '/home/tknika/gral-iiriondo-main/unitree_ws/install/speech_to_goal_interfaces/lib/aarch64-linux-gnu/pkgconfig:/home/tknika/gral-iiriondo-main/unitree_ws/install/speech_to_goal_interfaces/lib/pkgconfig'), ('XDG_SESSION_CLASS', 'user'), ('USERNAME', 'tknika'), ('TERM', 'xterm-256color'), ('GNOME_DESKTOP_SESSION_ID', 'this-is-deprecated'), ('ROS_LOCALHOST_ONLY', '0'), ('WINDOWPATH', '2'), ('PATH', '/usr/local/cuda-12.6/bin:/usr/local/cuda-12.6/bin:/home/bee/gral-iiriondo/unitree_ws/environments/unitree_env/bin:/opt/ros/humble/bin:/usr/local/cuda-12.6/bin:/home/tknika/.cargo/bin:/home/tknika/.local/bin:/usr/local/sbin:/usr/local/bin:/usr/sbin:/usr/bin:/sbin:/bin:/usr/games:/usr/local/games:/snap/bin:/snap/bin'), ('SESSION_MANAGER', 'local/ubuntu:@/tmp/.ICE-unix/2653,unix/ubuntu:/tmp/.ICE-unix/2653'), ('INVOCATION_ID', '23499d00eeb9404d9453ff310186aa72'), ('XDG_MENU_PREFIX', 'gnome-'), ('XDG_RUNTIME_DIR', '/run/user/1000'), ('DISPLAY', ':1'), ('TERMINATOR_DBUS_PATH', '/net/tenshu/Terminator2'), ('LANG', 'en_US.UTF-8'), ('XDG_CURRENT_DESKTOP', 'ubuntu:GNOME'), ('IBUS_DISABLE_SNOOPER', '1'), ('VIRTUAL_ENV_PROMPT', '(unitree_env)'), ('XMODIFIERS', '@im=ibus'), ('XDG_SESSION_DESKTOP', 'ubuntu'), ('XAUTHORITY', '/run/user/1000/gdm/Xauthority'), ('LS_COLORS', 'rs=0:di=01;34:ln=01;36:mh=00:pi=40;33:so=01;35:do=01;35:bd=40;33;01:cd=40;33;01:or=40;31;01:mi=00:su=37;41:sg=30;43:ca=30;41:tw=30;42:ow=34;42:st=37;44:ex=01;32:*.tar=01;31:*.tgz=01;31:*.arc=01;31:*.arj=01;31:*.taz=01;31:*.lha=01;31:*.lz4=01;31:*.lzh=01;31:*.lzma=01;31:*.tlz=01;31:*.txz=01;31:*.tzo=01;31:*.t7z=01;31:*.zip=01;31:*.z=01;31:*.dz=01;31:*.gz=01;31:*.lrz=01;31:*.lz=01;31:*.lzo=01;31:*.xz=01;31:*.zst=01;31:*.tzst=01;31:*.bz2=01;31:*.bz=01;31:*.tbz=01;31:*.tbz2=01;31:*.tz=01;31:*.deb=01;31:*.rpm=01;31:*.jar=01;31:*.war=01;31:*.ear=01;31:*.sar=01;31:*.rar=01;31:*.alz=01;31:*.ace=01;31:*.zoo=01;31:*.cpio=01;31:*.7z=01;31:*.rz=01;31:*.cab=01;31:*.wim=01;31:*.swm=01;31:*.dwm=01;31:*.esd=01;31:*.jpg=01;35:*.jpeg=01;35:*.mjpg=01;35:*.mjpeg=01;35:*.gif=01;35:*.bmp=01;35:*.pbm=01;35:*.pgm=01;35:*.ppm=01;35:*.tga=01;35:*.xbm=01;35:*.xpm=01;35:*.tif=01;35:*.tiff=01;35:*.png=01;35:*.svg=01;35:*.svgz=01;35:*.mng=01;35:*.pcx=01;35:*.mov=01;35:*.mpg=01;35:*.mpeg=01;35:*.m2v=01;35:*.mkv=01;35:*.webm=01;35:*.webp=01;35:*.ogm=01;35:*.mp4=01;35:*.m4v=01;35:*.mp4v=01;35:*.vob=01;35:*.qt=01;35:*.nuv=01;35:*.wmv=01;35:*.asf=01;35:*.rm=01;35:*.rmvb=01;35:*.flc=01;35:*.avi=01;35:*.fli=01;35:*.flv=01;35:*.gl=01;35:*.dl=01;35:*.xcf=01;35:*.xwd=01;35:*.yuv=01;35:*.cgm=01;35:*.emf=01;35:*.ogv=01;35:*.ogx=01;35:*.aac=00;36:*.au=00;36:*.flac=00;36:*.m4a=00;36:*.mid=00;36:*.midi=00;36:*.mka=00;36:*.mp3=00;36:*.mpc=00;36:*.ogg=00;36:*.ra=00;36:*.wav=00;36:*.oga=00;36:*.opus=00;36:*.spx=00;36:*.xspf=00;36:'), ('SSH_AGENT_LAUNCHER', 'gnome-keyring'), ('SSH_AUTH_SOCK', '/run/user/1000/keyring/ssh'), ('AMENT_PREFIX_PATH', '/home/tknika/gral-iiriondo-main/unitree_ws/install/speech_to_goal_interfaces:/home/tknika/gral-iiriondo-main/unitree_ws/install/standing_mode:/home/tknika/gral-iiriondo-main/unitree_ws/install/speech_to_goal:/home/tknika/gral-iiriondo-main/unitree_ws/install/object_recognition:/home/tknika/gral-iiriondo-main/unitree_ws/install/object_recognition_interfaces:/home/tknika/gral-iiriondo-main/unitree_ws/install/mapping_configuration:/home/tknika/gral-iiriondo-main/unitree_ws/install/go1_description:/home/tknika/gral-iiriondo-main/unitree_ws/install/asr:/home/tknika/gral-iiriondo-main/unitree_ws/install/aruco_detector:/home/tknika/gral-iiriondo-main/unitree_ws/install/aruco_markers_msgs:/opt/ros/humble'), ('SHELL', '/bin/bash'), ('TERMINATOR_UUID', 'urn:uuid:6783764e-82b3-4e19-a535-1afecb743d9d'), ('QT_ACCESSIBILITY', '1'), ('GDMSESSION', 'ubuntu'), ('LESSCLOSE', '/usr/bin/lesspipe %s %s'), ('GPG_AGENT_INFO', '/run/user/1000/gnupg/S.gpg-agent:0:1'), ('GJS_DEBUG_OUTPUT', 'stderr'), ('VIRTUAL_ENV', '/home/bee/gral-iiriondo/unitree_ws/environments/unitree_env'), ('QT_IM_MODULE', 'ibus'), ('PWD', '/home/tknika/gral-iiriondo-main/unitree_ws/build/object_recognition_interfaces'), ('XDG_CONFIG_DIRS', '/etc/xdg/xdg-ubuntu:/etc/xdg'), ('XDG_DATA_DIRS', '/usr/share/ubuntu:/usr/share/gnome:/usr/local/share/:/usr/share/:/var/lib/snapd/desktop'), ('PYTHONPATH', '/home/tknika/gral-iiriondo-main/unitree_ws/build/standing_mode:/home/tknika/gral-iiriondo-main/unitree_ws/install/standing_mode/lib/python3.10/site-packages:/home/tknika/gral-iiriondo-main/unitree_ws/build/speech_to_goal:/home/tknika/gral-iiriondo-main/unitree_ws/install/speech_to_goal/lib/python3.10/site-packages:/home/tknika/gral-iiriondo-main/unitree_ws/install/speech_to_goal_interfaces/local/lib/python3.10/dist-packages:/home/tknika/gral-iiriondo-main/unitree_ws/build/object_recognition:/home/tknika/gral-iiriondo-main/unitree_ws/install/object_recognition/lib/python3.10/site-packages:/home/tknika/gral-iiriondo-main/unitree_ws/install/object_recognition_interfaces/local/lib/python3.10/dist-packages:/home/tknika/gral-iiriondo-main/unitree_ws/build/mapping_configuration:/home/tknika/gral-iiriondo-main/unitree_ws/install/mapping_configuration/lib/python3.10/site-packages:/home/tknika/gral-iiriondo-main/unitree_ws/build/go1_description:/home/tknika/gral-iiriondo-main/unitree_ws/install/go1_description/lib/python3.10/site-packages:/home/tknika/gral-iiriondo-main/unitree_ws/build/asr:/home/tknika/gral-iiriondo-main/unitree_ws/install/asr/lib/python3.10/site-packages:/home/tknika/gral-iiriondo-main/unitree_ws/build/aruco_detector:/home/tknika/gral-iiriondo-main/unitree_ws/install/aruco_detector/lib/python3.10/site-packages:/home/tknika/gral-iiriondo-main/unitree_ws/install/aruco_markers_msgs/local/lib/python3.10/dist-packages:/home/tknika/gral-iiriondo-main/unitree_ws/src/unitree_legged_sdk/lib/python/arm64:/home/tknika/gral-iiriondo-main/unitree_ws/src/unitree_legged_sdk/lib/python/arm64:/home/tknika/gral-iiriondo-main/unitree_ws/src/unitree_legged_sdk/lib/python/arm64:/opt/ros/humble/lib/python3.10/site-packages:/opt/ros/humble/local/lib/python3.10/dist-packages'), ('COLCON', '1'), ('VTE_VERSION', '6800'), ('CMAKE_PREFIX_PATH', '/home/tknika/gral-iiriondo-main/unitree_ws/install/speech_to_goal_interfaces:/home/tknika/gral-iiriondo-main/unitree_ws/install/object_recognition_interfaces:/home/tknika/gral-iiriondo-main/unitree_ws/install/aruco_markers_msgs:/home/tknika/gral-iiriondo-main/unitree_ws/install/standing_mode:/home/tknika/gral-iiriondo-main/unitree_ws/install/speech_to_goal:/home/tknika/gral-iiriondo-main/unitree_ws/install/object_recognition:/home/tknika/gral-iiriondo-main/unitree_ws/install/mapping_configuration:/home/tknika/gral-iiriondo-main/unitree_ws/install/go1_description:/home/tknika/gral-iiriondo-main/unitree_ws/install/asr:/home/tknika/gral-iiriondo-main/unitree_ws/install/aruco_detector:/opt/ros/humble')]), 'shell': False}
[4.828964] (-) TimerEvent: {}
[4.928099] (speech_to_goal_interfaces) StdoutLine: {'line': b'[  2%] \x1b[34m\x1b[1mGenerating Rust code for ROS interfaces\x1b[0m\n'}
[4.937024] (object_recognition_interfaces) StdoutLine: {'line': b'[  2%] \x1b[34m\x1b[1mGenerating C code for ROS interfaces\x1b[0m\n'}
[4.937499] (-) TimerEvent: {}
[4.949878] (speech_to_goal_interfaces) StdoutLine: {'line': b'[  4%] \x1b[34m\x1b[1mGenerating C++ code for ROS interfaces\x1b[0m\n'}
[4.951586] (speech_to_goal_interfaces) StdoutLine: {'line': b'[  6%] \x1b[34m\x1b[1mGenerating C code for ROS interfaces\x1b[0m\n'}
[5.037690] (-) TimerEvent: {}
[5.048816] (object_recognition_interfaces) StdoutLine: {'line': b'[  5%] \x1b[34m\x1b[1mGenerating Rust code for ROS interfaces\x1b[0m\n'}
[5.058970] (object_recognition_interfaces) StdoutLine: {'line': b'[  7%] \x1b[34m\x1b[1mGenerating C++ code for ROS interfaces\x1b[0m\n'}
[5.092093] (speech_to_goal_interfaces) StdoutLine: {'line': b'[  6%] Built target ament_cmake_python_symlink_speech_to_goal_interfaces\n'}
[5.098768] (object_recognition_interfaces) StdoutLine: {'line': b'[  7%] Built target ament_cmake_python_symlink_object_recognition_interfaces\n'}
[5.137864] (-) TimerEvent: {}
[5.239045] (-) TimerEvent: {}
[5.277201] (aruco_markers_msgs) StdoutLine: {'line': b'-- Found ament_lint_auto: 0.12.15 (/opt/ros/humble/share/ament_lint_auto/cmake)\n'}
[5.339227] (-) TimerEvent: {}
[5.419085] (aruco_markers_msgs) StdoutLine: {'line': b"-- Added test 'copyright' to check source files copyright and LICENSE\n"}
[5.423792] (aruco_markers_msgs) StdoutLine: {'line': b"-- Added test 'lint_cmake' to check CMake code style\n"}
[5.427136] (aruco_markers_msgs) StdoutLine: {'line': b"-- Added test 'xmllint' to check XML markup files\n"}
[5.439391] (-) TimerEvent: {}
[5.454296] (aruco_markers_msgs) StdoutLine: {'line': b'-- Configuring done\n'}
[5.539564] (-) TimerEvent: {}
[5.640280] (-) TimerEvent: {}
[5.671807] (aruco_markers_msgs) StdoutLine: {'line': b'-- Generating done\n'}
[5.715474] (aruco_markers_msgs) StdoutLine: {'line': b'-- Build files have been written to: /home/tknika/gral-iiriondo-main/unitree_ws/build/aruco_markers_msgs\n'}
[5.740485] (-) TimerEvent: {}
[5.763184] (aruco_markers_msgs) CommandEnded: {'returncode': 0}
[5.764539] (aruco_markers_msgs) JobProgress: {'identifier': 'aruco_markers_msgs', 'progress': 'build'}
[5.764636] (aruco_markers_msgs) Command: {'cmd': ['/usr/bin/cmake', '--build', '/home/tknika/gral-iiriondo-main/unitree_ws/build/aruco_markers_msgs', '--', '-j8', '-l8'], 'cwd': '/home/tknika/gral-iiriondo-main/unitree_ws/build/aruco_markers_msgs', 'env': OrderedDict([('GJS_DEBUG_TOPICS', 'JS ERROR;JS LOG'), ('LESSOPEN', '| /usr/bin/lesspipe %s'), ('USER', 'tknika'), ('OLLAMA_LLM_LIBRARY', 'cuda'), ('ROS_PACKAGE_PATH', '/home/tknika/gral-iiriondo-main/unitree_ws/install/speech_to_goal_interfaces/share'), ('XDG_SESSION_TYPE', 'x11'), ('SHLVL', '1'), ('LD_LIBRARY_PATH', '/home/tknika/gral-iiriondo-main/unitree_ws/install/speech_to_goal_interfaces/lib:/home/tknika/gral-iiriondo-main/unitree_ws/install/object_recognition_interfaces/lib:/home/tknika/gral-iiriondo-main/unitree_ws/install/aruco_markers_msgs/lib:/usr/lib/aarch64-linux-gnu/nvidia:/usr/local/cuda/lib64:/opt/ros/humble/opt/rviz_ogre_vendor/lib:/opt/ros/humble/lib/aarch64-linux-gnu:/opt/ros/humble/lib:/usr/local/cuda-12.6/lib64:/usr/lib/aarch64-linux-gnu/nvid'), ('HOME', '/home/tknika'), ('OLDPWD', '/home/tknika/gral-iiriondo-main'), ('DESKTOP_SESSION', 'ubuntu'), ('GIO_LAUNCHED_DESKTOP_FILE', '/usr/share/applications/terminator.desktop'), ('ROS_PYTHON_VERSION', '3'), ('GNOME_SHELL_SESSION_MODE', 'ubuntu'), ('GTK_MODULES', 'gail:atk-bridge'), ('PS1', '\\[\\e]0;\\u@\\h: \\w\\a\\]${debian_chroot:+($debian_chroot)}\\[\\033[01;32m\\]\\u@\\h\\[\\033[00m\\]:\\[\\033[01;34m\\]\\w\\[\\033[00m\\]\\$'), ('MANAGERPID', '2504'), ('SYSTEMD_EXEC_PID', '2680'), ('DBUS_SESSION_BUS_ADDRESS', 'unix:path=/run/user/1000/bus'), ('COLORTERM', 'truecolor'), ('TERMINATOR_DBUS_NAME', 'net.tenshu.Terminator23558193cd9818af7fe4d2c2f5bd9d00f'), ('GIO_LAUNCHED_DESKTOP_FILE_PID', '4209'), ('IM_CONFIG_PHASE', '1'), ('COLCON_PREFIX_PATH', '/home/tknika/gral-iiriondo-main/unitree_ws/install'), ('CUDA_VISIBLE_DEVICES', '0'), ('ROS_DISTRO', 'humble'), ('GTK_IM_MODULE', 'ibus'), ('LOGNAME', 'tknika'), ('JOURNAL_STREAM', '8:50749'), ('_', '/usr/bin/colcon'), ('ROS_VERSION', '2'), ('PKG_CONFIG_PATH', '/home/tknika/gral-iiriondo-main/unitree_ws/install/speech_to_goal_interfaces/lib/aarch64-linux-gnu/pkgconfig:/home/tknika/gral-iiriondo-main/unitree_ws/install/speech_to_goal_interfaces/lib/pkgconfig'), ('XDG_SESSION_CLASS', 'user'), ('USERNAME', 'tknika'), ('TERM', 'xterm-256color'), ('GNOME_DESKTOP_SESSION_ID', 'this-is-deprecated'), ('ROS_LOCALHOST_ONLY', '0'), ('WINDOWPATH', '2'), ('PATH', '/usr/local/cuda-12.6/bin:/usr/local/cuda-12.6/bin:/home/bee/gral-iiriondo/unitree_ws/environments/unitree_env/bin:/opt/ros/humble/bin:/usr/local/cuda-12.6/bin:/home/tknika/.cargo/bin:/home/tknika/.local/bin:/usr/local/sbin:/usr/local/bin:/usr/sbin:/usr/bin:/sbin:/bin:/usr/games:/usr/local/games:/snap/bin:/snap/bin'), ('SESSION_MANAGER', 'local/ubuntu:@/tmp/.ICE-unix/2653,unix/ubuntu:/tmp/.ICE-unix/2653'), ('INVOCATION_ID', '23499d00eeb9404d9453ff310186aa72'), ('XDG_MENU_PREFIX', 'gnome-'), ('XDG_RUNTIME_DIR', '/run/user/1000'), ('DISPLAY', ':1'), ('TERMINATOR_DBUS_PATH', '/net/tenshu/Terminator2'), ('LANG', 'en_US.UTF-8'), ('XDG_CURRENT_DESKTOP', 'ubuntu:GNOME'), ('IBUS_DISABLE_SNOOPER', '1'), ('VIRTUAL_ENV_PROMPT', '(unitree_env)'), ('XMODIFIERS', '@im=ibus'), ('XDG_SESSION_DESKTOP', 'ubuntu'), ('XAUTHORITY', '/run/user/1000/gdm/Xauthority'), ('LS_COLORS', 'rs=0:di=01;34:ln=01;36:mh=00:pi=40;33:so=01;35:do=01;35:bd=40;33;01:cd=40;33;01:or=40;31;01:mi=00:su=37;41:sg=30;43:ca=30;41:tw=30;42:ow=34;42:st=37;44:ex=01;32:*.tar=01;31:*.tgz=01;31:*.arc=01;31:*.arj=01;31:*.taz=01;31:*.lha=01;31:*.lz4=01;31:*.lzh=01;31:*.lzma=01;31:*.tlz=01;31:*.txz=01;31:*.tzo=01;31:*.t7z=01;31:*.zip=01;31:*.z=01;31:*.dz=01;31:*.gz=01;31:*.lrz=01;31:*.lz=01;31:*.lzo=01;31:*.xz=01;31:*.zst=01;31:*.tzst=01;31:*.bz2=01;31:*.bz=01;31:*.tbz=01;31:*.tbz2=01;31:*.tz=01;31:*.deb=01;31:*.rpm=01;31:*.jar=01;31:*.war=01;31:*.ear=01;31:*.sar=01;31:*.rar=01;31:*.alz=01;31:*.ace=01;31:*.zoo=01;31:*.cpio=01;31:*.7z=01;31:*.rz=01;31:*.cab=01;31:*.wim=01;31:*.swm=01;31:*.dwm=01;31:*.esd=01;31:*.jpg=01;35:*.jpeg=01;35:*.mjpg=01;35:*.mjpeg=01;35:*.gif=01;35:*.bmp=01;35:*.pbm=01;35:*.pgm=01;35:*.ppm=01;35:*.tga=01;35:*.xbm=01;35:*.xpm=01;35:*.tif=01;35:*.tiff=01;35:*.png=01;35:*.svg=01;35:*.svgz=01;35:*.mng=01;35:*.pcx=01;35:*.mov=01;35:*.mpg=01;35:*.mpeg=01;35:*.m2v=01;35:*.mkv=01;35:*.webm=01;35:*.webp=01;35:*.ogm=01;35:*.mp4=01;35:*.m4v=01;35:*.mp4v=01;35:*.vob=01;35:*.qt=01;35:*.nuv=01;35:*.wmv=01;35:*.asf=01;35:*.rm=01;35:*.rmvb=01;35:*.flc=01;35:*.avi=01;35:*.fli=01;35:*.flv=01;35:*.gl=01;35:*.dl=01;35:*.xcf=01;35:*.xwd=01;35:*.yuv=01;35:*.cgm=01;35:*.emf=01;35:*.ogv=01;35:*.ogx=01;35:*.aac=00;36:*.au=00;36:*.flac=00;36:*.m4a=00;36:*.mid=00;36:*.midi=00;36:*.mka=00;36:*.mp3=00;36:*.mpc=00;36:*.ogg=00;36:*.ra=00;36:*.wav=00;36:*.oga=00;36:*.opus=00;36:*.spx=00;36:*.xspf=00;36:'), ('SSH_AGENT_LAUNCHER', 'gnome-keyring'), ('SSH_AUTH_SOCK', '/run/user/1000/keyring/ssh'), ('AMENT_PREFIX_PATH', '/home/tknika/gral-iiriondo-main/unitree_ws/install/speech_to_goal_interfaces:/home/tknika/gral-iiriondo-main/unitree_ws/install/standing_mode:/home/tknika/gral-iiriondo-main/unitree_ws/install/speech_to_goal:/home/tknika/gral-iiriondo-main/unitree_ws/install/object_recognition:/home/tknika/gral-iiriondo-main/unitree_ws/install/object_recognition_interfaces:/home/tknika/gral-iiriondo-main/unitree_ws/install/mapping_configuration:/home/tknika/gral-iiriondo-main/unitree_ws/install/go1_description:/home/tknika/gral-iiriondo-main/unitree_ws/install/asr:/home/tknika/gral-iiriondo-main/unitree_ws/install/aruco_detector:/home/tknika/gral-iiriondo-main/unitree_ws/install/aruco_markers_msgs:/opt/ros/humble'), ('SHELL', '/bin/bash'), ('TERMINATOR_UUID', 'urn:uuid:6783764e-82b3-4e19-a535-1afecb743d9d'), ('QT_ACCESSIBILITY', '1'), ('GDMSESSION', 'ubuntu'), ('LESSCLOSE', '/usr/bin/lesspipe %s %s'), ('GPG_AGENT_INFO', '/run/user/1000/gnupg/S.gpg-agent:0:1'), ('GJS_DEBUG_OUTPUT', 'stderr'), ('VIRTUAL_ENV', '/home/bee/gral-iiriondo/unitree_ws/environments/unitree_env'), ('QT_IM_MODULE', 'ibus'), ('PWD', '/home/tknika/gral-iiriondo-main/unitree_ws/build/aruco_markers_msgs'), ('XDG_CONFIG_DIRS', '/etc/xdg/xdg-ubuntu:/etc/xdg'), ('XDG_DATA_DIRS', '/usr/share/ubuntu:/usr/share/gnome:/usr/local/share/:/usr/share/:/var/lib/snapd/desktop'), ('PYTHONPATH', '/home/tknika/gral-iiriondo-main/unitree_ws/build/standing_mode:/home/tknika/gral-iiriondo-main/unitree_ws/install/standing_mode/lib/python3.10/site-packages:/home/tknika/gral-iiriondo-main/unitree_ws/build/speech_to_goal:/home/tknika/gral-iiriondo-main/unitree_ws/install/speech_to_goal/lib/python3.10/site-packages:/home/tknika/gral-iiriondo-main/unitree_ws/install/speech_to_goal_interfaces/local/lib/python3.10/dist-packages:/home/tknika/gral-iiriondo-main/unitree_ws/build/object_recognition:/home/tknika/gral-iiriondo-main/unitree_ws/install/object_recognition/lib/python3.10/site-packages:/home/tknika/gral-iiriondo-main/unitree_ws/install/object_recognition_interfaces/local/lib/python3.10/dist-packages:/home/tknika/gral-iiriondo-main/unitree_ws/build/mapping_configuration:/home/tknika/gral-iiriondo-main/unitree_ws/install/mapping_configuration/lib/python3.10/site-packages:/home/tknika/gral-iiriondo-main/unitree_ws/build/go1_description:/home/tknika/gral-iiriondo-main/unitree_ws/install/go1_description/lib/python3.10/site-packages:/home/tknika/gral-iiriondo-main/unitree_ws/build/asr:/home/tknika/gral-iiriondo-main/unitree_ws/install/asr/lib/python3.10/site-packages:/home/tknika/gral-iiriondo-main/unitree_ws/build/aruco_detector:/home/tknika/gral-iiriondo-main/unitree_ws/install/aruco_detector/lib/python3.10/site-packages:/home/tknika/gral-iiriondo-main/unitree_ws/install/aruco_markers_msgs/local/lib/python3.10/dist-packages:/home/tknika/gral-iiriondo-main/unitree_ws/src/unitree_legged_sdk/lib/python/arm64:/home/tknika/gral-iiriondo-main/unitree_ws/src/unitree_legged_sdk/lib/python/arm64:/home/tknika/gral-iiriondo-main/unitree_ws/src/unitree_legged_sdk/lib/python/arm64:/opt/ros/humble/lib/python3.10/site-packages:/opt/ros/humble/local/lib/python3.10/dist-packages'), ('COLCON', '1'), ('VTE_VERSION', '6800'), ('CMAKE_PREFIX_PATH', '/home/tknika/gral-iiriondo-main/unitree_ws/install/speech_to_goal_interfaces:/home/tknika/gral-iiriondo-main/unitree_ws/install/object_recognition_interfaces:/home/tknika/gral-iiriondo-main/unitree_ws/install/aruco_markers_msgs:/home/tknika/gral-iiriondo-main/unitree_ws/install/standing_mode:/home/tknika/gral-iiriondo-main/unitree_ws/install/speech_to_goal:/home/tknika/gral-iiriondo-main/unitree_ws/install/object_recognition:/home/tknika/gral-iiriondo-main/unitree_ws/install/mapping_configuration:/home/tknika/gral-iiriondo-main/unitree_ws/install/go1_description:/home/tknika/gral-iiriondo-main/unitree_ws/install/asr:/home/tknika/gral-iiriondo-main/unitree_ws/install/aruco_detector:/opt/ros/humble')]), 'shell': False}
[5.840607] (-) TimerEvent: {}
[5.941293] (-) TimerEvent: {}
[6.022945] (aruco_markers_msgs) StdoutLine: {'line': b'[  2%] \x1b[34m\x1b[1mGenerating C code for ROS interfaces\x1b[0m\n'}
[6.041448] (-) TimerEvent: {}
[6.086001] (aruco_markers_msgs) StdoutLine: {'line': b'[  5%] \x1b[34m\x1b[1mGenerating Rust code for ROS interfaces\x1b[0m\n'}
[6.141611] (-) TimerEvent: {}
[6.166229] (aruco_markers_msgs) StdoutLine: {'line': b'[  7%] \x1b[34m\x1b[1mGenerating C++ code for ROS interfaces\x1b[0m\n'}
[6.211687] (aruco_markers_msgs) StdoutLine: {'line': b'[  7%] Built target ament_cmake_python_symlink_aruco_markers_msgs\n'}
[6.241779] (-) TimerEvent: {}
[6.342460] (-) TimerEvent: {}
[6.443142] (-) TimerEvent: {}
[6.504099] (object_recognition_interfaces) StdoutLine: {'line': b'running egg_info\n'}
[6.543320] (-) TimerEvent: {}
[6.584274] (object_recognition_interfaces) StdoutLine: {'line': b'creating object_recognition_interfaces.egg-info\n'}
[6.643496] (-) TimerEvent: {}
[6.685972] (object_recognition_interfaces) StdoutLine: {'line': b'writing object_recognition_interfaces.egg-info/PKG-INFO\n'}
[6.686741] (object_recognition_interfaces) StdoutLine: {'line': b'writing dependency_links to object_recognition_interfaces.egg-info/dependency_links.txt\n'}
[6.687344] (object_recognition_interfaces) StdoutLine: {'line': b'writing top-level names to object_recognition_interfaces.egg-info/top_level.txt\n'}
[6.687678] (object_recognition_interfaces) StdoutLine: {'line': b"writing manifest file 'object_recognition_interfaces.egg-info/SOURCES.txt'\n"}
[6.713330] (speech_to_goal_interfaces) StdoutLine: {'line': b'[  6%] Built target speech_to_goal_interfaces__rs\n'}
[6.743656] (-) TimerEvent: {}
[6.844921] (-) TimerEvent: {}
[6.937652] (object_recognition_interfaces) StdoutLine: {'line': b"reading manifest file 'object_recognition_interfaces.egg-info/SOURCES.txt'\n"}
[6.940307] (object_recognition_interfaces) StdoutLine: {'line': b"writing manifest file 'object_recognition_interfaces.egg-info/SOURCES.txt'\n"}
[6.945281] (-) TimerEvent: {}
[7.046412] (-) TimerEvent: {}
[7.147650] (-) TimerEvent: {}
[7.148611] (object_recognition_interfaces) StdoutLine: {'line': b'[  7%] Built target object_recognition_interfaces__rs\n'}
[7.205965] (speech_to_goal_interfaces) StdoutLine: {'line': b'[  6%] Built target speech_to_goal_interfaces__cpp\n'}
[7.247855] (-) TimerEvent: {}
[7.249431] (speech_to_goal_interfaces) StdoutLine: {'line': b'[  8%] \x1b[34m\x1b[1mGenerating C++ introspection for ROS interfaces\x1b[0m\n'}
[7.303583] (speech_to_goal_interfaces) StdoutLine: {'line': b'[ 10%] \x1b[34m\x1b[1mGenerating C++ type support dispatch for ROS interfaces\x1b[0m\n'}
[7.313974] (speech_to_goal_interfaces) StdoutLine: {'line': b'running egg_info\n'}
[7.333128] (object_recognition_interfaces) StdoutLine: {'line': b'[  7%] Built target ament_cmake_python_build_object_recognition_interfaces_egg\n'}
[7.352263] (go1_description) Command: {'cmd': ['/usr/bin/python3', '-W', 'ignore:setup.py install is deprecated', '-W', 'ignore:easy_install command is deprecated', 'setup.py', 'develop', '--editable', '--build-directory', '/home/tknika/gral-iiriondo-main/unitree_ws/build/go1_description/build', '--no-deps', 'symlink_data'], 'cwd': '/home/tknika/gral-iiriondo-main/unitree_ws/build/go1_description', 'env': {'GJS_DEBUG_TOPICS': 'JS ERROR;JS LOG', 'LESSOPEN': '| /usr/bin/lesspipe %s', 'USER': 'tknika', 'OLLAMA_LLM_LIBRARY': 'cuda', 'ROS_PACKAGE_PATH': '/home/tknika/gral-iiriondo-main/unitree_ws/install/speech_to_goal_interfaces/share', 'XDG_SESSION_TYPE': 'x11', 'SHLVL': '1', 'LD_LIBRARY_PATH': '/home/tknika/gral-iiriondo-main/unitree_ws/install/speech_to_goal_interfaces/lib:/home/tknika/gral-iiriondo-main/unitree_ws/install/object_recognition_interfaces/lib:/home/tknika/gral-iiriondo-main/unitree_ws/install/aruco_markers_msgs/lib:/usr/lib/aarch64-linux-gnu/nvidia:/usr/local/cuda/lib64:/opt/ros/humble/opt/rviz_ogre_vendor/lib:/opt/ros/humble/lib/aarch64-linux-gnu:/opt/ros/humble/lib:/usr/local/cuda-12.6/lib64:/usr/lib/aarch64-linux-gnu/nvid', 'HOME': '/home/tknika', 'OLDPWD': '/home/tknika/gral-iiriondo-main', 'DESKTOP_SESSION': 'ubuntu', 'GIO_LAUNCHED_DESKTOP_FILE': '/usr/share/applications/terminator.desktop', 'ROS_PYTHON_VERSION': '3', 'GNOME_SHELL_SESSION_MODE': 'ubuntu', 'GTK_MODULES': 'gail:atk-bridge', 'PS1': '\\[\\e]0;\\u@\\h: \\w\\a\\]${debian_chroot:+($debian_chroot)}\\[\\033[01;32m\\]\\u@\\h\\[\\033[00m\\]:\\[\\033[01;34m\\]\\w\\[\\033[00m\\]\\$', 'MANAGERPID': '2504', 'SYSTEMD_EXEC_PID': '2680', 'DBUS_SESSION_BUS_ADDRESS': 'unix:path=/run/user/1000/bus', 'COLORTERM': 'truecolor', 'TERMINATOR_DBUS_NAME': 'net.tenshu.Terminator23558193cd9818af7fe4d2c2f5bd9d00f', 'GIO_LAUNCHED_DESKTOP_FILE_PID': '4209', 'IM_CONFIG_PHASE': '1', 'COLCON_PREFIX_PATH': '/home/tknika/gral-iiriondo-main/unitree_ws/install', 'CUDA_VISIBLE_DEVICES': '0', 'ROS_DISTRO': 'humble', 'GTK_IM_MODULE': 'ibus', 'LOGNAME': 'tknika', 'JOURNAL_STREAM': '8:50749', '_': '/usr/bin/colcon', 'ROS_VERSION': '2', 'PKG_CONFIG_PATH': '/home/tknika/gral-iiriondo-main/unitree_ws/install/speech_to_goal_interfaces/lib/aarch64-linux-gnu/pkgconfig:/home/tknika/gral-iiriondo-main/unitree_ws/install/speech_to_goal_interfaces/lib/pkgconfig', 'XDG_SESSION_CLASS': 'user', 'USERNAME': 'tknika', 'TERM': 'xterm-256color', 'GNOME_DESKTOP_SESSION_ID': 'this-is-deprecated', 'ROS_LOCALHOST_ONLY': '0', 'WINDOWPATH': '2', 'PATH': '/usr/local/cuda-12.6/bin:/usr/local/cuda-12.6/bin:/home/bee/gral-iiriondo/unitree_ws/environments/unitree_env/bin:/opt/ros/humble/bin:/usr/local/cuda-12.6/bin:/home/tknika/.cargo/bin:/home/tknika/.local/bin:/usr/local/sbin:/usr/local/bin:/usr/sbin:/usr/bin:/sbin:/bin:/usr/games:/usr/local/games:/snap/bin:/snap/bin', 'SESSION_MANAGER': 'local/ubuntu:@/tmp/.ICE-unix/2653,unix/ubuntu:/tmp/.ICE-unix/2653', 'INVOCATION_ID': '23499d00eeb9404d9453ff310186aa72', 'XDG_MENU_PREFIX': 'gnome-', 'XDG_RUNTIME_DIR': '/run/user/1000', 'DISPLAY': ':1', 'TERMINATOR_DBUS_PATH': '/net/tenshu/Terminator2', 'LANG': 'en_US.UTF-8', 'XDG_CURRENT_DESKTOP': 'ubuntu:GNOME', 'IBUS_DISABLE_SNOOPER': '1', 'VIRTUAL_ENV_PROMPT': '(unitree_env)', 'XMODIFIERS': '@im=ibus', 'XDG_SESSION_DESKTOP': 'ubuntu', 'XAUTHORITY': '/run/user/1000/gdm/Xauthority', 'LS_COLORS': 'rs=0:di=01;34:ln=01;36:mh=00:pi=40;33:so=01;35:do=01;35:bd=40;33;01:cd=40;33;01:or=40;31;01:mi=00:su=37;41:sg=30;43:ca=30;41:tw=30;42:ow=34;42:st=37;44:ex=01;32:*.tar=01;31:*.tgz=01;31:*.arc=01;31:*.arj=01;31:*.taz=01;31:*.lha=01;31:*.lz4=01;31:*.lzh=01;31:*.lzma=01;31:*.tlz=01;31:*.txz=01;31:*.tzo=01;31:*.t7z=01;31:*.zip=01;31:*.z=01;31:*.dz=01;31:*.gz=01;31:*.lrz=01;31:*.lz=01;31:*.lzo=01;31:*.xz=01;31:*.zst=01;31:*.tzst=01;31:*.bz2=01;31:*.bz=01;31:*.tbz=01;31:*.tbz2=01;31:*.tz=01;31:*.deb=01;31:*.rpm=01;31:*.jar=01;31:*.war=01;31:*.ear=01;31:*.sar=01;31:*.rar=01;31:*.alz=01;31:*.ace=01;31:*.zoo=01;31:*.cpio=01;31:*.7z=01;31:*.rz=01;31:*.cab=01;31:*.wim=01;31:*.swm=01;31:*.dwm=01;31:*.esd=01;31:*.jpg=01;35:*.jpeg=01;35:*.mjpg=01;35:*.mjpeg=01;35:*.gif=01;35:*.bmp=01;35:*.pbm=01;35:*.pgm=01;35:*.ppm=01;35:*.tga=01;35:*.xbm=01;35:*.xpm=01;35:*.tif=01;35:*.tiff=01;35:*.png=01;35:*.svg=01;35:*.svgz=01;35:*.mng=01;35:*.pcx=01;35:*.mov=01;35:*.mpg=01;35:*.mpeg=01;35:*.m2v=01;35:*.mkv=01;35:*.webm=01;35:*.webp=01;35:*.ogm=01;35:*.mp4=01;35:*.m4v=01;35:*.mp4v=01;35:*.vob=01;35:*.qt=01;35:*.nuv=01;35:*.wmv=01;35:*.asf=01;35:*.rm=01;35:*.rmvb=01;35:*.flc=01;35:*.avi=01;35:*.fli=01;35:*.flv=01;35:*.gl=01;35:*.dl=01;35:*.xcf=01;35:*.xwd=01;35:*.yuv=01;35:*.cgm=01;35:*.emf=01;35:*.ogv=01;35:*.ogx=01;35:*.aac=00;36:*.au=00;36:*.flac=00;36:*.m4a=00;36:*.mid=00;36:*.midi=00;36:*.mka=00;36:*.mp3=00;36:*.mpc=00;36:*.ogg=00;36:*.ra=00;36:*.wav=00;36:*.oga=00;36:*.opus=00;36:*.spx=00;36:*.xspf=00;36:', 'SSH_AGENT_LAUNCHER': 'gnome-keyring', 'SSH_AUTH_SOCK': '/run/user/1000/keyring/ssh', 'AMENT_PREFIX_PATH': '/home/tknika/gral-iiriondo-main/unitree_ws/install/speech_to_goal_interfaces:/home/tknika/gral-iiriondo-main/unitree_ws/install/standing_mode:/home/tknika/gral-iiriondo-main/unitree_ws/install/speech_to_goal:/home/tknika/gral-iiriondo-main/unitree_ws/install/object_recognition:/home/tknika/gral-iiriondo-main/unitree_ws/install/object_recognition_interfaces:/home/tknika/gral-iiriondo-main/unitree_ws/install/mapping_configuration:/home/tknika/gral-iiriondo-main/unitree_ws/install/go1_description:/home/tknika/gral-iiriondo-main/unitree_ws/install/asr:/home/tknika/gral-iiriondo-main/unitree_ws/install/aruco_detector:/home/tknika/gral-iiriondo-main/unitree_ws/install/aruco_markers_msgs:/opt/ros/humble', 'SHELL': '/bin/bash', 'TERMINATOR_UUID': 'urn:uuid:6783764e-82b3-4e19-a535-1afecb743d9d', 'QT_ACCESSIBILITY': '1', 'GDMSESSION': 'ubuntu', 'LESSCLOSE': '/usr/bin/lesspipe %s %s', 'GPG_AGENT_INFO': '/run/user/1000/gnupg/S.gpg-agent:0:1', 'GJS_DEBUG_OUTPUT': 'stderr', 'VIRTUAL_ENV': '/home/bee/gral-iiriondo/unitree_ws/environments/unitree_env', 'QT_IM_MODULE': 'ibus', 'PWD': '/home/tknika/gral-iiriondo-main/unitree_ws/build/go1_description', 'XDG_CONFIG_DIRS': '/etc/xdg/xdg-ubuntu:/etc/xdg', 'XDG_DATA_DIRS': '/usr/share/ubuntu:/usr/share/gnome:/usr/local/share/:/usr/share/:/var/lib/snapd/desktop', 'PYTHONPATH': '/home/tknika/gral-iiriondo-main/unitree_ws/build/go1_description/prefix_override:/usr/lib/python3/dist-packages/colcon_core/task/python/colcon_distutils_commands:/home/tknika/gral-iiriondo-main/unitree_ws/install/go1_description/lib/python3.10/site-packages:/home/tknika/gral-iiriondo-main/unitree_ws/build/standing_mode:/home/tknika/gral-iiriondo-main/unitree_ws/install/standing_mode/lib/python3.10/site-packages:/home/tknika/gral-iiriondo-main/unitree_ws/build/speech_to_goal:/home/tknika/gral-iiriondo-main/unitree_ws/install/speech_to_goal/lib/python3.10/site-packages:/home/tknika/gral-iiriondo-main/unitree_ws/install/speech_to_goal_interfaces/local/lib/python3.10/dist-packages:/home/tknika/gral-iiriondo-main/unitree_ws/build/object_recognition:/home/tknika/gral-iiriondo-main/unitree_ws/install/object_recognition/lib/python3.10/site-packages:/home/tknika/gral-iiriondo-main/unitree_ws/install/object_recognition_interfaces/local/lib/python3.10/dist-packages:/home/tknika/gral-iiriondo-main/unitree_ws/build/mapping_configuration:/home/tknika/gral-iiriondo-main/unitree_ws/install/mapping_configuration/lib/python3.10/site-packages:/home/tknika/gral-iiriondo-main/unitree_ws/build/go1_description:/home/tknika/gral-iiriondo-main/unitree_ws/install/go1_description/lib/python3.10/site-packages:/home/tknika/gral-iiriondo-main/unitree_ws/build/asr:/home/tknika/gral-iiriondo-main/unitree_ws/install/asr/lib/python3.10/site-packages:/home/tknika/gral-iiriondo-main/unitree_ws/build/aruco_detector:/home/tknika/gral-iiriondo-main/unitree_ws/install/aruco_detector/lib/python3.10/site-packages:/home/tknika/gral-iiriondo-main/unitree_ws/install/aruco_markers_msgs/local/lib/python3.10/dist-packages:/home/tknika/gral-iiriondo-main/unitree_ws/src/unitree_legged_sdk/lib/python/arm64:/home/tknika/gral-iiriondo-main/unitree_ws/src/unitree_legged_sdk/lib/python/arm64:/home/tknika/gral-iiriondo-main/unitree_ws/src/unitree_legged_sdk/lib/python/arm64:/opt/ros/humble/lib/python3.10/site-packages:/opt/ros/humble/local/lib/python3.10/dist-packages', 'COLCON': '1', 'VTE_VERSION': '6800', 'CMAKE_PREFIX_PATH': '/home/tknika/gral-iiriondo-main/unitree_ws/install/speech_to_goal_interfaces:/home/tknika/gral-iiriondo-main/unitree_ws/install/object_recognition_interfaces:/home/tknika/gral-iiriondo-main/unitree_ws/install/aruco_markers_msgs'}, 'shell': False}
[7.354158] (-) TimerEvent: {}
[7.364655] (speech_to_goal_interfaces) StdoutLine: {'line': b'[ 12%] \x1b[34m\x1b[1mGenerating C++ type support for eProsima Fast-RTPS\x1b[0m\n'}
[7.365891] (object_recognition_interfaces) StdoutLine: {'line': b'[ 10%] \x1b[32mBuilding C object CMakeFiles/object_recognition_interfaces__rosidl_generator_c.dir/rosidl_generator_c/object_recognition_interfaces/srv/detail/detect_object__functions.c.o\x1b[0m\n'}
[7.384940] (object_recognition_interfaces) StdoutLine: {'line': b'[ 12%] Built target object_recognition_interfaces__cpp\n'}
[7.385864] (object_recognition_interfaces) StdoutLine: {'line': b'[ 12%] \x1b[32mBuilding C object CMakeFiles/object_recognition_interfaces__rosidl_generator_c.dir/rosidl_generator_c/object_recognition_interfaces/srv/detail/add_object__functions.c.o\x1b[0m\n'}
[7.412657] (speech_to_goal_interfaces) StdoutLine: {'line': b'creating speech_to_goal_interfaces.egg-info\n'}
[7.454364] (-) TimerEvent: {}
[7.485555] (object_recognition_interfaces) StdoutLine: {'line': b'[ 15%] \x1b[34m\x1b[1mGenerating C++ type support for eProsima Fast-RTPS\x1b[0m\n'}
[7.497067] (object_recognition_interfaces) StdoutLine: {'line': b'[ 17%] \x1b[34m\x1b[1mGenerating C++ introspection for ROS interfaces\x1b[0m\n'}
[7.533892] (object_recognition_interfaces) StdoutLine: {'line': b'[ 20%] \x1b[34m\x1b[1mGenerating C++ type support dispatch for ROS interfaces\x1b[0m\n'}
[7.554558] (-) TimerEvent: {}
[7.585553] (speech_to_goal_interfaces) StdoutLine: {'line': b'writing speech_to_goal_interfaces.egg-info/PKG-INFO\n'}
[7.586218] (speech_to_goal_interfaces) StdoutLine: {'line': b'writing dependency_links to speech_to_goal_interfaces.egg-info/dependency_links.txt\n'}
[7.586756] (speech_to_goal_interfaces) StdoutLine: {'line': b'writing top-level names to speech_to_goal_interfaces.egg-info/top_level.txt\n'}
[7.587099] (speech_to_goal_interfaces) StdoutLine: {'line': b"writing manifest file 'speech_to_goal_interfaces.egg-info/SOURCES.txt'\n"}
[7.654740] (-) TimerEvent: {}
[7.708851] (object_recognition_interfaces) StdoutLine: {'line': b'[ 22%] \x1b[32m\x1b[1mLinking C shared library libobject_recognition_interfaces__rosidl_generator_c.so\x1b[0m\n'}
[7.754954] (-) TimerEvent: {}
[7.768283] (mapping_configuration) Command: {'cmd': ['/usr/bin/python3', '-W', 'ignore:setup.py install is deprecated', '-W', 'ignore:easy_install command is deprecated', 'setup.py', 'develop', '--editable', '--build-directory', '/home/tknika/gral-iiriondo-main/unitree_ws/build/mapping_configuration/build', '--no-deps', 'symlink_data'], 'cwd': '/home/tknika/gral-iiriondo-main/unitree_ws/build/mapping_configuration', 'env': {'GJS_DEBUG_TOPICS': 'JS ERROR;JS LOG', 'LESSOPEN': '| /usr/bin/lesspipe %s', 'USER': 'tknika', 'OLLAMA_LLM_LIBRARY': 'cuda', 'ROS_PACKAGE_PATH': '/home/tknika/gral-iiriondo-main/unitree_ws/install/speech_to_goal_interfaces/share', 'XDG_SESSION_TYPE': 'x11', 'SHLVL': '1', 'LD_LIBRARY_PATH': '/home/tknika/gral-iiriondo-main/unitree_ws/install/speech_to_goal_interfaces/lib:/home/tknika/gral-iiriondo-main/unitree_ws/install/object_recognition_interfaces/lib:/home/tknika/gral-iiriondo-main/unitree_ws/install/aruco_markers_msgs/lib:/usr/lib/aarch64-linux-gnu/nvidia:/usr/local/cuda/lib64:/opt/ros/humble/opt/rviz_ogre_vendor/lib:/opt/ros/humble/lib/aarch64-linux-gnu:/opt/ros/humble/lib:/usr/local/cuda-12.6/lib64:/usr/lib/aarch64-linux-gnu/nvid', 'HOME': '/home/tknika', 'OLDPWD': '/home/tknika/gral-iiriondo-main', 'DESKTOP_SESSION': 'ubuntu', 'GIO_LAUNCHED_DESKTOP_FILE': '/usr/share/applications/terminator.desktop', 'ROS_PYTHON_VERSION': '3', 'GNOME_SHELL_SESSION_MODE': 'ubuntu', 'GTK_MODULES': 'gail:atk-bridge', 'PS1': '\\[\\e]0;\\u@\\h: \\w\\a\\]${debian_chroot:+($debian_chroot)}\\[\\033[01;32m\\]\\u@\\h\\[\\033[00m\\]:\\[\\033[01;34m\\]\\w\\[\\033[00m\\]\\$', 'MANAGERPID': '2504', 'SYSTEMD_EXEC_PID': '2680', 'DBUS_SESSION_BUS_ADDRESS': 'unix:path=/run/user/1000/bus', 'COLORTERM': 'truecolor', 'TERMINATOR_DBUS_NAME': 'net.tenshu.Terminator23558193cd9818af7fe4d2c2f5bd9d00f', 'GIO_LAUNCHED_DESKTOP_FILE_PID': '4209', 'IM_CONFIG_PHASE': '1', 'COLCON_PREFIX_PATH': '/home/tknika/gral-iiriondo-main/unitree_ws/install', 'CUDA_VISIBLE_DEVICES': '0', 'ROS_DISTRO': 'humble', 'GTK_IM_MODULE': 'ibus', 'LOGNAME': 'tknika', 'JOURNAL_STREAM': '8:50749', '_': '/usr/bin/colcon', 'ROS_VERSION': '2', 'PKG_CONFIG_PATH': '/home/tknika/gral-iiriondo-main/unitree_ws/install/speech_to_goal_interfaces/lib/aarch64-linux-gnu/pkgconfig:/home/tknika/gral-iiriondo-main/unitree_ws/install/speech_to_goal_interfaces/lib/pkgconfig', 'XDG_SESSION_CLASS': 'user', 'USERNAME': 'tknika', 'TERM': 'xterm-256color', 'GNOME_DESKTOP_SESSION_ID': 'this-is-deprecated', 'ROS_LOCALHOST_ONLY': '0', 'WINDOWPATH': '2', 'PATH': '/usr/local/cuda-12.6/bin:/usr/local/cuda-12.6/bin:/home/bee/gral-iiriondo/unitree_ws/environments/unitree_env/bin:/opt/ros/humble/bin:/usr/local/cuda-12.6/bin:/home/tknika/.cargo/bin:/home/tknika/.local/bin:/usr/local/sbin:/usr/local/bin:/usr/sbin:/usr/bin:/sbin:/bin:/usr/games:/usr/local/games:/snap/bin:/snap/bin', 'SESSION_MANAGER': 'local/ubuntu:@/tmp/.ICE-unix/2653,unix/ubuntu:/tmp/.ICE-unix/2653', 'INVOCATION_ID': '23499d00eeb9404d9453ff310186aa72', 'XDG_MENU_PREFIX': 'gnome-', 'XDG_RUNTIME_DIR': '/run/user/1000', 'DISPLAY': ':1', 'TERMINATOR_DBUS_PATH': '/net/tenshu/Terminator2', 'LANG': 'en_US.UTF-8', 'XDG_CURRENT_DESKTOP': 'ubuntu:GNOME', 'IBUS_DISABLE_SNOOPER': '1', 'VIRTUAL_ENV_PROMPT': '(unitree_env)', 'XMODIFIERS': '@im=ibus', 'XDG_SESSION_DESKTOP': 'ubuntu', 'XAUTHORITY': '/run/user/1000/gdm/Xauthority', 'LS_COLORS': 'rs=0:di=01;34:ln=01;36:mh=00:pi=40;33:so=01;35:do=01;35:bd=40;33;01:cd=40;33;01:or=40;31;01:mi=00:su=37;41:sg=30;43:ca=30;41:tw=30;42:ow=34;42:st=37;44:ex=01;32:*.tar=01;31:*.tgz=01;31:*.arc=01;31:*.arj=01;31:*.taz=01;31:*.lha=01;31:*.lz4=01;31:*.lzh=01;31:*.lzma=01;31:*.tlz=01;31:*.txz=01;31:*.tzo=01;31:*.t7z=01;31:*.zip=01;31:*.z=01;31:*.dz=01;31:*.gz=01;31:*.lrz=01;31:*.lz=01;31:*.lzo=01;31:*.xz=01;31:*.zst=01;31:*.tzst=01;31:*.bz2=01;31:*.bz=01;31:*.tbz=01;31:*.tbz2=01;31:*.tz=01;31:*.deb=01;31:*.rpm=01;31:*.jar=01;31:*.war=01;31:*.ear=01;31:*.sar=01;31:*.rar=01;31:*.alz=01;31:*.ace=01;31:*.zoo=01;31:*.cpio=01;31:*.7z=01;31:*.rz=01;31:*.cab=01;31:*.wim=01;31:*.swm=01;31:*.dwm=01;31:*.esd=01;31:*.jpg=01;35:*.jpeg=01;35:*.mjpg=01;35:*.mjpeg=01;35:*.gif=01;35:*.bmp=01;35:*.pbm=01;35:*.pgm=01;35:*.ppm=01;35:*.tga=01;35:*.xbm=01;35:*.xpm=01;35:*.tif=01;35:*.tiff=01;35:*.png=01;35:*.svg=01;35:*.svgz=01;35:*.mng=01;35:*.pcx=01;35:*.mov=01;35:*.mpg=01;35:*.mpeg=01;35:*.m2v=01;35:*.mkv=01;35:*.webm=01;35:*.webp=01;35:*.ogm=01;35:*.mp4=01;35:*.m4v=01;35:*.mp4v=01;35:*.vob=01;35:*.qt=01;35:*.nuv=01;35:*.wmv=01;35:*.asf=01;35:*.rm=01;35:*.rmvb=01;35:*.flc=01;35:*.avi=01;35:*.fli=01;35:*.flv=01;35:*.gl=01;35:*.dl=01;35:*.xcf=01;35:*.xwd=01;35:*.yuv=01;35:*.cgm=01;35:*.emf=01;35:*.ogv=01;35:*.ogx=01;35:*.aac=00;36:*.au=00;36:*.flac=00;36:*.m4a=00;36:*.mid=00;36:*.midi=00;36:*.mka=00;36:*.mp3=00;36:*.mpc=00;36:*.ogg=00;36:*.ra=00;36:*.wav=00;36:*.oga=00;36:*.opus=00;36:*.spx=00;36:*.xspf=00;36:', 'SSH_AGENT_LAUNCHER': 'gnome-keyring', 'SSH_AUTH_SOCK': '/run/user/1000/keyring/ssh', 'AMENT_PREFIX_PATH': '/home/tknika/gral-iiriondo-main/unitree_ws/install/speech_to_goal_interfaces:/home/tknika/gral-iiriondo-main/unitree_ws/install/standing_mode:/home/tknika/gral-iiriondo-main/unitree_ws/install/speech_to_goal:/home/tknika/gral-iiriondo-main/unitree_ws/install/object_recognition:/home/tknika/gral-iiriondo-main/unitree_ws/install/object_recognition_interfaces:/home/tknika/gral-iiriondo-main/unitree_ws/install/mapping_configuration:/home/tknika/gral-iiriondo-main/unitree_ws/install/go1_description:/home/tknika/gral-iiriondo-main/unitree_ws/install/asr:/home/tknika/gral-iiriondo-main/unitree_ws/install/aruco_detector:/home/tknika/gral-iiriondo-main/unitree_ws/install/aruco_markers_msgs:/opt/ros/humble', 'SHELL': '/bin/bash', 'TERMINATOR_UUID': 'urn:uuid:6783764e-82b3-4e19-a535-1afecb743d9d', 'QT_ACCESSIBILITY': '1', 'GDMSESSION': 'ubuntu', 'LESSCLOSE': '/usr/bin/lesspipe %s %s', 'GPG_AGENT_INFO': '/run/user/1000/gnupg/S.gpg-agent:0:1', 'GJS_DEBUG_OUTPUT': 'stderr', 'VIRTUAL_ENV': '/home/bee/gral-iiriondo/unitree_ws/environments/unitree_env', 'QT_IM_MODULE': 'ibus', 'PWD': '/home/tknika/gral-iiriondo-main/unitree_ws/build/mapping_configuration', 'XDG_CONFIG_DIRS': '/etc/xdg/xdg-ubuntu:/etc/xdg', 'XDG_DATA_DIRS': '/usr/share/ubuntu:/usr/share/gnome:/usr/local/share/:/usr/share/:/var/lib/snapd/desktop', 'PYTHONPATH': '/home/tknika/gral-iiriondo-main/unitree_ws/build/mapping_configuration/prefix_override:/usr/lib/python3/dist-packages/colcon_core/task/python/colcon_distutils_commands:/home/tknika/gral-iiriondo-main/unitree_ws/install/mapping_configuration/lib/python3.10/site-packages:/home/tknika/gral-iiriondo-main/unitree_ws/build/standing_mode:/home/tknika/gral-iiriondo-main/unitree_ws/install/standing_mode/lib/python3.10/site-packages:/home/tknika/gral-iiriondo-main/unitree_ws/build/speech_to_goal:/home/tknika/gral-iiriondo-main/unitree_ws/install/speech_to_goal/lib/python3.10/site-packages:/home/tknika/gral-iiriondo-main/unitree_ws/install/speech_to_goal_interfaces/local/lib/python3.10/dist-packages:/home/tknika/gral-iiriondo-main/unitree_ws/build/object_recognition:/home/tknika/gral-iiriondo-main/unitree_ws/install/object_recognition/lib/python3.10/site-packages:/home/tknika/gral-iiriondo-main/unitree_ws/install/object_recognition_interfaces/local/lib/python3.10/dist-packages:/home/tknika/gral-iiriondo-main/unitree_ws/build/mapping_configuration:/home/tknika/gral-iiriondo-main/unitree_ws/install/mapping_configuration/lib/python3.10/site-packages:/home/tknika/gral-iiriondo-main/unitree_ws/build/go1_description:/home/tknika/gral-iiriondo-main/unitree_ws/install/go1_description/lib/python3.10/site-packages:/home/tknika/gral-iiriondo-main/unitree_ws/build/asr:/home/tknika/gral-iiriondo-main/unitree_ws/install/asr/lib/python3.10/site-packages:/home/tknika/gral-iiriondo-main/unitree_ws/build/aruco_detector:/home/tknika/gral-iiriondo-main/unitree_ws/install/aruco_detector/lib/python3.10/site-packages:/home/tknika/gral-iiriondo-main/unitree_ws/install/aruco_markers_msgs/local/lib/python3.10/dist-packages:/home/tknika/gral-iiriondo-main/unitree_ws/src/unitree_legged_sdk/lib/python/arm64:/home/tknika/gral-iiriondo-main/unitree_ws/src/unitree_legged_sdk/lib/python/arm64:/home/tknika/gral-iiriondo-main/unitree_ws/src/unitree_legged_sdk/lib/python/arm64:/opt/ros/humble/lib/python3.10/site-packages:/opt/ros/humble/local/lib/python3.10/dist-packages', 'COLCON': '1', 'VTE_VERSION': '6800', 'CMAKE_PREFIX_PATH': '/home/tknika/gral-iiriondo-main/unitree_ws/install/speech_to_goal_interfaces:/home/tknika/gral-iiriondo-main/unitree_ws/install/object_recognition_interfaces:/home/tknika/gral-iiriondo-main/unitree_ws/install/aruco_markers_msgs'}, 'shell': False}
[7.855123] (-) TimerEvent: {}
[7.866933] (speech_to_goal_interfaces) StdoutLine: {'line': b'[ 14%] \x1b[32mBuilding C object CMakeFiles/speech_to_goal_interfaces__rosidl_generator_c.dir/rosidl_generator_c/speech_to_goal_interfaces/msg/detail/waypoint__functions.c.o\x1b[0m\n'}
[7.900567] (speech_to_goal_interfaces) StdoutLine: {'line': b"reading manifest file 'speech_to_goal_interfaces.egg-info/SOURCES.txt'\n"}
[7.908068] (aruco_markers_msgs) StdoutLine: {'line': b'[  7%] Built target aruco_markers_msgs__rs\n'}
[7.911493] (speech_to_goal_interfaces) StdoutLine: {'line': b"writing manifest file 'speech_to_goal_interfaces.egg-info/SOURCES.txt'\n"}
[7.936453] (speech_to_goal_interfaces) StdoutLine: {'line': b'[ 16%] \x1b[32mBuilding C object CMakeFiles/speech_to_goal_interfaces__rosidl_generator_c.dir/rosidl_generator_c/speech_to_goal_interfaces/srv/detail/llm_query__functions.c.o\x1b[0m\n'}
[7.949553] (speech_to_goal_interfaces) StdoutLine: {'line': b'[ 18%] \x1b[32mBuilding C object CMakeFiles/speech_to_goal_interfaces__rosidl_generator_c.dir/rosidl_generator_c/speech_to_goal_interfaces/srv/detail/detect_intent__functions.c.o\x1b[0m\n'}
[7.955314] (-) TimerEvent: {}
[8.014361] (object_recognition_interfaces) StdoutLine: {'line': b'[ 22%] Built target object_recognition_interfaces__rosidl_generator_c\n'}
[8.055482] (-) TimerEvent: {}
[8.092107] (asr) Command: {'cmd': ['/usr/bin/python3', '-W', 'ignore:setup.py install is deprecated', '-W', 'ignore:easy_install command is deprecated', 'setup.py', 'develop', '--editable', '--build-directory', '/home/tknika/gral-iiriondo-main/unitree_ws/build/asr/build', '--no-deps', 'symlink_data'], 'cwd': '/home/tknika/gral-iiriondo-main/unitree_ws/build/asr', 'env': {'GJS_DEBUG_TOPICS': 'JS ERROR;JS LOG', 'LESSOPEN': '| /usr/bin/lesspipe %s', 'USER': 'tknika', 'OLLAMA_LLM_LIBRARY': 'cuda', 'ROS_PACKAGE_PATH': '/home/tknika/gral-iiriondo-main/unitree_ws/install/speech_to_goal_interfaces/share', 'XDG_SESSION_TYPE': 'x11', 'SHLVL': '1', 'LD_LIBRARY_PATH': '/home/tknika/gral-iiriondo-main/unitree_ws/install/speech_to_goal_interfaces/lib:/home/tknika/gral-iiriondo-main/unitree_ws/install/object_recognition_interfaces/lib:/home/tknika/gral-iiriondo-main/unitree_ws/install/aruco_markers_msgs/lib:/usr/lib/aarch64-linux-gnu/nvidia:/usr/local/cuda/lib64:/opt/ros/humble/opt/rviz_ogre_vendor/lib:/opt/ros/humble/lib/aarch64-linux-gnu:/opt/ros/humble/lib:/usr/local/cuda-12.6/lib64:/usr/lib/aarch64-linux-gnu/nvid', 'HOME': '/home/tknika', 'OLDPWD': '/home/tknika/gral-iiriondo-main', 'DESKTOP_SESSION': 'ubuntu', 'GIO_LAUNCHED_DESKTOP_FILE': '/usr/share/applications/terminator.desktop', 'ROS_PYTHON_VERSION': '3', 'GNOME_SHELL_SESSION_MODE': 'ubuntu', 'GTK_MODULES': 'gail:atk-bridge', 'PS1': '\\[\\e]0;\\u@\\h: \\w\\a\\]${debian_chroot:+($debian_chroot)}\\[\\033[01;32m\\]\\u@\\h\\[\\033[00m\\]:\\[\\033[01;34m\\]\\w\\[\\033[00m\\]\\$', 'MANAGERPID': '2504', 'SYSTEMD_EXEC_PID': '2680', 'DBUS_SESSION_BUS_ADDRESS': 'unix:path=/run/user/1000/bus', 'COLORTERM': 'truecolor', 'TERMINATOR_DBUS_NAME': 'net.tenshu.Terminator23558193cd9818af7fe4d2c2f5bd9d00f', 'GIO_LAUNCHED_DESKTOP_FILE_PID': '4209', 'IM_CONFIG_PHASE': '1', 'COLCON_PREFIX_PATH': '/home/tknika/gral-iiriondo-main/unitree_ws/install', 'CUDA_VISIBLE_DEVICES': '0', 'ROS_DISTRO': 'humble', 'GTK_IM_MODULE': 'ibus', 'LOGNAME': 'tknika', 'JOURNAL_STREAM': '8:50749', '_': '/usr/bin/colcon', 'ROS_VERSION': '2', 'PKG_CONFIG_PATH': '/home/tknika/gral-iiriondo-main/unitree_ws/install/speech_to_goal_interfaces/lib/aarch64-linux-gnu/pkgconfig:/home/tknika/gral-iiriondo-main/unitree_ws/install/speech_to_goal_interfaces/lib/pkgconfig', 'XDG_SESSION_CLASS': 'user', 'USERNAME': 'tknika', 'TERM': 'xterm-256color', 'GNOME_DESKTOP_SESSION_ID': 'this-is-deprecated', 'ROS_LOCALHOST_ONLY': '0', 'WINDOWPATH': '2', 'PATH': '/usr/local/cuda-12.6/bin:/usr/local/cuda-12.6/bin:/home/bee/gral-iiriondo/unitree_ws/environments/unitree_env/bin:/opt/ros/humble/bin:/usr/local/cuda-12.6/bin:/home/tknika/.cargo/bin:/home/tknika/.local/bin:/usr/local/sbin:/usr/local/bin:/usr/sbin:/usr/bin:/sbin:/bin:/usr/games:/usr/local/games:/snap/bin:/snap/bin', 'SESSION_MANAGER': 'local/ubuntu:@/tmp/.ICE-unix/2653,unix/ubuntu:/tmp/.ICE-unix/2653', 'INVOCATION_ID': '23499d00eeb9404d9453ff310186aa72', 'XDG_MENU_PREFIX': 'gnome-', 'XDG_RUNTIME_DIR': '/run/user/1000', 'DISPLAY': ':1', 'TERMINATOR_DBUS_PATH': '/net/tenshu/Terminator2', 'LANG': 'en_US.UTF-8', 'XDG_CURRENT_DESKTOP': 'ubuntu:GNOME', 'IBUS_DISABLE_SNOOPER': '1', 'VIRTUAL_ENV_PROMPT': '(unitree_env)', 'XMODIFIERS': '@im=ibus', 'XDG_SESSION_DESKTOP': 'ubuntu', 'XAUTHORITY': '/run/user/1000/gdm/Xauthority', 'LS_COLORS': 'rs=0:di=01;34:ln=01;36:mh=00:pi=40;33:so=01;35:do=01;35:bd=40;33;01:cd=40;33;01:or=40;31;01:mi=00:su=37;41:sg=30;43:ca=30;41:tw=30;42:ow=34;42:st=37;44:ex=01;32:*.tar=01;31:*.tgz=01;31:*.arc=01;31:*.arj=01;31:*.taz=01;31:*.lha=01;31:*.lz4=01;31:*.lzh=01;31:*.lzma=01;31:*.tlz=01;31:*.txz=01;31:*.tzo=01;31:*.t7z=01;31:*.zip=01;31:*.z=01;31:*.dz=01;31:*.gz=01;31:*.lrz=01;31:*.lz=01;31:*.lzo=01;31:*.xz=01;31:*.zst=01;31:*.tzst=01;31:*.bz2=01;31:*.bz=01;31:*.tbz=01;31:*.tbz2=01;31:*.tz=01;31:*.deb=01;31:*.rpm=01;31:*.jar=01;31:*.war=01;31:*.ear=01;31:*.sar=01;31:*.rar=01;31:*.alz=01;31:*.ace=01;31:*.zoo=01;31:*.cpio=01;31:*.7z=01;31:*.rz=01;31:*.cab=01;31:*.wim=01;31:*.swm=01;31:*.dwm=01;31:*.esd=01;31:*.jpg=01;35:*.jpeg=01;35:*.mjpg=01;35:*.mjpeg=01;35:*.gif=01;35:*.bmp=01;35:*.pbm=01;35:*.pgm=01;35:*.ppm=01;35:*.tga=01;35:*.xbm=01;35:*.xpm=01;35:*.tif=01;35:*.tiff=01;35:*.png=01;35:*.svg=01;35:*.svgz=01;35:*.mng=01;35:*.pcx=01;35:*.mov=01;35:*.mpg=01;35:*.mpeg=01;35:*.m2v=01;35:*.mkv=01;35:*.webm=01;35:*.webp=01;35:*.ogm=01;35:*.mp4=01;35:*.m4v=01;35:*.mp4v=01;35:*.vob=01;35:*.qt=01;35:*.nuv=01;35:*.wmv=01;35:*.asf=01;35:*.rm=01;35:*.rmvb=01;35:*.flc=01;35:*.avi=01;35:*.fli=01;35:*.flv=01;35:*.gl=01;35:*.dl=01;35:*.xcf=01;35:*.xwd=01;35:*.yuv=01;35:*.cgm=01;35:*.emf=01;35:*.ogv=01;35:*.ogx=01;35:*.aac=00;36:*.au=00;36:*.flac=00;36:*.m4a=00;36:*.mid=00;36:*.midi=00;36:*.mka=00;36:*.mp3=00;36:*.mpc=00;36:*.ogg=00;36:*.ra=00;36:*.wav=00;36:*.oga=00;36:*.opus=00;36:*.spx=00;36:*.xspf=00;36:', 'SSH_AGENT_LAUNCHER': 'gnome-keyring', 'SSH_AUTH_SOCK': '/run/user/1000/keyring/ssh', 'AMENT_PREFIX_PATH': '/home/tknika/gral-iiriondo-main/unitree_ws/install/speech_to_goal_interfaces:/home/tknika/gral-iiriondo-main/unitree_ws/install/standing_mode:/home/tknika/gral-iiriondo-main/unitree_ws/install/speech_to_goal:/home/tknika/gral-iiriondo-main/unitree_ws/install/object_recognition:/home/tknika/gral-iiriondo-main/unitree_ws/install/object_recognition_interfaces:/home/tknika/gral-iiriondo-main/unitree_ws/install/mapping_configuration:/home/tknika/gral-iiriondo-main/unitree_ws/install/go1_description:/home/tknika/gral-iiriondo-main/unitree_ws/install/asr:/home/tknika/gral-iiriondo-main/unitree_ws/install/aruco_detector:/home/tknika/gral-iiriondo-main/unitree_ws/install/aruco_markers_msgs:/opt/ros/humble', 'SHELL': '/bin/bash', 'TERMINATOR_UUID': 'urn:uuid:6783764e-82b3-4e19-a535-1afecb743d9d', 'QT_ACCESSIBILITY': '1', 'GDMSESSION': 'ubuntu', 'LESSCLOSE': '/usr/bin/lesspipe %s %s', 'GPG_AGENT_INFO': '/run/user/1000/gnupg/S.gpg-agent:0:1', 'GJS_DEBUG_OUTPUT': 'stderr', 'VIRTUAL_ENV': '/home/bee/gral-iiriondo/unitree_ws/environments/unitree_env', 'QT_IM_MODULE': 'ibus', 'PWD': '/home/tknika/gral-iiriondo-main/unitree_ws/build/asr', 'XDG_CONFIG_DIRS': '/etc/xdg/xdg-ubuntu:/etc/xdg', 'XDG_DATA_DIRS': '/usr/share/ubuntu:/usr/share/gnome:/usr/local/share/:/usr/share/:/var/lib/snapd/desktop', 'PYTHONPATH': '/home/tknika/gral-iiriondo-main/unitree_ws/build/asr/prefix_override:/usr/lib/python3/dist-packages/colcon_core/task/python/colcon_distutils_commands:/home/tknika/gral-iiriondo-main/unitree_ws/install/asr/lib/python3.10/site-packages:/home/tknika/gral-iiriondo-main/unitree_ws/build/standing_mode:/home/tknika/gral-iiriondo-main/unitree_ws/install/standing_mode/lib/python3.10/site-packages:/home/tknika/gral-iiriondo-main/unitree_ws/build/speech_to_goal:/home/tknika/gral-iiriondo-main/unitree_ws/install/speech_to_goal/lib/python3.10/site-packages:/home/tknika/gral-iiriondo-main/unitree_ws/install/speech_to_goal_interfaces/local/lib/python3.10/dist-packages:/home/tknika/gral-iiriondo-main/unitree_ws/build/object_recognition:/home/tknika/gral-iiriondo-main/unitree_ws/install/object_recognition/lib/python3.10/site-packages:/home/tknika/gral-iiriondo-main/unitree_ws/install/object_recognition_interfaces/local/lib/python3.10/dist-packages:/home/tknika/gral-iiriondo-main/unitree_ws/build/mapping_configuration:/home/tknika/gral-iiriondo-main/unitree_ws/install/mapping_configuration/lib/python3.10/site-packages:/home/tknika/gral-iiriondo-main/unitree_ws/build/go1_description:/home/tknika/gral-iiriondo-main/unitree_ws/install/go1_description/lib/python3.10/site-packages:/home/tknika/gral-iiriondo-main/unitree_ws/build/asr:/home/tknika/gral-iiriondo-main/unitree_ws/install/asr/lib/python3.10/site-packages:/home/tknika/gral-iiriondo-main/unitree_ws/build/aruco_detector:/home/tknika/gral-iiriondo-main/unitree_ws/install/aruco_detector/lib/python3.10/site-packages:/home/tknika/gral-iiriondo-main/unitree_ws/install/aruco_markers_msgs/local/lib/python3.10/dist-packages:/home/tknika/gral-iiriondo-main/unitree_ws/src/unitree_legged_sdk/lib/python/arm64:/home/tknika/gral-iiriondo-main/unitree_ws/src/unitree_legged_sdk/lib/python/arm64:/home/tknika/gral-iiriondo-main/unitree_ws/src/unitree_legged_sdk/lib/python/arm64:/opt/ros/humble/lib/python3.10/site-packages:/opt/ros/humble/local/lib/python3.10/dist-packages', 'COLCON': '1', 'VTE_VERSION': '6800', 'CMAKE_PREFIX_PATH': '/home/tknika/gral-iiriondo-main/unitree_ws/install/speech_to_goal_interfaces:/home/tknika/gral-iiriondo-main/unitree_ws/install/object_recognition_interfaces:/home/tknika/gral-iiriondo-main/unitree_ws/install/aruco_markers_msgs'}, 'shell': False}
[8.122726] (object_recognition_interfaces) StdoutLine: {'line': b'[ 25%] \x1b[34m\x1b[1mGenerating C type support dispatch for ROS interfaces\x1b[0m\n'}
[8.125741] (object_recognition_interfaces) StdoutLine: {'line': b'[ 27%] \x1b[34m\x1b[1mGenerating C type support for eProsima Fast-RTPS\x1b[0m\n'}
[8.141941] (object_recognition_interfaces) StdoutLine: {'line': b'[ 30%] \x1b[34m\x1b[1mGenerating C introspection for ROS interfaces\x1b[0m\n'}
[8.155656] (-) TimerEvent: {}
[8.256355] (-) TimerEvent: {}
[8.295522] (aruco_markers_msgs) StdoutLine: {'line': b'[  7%] Built target aruco_markers_msgs__cpp\n'}
[8.297392] (speech_to_goal_interfaces) StdoutLine: {'line': b'[ 20%] \x1b[32m\x1b[1mLinking C shared library libspeech_to_goal_interfaces__rosidl_generator_c.so\x1b[0m\n'}
[8.351346] (speech_to_goal_interfaces) StdoutLine: {'line': b'[ 20%] Built target ament_cmake_python_build_speech_to_goal_interfaces_egg\n'}
[8.356546] (-) TimerEvent: {}
[8.393088] (aruco_markers_msgs) StdoutLine: {'line': b'[ 12%] \x1b[34m\x1b[1mGenerating C++ introspection for ROS interfaces\x1b[0m\n'}
[8.393669] (aruco_markers_msgs) StdoutLine: {'line': b'[ 12%] \x1b[34m\x1b[1mGenerating C++ type support for eProsima Fast-RTPS\x1b[0m\n'}
[8.421168] (aruco_markers_msgs) StdoutLine: {'line': b'running egg_info\n'}
[8.449127] (standing_mode) Command: {'cmd': ['/usr/bin/python3', '-W', 'ignore:setup.py install is deprecated', '-W', 'ignore:easy_install command is deprecated', 'setup.py', 'develop', '--editable', '--build-directory', '/home/tknika/gral-iiriondo-main/unitree_ws/build/standing_mode/build', '--no-deps', 'symlink_data'], 'cwd': '/home/tknika/gral-iiriondo-main/unitree_ws/build/standing_mode', 'env': {'GJS_DEBUG_TOPICS': 'JS ERROR;JS LOG', 'LESSOPEN': '| /usr/bin/lesspipe %s', 'USER': 'tknika', 'OLLAMA_LLM_LIBRARY': 'cuda', 'ROS_PACKAGE_PATH': '/home/tknika/gral-iiriondo-main/unitree_ws/install/speech_to_goal_interfaces/share', 'XDG_SESSION_TYPE': 'x11', 'SHLVL': '1', 'LD_LIBRARY_PATH': '/home/tknika/gral-iiriondo-main/unitree_ws/install/speech_to_goal_interfaces/lib:/home/tknika/gral-iiriondo-main/unitree_ws/install/object_recognition_interfaces/lib:/home/tknika/gral-iiriondo-main/unitree_ws/install/aruco_markers_msgs/lib:/usr/lib/aarch64-linux-gnu/nvidia:/usr/local/cuda/lib64:/opt/ros/humble/opt/rviz_ogre_vendor/lib:/opt/ros/humble/lib/aarch64-linux-gnu:/opt/ros/humble/lib:/usr/local/cuda-12.6/lib64:/usr/lib/aarch64-linux-gnu/nvid', 'HOME': '/home/tknika', 'OLDPWD': '/home/tknika/gral-iiriondo-main', 'DESKTOP_SESSION': 'ubuntu', 'GIO_LAUNCHED_DESKTOP_FILE': '/usr/share/applications/terminator.desktop', 'ROS_PYTHON_VERSION': '3', 'GNOME_SHELL_SESSION_MODE': 'ubuntu', 'GTK_MODULES': 'gail:atk-bridge', 'PS1': '\\[\\e]0;\\u@\\h: \\w\\a\\]${debian_chroot:+($debian_chroot)}\\[\\033[01;32m\\]\\u@\\h\\[\\033[00m\\]:\\[\\033[01;34m\\]\\w\\[\\033[00m\\]\\$', 'MANAGERPID': '2504', 'SYSTEMD_EXEC_PID': '2680', 'DBUS_SESSION_BUS_ADDRESS': 'unix:path=/run/user/1000/bus', 'COLORTERM': 'truecolor', 'TERMINATOR_DBUS_NAME': 'net.tenshu.Terminator23558193cd9818af7fe4d2c2f5bd9d00f', 'GIO_LAUNCHED_DESKTOP_FILE_PID': '4209', 'IM_CONFIG_PHASE': '1', 'COLCON_PREFIX_PATH': '/home/tknika/gral-iiriondo-main/unitree_ws/install', 'CUDA_VISIBLE_DEVICES': '0', 'ROS_DISTRO': 'humble', 'GTK_IM_MODULE': 'ibus', 'LOGNAME': 'tknika', 'JOURNAL_STREAM': '8:50749', '_': '/usr/bin/colcon', 'ROS_VERSION': '2', 'PKG_CONFIG_PATH': '/home/tknika/gral-iiriondo-main/unitree_ws/install/speech_to_goal_interfaces/lib/aarch64-linux-gnu/pkgconfig:/home/tknika/gral-iiriondo-main/unitree_ws/install/speech_to_goal_interfaces/lib/pkgconfig', 'XDG_SESSION_CLASS': 'user', 'USERNAME': 'tknika', 'TERM': 'xterm-256color', 'GNOME_DESKTOP_SESSION_ID': 'this-is-deprecated', 'ROS_LOCALHOST_ONLY': '0', 'WINDOWPATH': '2', 'PATH': '/usr/local/cuda-12.6/bin:/usr/local/cuda-12.6/bin:/home/bee/gral-iiriondo/unitree_ws/environments/unitree_env/bin:/opt/ros/humble/bin:/usr/local/cuda-12.6/bin:/home/tknika/.cargo/bin:/home/tknika/.local/bin:/usr/local/sbin:/usr/local/bin:/usr/sbin:/usr/bin:/sbin:/bin:/usr/games:/usr/local/games:/snap/bin:/snap/bin', 'SESSION_MANAGER': 'local/ubuntu:@/tmp/.ICE-unix/2653,unix/ubuntu:/tmp/.ICE-unix/2653', 'INVOCATION_ID': '23499d00eeb9404d9453ff310186aa72', 'XDG_MENU_PREFIX': 'gnome-', 'XDG_RUNTIME_DIR': '/run/user/1000', 'DISPLAY': ':1', 'TERMINATOR_DBUS_PATH': '/net/tenshu/Terminator2', 'LANG': 'en_US.UTF-8', 'XDG_CURRENT_DESKTOP': 'ubuntu:GNOME', 'IBUS_DISABLE_SNOOPER': '1', 'VIRTUAL_ENV_PROMPT': '(unitree_env)', 'XMODIFIERS': '@im=ibus', 'XDG_SESSION_DESKTOP': 'ubuntu', 'XAUTHORITY': '/run/user/1000/gdm/Xauthority', 'LS_COLORS': 'rs=0:di=01;34:ln=01;36:mh=00:pi=40;33:so=01;35:do=01;35:bd=40;33;01:cd=40;33;01:or=40;31;01:mi=00:su=37;41:sg=30;43:ca=30;41:tw=30;42:ow=34;42:st=37;44:ex=01;32:*.tar=01;31:*.tgz=01;31:*.arc=01;31:*.arj=01;31:*.taz=01;31:*.lha=01;31:*.lz4=01;31:*.lzh=01;31:*.lzma=01;31:*.tlz=01;31:*.txz=01;31:*.tzo=01;31:*.t7z=01;31:*.zip=01;31:*.z=01;31:*.dz=01;31:*.gz=01;31:*.lrz=01;31:*.lz=01;31:*.lzo=01;31:*.xz=01;31:*.zst=01;31:*.tzst=01;31:*.bz2=01;31:*.bz=01;31:*.tbz=01;31:*.tbz2=01;31:*.tz=01;31:*.deb=01;31:*.rpm=01;31:*.jar=01;31:*.war=01;31:*.ear=01;31:*.sar=01;31:*.rar=01;31:*.alz=01;31:*.ace=01;31:*.zoo=01;31:*.cpio=01;31:*.7z=01;31:*.rz=01;31:*.cab=01;31:*.wim=01;31:*.swm=01;31:*.dwm=01;31:*.esd=01;31:*.jpg=01;35:*.jpeg=01;35:*.mjpg=01;35:*.mjpeg=01;35:*.gif=01;35:*.bmp=01;35:*.pbm=01;35:*.pgm=01;35:*.ppm=01;35:*.tga=01;35:*.xbm=01;35:*.xpm=01;35:*.tif=01;35:*.tiff=01;35:*.png=01;35:*.svg=01;35:*.svgz=01;35:*.mng=01;35:*.pcx=01;35:*.mov=01;35:*.mpg=01;35:*.mpeg=01;35:*.m2v=01;35:*.mkv=01;35:*.webm=01;35:*.webp=01;35:*.ogm=01;35:*.mp4=01;35:*.m4v=01;35:*.mp4v=01;35:*.vob=01;35:*.qt=01;35:*.nuv=01;35:*.wmv=01;35:*.asf=01;35:*.rm=01;35:*.rmvb=01;35:*.flc=01;35:*.avi=01;35:*.fli=01;35:*.flv=01;35:*.gl=01;35:*.dl=01;35:*.xcf=01;35:*.xwd=01;35:*.yuv=01;35:*.cgm=01;35:*.emf=01;35:*.ogv=01;35:*.ogx=01;35:*.aac=00;36:*.au=00;36:*.flac=00;36:*.m4a=00;36:*.mid=00;36:*.midi=00;36:*.mka=00;36:*.mp3=00;36:*.mpc=00;36:*.ogg=00;36:*.ra=00;36:*.wav=00;36:*.oga=00;36:*.opus=00;36:*.spx=00;36:*.xspf=00;36:', 'SSH_AGENT_LAUNCHER': 'gnome-keyring', 'SSH_AUTH_SOCK': '/run/user/1000/keyring/ssh', 'AMENT_PREFIX_PATH': '/home/tknika/gral-iiriondo-main/unitree_ws/install/speech_to_goal_interfaces:/home/tknika/gral-iiriondo-main/unitree_ws/install/standing_mode:/home/tknika/gral-iiriondo-main/unitree_ws/install/speech_to_goal:/home/tknika/gral-iiriondo-main/unitree_ws/install/object_recognition:/home/tknika/gral-iiriondo-main/unitree_ws/install/object_recognition_interfaces:/home/tknika/gral-iiriondo-main/unitree_ws/install/mapping_configuration:/home/tknika/gral-iiriondo-main/unitree_ws/install/go1_description:/home/tknika/gral-iiriondo-main/unitree_ws/install/asr:/home/tknika/gral-iiriondo-main/unitree_ws/install/aruco_detector:/home/tknika/gral-iiriondo-main/unitree_ws/install/aruco_markers_msgs:/opt/ros/humble', 'SHELL': '/bin/bash', 'TERMINATOR_UUID': 'urn:uuid:6783764e-82b3-4e19-a535-1afecb743d9d', 'QT_ACCESSIBILITY': '1', 'GDMSESSION': 'ubuntu', 'LESSCLOSE': '/usr/bin/lesspipe %s %s', 'GPG_AGENT_INFO': '/run/user/1000/gnupg/S.gpg-agent:0:1', 'GJS_DEBUG_OUTPUT': 'stderr', 'VIRTUAL_ENV': '/home/bee/gral-iiriondo/unitree_ws/environments/unitree_env', 'QT_IM_MODULE': 'ibus', 'PWD': '/home/tknika/gral-iiriondo-main/unitree_ws/build/standing_mode', 'XDG_CONFIG_DIRS': '/etc/xdg/xdg-ubuntu:/etc/xdg', 'XDG_DATA_DIRS': '/usr/share/ubuntu:/usr/share/gnome:/usr/local/share/:/usr/share/:/var/lib/snapd/desktop', 'PYTHONPATH': '/home/tknika/gral-iiriondo-main/unitree_ws/build/standing_mode/prefix_override:/usr/lib/python3/dist-packages/colcon_core/task/python/colcon_distutils_commands:/home/tknika/gral-iiriondo-main/unitree_ws/install/standing_mode/lib/python3.10/site-packages:/home/tknika/gral-iiriondo-main/unitree_ws/build/standing_mode:/home/tknika/gral-iiriondo-main/unitree_ws/install/standing_mode/lib/python3.10/site-packages:/home/tknika/gral-iiriondo-main/unitree_ws/build/speech_to_goal:/home/tknika/gral-iiriondo-main/unitree_ws/install/speech_to_goal/lib/python3.10/site-packages:/home/tknika/gral-iiriondo-main/unitree_ws/install/speech_to_goal_interfaces/local/lib/python3.10/dist-packages:/home/tknika/gral-iiriondo-main/unitree_ws/build/object_recognition:/home/tknika/gral-iiriondo-main/unitree_ws/install/object_recognition/lib/python3.10/site-packages:/home/tknika/gral-iiriondo-main/unitree_ws/install/object_recognition_interfaces/local/lib/python3.10/dist-packages:/home/tknika/gral-iiriondo-main/unitree_ws/build/mapping_configuration:/home/tknika/gral-iiriondo-main/unitree_ws/install/mapping_configuration/lib/python3.10/site-packages:/home/tknika/gral-iiriondo-main/unitree_ws/build/go1_description:/home/tknika/gral-iiriondo-main/unitree_ws/install/go1_description/lib/python3.10/site-packages:/home/tknika/gral-iiriondo-main/unitree_ws/build/asr:/home/tknika/gral-iiriondo-main/unitree_ws/install/asr/lib/python3.10/site-packages:/home/tknika/gral-iiriondo-main/unitree_ws/build/aruco_detector:/home/tknika/gral-iiriondo-main/unitree_ws/install/aruco_detector/lib/python3.10/site-packages:/home/tknika/gral-iiriondo-main/unitree_ws/install/aruco_markers_msgs/local/lib/python3.10/dist-packages:/home/tknika/gral-iiriondo-main/unitree_ws/src/unitree_legged_sdk/lib/python/arm64:/home/tknika/gral-iiriondo-main/unitree_ws/src/unitree_legged_sdk/lib/python/arm64:/home/tknika/gral-iiriondo-main/unitree_ws/src/unitree_legged_sdk/lib/python/arm64:/opt/ros/humble/lib/python3.10/site-packages:/opt/ros/humble/local/lib/python3.10/dist-packages', 'COLCON': '1', 'VTE_VERSION': '6800', 'CMAKE_PREFIX_PATH': '/home/tknika/gral-iiriondo-main/unitree_ws/install/speech_to_goal_interfaces:/home/tknika/gral-iiriondo-main/unitree_ws/install/object_recognition_interfaces:/home/tknika/gral-iiriondo-main/unitree_ws/install/aruco_markers_msgs'}, 'shell': False}
[8.451330] (aruco_markers_msgs) StdoutLine: {'line': b'[ 15%] \x1b[34m\x1b[1mGenerating C++ type support dispatch for ROS interfaces\x1b[0m\n'}
[8.456615] (-) TimerEvent: {}
[8.517306] (aruco_markers_msgs) StdoutLine: {'line': b'creating aruco_markers_msgs.egg-info\n'}
[8.556785] (-) TimerEvent: {}
[8.579378] (speech_to_goal_interfaces) StdoutLine: {'line': b'[ 20%] Built target speech_to_goal_interfaces__rosidl_generator_c\n'}
[8.656942] (-) TimerEvent: {}
[8.671047] (aruco_markers_msgs) StdoutLine: {'line': b'writing aruco_markers_msgs.egg-info/PKG-INFO\n'}
[8.671791] (aruco_markers_msgs) StdoutLine: {'line': b'writing dependency_links to aruco_markers_msgs.egg-info/dependency_links.txt\n'}
[8.672606] (aruco_markers_msgs) StdoutLine: {'line': b'writing top-level names to aruco_markers_msgs.egg-info/top_level.txt\n'}
[8.673165] (aruco_markers_msgs) StdoutLine: {'line': b"writing manifest file 'aruco_markers_msgs.egg-info/SOURCES.txt'\n"}
[8.675323] (speech_to_goal_interfaces) StdoutLine: {'line': b'[ 22%] \x1b[34m\x1b[1mGenerating C type support dispatch for ROS interfaces\x1b[0m\n'}
[8.679050] (speech_to_goal_interfaces) StdoutLine: {'line': b'[ 25%] \x1b[34m\x1b[1mGenerating C type support for eProsima Fast-RTPS\x1b[0m\n'}
[8.698221] (aruco_markers_msgs) StdoutLine: {'line': b'[ 17%] \x1b[32mBuilding C object CMakeFiles/aruco_markers_msgs__rosidl_generator_c.dir/rosidl_generator_c/aruco_markers_msgs/msg/detail/marker_array__functions.c.o\x1b[0m\n'}
[8.705845] (aruco_markers_msgs) StdoutLine: {'line': b'[ 20%] \x1b[32mBuilding C object CMakeFiles/aruco_markers_msgs__rosidl_generator_c.dir/rosidl_generator_c/aruco_markers_msgs/msg/detail/marker__functions.c.o\x1b[0m\n'}
[8.723136] (speech_to_goal_interfaces) StdoutLine: {'line': b'[ 27%] \x1b[34m\x1b[1mGenerating C introspection for ROS interfaces\x1b[0m\n'}
[8.757091] (-) TimerEvent: {}
[8.857760] (-) TimerEvent: {}
[8.958457] (-) TimerEvent: {}
[9.059106] (-) TimerEvent: {}
[9.092946] (aruco_markers_msgs) StdoutLine: {'line': b"reading manifest file 'aruco_markers_msgs.egg-info/SOURCES.txt'\n"}
[9.117358] (aruco_markers_msgs) StdoutLine: {'line': b'[ 22%] \x1b[32m\x1b[1mLinking C shared library libaruco_markers_msgs__rosidl_generator_c.so\x1b[0m\n'}
[9.118278] (aruco_markers_msgs) StdoutLine: {'line': b"writing manifest file 'aruco_markers_msgs.egg-info/SOURCES.txt'\n"}
[9.159264] (-) TimerEvent: {}
[9.260233] (-) TimerEvent: {}
[9.348180] (aruco_markers_msgs) StdoutLine: {'line': b'[ 22%] Built target aruco_markers_msgs__rosidl_generator_c\n'}
[9.360386] (-) TimerEvent: {}
[9.461422] (-) TimerEvent: {}
[9.463102] (aruco_markers_msgs) StdoutLine: {'line': b'[ 25%] \x1b[34m\x1b[1mGenerating C type support for eProsima Fast-RTPS\x1b[0m\n'}
[9.474536] (aruco_markers_msgs) StdoutLine: {'line': b'[ 27%] \x1b[34m\x1b[1mGenerating C introspection for ROS interfaces\x1b[0m\n'}
[9.478897] (aruco_markers_msgs) StdoutLine: {'line': b'[ 30%] \x1b[34m\x1b[1mGenerating C type support dispatch for ROS interfaces\x1b[0m\n'}
[9.561584] (-) TimerEvent: {}
[9.662234] (-) TimerEvent: {}
[9.761864] (aruco_markers_msgs) StdoutLine: {'line': b'[ 30%] Built target ament_cmake_python_build_aruco_markers_msgs_egg\n'}
[9.762325] (-) TimerEvent: {}
[9.862855] (-) TimerEvent: {}
[9.953166] (speech_to_goal_interfaces) StdoutLine: {'line': b'[ 29%] \x1b[32mBuilding CXX object CMakeFiles/speech_to_goal_interfaces__rosidl_typesupport_cpp.dir/rosidl_typesupport_cpp/speech_to_goal_interfaces/msg/waypoint__type_support.cpp.o\x1b[0m\n'}
[9.963045] (-) TimerEvent: {}
[9.966876] (speech_to_goal_interfaces) StdoutLine: {'line': b'[ 31%] \x1b[32mBuilding CXX object CMakeFiles/speech_to_goal_interfaces__rosidl_typesupport_cpp.dir/rosidl_typesupport_cpp/speech_to_goal_interfaces/srv/llm_query__type_support.cpp.o\x1b[0m\n'}
[9.999593] (speech_to_goal_interfaces) StdoutLine: {'line': b'[ 33%] \x1b[32mBuilding CXX object CMakeFiles/speech_to_goal_interfaces__rosidl_typesupport_cpp.dir/rosidl_typesupport_cpp/speech_to_goal_interfaces/srv/detect_intent__type_support.cpp.o\x1b[0m\n'}
[10.063214] (-) TimerEvent: {}
[10.152913] (object_recognition_interfaces) StdoutLine: {'line': b'[ 32%] \x1b[32mBuilding CXX object CMakeFiles/object_recognition_interfaces__rosidl_typesupport_cpp.dir/rosidl_typesupport_cpp/object_recognition_interfaces/srv/detect_object__type_support.cpp.o\x1b[0m\n'}
[10.163412] (-) TimerEvent: {}
[10.185209] (object_recognition_interfaces) StdoutLine: {'line': b'[ 35%] \x1b[32mBuilding CXX object CMakeFiles/object_recognition_interfaces__rosidl_typesupport_cpp.dir/rosidl_typesupport_cpp/object_recognition_interfaces/srv/add_object__type_support.cpp.o\x1b[0m\n'}
[10.263626] (-) TimerEvent: {}
[10.364941] (-) TimerEvent: {}
[10.367343] (go1_description) StdoutLine: {'line': b'running develop\n'}
[10.465111] (-) TimerEvent: {}
[10.565864] (-) TimerEvent: {}
[10.629769] (object_recognition_interfaces) StdoutLine: {'line': b'[ 40%] \x1b[32mBuilding C object CMakeFiles/object_recognition_interfaces__rosidl_typesupport_introspection_c.dir/rosidl_typesupport_introspection_c/object_recognition_interfaces/srv/detail/detect_object__type_support.c.o\x1b[0m\n'}
[10.630267] (object_recognition_interfaces) StdoutLine: {'line': b'[ 40%] \x1b[32mBuilding C object CMakeFiles/object_recognition_interfaces__rosidl_typesupport_introspection_c.dir/rosidl_typesupport_introspection_c/object_recognition_interfaces/srv/detail/add_object__type_support.c.o\x1b[0m\n'}
[10.666042] (-) TimerEvent: {}
[10.700146] (object_recognition_interfaces) StdoutLine: {'line': b'[ 42%] \x1b[32mBuilding CXX object CMakeFiles/object_recognition_interfaces__rosidl_typesupport_introspection_cpp.dir/rosidl_typesupport_introspection_cpp/object_recognition_interfaces/srv/detail/detect_object__type_support.cpp.o\x1b[0m\n'}
[10.766217] (-) TimerEvent: {}
[10.781098] (speech_to_goal_interfaces) StdoutLine: {'line': b'[ 35%] \x1b[32mBuilding CXX object CMakeFiles/speech_to_goal_interfaces__rosidl_typesupport_introspection_cpp.dir/rosidl_typesupport_introspection_cpp/speech_to_goal_interfaces/msg/detail/waypoint__type_support.cpp.o\x1b[0m\n'}
[10.837520] (mapping_configuration) StdoutLine: {'line': b'running develop\n'}
[10.866381] (-) TimerEvent: {}
[10.873747] (object_recognition_interfaces) StdoutLine: {'line': b'[ 45%] \x1b[32mBuilding CXX object CMakeFiles/object_recognition_interfaces__rosidl_typesupport_c.dir/rosidl_typesupport_c/object_recognition_interfaces/srv/detect_object__type_support.cpp.o\x1b[0m\n'}
[10.966538] (-) TimerEvent: {}
[10.978408] (object_recognition_interfaces) StdoutLine: {'line': b'[ 47%] \x1b[32mBuilding CXX object CMakeFiles/object_recognition_interfaces__rosidl_typesupport_c.dir/rosidl_typesupport_c/object_recognition_interfaces/srv/add_object__type_support.cpp.o\x1b[0m\n'}
[10.995485] (object_recognition_interfaces) StdoutLine: {'line': b'[ 50%] \x1b[32mBuilding CXX object CMakeFiles/object_recognition_interfaces__rosidl_typesupport_fastrtps_cpp.dir/rosidl_typesupport_fastrtps_cpp/object_recognition_interfaces/srv/detail/dds_fastrtps/detect_object__type_support.cpp.o\x1b[0m\n'}
[11.020755] (object_recognition_interfaces) StdoutLine: {'line': b'[ 52%] \x1b[32m\x1b[1mLinking C shared library libobject_recognition_interfaces__rosidl_typesupport_introspection_c.so\x1b[0m\n'}
[11.021970] (speech_to_goal_interfaces) StdoutLine: {'line': b'[ 37%] \x1b[32mBuilding CXX object CMakeFiles/speech_to_goal_interfaces__rosidl_typesupport_fastrtps_cpp.dir/rosidl_typesupport_fastrtps_cpp/speech_to_goal_interfaces/msg/detail/dds_fastrtps/waypoint__type_support.cpp.o\x1b[0m\n'}
[11.039759] (asr) StdoutLine: {'line': b'running develop\n'}
[11.066718] (-) TimerEvent: {}
[11.167690] (-) TimerEvent: {}
[11.244954] (object_recognition_interfaces) StdoutLine: {'line': b'[ 55%] \x1b[32m\x1b[1mLinking CXX shared library libobject_recognition_interfaces__rosidl_typesupport_c.so\x1b[0m\n'}
[11.267882] (-) TimerEvent: {}
[11.284256] (object_recognition_interfaces) StdoutLine: {'line': b'[ 57%] \x1b[32mBuilding CXX object CMakeFiles/object_recognition_interfaces__rosidl_typesupport_introspection_cpp.dir/rosidl_typesupport_introspection_cpp/object_recognition_interfaces/srv/detail/add_object__type_support.cpp.o\x1b[0m\n'}
[11.301556] (object_recognition_interfaces) StdoutLine: {'line': b'[ 57%] Built target object_recognition_interfaces__rosidl_typesupport_introspection_c\n'}
[11.368065] (-) TimerEvent: {}
[11.380909] (object_recognition_interfaces) StdoutLine: {'line': b'[ 60%] \x1b[32mBuilding CXX object CMakeFiles/object_recognition_interfaces__rosidl_typesupport_fastrtps_cpp.dir/rosidl_typesupport_fastrtps_cpp/object_recognition_interfaces/srv/detail/dds_fastrtps/add_object__type_support.cpp.o\x1b[0m\n'}
[11.438840] (aruco_markers_msgs) StdoutLine: {'line': b'[ 32%] \x1b[32mBuilding CXX object CMakeFiles/aruco_markers_msgs__rosidl_typesupport_cpp.dir/rosidl_typesupport_cpp/aruco_markers_msgs/msg/marker__type_support.cpp.o\x1b[0m\n'}
[11.468280] (-) TimerEvent: {}
[11.485558] (aruco_markers_msgs) StdoutLine: {'line': b'[ 35%] \x1b[32mBuilding CXX object CMakeFiles/aruco_markers_msgs__rosidl_typesupport_cpp.dir/rosidl_typesupport_cpp/aruco_markers_msgs/msg/marker_array__type_support.cpp.o\x1b[0m\n'}
[11.528293] (aruco_markers_msgs) StdoutLine: {'line': b'[ 37%] \x1b[32mBuilding CXX object CMakeFiles/aruco_markers_msgs__rosidl_typesupport_introspection_cpp.dir/rosidl_typesupport_introspection_cpp/aruco_markers_msgs/msg/detail/marker_array__type_support.cpp.o\x1b[0m\n'}
[11.561612] (aruco_markers_msgs) StdoutLine: {'line': b'[ 40%] \x1b[32mBuilding CXX object CMakeFiles/aruco_markers_msgs__rosidl_typesupport_introspection_cpp.dir/rosidl_typesupport_introspection_cpp/aruco_markers_msgs/msg/detail/marker__type_support.cpp.o\x1b[0m\n'}
[11.566588] (speech_to_goal_interfaces) StdoutLine: {'line': b'[ 39%] \x1b[32mBuilding CXX object CMakeFiles/speech_to_goal_interfaces__rosidl_typesupport_introspection_cpp.dir/rosidl_typesupport_introspection_cpp/speech_to_goal_interfaces/srv/detail/llm_query__type_support.cpp.o\x1b[0m\n'}
[11.568405] (-) TimerEvent: {}
[11.614194] (object_recognition_interfaces) StdoutLine: {'line': b'[ 60%] Built target object_recognition_interfaces__rosidl_typesupport_c\n'}
[11.668944] (-) TimerEvent: {}
[11.770133] (-) TimerEvent: {}
[11.871231] (-) TimerEvent: {}
[11.931238] (speech_to_goal_interfaces) StdoutLine: {'line': b'[ 41%] \x1b[32mBuilding CXX object CMakeFiles/speech_to_goal_interfaces__rosidl_typesupport_c.dir/rosidl_typesupport_c/speech_to_goal_interfaces/msg/waypoint__type_support.cpp.o\x1b[0m\n'}
[11.941306] (aruco_markers_msgs) StdoutLine: {'line': b'[ 42%] \x1b[32mBuilding CXX object CMakeFiles/aruco_markers_msgs__rosidl_typesupport_fastrtps_cpp.dir/rosidl_typesupport_fastrtps_cpp/aruco_markers_msgs/msg/detail/dds_fastrtps/marker__type_support.cpp.o\x1b[0m\n'}
[11.965584] (object_recognition_interfaces) StdoutLine: {'line': b'[ 62%] \x1b[32mBuilding CXX object CMakeFiles/object_recognition_interfaces__rosidl_typesupport_fastrtps_c.dir/rosidl_typesupport_fastrtps_c/object_recognition_interfaces/srv/detail/detect_object__type_support_c.cpp.o\x1b[0m\n'}
[11.971415] (-) TimerEvent: {}
[11.981294] (object_recognition_interfaces) StdoutLine: {'line': b'[ 65%] \x1b[32mBuilding CXX object CMakeFiles/object_recognition_interfaces__rosidl_typesupport_fastrtps_c.dir/rosidl_typesupport_fastrtps_c/object_recognition_interfaces/srv/detail/add_object__type_support_c.cpp.o\x1b[0m\n'}
[12.071617] (-) TimerEvent: {}
[12.172340] (-) TimerEvent: {}
[12.195726] (speech_to_goal_interfaces) StdoutLine: {'line': b'[ 43%] \x1b[32mBuilding CXX object CMakeFiles/speech_to_goal_interfaces__rosidl_typesupport_c.dir/rosidl_typesupport_c/speech_to_goal_interfaces/srv/llm_query__type_support.cpp.o\x1b[0m\n'}
[12.203525] (speech_to_goal_interfaces) StdoutLine: {'line': b'[ 45%] \x1b[32mBuilding CXX object CMakeFiles/speech_to_goal_interfaces__rosidl_typesupport_introspection_cpp.dir/rosidl_typesupport_introspection_cpp/speech_to_goal_interfaces/srv/detail/detect_intent__type_support.cpp.o\x1b[0m\n'}
[12.272567] (-) TimerEvent: {}
[12.303503] (object_recognition_interfaces) StdoutLine: {'line': b'[ 67%] \x1b[32m\x1b[1mLinking CXX shared library libobject_recognition_interfaces__rosidl_typesupport_cpp.so\x1b[0m\n'}
[12.304115] (speech_to_goal_interfaces) StdoutLine: {'line': b'[ 47%] \x1b[32m\x1b[1mLinking CXX shared library libspeech_to_goal_interfaces__rosidl_typesupport_cpp.so\x1b[0m\n'}
[12.372734] (-) TimerEvent: {}
[12.473484] (-) TimerEvent: {}
[12.493288] (speech_to_goal_interfaces) StdoutLine: {'line': b'[ 50%] \x1b[32mBuilding CXX object CMakeFiles/speech_to_goal_interfaces__rosidl_typesupport_c.dir/rosidl_typesupport_c/speech_to_goal_interfaces/srv/detect_intent__type_support.cpp.o\x1b[0m\n'}
[12.573662] (-) TimerEvent: {}
[12.655324] (speech_to_goal_interfaces) StdoutLine: {'line': b'[ 52%] \x1b[32mBuilding C object CMakeFiles/speech_to_goal_interfaces__rosidl_typesupport_introspection_c.dir/rosidl_typesupport_introspection_c/speech_to_goal_interfaces/msg/detail/waypoint__type_support.c.o\x1b[0m\n'}
[12.673851] (-) TimerEvent: {}
[12.760583] (speech_to_goal_interfaces) StdoutLine: {'line': b'[ 52%] Built target speech_to_goal_interfaces__rosidl_typesupport_cpp\n'}
[12.774497] (-) TimerEvent: {}
[12.775224] (object_recognition_interfaces) StdoutLine: {'line': b'[ 67%] Built target object_recognition_interfaces__rosidl_typesupport_cpp\n'}
[12.829313] (speech_to_goal_interfaces) StdoutLine: {'line': b'[ 54%] \x1b[32m\x1b[1mLinking CXX shared library libspeech_to_goal_interfaces__rosidl_typesupport_c.so\x1b[0m\n'}
[12.874340] (-) TimerEvent: {}
[12.875697] (speech_to_goal_interfaces) StdoutLine: {'line': b'[ 56%] \x1b[32mBuilding CXX object CMakeFiles/speech_to_goal_interfaces__rosidl_typesupport_fastrtps_cpp.dir/rosidl_typesupport_fastrtps_cpp/speech_to_goal_interfaces/srv/detail/dds_fastrtps/llm_query__type_support.cpp.o\x1b[0m\n'}
[12.969054] (speech_to_goal_interfaces) StdoutLine: {'line': b'[ 58%] \x1b[32mBuilding C object CMakeFiles/speech_to_goal_interfaces__rosidl_typesupport_introspection_c.dir/rosidl_typesupport_introspection_c/speech_to_goal_interfaces/srv/detail/llm_query__type_support.c.o\x1b[0m\n'}
[12.974507] (-) TimerEvent: {}
[12.991516] (speech_to_goal_interfaces) StdoutLine: {'line': b'[ 60%] \x1b[32mBuilding CXX object CMakeFiles/speech_to_goal_interfaces__rosidl_typesupport_fastrtps_c.dir/rosidl_typesupport_fastrtps_c/speech_to_goal_interfaces/msg/detail/waypoint__type_support_c.cpp.o\x1b[0m\n'}
[13.013617] (aruco_markers_msgs) StdoutLine: {'line': b'[ 45%] \x1b[32mBuilding CXX object CMakeFiles/aruco_markers_msgs__rosidl_typesupport_c.dir/rosidl_typesupport_c/aruco_markers_msgs/msg/marker__type_support.cpp.o\x1b[0m\n'}
[13.021773] (aruco_markers_msgs) StdoutLine: {'line': b'[ 47%] \x1b[32mBuilding CXX object CMakeFiles/aruco_markers_msgs__rosidl_typesupport_fastrtps_c.dir/rosidl_typesupport_fastrtps_c/aruco_markers_msgs/msg/detail/marker__type_support_c.cpp.o\x1b[0m\n'}
[13.074689] (-) TimerEvent: {}
[13.079687] (go1_description) StdoutLine: {'line': b'running egg_info\n'}
[13.080179] (go1_description) StdoutLine: {'line': b'creating go1_description.egg-info\n'}
[13.095821] (mapping_configuration) StdoutLine: {'line': b'running egg_info\n'}
[13.096454] (mapping_configuration) StdoutLine: {'line': b'creating mapping_configuration.egg-info\n'}
[13.141884] (speech_to_goal_interfaces) StdoutLine: {'line': b'[ 60%] Built target speech_to_goal_interfaces__rosidl_typesupport_c\n'}
[13.174880] (-) TimerEvent: {}
[13.220081] (mapping_configuration) StdoutLine: {'line': b'writing mapping_configuration.egg-info/PKG-INFO\n'}
[13.233426] (mapping_configuration) StdoutLine: {'line': b'writing dependency_links to mapping_configuration.egg-info/dependency_links.txt\n'}
[13.234693] (mapping_configuration) StdoutLine: {'line': b'writing entry points to mapping_configuration.egg-info/entry_points.txt\n'}
[13.235605] (mapping_configuration) StdoutLine: {'line': b'writing requirements to mapping_configuration.egg-info/requires.txt\n'}
[13.236280] (mapping_configuration) StdoutLine: {'line': b'writing top-level names to mapping_configuration.egg-info/top_level.txt\n'}
[13.237022] (mapping_configuration) StdoutLine: {'line': b"writing manifest file 'mapping_configuration.egg-info/SOURCES.txt'\n"}
[13.269349] (go1_description) StdoutLine: {'line': b'writing go1_description.egg-info/PKG-INFO\n'}
[13.275070] (-) TimerEvent: {}
[13.285372] (go1_description) StdoutLine: {'line': b'writing dependency_links to go1_description.egg-info/dependency_links.txt\n'}
[13.286427] (go1_description) StdoutLine: {'line': b'writing requirements to go1_description.egg-info/requires.txt\n'}
[13.291745] (go1_description) StdoutLine: {'line': b'writing top-level names to go1_description.egg-info/top_level.txt\n'}
[13.292683] (go1_description) StdoutLine: {'line': b"writing manifest file 'go1_description.egg-info/SOURCES.txt'\n"}
[13.301299] (speech_to_goal_interfaces) StdoutLine: {'line': b'[ 62%] \x1b[32mBuilding C object CMakeFiles/speech_to_goal_interfaces__rosidl_typesupport_introspection_c.dir/rosidl_typesupport_introspection_c/speech_to_goal_interfaces/srv/detail/detect_intent__type_support.c.o\x1b[0m\n'}
[13.302335] (speech_to_goal_interfaces) StdoutLine: {'line': b'[ 64%] \x1b[32mBuilding CXX object CMakeFiles/speech_to_goal_interfaces__rosidl_typesupport_fastrtps_c.dir/rosidl_typesupport_fastrtps_c/speech_to_goal_interfaces/srv/detail/llm_query__type_support_c.cpp.o\x1b[0m\n'}
[13.307148] (aruco_markers_msgs) StdoutLine: {'line': b'[ 50%] \x1b[32mBuilding CXX object CMakeFiles/aruco_markers_msgs__rosidl_typesupport_c.dir/rosidl_typesupport_c/aruco_markers_msgs/msg/marker_array__type_support.cpp.o\x1b[0m\n'}
[13.375279] (-) TimerEvent: {}
[13.476048] (-) TimerEvent: {}
[13.532926] (speech_to_goal_interfaces) StdoutLine: {'line': b'[ 66%] \x1b[32m\x1b[1mLinking C shared library libspeech_to_goal_interfaces__rosidl_typesupport_introspection_c.so\x1b[0m\n'}
[13.571743] (aruco_markers_msgs) StdoutLine: {'line': b'[ 52%] \x1b[32m\x1b[1mLinking CXX shared library libaruco_markers_msgs__rosidl_typesupport_c.so\x1b[0m\n'}
[13.576204] (-) TimerEvent: {}
[13.594761] (mapping_configuration) StdoutLine: {'line': b"reading manifest file 'mapping_configuration.egg-info/SOURCES.txt'\n"}
[13.596421] (mapping_configuration) StdoutLine: {'line': b"writing manifest file 'mapping_configuration.egg-info/SOURCES.txt'\n"}
[13.667161] (speech_to_goal_interfaces) StdoutLine: {'line': b'[ 66%] Built target speech_to_goal_interfaces__rosidl_typesupport_introspection_c\n'}
[13.676409] (-) TimerEvent: {}
[13.728457] (aruco_markers_msgs) StdoutLine: {'line': b'[ 52%] Built target aruco_markers_msgs__rosidl_typesupport_c\n'}
[13.742845] (go1_description) StdoutLine: {'line': b"reading manifest file 'go1_description.egg-info/SOURCES.txt'\n"}
[13.744756] (go1_description) StdoutLine: {'line': b"writing manifest file 'go1_description.egg-info/SOURCES.txt'\n"}
[13.778023] (mapping_configuration) StdoutLine: {'line': b'running build_ext\n'}
[13.778515] (-) TimerEvent: {}
[13.779818] (mapping_configuration) StdoutLine: {'line': b'Creating /home/tknika/gral-iiriondo-main/unitree_ws/install/mapping_configuration/lib/python3.10/site-packages/mapping-configuration.egg-link (link to .)\n'}
[13.780507] (mapping_configuration) StdoutLine: {'line': b'Installing mapping_publishers script to /home/tknika/gral-iiriondo-main/unitree_ws/install/mapping_configuration/lib/mapping_configuration\n'}
[13.780820] (mapping_configuration) StdoutLine: {'line': b'\n'}
[13.780964] (mapping_configuration) StdoutLine: {'line': b'Installed /home/tknika/gral-iiriondo-main/unitree_ws/build/mapping_configuration\n'}
[13.781099] (mapping_configuration) StdoutLine: {'line': b'running symlink_data\n'}
[13.781226] (mapping_configuration) StdoutLine: {'line': b'creating /home/tknika/gral-iiriondo-main/unitree_ws/install/mapping_configuration/share/ament_index\n'}
[13.781351] (mapping_configuration) StdoutLine: {'line': b'creating /home/tknika/gral-iiriondo-main/unitree_ws/install/mapping_configuration/share/ament_index/resource_index\n'}
[13.781475] (mapping_configuration) StdoutLine: {'line': b'creating /home/tknika/gral-iiriondo-main/unitree_ws/install/mapping_configuration/share/ament_index/resource_index/packages\n'}
[13.781593] (mapping_configuration) StdoutLine: {'line': b'symbolically linking /home/tknika/gral-iiriondo-main/unitree_ws/build/mapping_configuration/resource/mapping_configuration -> /home/tknika/gral-iiriondo-main/unitree_ws/install/mapping_configuration/share/ament_index/resource_index/packages\n'}
[13.782746] (mapping_configuration) StdoutLine: {'line': b'symbolically linking /home/tknika/gral-iiriondo-main/unitree_ws/build/mapping_configuration/package.xml -> /home/tknika/gral-iiriondo-main/unitree_ws/install/mapping_configuration/share/mapping_configuration\n'}
[13.878743] (-) TimerEvent: {}
[13.938980] (go1_description) StdoutLine: {'line': b'running build_ext\n'}
[13.939898] (aruco_markers_msgs) StdoutLine: {'line': b'[ 55%] \x1b[32m\x1b[1mLinking CXX shared library libaruco_markers_msgs__rosidl_typesupport_cpp.so\x1b[0m\n'}
[13.949325] (go1_description) StdoutLine: {'line': b'Creating /home/tknika/gral-iiriondo-main/unitree_ws/install/go1_description/lib/python3.10/site-packages/go1-description.egg-link (link to .)\n'}
[13.959228] (go1_description) StdoutLine: {'line': b'\n'}
[13.959803] (go1_description) StdoutLine: {'line': b'Installed /home/tknika/gral-iiriondo-main/unitree_ws/build/go1_description\n'}
[13.960135] (go1_description) StdoutLine: {'line': b'running symlink_data\n'}
[13.960669] (go1_description) StdoutLine: {'line': b'creating /home/tknika/gral-iiriondo-main/unitree_ws/install/go1_description/share/ament_index\n'}
[13.961170] (go1_description) StdoutLine: {'line': b'creating /home/tknika/gral-iiriondo-main/unitree_ws/install/go1_description/share/ament_index/resource_index\n'}
[13.961569] (go1_description) StdoutLine: {'line': b'creating /home/tknika/gral-iiriondo-main/unitree_ws/install/go1_description/share/ament_index/resource_index/packages\n'}
[13.962216] (go1_description) StdoutLine: {'line': b'symbolically linking /home/tknika/gral-iiriondo-main/unitree_ws/build/go1_description/resource/go1_description -> /home/tknika/gral-iiriondo-main/unitree_ws/install/go1_description/share/ament_index/resource_index/packages\n'}
[13.965458] (go1_description) StdoutLine: {'line': b'symbolically linking /home/tknika/gral-iiriondo-main/unitree_ws/build/go1_description/package.xml -> /home/tknika/gral-iiriondo-main/unitree_ws/install/go1_description/share/go1_description\n'}
[13.966000] (go1_description) StdoutLine: {'line': b'creating /home/tknika/gral-iiriondo-main/unitree_ws/install/go1_description/share/go1_description/launch\n'}
[13.966432] (go1_description) StdoutLine: {'line': b'symbolically linking /home/tknika/gral-iiriondo-main/unitree_ws/build/go1_description/launch/go1_rviz.launch.py -> /home/tknika/gral-iiriondo-main/unitree_ws/install/go1_description/share/go1_description/launch\n'}
[13.966989] (go1_description) StdoutLine: {'line': b'creating /home/tknika/gral-iiriondo-main/unitree_ws/install/go1_description/share/go1_description/urdf\n'}
[13.967534] (go1_description) StdoutLine: {'line': b'symbolically linking /home/tknika/gral-iiriondo-main/unitree_ws/build/go1_description/urdf/go1.urdf -> /home/tknika/gral-iiriondo-main/unitree_ws/install/go1_description/share/go1_description/urdf\n'}
[13.968101] (go1_description) StdoutLine: {'line': b'creating /home/tknika/gral-iiriondo-main/unitree_ws/install/go1_description/share/go1_description/xacro\n'}
[13.973433] (go1_description) StdoutLine: {'line': b'symbolically linking /home/tknika/gral-iiriondo-main/unitree_ws/build/go1_description/xacro/const.xacro -> /home/tknika/gral-iiriondo-main/unitree_ws/install/go1_description/share/go1_description/xacro\n'}
[13.974106] (go1_description) StdoutLine: {'line': b'symbolically linking /home/tknika/gral-iiriondo-main/unitree_ws/build/go1_description/xacro/gazebo.xacro -> /home/tknika/gral-iiriondo-main/unitree_ws/install/go1_description/share/go1_description/xacro\n'}
[13.974699] (go1_description) StdoutLine: {'line': b'symbolically linking /home/tknika/gral-iiriondo-main/unitree_ws/build/go1_description/xacro/depthCamera.xacro -> /home/tknika/gral-iiriondo-main/unitree_ws/install/go1_description/share/go1_description/xacro\n'}
[13.978936] (-) TimerEvent: {}
[13.979932] (go1_description) StdoutLine: {'line': b'symbolically linking /home/tknika/gral-iiriondo-main/unitree_ws/build/go1_description/xacro/materials.xacro -> /home/tknika/gral-iiriondo-main/unitree_ws/install/go1_description/share/go1_description/xacro\n'}
[13.980832] (go1_description) StdoutLine: {'line': b'symbolically linking /home/tknika/gral-iiriondo-main/unitree_ws/build/go1_description/xacro/transmission.xacro -> /home/tknika/gral-iiriondo-main/unitree_ws/install/go1_description/share/go1_description/xacro\n'}
[13.981560] (go1_description) StdoutLine: {'line': b'symbolically linking /home/tknika/gral-iiriondo-main/unitree_ws/build/go1_description/xacro/robot.xacro -> /home/tknika/gral-iiriondo-main/unitree_ws/install/go1_description/share/go1_description/xacro\n'}
[13.982305] (go1_description) StdoutLine: {'line': b'symbolically linking /home/tknika/gral-iiriondo-main/unitree_ws/build/go1_description/xacro/leg.xacro -> /home/tknika/gral-iiriondo-main/unitree_ws/install/go1_description/share/go1_description/xacro\n'}
[13.982847] (go1_description) StdoutLine: {'line': b'symbolically linking /home/tknika/gral-iiriondo-main/unitree_ws/build/go1_description/xacro/ultraSound.xacro -> /home/tknika/gral-iiriondo-main/unitree_ws/install/go1_description/share/go1_description/xacro\n'}
[13.983385] (go1_description) StdoutLine: {'line': b'creating /home/tknika/gral-iiriondo-main/unitree_ws/install/go1_description/share/go1_description/meshes\n'}
[13.983952] (go1_description) StdoutLine: {'line': b'symbolically linking /home/tknika/gral-iiriondo-main/unitree_ws/build/go1_description/meshes/calf.dae -> /home/tknika/gral-iiriondo-main/unitree_ws/install/go1_description/share/go1_description/meshes\n'}
[13.984768] (go1_description) StdoutLine: {'line': b'symbolically linking /home/tknika/gral-iiriondo-main/unitree_ws/build/go1_description/meshes/hip.dae -> /home/tknika/gral-iiriondo-main/unitree_ws/install/go1_description/share/go1_description/meshes\n'}
[13.989551] (go1_description) StdoutLine: {'line': b'symbolically linking /home/tknika/gral-iiriondo-main/unitree_ws/build/go1_description/meshes/ultraSound.dae -> /home/tknika/gral-iiriondo-main/unitree_ws/install/go1_description/share/go1_description/meshes\n'}
[13.990173] (go1_description) StdoutLine: {'line': b'symbolically linking /home/tknika/gral-iiriondo-main/unitree_ws/build/go1_description/meshes/depthCamera.dae -> /home/tknika/gral-iiriondo-main/unitree_ws/install/go1_description/share/go1_description/meshes\n'}
[13.990505] (go1_description) StdoutLine: {'line': b'symbolically linking /home/tknika/gral-iiriondo-main/unitree_ws/build/go1_description/meshes/thigh.dae -> /home/tknika/gral-iiriondo-main/unitree_ws/install/go1_description/share/go1_description/meshes\n'}
[13.990708] (go1_description) StdoutLine: {'line': b'symbolically linking /home/tknika/gral-iiriondo-main/unitree_ws/build/go1_description/meshes/thigh_mirror.dae -> /home/tknika/gral-iiriondo-main/unitree_ws/install/go1_description/share/go1_description/meshes\n'}
[14.001478] (go1_description) StdoutLine: {'line': b'symbolically linking /home/tknika/gral-iiriondo-main/unitree_ws/build/go1_description/meshes/trunk.dae -> /home/tknika/gral-iiriondo-main/unitree_ws/install/go1_description/share/go1_description/meshes\n'}
[14.079140] (-) TimerEvent: {}
[14.179874] (-) TimerEvent: {}
[14.196445] (object_recognition_interfaces) StdoutLine: {'line': b'[ 70%] \x1b[32m\x1b[1mLinking CXX shared library libobject_recognition_interfaces__rosidl_typesupport_introspection_cpp.so\x1b[0m\n'}
[14.204430] (asr) StdoutLine: {'line': b'running egg_info\n'}
[14.228587] (asr) StdoutLine: {'line': b'creating asr.egg-info\n'}
[14.244856] (aruco_markers_msgs) StdoutLine: {'line': b'[ 57%] \x1b[32mBuilding C object CMakeFiles/aruco_markers_msgs__rosidl_typesupport_introspection_c.dir/rosidl_typesupport_introspection_c/aruco_markers_msgs/msg/detail/marker__type_support.c.o\x1b[0m\n'}
[14.280075] (-) TimerEvent: {}
[14.293479] (aruco_markers_msgs) StdoutLine: {'line': b'[ 57%] Built target aruco_markers_msgs__rosidl_typesupport_cpp\n'}
[14.380296] (-) TimerEvent: {}
[14.396112] (asr) StdoutLine: {'line': b'writing asr.egg-info/PKG-INFO\n'}
[14.411345] (asr) StdoutLine: {'line': b'writing dependency_links to asr.egg-info/dependency_links.txt\n'}
[14.412069] (asr) StdoutLine: {'line': b'writing entry points to asr.egg-info/entry_points.txt\n'}
[14.412667] (asr) StdoutLine: {'line': b'writing requirements to asr.egg-info/requires.txt\n'}
[14.413100] (asr) StdoutLine: {'line': b'writing top-level names to asr.egg-info/top_level.txt\n'}
[14.413602] (asr) StdoutLine: {'line': b"writing manifest file 'asr.egg-info/SOURCES.txt'\n"}
[14.462351] (aruco_markers_msgs) StdoutLine: {'line': b'[ 60%] \x1b[32mBuilding C object CMakeFiles/aruco_markers_msgs__rosidl_typesupport_introspection_c.dir/rosidl_typesupport_introspection_c/aruco_markers_msgs/msg/detail/marker_array__type_support.c.o\x1b[0m\n'}
[14.480694] (-) TimerEvent: {}
[14.501877] (aruco_markers_msgs) StdoutLine: {'line': b'[ 62%] \x1b[32m\x1b[1mLinking CXX shared library libaruco_markers_msgs__rosidl_typesupport_introspection_cpp.so\x1b[0m\n'}
[14.552897] (mapping_configuration) CommandEnded: {'returncode': 0}
[14.555632] (standing_mode) StdoutLine: {'line': b'running develop\n'}
[14.556344] (standing_mode) StdoutLine: {'line': b'running egg_info\n'}
[14.557203] (standing_mode) StdoutLine: {'line': b'creating standing_mode.egg-info\n'}
[14.557512] (standing_mode) StdoutLine: {'line': b'writing standing_mode.egg-info/PKG-INFO\n'}
[14.557677] (standing_mode) StdoutLine: {'line': b'writing dependency_links to standing_mode.egg-info/dependency_links.txt\n'}
[14.557873] (standing_mode) StdoutLine: {'line': b'writing entry points to standing_mode.egg-info/entry_points.txt\n'}
[14.558020] (standing_mode) StdoutLine: {'line': b'writing requirements to standing_mode.egg-info/requires.txt\n'}
[14.558155] (standing_mode) StdoutLine: {'line': b'writing top-level names to standing_mode.egg-info/top_level.txt\n'}
[14.558354] (standing_mode) StdoutLine: {'line': b"writing manifest file 'standing_mode.egg-info/SOURCES.txt'\n"}
[14.558562] (standing_mode) StdoutLine: {'line': b"reading manifest file 'standing_mode.egg-info/SOURCES.txt'\n"}
[14.558729] (standing_mode) StdoutLine: {'line': b"writing manifest file 'standing_mode.egg-info/SOURCES.txt'\n"}
[14.558981] (standing_mode) StdoutLine: {'line': b'running build_ext\n'}
[14.559155] (standing_mode) StdoutLine: {'line': b'Creating /home/tknika/gral-iiriondo-main/unitree_ws/install/standing_mode/lib/python3.10/site-packages/standing-mode.egg-link (link to .)\n'}
[14.559630] (standing_mode) StdoutLine: {'line': b'Installing standing_mode script to /home/tknika/gral-iiriondo-main/unitree_ws/install/standing_mode/lib/standing_mode\n'}
[14.560019] (standing_mode) StdoutLine: {'line': b'\n'}
[14.560270] (standing_mode) StdoutLine: {'line': b'Installed /home/tknika/gral-iiriondo-main/unitree_ws/build/standing_mode\n'}
[14.560973] (standing_mode) StdoutLine: {'line': b'running symlink_data\n'}
[14.561267] (standing_mode) StdoutLine: {'line': b'creating /home/tknika/gral-iiriondo-main/unitree_ws/install/standing_mode/share/ament_index\n'}
[14.561427] (standing_mode) StdoutLine: {'line': b'creating /home/tknika/gral-iiriondo-main/unitree_ws/install/standing_mode/share/ament_index/resource_index\n'}
[14.561576] (standing_mode) StdoutLine: {'line': b'creating /home/tknika/gral-iiriondo-main/unitree_ws/install/standing_mode/share/ament_index/resource_index/packages\n'}
[14.561836] (standing_mode) StdoutLine: {'line': b'symbolically linking /home/tknika/gral-iiriondo-main/unitree_ws/build/standing_mode/resource/standing_mode -> /home/tknika/gral-iiriondo-main/unitree_ws/install/standing_mode/share/ament_index/resource_index/packages\n'}
[14.562344] (standing_mode) StdoutLine: {'line': b'symbolically linking /home/tknika/gral-iiriondo-main/unitree_ws/build/standing_mode/package.xml -> /home/tknika/gral-iiriondo-main/unitree_ws/install/standing_mode/share/standing_mode\n'}
[14.562742] (standing_mode) StdoutLine: {'line': b'creating /home/tknika/gral-iiriondo-main/unitree_ws/install/standing_mode/share/standing_mode/launch\n'}
[14.562902] (standing_mode) StdoutLine: {'line': b'symbolically linking /home/tknika/gral-iiriondo-main/unitree_ws/build/standing_mode/launch/standing_mode.launch.py -> /home/tknika/gral-iiriondo-main/unitree_ws/install/standing_mode/share/standing_mode/launch\n'}
[14.563223] (standing_mode) StdoutLine: {'line': b'creating /home/tknika/gral-iiriondo-main/unitree_ws/install/standing_mode/share/standing_mode/script\n'}
[14.563450] (standing_mode) StdoutLine: {'line': b'symbolically linking /home/tknika/gral-iiriondo-main/unitree_ws/build/standing_mode/script/unitree_stand.py -> /home/tknika/gral-iiriondo-main/unitree_ws/install/standing_mode/share/standing_mode/script\n'}
[14.580819] (-) TimerEvent: {}
[14.681699] (mapping_configuration) JobEnded: {'identifier': 'mapping_configuration', 'rc': 0}
[14.683125] (-) TimerEvent: {}
[14.696167] (standing_mode) CommandEnded: {'returncode': 0}
[14.698136] (object_recognition_interfaces) StdoutLine: {'line': b'[ 72%] \x1b[32m\x1b[1mLinking CXX shared library libobject_recognition_interfaces__rosidl_typesupport_fastrtps_cpp.so\x1b[0m\n'}
[14.740339] (object_recognition_interfaces) StdoutLine: {'line': b'[ 72%] Built target object_recognition_interfaces__rosidl_typesupport_introspection_cpp\n'}
[14.747243] (asr) StdoutLine: {'line': b"reading manifest file 'asr.egg-info/SOURCES.txt'\n"}
[14.750137] (asr) StdoutLine: {'line': b"writing manifest file 'asr.egg-info/SOURCES.txt'\n"}
[14.761847] (standing_mode) JobEnded: {'identifier': 'standing_mode', 'rc': 0}
[14.762940] (aruco_markers_msgs) StdoutLine: {'line': b'[ 65%] \x1b[32m\x1b[1mLinking C shared library libaruco_markers_msgs__rosidl_typesupport_introspection_c.so\x1b[0m\n'}
[14.765900] (go1_description) CommandEnded: {'returncode': 0}
[14.783321] (-) TimerEvent: {}
[14.814522] (asr) StdoutLine: {'line': b'running build_ext\n'}
[14.814978] (asr) StdoutLine: {'line': b'Creating /home/tknika/gral-iiriondo-main/unitree_ws/install/asr/lib/python3.10/site-packages/asr.egg-link (link to .)\n'}
[14.817451] (asr) StdoutLine: {'line': b'Installing vosk_node script to /home/tknika/gral-iiriondo-main/unitree_ws/install/asr/lib/asr\n'}
[14.822097] (asr) StdoutLine: {'line': b'Installing whisper_medium_node script to /home/tknika/gral-iiriondo-main/unitree_ws/install/asr/lib/asr\n'}
[14.823930] (asr) StdoutLine: {'line': b'\n'}
[14.824183] (asr) StdoutLine: {'line': b'Installed /home/tknika/gral-iiriondo-main/unitree_ws/build/asr\n'}
[14.824330] (asr) StdoutLine: {'line': b'running symlink_data\n'}
[14.824512] (asr) StdoutLine: {'line': b'creating /home/tknika/gral-iiriondo-main/unitree_ws/install/asr/share/ament_index\n'}
[14.824691] (asr) StdoutLine: {'line': b'creating /home/tknika/gral-iiriondo-main/unitree_ws/install/asr/share/ament_index/resource_index\n'}
[14.824822] (asr) StdoutLine: {'line': b'creating /home/tknika/gral-iiriondo-main/unitree_ws/install/asr/share/ament_index/resource_index/packages\n'}
[14.824953] (asr) StdoutLine: {'line': b'symbolically linking /home/tknika/gral-iiriondo-main/unitree_ws/build/asr/resource/asr -> /home/tknika/gral-iiriondo-main/unitree_ws/install/asr/share/ament_index/resource_index/packages\n'}
[14.825096] (asr) StdoutLine: {'line': b'symbolically linking /home/tknika/gral-iiriondo-main/unitree_ws/build/asr/package.xml -> /home/tknika/gral-iiriondo-main/unitree_ws/install/asr/share/asr\n'}
[14.825222] (asr) StdoutLine: {'line': b'creating /home/tknika/gral-iiriondo-main/unitree_ws/install/asr/share/asr/launch\n'}
[14.825349] (asr) StdoutLine: {'line': b'symbolically linking /home/tknika/gral-iiriondo-main/unitree_ws/build/asr/launch/vosk.launch.py -> /home/tknika/gral-iiriondo-main/unitree_ws/install/asr/share/asr/launch\n'}
[14.825480] (asr) StdoutLine: {'line': b'symbolically linking /home/tknika/gral-iiriondo-main/unitree_ws/build/asr/launch/whisper_medium.launch.py -> /home/tknika/gral-iiriondo-main/unitree_ws/install/asr/share/asr/launch\n'}
[14.828617] (go1_description) JobEnded: {'identifier': 'go1_description', 'rc': 0}
[14.883545] (-) TimerEvent: {}
[14.925994] (object_recognition_interfaces) StdoutLine: {'line': b'[ 75%] \x1b[32m\x1b[1mLinking CXX shared library libobject_recognition_interfaces__rosidl_typesupport_fastrtps_c.so\x1b[0m\n'}
[14.932668] (aruco_markers_msgs) StdoutLine: {'line': b'[ 65%] Built target aruco_markers_msgs__rosidl_typesupport_introspection_c\n'}
[14.961629] (aruco_markers_msgs) StdoutLine: {'line': b'[ 67%] \x1b[32mBuilding CXX object CMakeFiles/aruco_markers_msgs__rosidl_typesupport_fastrtps_cpp.dir/rosidl_typesupport_fastrtps_cpp/aruco_markers_msgs/msg/detail/dds_fastrtps/marker_array__type_support.cpp.o\x1b[0m\n'}
[14.962265] (aruco_markers_msgs) StdoutLine: {'line': b'[ 67%] Built target aruco_markers_msgs__rosidl_typesupport_introspection_cpp\n'}
[14.980292] (aruco_markers_msgs) StdoutLine: {'line': b'[ 70%] \x1b[32mBuilding CXX object CMakeFiles/aruco_markers_msgs__rosidl_typesupport_fastrtps_c.dir/rosidl_typesupport_fastrtps_c/aruco_markers_msgs/msg/detail/marker_array__type_support_c.cpp.o\x1b[0m\n'}
[14.983719] (-) TimerEvent: {}
[15.039778] (speech_to_goal_interfaces) StdoutLine: {'line': b'[ 68%] \x1b[32m\x1b[1mLinking CXX shared library libspeech_to_goal_interfaces__rosidl_typesupport_introspection_cpp.so\x1b[0m\n'}
[15.065739] (object_recognition_interfaces) StdoutLine: {'line': b'[ 75%] Built target object_recognition_interfaces__rosidl_typesupport_fastrtps_cpp\n'}
[15.081477] (asr) CommandEnded: {'returncode': 0}
[15.083865] (-) TimerEvent: {}
[15.102181] (asr) JobEnded: {'identifier': 'asr', 'rc': 0}
[15.146235] (speech_to_goal_interfaces) StdoutLine: {'line': b'[ 70%] \x1b[32mBuilding CXX object CMakeFiles/speech_to_goal_interfaces__rosidl_typesupport_fastrtps_c.dir/rosidl_typesupport_fastrtps_c/speech_to_goal_interfaces/srv/detail/detect_intent__type_support_c.cpp.o\x1b[0m\n'}
[15.163062] (object_recognition_interfaces) StdoutLine: {'line': b'[ 75%] Built target object_recognition_interfaces__rosidl_typesupport_fastrtps_c\n'}
[15.184082] (-) TimerEvent: {}
[15.199401] (speech_to_goal_interfaces) StdoutLine: {'line': b'[ 70%] Built target speech_to_goal_interfaces__rosidl_typesupport_introspection_cpp\n'}
[15.213640] (object_recognition_interfaces) StdoutLine: {'line': b'[ 75%] Built target object_recognition_interfaces\n'}
[15.257055] (object_recognition_interfaces) StdoutLine: {'line': b'[ 77%] \x1b[34m\x1b[1mGenerating Python code for ROS interfaces\x1b[0m\n'}
[15.269508] (speech_to_goal_interfaces) StdoutLine: {'line': b'[ 72%] \x1b[32mBuilding CXX object CMakeFiles/speech_to_goal_interfaces__rosidl_typesupport_fastrtps_cpp.dir/rosidl_typesupport_fastrtps_cpp/speech_to_goal_interfaces/srv/detail/dds_fastrtps/detect_intent__type_support.cpp.o\x1b[0m\n'}
[15.284244] (-) TimerEvent: {}
[15.384949] (-) TimerEvent: {}
[15.485621] (-) TimerEvent: {}
[15.586316] (-) TimerEvent: {}
[15.687076] (-) TimerEvent: {}
[15.693671] (aruco_markers_msgs) StdoutLine: {'line': b'[ 72%] \x1b[32m\x1b[1mLinking CXX shared library libaruco_markers_msgs__rosidl_typesupport_fastrtps_c.so\x1b[0m\n'}
[15.787245] (-) TimerEvent: {}
[15.859621] (aruco_markers_msgs) StdoutLine: {'line': b'[ 72%] Built target aruco_markers_msgs__rosidl_typesupport_fastrtps_c\n'}
[15.863274] (speech_to_goal_interfaces) StdoutLine: {'line': b'[ 75%] \x1b[32m\x1b[1mLinking CXX shared library libspeech_to_goal_interfaces__rosidl_typesupport_fastrtps_c.so\x1b[0m\n'}
[15.887424] (-) TimerEvent: {}
[15.962950] (aruco_markers_msgs) StdoutLine: {'line': b'[ 75%] \x1b[32m\x1b[1mLinking CXX shared library libaruco_markers_msgs__rosidl_typesupport_fastrtps_cpp.so\x1b[0m\n'}
[15.987583] (-) TimerEvent: {}
[16.004442] (speech_to_goal_interfaces) StdoutLine: {'line': b'[ 75%] Built target speech_to_goal_interfaces__rosidl_typesupport_fastrtps_c\n'}
[16.087750] (-) TimerEvent: {}
[16.110572] (speech_to_goal_interfaces) StdoutLine: {'line': b'[ 77%] \x1b[32m\x1b[1mLinking CXX shared library libspeech_to_goal_interfaces__rosidl_typesupport_fastrtps_cpp.so\x1b[0m\n'}
[16.111116] (aruco_markers_msgs) StdoutLine: {'line': b'[ 75%] Built target aruco_markers_msgs__rosidl_typesupport_fastrtps_cpp\n'}
[16.149623] (aruco_markers_msgs) StdoutLine: {'line': b'[ 75%] Built target aruco_markers_msgs\n'}
[16.187925] (-) TimerEvent: {}
[16.190255] (aruco_markers_msgs) StdoutLine: {'line': b'[ 77%] \x1b[34m\x1b[1mGenerating Python code for ROS interfaces\x1b[0m\n'}
[16.266848] (speech_to_goal_interfaces) StdoutLine: {'line': b'[ 77%] Built target speech_to_goal_interfaces__rosidl_typesupport_fastrtps_cpp\n'}
[16.288074] (-) TimerEvent: {}
[16.305148] (speech_to_goal_interfaces) StdoutLine: {'line': b'[ 77%] Built target speech_to_goal_interfaces\n'}
[16.354067] (speech_to_goal_interfaces) StdoutLine: {'line': b'[ 79%] \x1b[34m\x1b[1mGenerating Python code for ROS interfaces\x1b[0m\n'}
[16.388226] (-) TimerEvent: {}
[16.488992] (-) TimerEvent: {}
[16.589651] (-) TimerEvent: {}
[16.637745] (object_recognition_interfaces) StdoutLine: {'line': b'[ 77%] Built target object_recognition_interfaces__py\n'}
[16.676271] (object_recognition_interfaces) StdoutLine: {'line': b'[ 80%] \x1b[32mBuilding C object CMakeFiles/object_recognition_interfaces__rosidl_generator_py.dir/rosidl_generator_py/object_recognition_interfaces/srv/_detect_object_s.c.o\x1b[0m\n'}
[16.689791] (-) TimerEvent: {}
[16.790444] (-) TimerEvent: {}
[16.891097] (-) TimerEvent: {}
[16.892130] (object_recognition_interfaces) StdoutLine: {'line': b'[ 82%] \x1b[32mBuilding C object CMakeFiles/object_recognition_interfaces__rosidl_generator_py.dir/rosidl_generator_py/object_recognition_interfaces/srv/_add_object_s.c.o\x1b[0m\n'}
[16.991238] (-) TimerEvent: {}
[17.091880] (-) TimerEvent: {}
[17.114797] (object_recognition_interfaces) StdoutLine: {'line': b'[ 85%] \x1b[32m\x1b[1mLinking C shared library rosidl_generator_py/object_recognition_interfaces/libobject_recognition_interfaces__rosidl_generator_py.so\x1b[0m\n'}
[17.186465] (object_recognition_interfaces) StdoutLine: {'line': b'[ 85%] Built target object_recognition_interfaces__rosidl_generator_py\n'}
[17.192032] (-) TimerEvent: {}
[17.227039] (object_recognition_interfaces) StdoutLine: {'line': b'[ 87%] \x1b[32mBuilding C object CMakeFiles/object_recognition_interfaces__rosidl_typesupport_fastrtps_c__pyext.dir/rosidl_generator_py/object_recognition_interfaces/_object_recognition_interfaces_s.ep.rosidl_typesupport_fastrtps_c.c.o\x1b[0m\n'}
[17.292192] (-) TimerEvent: {}
[17.391861] (aruco_markers_msgs) StdoutLine: {'line': b'[ 77%] Built target aruco_markers_msgs__py\n'}
[17.392312] (-) TimerEvent: {}
[17.421769] (object_recognition_interfaces) StdoutLine: {'line': b'[ 90%] \x1b[32m\x1b[1mLinking C shared library rosidl_generator_py/object_recognition_interfaces/object_recognition_interfaces_s__rosidl_typesupport_fastrtps_c.cpython-310-aarch64-linux-gnu.so\x1b[0m\n'}
[17.429625] (aruco_markers_msgs) StdoutLine: {'line': b'[ 80%] \x1b[32mBuilding C object CMakeFiles/aruco_markers_msgs__rosidl_generator_py.dir/rosidl_generator_py/aruco_markers_msgs/msg/_marker_s.c.o\x1b[0m\n'}
[17.487281] (object_recognition_interfaces) StdoutLine: {'line': b'[ 90%] Built target object_recognition_interfaces__rosidl_typesupport_fastrtps_c__pyext\n'}
[17.492495] (-) TimerEvent: {}
[17.526392] (object_recognition_interfaces) StdoutLine: {'line': b'[ 92%] \x1b[32mBuilding C object CMakeFiles/object_recognition_interfaces__rosidl_typesupport_c__pyext.dir/rosidl_generator_py/object_recognition_interfaces/_object_recognition_interfaces_s.ep.rosidl_typesupport_c.c.o\x1b[0m\n'}
[17.592629] (-) TimerEvent: {}
[17.623782] (aruco_markers_msgs) StdoutLine: {'line': b'[ 82%] \x1b[32mBuilding C object CMakeFiles/aruco_markers_msgs__rosidl_generator_py.dir/rosidl_generator_py/aruco_markers_msgs/msg/_marker_array_s.c.o\x1b[0m\n'}
[17.692816] (-) TimerEvent: {}
[17.715516] (object_recognition_interfaces) StdoutLine: {'line': b'[ 95%] \x1b[32m\x1b[1mLinking C shared library rosidl_generator_py/object_recognition_interfaces/object_recognition_interfaces_s__rosidl_typesupport_c.cpython-310-aarch64-linux-gnu.so\x1b[0m\n'}
[17.776392] (object_recognition_interfaces) StdoutLine: {'line': b'[ 95%] Built target object_recognition_interfaces__rosidl_typesupport_c__pyext\n'}
[17.792985] (-) TimerEvent: {}
[17.818352] (object_recognition_interfaces) StdoutLine: {'line': b'[ 97%] \x1b[32mBuilding C object CMakeFiles/object_recognition_interfaces__rosidl_typesupport_introspection_c__pyext.dir/rosidl_generator_py/object_recognition_interfaces/_object_recognition_interfaces_s.ep.rosidl_typesupport_introspection_c.c.o\x1b[0m\n'}
[17.827685] (aruco_markers_msgs) StdoutLine: {'line': b'[ 85%] \x1b[32m\x1b[1mLinking C shared library rosidl_generator_py/aruco_markers_msgs/libaruco_markers_msgs__rosidl_generator_py.so\x1b[0m\n'}
[17.890370] (speech_to_goal_interfaces) StdoutLine: {'line': b'[ 79%] Built target speech_to_goal_interfaces__py\n'}
[17.893055] (-) TimerEvent: {}
[17.903026] (aruco_markers_msgs) StdoutLine: {'line': b'[ 85%] Built target aruco_markers_msgs__rosidl_generator_py\n'}
[17.924981] (speech_to_goal_interfaces) StdoutLine: {'line': b'[ 81%] \x1b[32mBuilding C object CMakeFiles/speech_to_goal_interfaces__rosidl_generator_py.dir/rosidl_generator_py/speech_to_goal_interfaces/msg/_waypoint_s.c.o\x1b[0m\n'}
[17.941520] (aruco_markers_msgs) StdoutLine: {'line': b'[ 87%] \x1b[32mBuilding C object CMakeFiles/aruco_markers_msgs__rosidl_typesupport_fastrtps_c__pyext.dir/rosidl_generator_py/aruco_markers_msgs/_aruco_markers_msgs_s.ep.rosidl_typesupport_fastrtps_c.c.o\x1b[0m\n'}
[17.993264] (-) TimerEvent: {}
[18.009977] (object_recognition_interfaces) StdoutLine: {'line': b'[100%] \x1b[32m\x1b[1mLinking C shared library rosidl_generator_py/object_recognition_interfaces/object_recognition_interfaces_s__rosidl_typesupport_introspection_c.cpython-310-aarch64-linux-gnu.so\x1b[0m\n'}
[18.072891] (object_recognition_interfaces) StdoutLine: {'line': b'[100%] Built target object_recognition_interfaces__rosidl_typesupport_introspection_c__pyext\n'}
[18.093426] (-) TimerEvent: {}
[18.097206] (object_recognition_interfaces) CommandEnded: {'returncode': 0}
[18.098809] (object_recognition_interfaces) JobProgress: {'identifier': 'object_recognition_interfaces', 'progress': 'install'}
[18.113443] (speech_to_goal_interfaces) StdoutLine: {'line': b'[ 83%] \x1b[32mBuilding C object CMakeFiles/speech_to_goal_interfaces__rosidl_generator_py.dir/rosidl_generator_py/speech_to_goal_interfaces/srv/_detect_intent_s.c.o\x1b[0m\n'}
[18.116207] (object_recognition_interfaces) Command: {'cmd': ['/usr/bin/cmake', '--install', '/home/tknika/gral-iiriondo-main/unitree_ws/build/object_recognition_interfaces'], 'cwd': '/home/tknika/gral-iiriondo-main/unitree_ws/build/object_recognition_interfaces', 'env': OrderedDict([('GJS_DEBUG_TOPICS', 'JS ERROR;JS LOG'), ('LESSOPEN', '| /usr/bin/lesspipe %s'), ('USER', 'tknika'), ('OLLAMA_LLM_LIBRARY', 'cuda'), ('ROS_PACKAGE_PATH', '/home/tknika/gral-iiriondo-main/unitree_ws/install/speech_to_goal_interfaces/share'), ('XDG_SESSION_TYPE', 'x11'), ('SHLVL', '1'), ('LD_LIBRARY_PATH', '/home/tknika/gral-iiriondo-main/unitree_ws/install/speech_to_goal_interfaces/lib:/home/tknika/gral-iiriondo-main/unitree_ws/install/object_recognition_interfaces/lib:/home/tknika/gral-iiriondo-main/unitree_ws/install/aruco_markers_msgs/lib:/usr/lib/aarch64-linux-gnu/nvidia:/usr/local/cuda/lib64:/opt/ros/humble/opt/rviz_ogre_vendor/lib:/opt/ros/humble/lib/aarch64-linux-gnu:/opt/ros/humble/lib:/usr/local/cuda-12.6/lib64:/usr/lib/aarch64-linux-gnu/nvid'), ('HOME', '/home/tknika'), ('OLDPWD', '/home/tknika/gral-iiriondo-main'), ('DESKTOP_SESSION', 'ubuntu'), ('GIO_LAUNCHED_DESKTOP_FILE', '/usr/share/applications/terminator.desktop'), ('ROS_PYTHON_VERSION', '3'), ('GNOME_SHELL_SESSION_MODE', 'ubuntu'), ('GTK_MODULES', 'gail:atk-bridge'), ('PS1', '\\[\\e]0;\\u@\\h: \\w\\a\\]${debian_chroot:+($debian_chroot)}\\[\\033[01;32m\\]\\u@\\h\\[\\033[00m\\]:\\[\\033[01;34m\\]\\w\\[\\033[00m\\]\\$'), ('MANAGERPID', '2504'), ('SYSTEMD_EXEC_PID', '2680'), ('DBUS_SESSION_BUS_ADDRESS', 'unix:path=/run/user/1000/bus'), ('COLORTERM', 'truecolor'), ('TERMINATOR_DBUS_NAME', 'net.tenshu.Terminator23558193cd9818af7fe4d2c2f5bd9d00f'), ('GIO_LAUNCHED_DESKTOP_FILE_PID', '4209'), ('IM_CONFIG_PHASE', '1'), ('COLCON_PREFIX_PATH', '/home/tknika/gral-iiriondo-main/unitree_ws/install'), ('CUDA_VISIBLE_DEVICES', '0'), ('ROS_DISTRO', 'humble'), ('GTK_IM_MODULE', 'ibus'), ('LOGNAME', 'tknika'), ('JOURNAL_STREAM', '8:50749'), ('_', '/usr/bin/colcon'), ('ROS_VERSION', '2'), ('PKG_CONFIG_PATH', '/home/tknika/gral-iiriondo-main/unitree_ws/install/speech_to_goal_interfaces/lib/aarch64-linux-gnu/pkgconfig:/home/tknika/gral-iiriondo-main/unitree_ws/install/speech_to_goal_interfaces/lib/pkgconfig'), ('XDG_SESSION_CLASS', 'user'), ('USERNAME', 'tknika'), ('TERM', 'xterm-256color'), ('GNOME_DESKTOP_SESSION_ID', 'this-is-deprecated'), ('ROS_LOCALHOST_ONLY', '0'), ('WINDOWPATH', '2'), ('PATH', '/usr/local/cuda-12.6/bin:/usr/local/cuda-12.6/bin:/home/bee/gral-iiriondo/unitree_ws/environments/unitree_env/bin:/opt/ros/humble/bin:/usr/local/cuda-12.6/bin:/home/tknika/.cargo/bin:/home/tknika/.local/bin:/usr/local/sbin:/usr/local/bin:/usr/sbin:/usr/bin:/sbin:/bin:/usr/games:/usr/local/games:/snap/bin:/snap/bin'), ('SESSION_MANAGER', 'local/ubuntu:@/tmp/.ICE-unix/2653,unix/ubuntu:/tmp/.ICE-unix/2653'), ('INVOCATION_ID', '23499d00eeb9404d9453ff310186aa72'), ('XDG_MENU_PREFIX', 'gnome-'), ('XDG_RUNTIME_DIR', '/run/user/1000'), ('DISPLAY', ':1'), ('TERMINATOR_DBUS_PATH', '/net/tenshu/Terminator2'), ('LANG', 'en_US.UTF-8'), ('XDG_CURRENT_DESKTOP', 'ubuntu:GNOME'), ('IBUS_DISABLE_SNOOPER', '1'), ('VIRTUAL_ENV_PROMPT', '(unitree_env)'), ('XMODIFIERS', '@im=ibus'), ('XDG_SESSION_DESKTOP', 'ubuntu'), ('XAUTHORITY', '/run/user/1000/gdm/Xauthority'), ('LS_COLORS', 'rs=0:di=01;34:ln=01;36:mh=00:pi=40;33:so=01;35:do=01;35:bd=40;33;01:cd=40;33;01:or=40;31;01:mi=00:su=37;41:sg=30;43:ca=30;41:tw=30;42:ow=34;42:st=37;44:ex=01;32:*.tar=01;31:*.tgz=01;31:*.arc=01;31:*.arj=01;31:*.taz=01;31:*.lha=01;31:*.lz4=01;31:*.lzh=01;31:*.lzma=01;31:*.tlz=01;31:*.txz=01;31:*.tzo=01;31:*.t7z=01;31:*.zip=01;31:*.z=01;31:*.dz=01;31:*.gz=01;31:*.lrz=01;31:*.lz=01;31:*.lzo=01;31:*.xz=01;31:*.zst=01;31:*.tzst=01;31:*.bz2=01;31:*.bz=01;31:*.tbz=01;31:*.tbz2=01;31:*.tz=01;31:*.deb=01;31:*.rpm=01;31:*.jar=01;31:*.war=01;31:*.ear=01;31:*.sar=01;31:*.rar=01;31:*.alz=01;31:*.ace=01;31:*.zoo=01;31:*.cpio=01;31:*.7z=01;31:*.rz=01;31:*.cab=01;31:*.wim=01;31:*.swm=01;31:*.dwm=01;31:*.esd=01;31:*.jpg=01;35:*.jpeg=01;35:*.mjpg=01;35:*.mjpeg=01;35:*.gif=01;35:*.bmp=01;35:*.pbm=01;35:*.pgm=01;35:*.ppm=01;35:*.tga=01;35:*.xbm=01;35:*.xpm=01;35:*.tif=01;35:*.tiff=01;35:*.png=01;35:*.svg=01;35:*.svgz=01;35:*.mng=01;35:*.pcx=01;35:*.mov=01;35:*.mpg=01;35:*.mpeg=01;35:*.m2v=01;35:*.mkv=01;35:*.webm=01;35:*.webp=01;35:*.ogm=01;35:*.mp4=01;35:*.m4v=01;35:*.mp4v=01;35:*.vob=01;35:*.qt=01;35:*.nuv=01;35:*.wmv=01;35:*.asf=01;35:*.rm=01;35:*.rmvb=01;35:*.flc=01;35:*.avi=01;35:*.fli=01;35:*.flv=01;35:*.gl=01;35:*.dl=01;35:*.xcf=01;35:*.xwd=01;35:*.yuv=01;35:*.cgm=01;35:*.emf=01;35:*.ogv=01;35:*.ogx=01;35:*.aac=00;36:*.au=00;36:*.flac=00;36:*.m4a=00;36:*.mid=00;36:*.midi=00;36:*.mka=00;36:*.mp3=00;36:*.mpc=00;36:*.ogg=00;36:*.ra=00;36:*.wav=00;36:*.oga=00;36:*.opus=00;36:*.spx=00;36:*.xspf=00;36:'), ('SSH_AGENT_LAUNCHER', 'gnome-keyring'), ('SSH_AUTH_SOCK', '/run/user/1000/keyring/ssh'), ('AMENT_PREFIX_PATH', '/home/tknika/gral-iiriondo-main/unitree_ws/install/speech_to_goal_interfaces:/home/tknika/gral-iiriondo-main/unitree_ws/install/standing_mode:/home/tknika/gral-iiriondo-main/unitree_ws/install/speech_to_goal:/home/tknika/gral-iiriondo-main/unitree_ws/install/object_recognition:/home/tknika/gral-iiriondo-main/unitree_ws/install/object_recognition_interfaces:/home/tknika/gral-iiriondo-main/unitree_ws/install/mapping_configuration:/home/tknika/gral-iiriondo-main/unitree_ws/install/go1_description:/home/tknika/gral-iiriondo-main/unitree_ws/install/asr:/home/tknika/gral-iiriondo-main/unitree_ws/install/aruco_detector:/home/tknika/gral-iiriondo-main/unitree_ws/install/aruco_markers_msgs:/opt/ros/humble'), ('SHELL', '/bin/bash'), ('TERMINATOR_UUID', 'urn:uuid:6783764e-82b3-4e19-a535-1afecb743d9d'), ('QT_ACCESSIBILITY', '1'), ('GDMSESSION', 'ubuntu'), ('LESSCLOSE', '/usr/bin/lesspipe %s %s'), ('GPG_AGENT_INFO', '/run/user/1000/gnupg/S.gpg-agent:0:1'), ('GJS_DEBUG_OUTPUT', 'stderr'), ('VIRTUAL_ENV', '/home/bee/gral-iiriondo/unitree_ws/environments/unitree_env'), ('QT_IM_MODULE', 'ibus'), ('PWD', '/home/tknika/gral-iiriondo-main/unitree_ws/build/object_recognition_interfaces'), ('XDG_CONFIG_DIRS', '/etc/xdg/xdg-ubuntu:/etc/xdg'), ('XDG_DATA_DIRS', '/usr/share/ubuntu:/usr/share/gnome:/usr/local/share/:/usr/share/:/var/lib/snapd/desktop'), ('PYTHONPATH', '/home/tknika/gral-iiriondo-main/unitree_ws/build/standing_mode:/home/tknika/gral-iiriondo-main/unitree_ws/install/standing_mode/lib/python3.10/site-packages:/home/tknika/gral-iiriondo-main/unitree_ws/build/speech_to_goal:/home/tknika/gral-iiriondo-main/unitree_ws/install/speech_to_goal/lib/python3.10/site-packages:/home/tknika/gral-iiriondo-main/unitree_ws/install/speech_to_goal_interfaces/local/lib/python3.10/dist-packages:/home/tknika/gral-iiriondo-main/unitree_ws/build/object_recognition:/home/tknika/gral-iiriondo-main/unitree_ws/install/object_recognition/lib/python3.10/site-packages:/home/tknika/gral-iiriondo-main/unitree_ws/install/object_recognition_interfaces/local/lib/python3.10/dist-packages:/home/tknika/gral-iiriondo-main/unitree_ws/build/mapping_configuration:/home/tknika/gral-iiriondo-main/unitree_ws/install/mapping_configuration/lib/python3.10/site-packages:/home/tknika/gral-iiriondo-main/unitree_ws/build/go1_description:/home/tknika/gral-iiriondo-main/unitree_ws/install/go1_description/lib/python3.10/site-packages:/home/tknika/gral-iiriondo-main/unitree_ws/build/asr:/home/tknika/gral-iiriondo-main/unitree_ws/install/asr/lib/python3.10/site-packages:/home/tknika/gral-iiriondo-main/unitree_ws/build/aruco_detector:/home/tknika/gral-iiriondo-main/unitree_ws/install/aruco_detector/lib/python3.10/site-packages:/home/tknika/gral-iiriondo-main/unitree_ws/install/aruco_markers_msgs/local/lib/python3.10/dist-packages:/home/tknika/gral-iiriondo-main/unitree_ws/src/unitree_legged_sdk/lib/python/arm64:/home/tknika/gral-iiriondo-main/unitree_ws/src/unitree_legged_sdk/lib/python/arm64:/home/tknika/gral-iiriondo-main/unitree_ws/src/unitree_legged_sdk/lib/python/arm64:/opt/ros/humble/lib/python3.10/site-packages:/opt/ros/humble/local/lib/python3.10/dist-packages'), ('COLCON', '1'), ('VTE_VERSION', '6800'), ('CMAKE_PREFIX_PATH', '/home/tknika/gral-iiriondo-main/unitree_ws/install/speech_to_goal_interfaces:/home/tknika/gral-iiriondo-main/unitree_ws/install/object_recognition_interfaces:/home/tknika/gral-iiriondo-main/unitree_ws/install/aruco_markers_msgs:/home/tknika/gral-iiriondo-main/unitree_ws/install/standing_mode:/home/tknika/gral-iiriondo-main/unitree_ws/install/speech_to_goal:/home/tknika/gral-iiriondo-main/unitree_ws/install/object_recognition:/home/tknika/gral-iiriondo-main/unitree_ws/install/mapping_configuration:/home/tknika/gral-iiriondo-main/unitree_ws/install/go1_description:/home/tknika/gral-iiriondo-main/unitree_ws/install/asr:/home/tknika/gral-iiriondo-main/unitree_ws/install/aruco_detector:/opt/ros/humble')]), 'shell': False}
[18.132596] (object_recognition_interfaces) StdoutLine: {'line': b'-- Install configuration: ""\n'}
[18.133197] (aruco_markers_msgs) StdoutLine: {'line': b'[ 90%] \x1b[32m\x1b[1mLinking C shared library rosidl_generator_py/aruco_markers_msgs/aruco_markers_msgs_s__rosidl_typesupport_fastrtps_c.cpython-310-aarch64-linux-gnu.so\x1b[0m\n'}
[18.133818] (object_recognition_interfaces) StdoutLine: {'line': b'-- Execute custom install script\n'}
[18.134442] (object_recognition_interfaces) StdoutLine: {'line': b'-- Symlinking: /home/tknika/gral-iiriondo-main/unitree_ws/install/object_recognition_interfaces/share/ament_index/resource_index/rosidl_interfaces/object_recognition_interfaces\n'}
[18.150499] (object_recognition_interfaces) StdoutLine: {'line': b'-- Symlinking: /home/tknika/gral-iiriondo-main/unitree_ws/install/object_recognition_interfaces/include/object_recognition_interfaces/object_recognition_interfaces/msg/rosidl_generator_c__visibility_control.h\n'}
[18.167112] (object_recognition_interfaces) StdoutLine: {'line': b'-- Symlinking: /home/tknika/gral-iiriondo-main/unitree_ws/install/object_recognition_interfaces/include/object_recognition_interfaces/object_recognition_interfaces/srv/add_object.h\n'}
[18.184220] (object_recognition_interfaces) StdoutLine: {'line': b'-- Symlinking: /home/tknika/gral-iiriondo-main/unitree_ws/install/object_recognition_interfaces/include/object_recognition_interfaces/object_recognition_interfaces/srv/detail/add_object__functions.h\n'}
[18.193610] (-) TimerEvent: {}
[18.200586] (object_recognition_interfaces) StdoutLine: {'line': b'-- Symlinking: /home/tknika/gral-iiriondo-main/unitree_ws/install/object_recognition_interfaces/include/object_recognition_interfaces/object_recognition_interfaces/srv/detail/add_object__struct.h\n'}
[18.202627] (aruco_markers_msgs) StdoutLine: {'line': b'[ 90%] Built target aruco_markers_msgs__rosidl_typesupport_fastrtps_c__pyext\n'}
[18.217889] (object_recognition_interfaces) StdoutLine: {'line': b'-- Symlinking: /home/tknika/gral-iiriondo-main/unitree_ws/install/object_recognition_interfaces/include/object_recognition_interfaces/object_recognition_interfaces/srv/detail/add_object__type_support.h\n'}
[18.234200] (object_recognition_interfaces) StdoutLine: {'line': b'-- Symlinking: /home/tknika/gral-iiriondo-main/unitree_ws/install/object_recognition_interfaces/include/object_recognition_interfaces/object_recognition_interfaces/srv/detail/detect_object__functions.h\n'}
[18.240444] (aruco_markers_msgs) StdoutLine: {'line': b'[ 92%] \x1b[32mBuilding C object CMakeFiles/aruco_markers_msgs__rosidl_typesupport_c__pyext.dir/rosidl_generator_py/aruco_markers_msgs/_aruco_markers_msgs_s.ep.rosidl_typesupport_c.c.o\x1b[0m\n'}
[18.249713] (object_recognition_interfaces) StdoutLine: {'line': b'-- Symlinking: /home/tknika/gral-iiriondo-main/unitree_ws/install/object_recognition_interfaces/include/object_recognition_interfaces/object_recognition_interfaces/srv/detail/detect_object__struct.h\n'}
[18.267263] (object_recognition_interfaces) StdoutLine: {'line': b'-- Symlinking: /home/tknika/gral-iiriondo-main/unitree_ws/install/object_recognition_interfaces/include/object_recognition_interfaces/object_recognition_interfaces/srv/detail/detect_object__type_support.h\n'}
[18.286249] (object_recognition_interfaces) StdoutLine: {'line': b'-- Symlinking: /home/tknika/gral-iiriondo-main/unitree_ws/install/object_recognition_interfaces/include/object_recognition_interfaces/object_recognition_interfaces/srv/detect_object.h\n'}
[18.293790] (-) TimerEvent: {}
[18.303215] (object_recognition_interfaces) StdoutLine: {'line': b'-- Symlinking: /home/tknika/gral-iiriondo-main/unitree_ws/install/object_recognition_interfaces/share/object_recognition_interfaces/environment/library_path.sh\n'}
[18.313802] (speech_to_goal_interfaces) StdoutLine: {'line': b'[ 85%] \x1b[32mBuilding C object CMakeFiles/speech_to_goal_interfaces__rosidl_generator_py.dir/rosidl_generator_py/speech_to_goal_interfaces/srv/_llm_query_s.c.o\x1b[0m\n'}
[18.318714] (object_recognition_interfaces) StdoutLine: {'line': b'-- Symlinking: /home/tknika/gral-iiriondo-main/unitree_ws/install/object_recognition_interfaces/share/object_recognition_interfaces/environment/library_path.dsv\n'}
[18.335722] (object_recognition_interfaces) StdoutLine: {'line': b'-- Symlinking: /home/tknika/gral-iiriondo-main/unitree_ws/install/object_recognition_interfaces/include/object_recognition_interfaces/object_recognition_interfaces/msg/rosidl_typesupport_fastrtps_c__visibility_control.h\n'}
[18.352721] (object_recognition_interfaces) StdoutLine: {'line': b'-- Symlinking: /home/tknika/gral-iiriondo-main/unitree_ws/install/object_recognition_interfaces/include/object_recognition_interfaces/object_recognition_interfaces/srv/detail/add_object__rosidl_typesupport_fastrtps_c.h\n'}
[18.369459] (object_recognition_interfaces) StdoutLine: {'line': b'-- Symlinking: /home/tknika/gral-iiriondo-main/unitree_ws/install/object_recognition_interfaces/include/object_recognition_interfaces/object_recognition_interfaces/srv/detail/detect_object__rosidl_typesupport_fastrtps_c.h\n'}
[18.386493] (object_recognition_interfaces) StdoutLine: {'line': b'-- Symlinking: /home/tknika/gral-iiriondo-main/unitree_ws/install/object_recognition_interfaces/include/object_recognition_interfaces/object_recognition_interfaces/msg/rosidl_typesupport_introspection_c__visibility_control.h\n'}
[18.393906] (-) TimerEvent: {}
[18.403332] (object_recognition_interfaces) StdoutLine: {'line': b'-- Symlinking: /home/tknika/gral-iiriondo-main/unitree_ws/install/object_recognition_interfaces/include/object_recognition_interfaces/object_recognition_interfaces/srv/detail/add_object__rosidl_typesupport_introspection_c.h\n'}
[18.420889] (object_recognition_interfaces) StdoutLine: {'line': b'-- Symlinking: /home/tknika/gral-iiriondo-main/unitree_ws/install/object_recognition_interfaces/include/object_recognition_interfaces/object_recognition_interfaces/srv/detail/detect_object__rosidl_typesupport_introspection_c.h\n'}
[18.434120] (aruco_markers_msgs) StdoutLine: {'line': b'[ 95%] \x1b[32m\x1b[1mLinking C shared library rosidl_generator_py/aruco_markers_msgs/aruco_markers_msgs_s__rosidl_typesupport_c.cpython-310-aarch64-linux-gnu.so\x1b[0m\n'}
[18.437112] (object_recognition_interfaces) StdoutLine: {'line': b'-- Symlinking: /home/tknika/gral-iiriondo-main/unitree_ws/install/object_recognition_interfaces/include/object_recognition_interfaces/object_recognition_interfaces/msg/rosidl_generator_cpp__visibility_control.hpp\n'}
[18.452712] (object_recognition_interfaces) StdoutLine: {'line': b'-- Symlinking: /home/tknika/gral-iiriondo-main/unitree_ws/install/object_recognition_interfaces/include/object_recognition_interfaces/object_recognition_interfaces/srv/add_object.hpp\n'}
[18.469237] (object_recognition_interfaces) StdoutLine: {'line': b'-- Symlinking: /home/tknika/gral-iiriondo-main/unitree_ws/install/object_recognition_interfaces/include/object_recognition_interfaces/object_recognition_interfaces/srv/detail/add_object__builder.hpp\n'}
[18.487602] (object_recognition_interfaces) StdoutLine: {'line': b'-- Symlinking: /home/tknika/gral-iiriondo-main/unitree_ws/install/object_recognition_interfaces/include/object_recognition_interfaces/object_recognition_interfaces/srv/detail/add_object__struct.hpp\n'}
[18.494096] (-) TimerEvent: {}
[18.506753] (object_recognition_interfaces) StdoutLine: {'line': b'-- Symlinking: /home/tknika/gral-iiriondo-main/unitree_ws/install/object_recognition_interfaces/include/object_recognition_interfaces/object_recognition_interfaces/srv/detail/add_object__traits.hpp\n'}
[18.508960] (aruco_markers_msgs) StdoutLine: {'line': b'[ 95%] Built target aruco_markers_msgs__rosidl_typesupport_c__pyext\n'}
[18.522525] (speech_to_goal_interfaces) StdoutLine: {'line': b'[ 87%] \x1b[32m\x1b[1mLinking C shared library rosidl_generator_py/speech_to_goal_interfaces/libspeech_to_goal_interfaces__rosidl_generator_py.so\x1b[0m\n'}
[18.524194] (object_recognition_interfaces) StdoutLine: {'line': b'-- Symlinking: /home/tknika/gral-iiriondo-main/unitree_ws/install/object_recognition_interfaces/include/object_recognition_interfaces/object_recognition_interfaces/srv/detail/add_object__type_support.hpp\n'}
[18.539326] (object_recognition_interfaces) StdoutLine: {'line': b'-- Symlinking: /home/tknika/gral-iiriondo-main/unitree_ws/install/object_recognition_interfaces/include/object_recognition_interfaces/object_recognition_interfaces/srv/detail/detect_object__builder.hpp\n'}
[18.546825] (aruco_markers_msgs) StdoutLine: {'line': b'[ 97%] \x1b[32mBuilding C object CMakeFiles/aruco_markers_msgs__rosidl_typesupport_introspection_c__pyext.dir/rosidl_generator_py/aruco_markers_msgs/_aruco_markers_msgs_s.ep.rosidl_typesupport_introspection_c.c.o\x1b[0m\n'}
[18.555502] (object_recognition_interfaces) StdoutLine: {'line': b'-- Symlinking: /home/tknika/gral-iiriondo-main/unitree_ws/install/object_recognition_interfaces/include/object_recognition_interfaces/object_recognition_interfaces/srv/detail/detect_object__struct.hpp\n'}
[18.571551] (object_recognition_interfaces) StdoutLine: {'line': b'-- Symlinking: /home/tknika/gral-iiriondo-main/unitree_ws/install/object_recognition_interfaces/include/object_recognition_interfaces/object_recognition_interfaces/srv/detail/detect_object__traits.hpp\n'}
[18.587739] (object_recognition_interfaces) StdoutLine: {'line': b'-- Symlinking: /home/tknika/gral-iiriondo-main/unitree_ws/install/object_recognition_interfaces/include/object_recognition_interfaces/object_recognition_interfaces/srv/detail/detect_object__type_support.hpp\n'}
[18.594247] (-) TimerEvent: {}
[18.595379] (speech_to_goal_interfaces) StdoutLine: {'line': b'[ 87%] Built target speech_to_goal_interfaces__rosidl_generator_py\n'}
[18.603579] (object_recognition_interfaces) StdoutLine: {'line': b'-- Symlinking: /home/tknika/gral-iiriondo-main/unitree_ws/install/object_recognition_interfaces/include/object_recognition_interfaces/object_recognition_interfaces/srv/detect_object.hpp\n'}
[18.620182] (object_recognition_interfaces) StdoutLine: {'line': b'-- Symlinking: /home/tknika/gral-iiriondo-main/unitree_ws/install/object_recognition_interfaces/include/object_recognition_interfaces/object_recognition_interfaces/msg/rosidl_typesupport_fastrtps_cpp__visibility_control.h\n'}
[18.633973] (speech_to_goal_interfaces) StdoutLine: {'line': b'[ 91%] \x1b[32mBuilding C object CMakeFiles/speech_to_goal_interfaces__rosidl_typesupport_fastrtps_c__pyext.dir/rosidl_generator_py/speech_to_goal_interfaces/_speech_to_goal_interfaces_s.ep.rosidl_typesupport_fastrtps_c.c.o\x1b[0m\n'}
[18.634455] (speech_to_goal_interfaces) StdoutLine: {'line': b'[ 91%] \x1b[32mBuilding C object CMakeFiles/speech_to_goal_interfaces__rosidl_typesupport_introspection_c__pyext.dir/rosidl_generator_py/speech_to_goal_interfaces/_speech_to_goal_interfaces_s.ep.rosidl_typesupport_introspection_c.c.o\x1b[0m\n'}
[18.637833] (object_recognition_interfaces) StdoutLine: {'line': b'-- Symlinking: /home/tknika/gral-iiriondo-main/unitree_ws/install/object_recognition_interfaces/include/object_recognition_interfaces/object_recognition_interfaces/srv/detail/add_object__rosidl_typesupport_fastrtps_cpp.hpp\n'}
[18.654622] (object_recognition_interfaces) StdoutLine: {'line': b'-- Symlinking: /home/tknika/gral-iiriondo-main/unitree_ws/install/object_recognition_interfaces/include/object_recognition_interfaces/object_recognition_interfaces/srv/detail/detect_object__rosidl_typesupport_fastrtps_cpp.hpp\n'}
[18.672081] (object_recognition_interfaces) StdoutLine: {'line': b'-- Symlinking: /home/tknika/gral-iiriondo-main/unitree_ws/install/object_recognition_interfaces/include/object_recognition_interfaces/object_recognition_interfaces/srv/detail/add_object__rosidl_typesupport_introspection_cpp.hpp\n'}
[18.689494] (object_recognition_interfaces) StdoutLine: {'line': b'-- Symlinking: /home/tknika/gral-iiriondo-main/unitree_ws/install/object_recognition_interfaces/include/object_recognition_interfaces/object_recognition_interfaces/srv/detail/detect_object__rosidl_typesupport_introspection_cpp.hpp\n'}
[18.694364] (-) TimerEvent: {}
[18.706796] (object_recognition_interfaces) StdoutLine: {'line': b'-- Symlinking: /home/tknika/gral-iiriondo-main/unitree_ws/install/object_recognition_interfaces/share/object_recognition_interfaces/environment/pythonpath.sh\n'}
[18.723928] (object_recognition_interfaces) StdoutLine: {'line': b'-- Symlinking: /home/tknika/gral-iiriondo-main/unitree_ws/install/object_recognition_interfaces/share/object_recognition_interfaces/environment/pythonpath.dsv\n'}
[18.739678] (aruco_markers_msgs) StdoutLine: {'line': b'[100%] \x1b[32m\x1b[1mLinking C shared library rosidl_generator_py/aruco_markers_msgs/aruco_markers_msgs_s__rosidl_typesupport_introspection_c.cpython-310-aarch64-linux-gnu.so\x1b[0m\n'}
[18.742205] (object_recognition_interfaces) StdoutLine: {'line': b'-- Symlinking: /home/tknika/gral-iiriondo-main/unitree_ws/install/object_recognition_interfaces/local/lib/python3.10/dist-packages/object_recognition_interfaces-0.0.0-py3.10.egg-info/PKG-INFO\n'}
[18.758563] (object_recognition_interfaces) StdoutLine: {'line': b'-- Symlinking: /home/tknika/gral-iiriondo-main/unitree_ws/install/object_recognition_interfaces/local/lib/python3.10/dist-packages/object_recognition_interfaces-0.0.0-py3.10.egg-info/SOURCES.txt\n'}
[18.775753] (object_recognition_interfaces) StdoutLine: {'line': b'-- Symlinking: /home/tknika/gral-iiriondo-main/unitree_ws/install/object_recognition_interfaces/local/lib/python3.10/dist-packages/object_recognition_interfaces-0.0.0-py3.10.egg-info/dependency_links.txt\n'}
[18.792432] (object_recognition_interfaces) StdoutLine: {'line': b'-- Symlinking: /home/tknika/gral-iiriondo-main/unitree_ws/install/object_recognition_interfaces/local/lib/python3.10/dist-packages/object_recognition_interfaces-0.0.0-py3.10.egg-info/top_level.txt\n'}
[18.794452] (-) TimerEvent: {}
[18.810744] (object_recognition_interfaces) StdoutLine: {'line': b'-- Symlinking: /home/tknika/gral-iiriondo-main/unitree_ws/install/object_recognition_interfaces/local/lib/python3.10/dist-packages/object_recognition_interfaces/__init__.py\n'}
[18.818128] (aruco_markers_msgs) StdoutLine: {'line': b'[100%] Built target aruco_markers_msgs__rosidl_typesupport_introspection_c__pyext\n'}
[18.828128] (object_recognition_interfaces) StdoutLine: {'line': b'-- Symlinking: /home/tknika/gral-iiriondo-main/unitree_ws/install/object_recognition_interfaces/local/lib/python3.10/dist-packages/object_recognition_interfaces/_object_recognition_interfaces_s.ep.rosidl_typesupport_c.c\n'}
[18.841728] (speech_to_goal_interfaces) StdoutLine: {'line': b'[ 95%] \x1b[32m\x1b[1mLinking C shared library rosidl_generator_py/speech_to_goal_interfaces/speech_to_goal_interfaces_s__rosidl_typesupport_introspection_c.cpython-310-aarch64-linux-gnu.so\x1b[0m\n'}
[18.842230] (speech_to_goal_interfaces) StdoutLine: {'line': b'[ 95%] \x1b[32m\x1b[1mLinking C shared library rosidl_generator_py/speech_to_goal_interfaces/speech_to_goal_interfaces_s__rosidl_typesupport_fastrtps_c.cpython-310-aarch64-linux-gnu.so\x1b[0m\n'}
[18.844755] (object_recognition_interfaces) StdoutLine: {'line': b'-- Symlinking: /home/tknika/gral-iiriondo-main/unitree_ws/install/object_recognition_interfaces/local/lib/python3.10/dist-packages/object_recognition_interfaces/_object_recognition_interfaces_s.ep.rosidl_typesupport_fastrtps_c.c\n'}
[18.845537] (aruco_markers_msgs) CommandEnded: {'returncode': 0}
[18.847041] (aruco_markers_msgs) JobProgress: {'identifier': 'aruco_markers_msgs', 'progress': 'install'}
[18.847497] (aruco_markers_msgs) Command: {'cmd': ['/usr/bin/cmake', '--install', '/home/tknika/gral-iiriondo-main/unitree_ws/build/aruco_markers_msgs'], 'cwd': '/home/tknika/gral-iiriondo-main/unitree_ws/build/aruco_markers_msgs', 'env': OrderedDict([('GJS_DEBUG_TOPICS', 'JS ERROR;JS LOG'), ('LESSOPEN', '| /usr/bin/lesspipe %s'), ('USER', 'tknika'), ('OLLAMA_LLM_LIBRARY', 'cuda'), ('ROS_PACKAGE_PATH', '/home/tknika/gral-iiriondo-main/unitree_ws/install/speech_to_goal_interfaces/share'), ('XDG_SESSION_TYPE', 'x11'), ('SHLVL', '1'), ('LD_LIBRARY_PATH', '/home/tknika/gral-iiriondo-main/unitree_ws/install/speech_to_goal_interfaces/lib:/home/tknika/gral-iiriondo-main/unitree_ws/install/object_recognition_interfaces/lib:/home/tknika/gral-iiriondo-main/unitree_ws/install/aruco_markers_msgs/lib:/usr/lib/aarch64-linux-gnu/nvidia:/usr/local/cuda/lib64:/opt/ros/humble/opt/rviz_ogre_vendor/lib:/opt/ros/humble/lib/aarch64-linux-gnu:/opt/ros/humble/lib:/usr/local/cuda-12.6/lib64:/usr/lib/aarch64-linux-gnu/nvid'), ('HOME', '/home/tknika'), ('OLDPWD', '/home/tknika/gral-iiriondo-main'), ('DESKTOP_SESSION', 'ubuntu'), ('GIO_LAUNCHED_DESKTOP_FILE', '/usr/share/applications/terminator.desktop'), ('ROS_PYTHON_VERSION', '3'), ('GNOME_SHELL_SESSION_MODE', 'ubuntu'), ('GTK_MODULES', 'gail:atk-bridge'), ('PS1', '\\[\\e]0;\\u@\\h: \\w\\a\\]${debian_chroot:+($debian_chroot)}\\[\\033[01;32m\\]\\u@\\h\\[\\033[00m\\]:\\[\\033[01;34m\\]\\w\\[\\033[00m\\]\\$'), ('MANAGERPID', '2504'), ('SYSTEMD_EXEC_PID', '2680'), ('DBUS_SESSION_BUS_ADDRESS', 'unix:path=/run/user/1000/bus'), ('COLORTERM', 'truecolor'), ('TERMINATOR_DBUS_NAME', 'net.tenshu.Terminator23558193cd9818af7fe4d2c2f5bd9d00f'), ('GIO_LAUNCHED_DESKTOP_FILE_PID', '4209'), ('IM_CONFIG_PHASE', '1'), ('COLCON_PREFIX_PATH', '/home/tknika/gral-iiriondo-main/unitree_ws/install'), ('CUDA_VISIBLE_DEVICES', '0'), ('ROS_DISTRO', 'humble'), ('GTK_IM_MODULE', 'ibus'), ('LOGNAME', 'tknika'), ('JOURNAL_STREAM', '8:50749'), ('_', '/usr/bin/colcon'), ('ROS_VERSION', '2'), ('PKG_CONFIG_PATH', '/home/tknika/gral-iiriondo-main/unitree_ws/install/speech_to_goal_interfaces/lib/aarch64-linux-gnu/pkgconfig:/home/tknika/gral-iiriondo-main/unitree_ws/install/speech_to_goal_interfaces/lib/pkgconfig'), ('XDG_SESSION_CLASS', 'user'), ('USERNAME', 'tknika'), ('TERM', 'xterm-256color'), ('GNOME_DESKTOP_SESSION_ID', 'this-is-deprecated'), ('ROS_LOCALHOST_ONLY', '0'), ('WINDOWPATH', '2'), ('PATH', '/usr/local/cuda-12.6/bin:/usr/local/cuda-12.6/bin:/home/bee/gral-iiriondo/unitree_ws/environments/unitree_env/bin:/opt/ros/humble/bin:/usr/local/cuda-12.6/bin:/home/tknika/.cargo/bin:/home/tknika/.local/bin:/usr/local/sbin:/usr/local/bin:/usr/sbin:/usr/bin:/sbin:/bin:/usr/games:/usr/local/games:/snap/bin:/snap/bin'), ('SESSION_MANAGER', 'local/ubuntu:@/tmp/.ICE-unix/2653,unix/ubuntu:/tmp/.ICE-unix/2653'), ('INVOCATION_ID', '23499d00eeb9404d9453ff310186aa72'), ('XDG_MENU_PREFIX', 'gnome-'), ('XDG_RUNTIME_DIR', '/run/user/1000'), ('DISPLAY', ':1'), ('TERMINATOR_DBUS_PATH', '/net/tenshu/Terminator2'), ('LANG', 'en_US.UTF-8'), ('XDG_CURRENT_DESKTOP', 'ubuntu:GNOME'), ('IBUS_DISABLE_SNOOPER', '1'), ('VIRTUAL_ENV_PROMPT', '(unitree_env)'), ('XMODIFIERS', '@im=ibus'), ('XDG_SESSION_DESKTOP', 'ubuntu'), ('XAUTHORITY', '/run/user/1000/gdm/Xauthority'), ('LS_COLORS', 'rs=0:di=01;34:ln=01;36:mh=00:pi=40;33:so=01;35:do=01;35:bd=40;33;01:cd=40;33;01:or=40;31;01:mi=00:su=37;41:sg=30;43:ca=30;41:tw=30;42:ow=34;42:st=37;44:ex=01;32:*.tar=01;31:*.tgz=01;31:*.arc=01;31:*.arj=01;31:*.taz=01;31:*.lha=01;31:*.lz4=01;31:*.lzh=01;31:*.lzma=01;31:*.tlz=01;31:*.txz=01;31:*.tzo=01;31:*.t7z=01;31:*.zip=01;31:*.z=01;31:*.dz=01;31:*.gz=01;31:*.lrz=01;31:*.lz=01;31:*.lzo=01;31:*.xz=01;31:*.zst=01;31:*.tzst=01;31:*.bz2=01;31:*.bz=01;31:*.tbz=01;31:*.tbz2=01;31:*.tz=01;31:*.deb=01;31:*.rpm=01;31:*.jar=01;31:*.war=01;31:*.ear=01;31:*.sar=01;31:*.rar=01;31:*.alz=01;31:*.ace=01;31:*.zoo=01;31:*.cpio=01;31:*.7z=01;31:*.rz=01;31:*.cab=01;31:*.wim=01;31:*.swm=01;31:*.dwm=01;31:*.esd=01;31:*.jpg=01;35:*.jpeg=01;35:*.mjpg=01;35:*.mjpeg=01;35:*.gif=01;35:*.bmp=01;35:*.pbm=01;35:*.pgm=01;35:*.ppm=01;35:*.tga=01;35:*.xbm=01;35:*.xpm=01;35:*.tif=01;35:*.tiff=01;35:*.png=01;35:*.svg=01;35:*.svgz=01;35:*.mng=01;35:*.pcx=01;35:*.mov=01;35:*.mpg=01;35:*.mpeg=01;35:*.m2v=01;35:*.mkv=01;35:*.webm=01;35:*.webp=01;35:*.ogm=01;35:*.mp4=01;35:*.m4v=01;35:*.mp4v=01;35:*.vob=01;35:*.qt=01;35:*.nuv=01;35:*.wmv=01;35:*.asf=01;35:*.rm=01;35:*.rmvb=01;35:*.flc=01;35:*.avi=01;35:*.fli=01;35:*.flv=01;35:*.gl=01;35:*.dl=01;35:*.xcf=01;35:*.xwd=01;35:*.yuv=01;35:*.cgm=01;35:*.emf=01;35:*.ogv=01;35:*.ogx=01;35:*.aac=00;36:*.au=00;36:*.flac=00;36:*.m4a=00;36:*.mid=00;36:*.midi=00;36:*.mka=00;36:*.mp3=00;36:*.mpc=00;36:*.ogg=00;36:*.ra=00;36:*.wav=00;36:*.oga=00;36:*.opus=00;36:*.spx=00;36:*.xspf=00;36:'), ('SSH_AGENT_LAUNCHER', 'gnome-keyring'), ('SSH_AUTH_SOCK', '/run/user/1000/keyring/ssh'), ('AMENT_PREFIX_PATH', '/home/tknika/gral-iiriondo-main/unitree_ws/install/speech_to_goal_interfaces:/home/tknika/gral-iiriondo-main/unitree_ws/install/standing_mode:/home/tknika/gral-iiriondo-main/unitree_ws/install/speech_to_goal:/home/tknika/gral-iiriondo-main/unitree_ws/install/object_recognition:/home/tknika/gral-iiriondo-main/unitree_ws/install/object_recognition_interfaces:/home/tknika/gral-iiriondo-main/unitree_ws/install/mapping_configuration:/home/tknika/gral-iiriondo-main/unitree_ws/install/go1_description:/home/tknika/gral-iiriondo-main/unitree_ws/install/asr:/home/tknika/gral-iiriondo-main/unitree_ws/install/aruco_detector:/home/tknika/gral-iiriondo-main/unitree_ws/install/aruco_markers_msgs:/opt/ros/humble'), ('SHELL', '/bin/bash'), ('TERMINATOR_UUID', 'urn:uuid:6783764e-82b3-4e19-a535-1afecb743d9d'), ('QT_ACCESSIBILITY', '1'), ('GDMSESSION', 'ubuntu'), ('LESSCLOSE', '/usr/bin/lesspipe %s %s'), ('GPG_AGENT_INFO', '/run/user/1000/gnupg/S.gpg-agent:0:1'), ('GJS_DEBUG_OUTPUT', 'stderr'), ('VIRTUAL_ENV', '/home/bee/gral-iiriondo/unitree_ws/environments/unitree_env'), ('QT_IM_MODULE', 'ibus'), ('PWD', '/home/tknika/gral-iiriondo-main/unitree_ws/build/aruco_markers_msgs'), ('XDG_CONFIG_DIRS', '/etc/xdg/xdg-ubuntu:/etc/xdg'), ('XDG_DATA_DIRS', '/usr/share/ubuntu:/usr/share/gnome:/usr/local/share/:/usr/share/:/var/lib/snapd/desktop'), ('PYTHONPATH', '/home/tknika/gral-iiriondo-main/unitree_ws/build/standing_mode:/home/tknika/gral-iiriondo-main/unitree_ws/install/standing_mode/lib/python3.10/site-packages:/home/tknika/gral-iiriondo-main/unitree_ws/build/speech_to_goal:/home/tknika/gral-iiriondo-main/unitree_ws/install/speech_to_goal/lib/python3.10/site-packages:/home/tknika/gral-iiriondo-main/unitree_ws/install/speech_to_goal_interfaces/local/lib/python3.10/dist-packages:/home/tknika/gral-iiriondo-main/unitree_ws/build/object_recognition:/home/tknika/gral-iiriondo-main/unitree_ws/install/object_recognition/lib/python3.10/site-packages:/home/tknika/gral-iiriondo-main/unitree_ws/install/object_recognition_interfaces/local/lib/python3.10/dist-packages:/home/tknika/gral-iiriondo-main/unitree_ws/build/mapping_configuration:/home/tknika/gral-iiriondo-main/unitree_ws/install/mapping_configuration/lib/python3.10/site-packages:/home/tknika/gral-iiriondo-main/unitree_ws/build/go1_description:/home/tknika/gral-iiriondo-main/unitree_ws/install/go1_description/lib/python3.10/site-packages:/home/tknika/gral-iiriondo-main/unitree_ws/build/asr:/home/tknika/gral-iiriondo-main/unitree_ws/install/asr/lib/python3.10/site-packages:/home/tknika/gral-iiriondo-main/unitree_ws/build/aruco_detector:/home/tknika/gral-iiriondo-main/unitree_ws/install/aruco_detector/lib/python3.10/site-packages:/home/tknika/gral-iiriondo-main/unitree_ws/install/aruco_markers_msgs/local/lib/python3.10/dist-packages:/home/tknika/gral-iiriondo-main/unitree_ws/src/unitree_legged_sdk/lib/python/arm64:/home/tknika/gral-iiriondo-main/unitree_ws/src/unitree_legged_sdk/lib/python/arm64:/home/tknika/gral-iiriondo-main/unitree_ws/src/unitree_legged_sdk/lib/python/arm64:/opt/ros/humble/lib/python3.10/site-packages:/opt/ros/humble/local/lib/python3.10/dist-packages'), ('COLCON', '1'), ('VTE_VERSION', '6800'), ('CMAKE_PREFIX_PATH', '/home/tknika/gral-iiriondo-main/unitree_ws/install/speech_to_goal_interfaces:/home/tknika/gral-iiriondo-main/unitree_ws/install/object_recognition_interfaces:/home/tknika/gral-iiriondo-main/unitree_ws/install/aruco_markers_msgs:/home/tknika/gral-iiriondo-main/unitree_ws/install/standing_mode:/home/tknika/gral-iiriondo-main/unitree_ws/install/speech_to_goal:/home/tknika/gral-iiriondo-main/unitree_ws/install/object_recognition:/home/tknika/gral-iiriondo-main/unitree_ws/install/mapping_configuration:/home/tknika/gral-iiriondo-main/unitree_ws/install/go1_description:/home/tknika/gral-iiriondo-main/unitree_ws/install/asr:/home/tknika/gral-iiriondo-main/unitree_ws/install/aruco_detector:/opt/ros/humble')]), 'shell': False}
[18.859837] (object_recognition_interfaces) StdoutLine: {'line': b'-- Symlinking: /home/tknika/gral-iiriondo-main/unitree_ws/install/object_recognition_interfaces/local/lib/python3.10/dist-packages/object_recognition_interfaces/_object_recognition_interfaces_s.ep.rosidl_typesupport_introspection_c.c\n'}
[18.862649] (aruco_markers_msgs) StdoutLine: {'line': b'-- Install configuration: ""\n'}
[18.863660] (aruco_markers_msgs) StdoutLine: {'line': b'-- Execute custom install script\n'}
[18.864314] (aruco_markers_msgs) StdoutLine: {'line': b'-- Symlinking: /home/tknika/gral-iiriondo-main/unitree_ws/install/aruco_markers_msgs/share/ament_index/resource_index/rosidl_interfaces/aruco_markers_msgs\n'}
[18.876819] (object_recognition_interfaces) StdoutLine: {'line': b'-- Symlinking: /home/tknika/gral-iiriondo-main/unitree_ws/install/object_recognition_interfaces/local/lib/python3.10/dist-packages/object_recognition_interfaces/libobject_recognition_interfaces__rosidl_generator_py.so\n'}
[18.884919] (aruco_markers_msgs) StdoutLine: {'line': b'-- Symlinking: /home/tknika/gral-iiriondo-main/unitree_ws/install/aruco_markers_msgs/include/aruco_markers_msgs/aruco_markers_msgs/msg/detail/marker__functions.h\n'}
[18.894475] (object_recognition_interfaces) StdoutLine: {'line': b'-- Symlinking: /home/tknika/gral-iiriondo-main/unitree_ws/install/object_recognition_interfaces/local/lib/python3.10/dist-packages/object_recognition_interfaces/object_recognition_interfaces_s__rosidl_typesupport_c.cpython-310-aarch64-linux-gnu.so\n'}
[18.894957] (-) TimerEvent: {}
[18.901041] (aruco_markers_msgs) StdoutLine: {'line': b'-- Symlinking: /home/tknika/gral-iiriondo-main/unitree_ws/install/aruco_markers_msgs/include/aruco_markers_msgs/aruco_markers_msgs/msg/detail/marker__struct.h\n'}
[18.905198] (speech_to_goal_interfaces) StdoutLine: {'line': b'[ 95%] Built target speech_to_goal_interfaces__rosidl_typesupport_introspection_c__pyext\n'}
[18.908522] (speech_to_goal_interfaces) StdoutLine: {'line': b'[ 95%] Built target speech_to_goal_interfaces__rosidl_typesupport_fastrtps_c__pyext\n'}
[18.913315] (object_recognition_interfaces) StdoutLine: {'line': b'-- Symlinking: /home/tknika/gral-iiriondo-main/unitree_ws/install/object_recognition_interfaces/local/lib/python3.10/dist-packages/object_recognition_interfaces/object_recognition_interfaces_s__rosidl_typesupport_fastrtps_c.cpython-310-aarch64-linux-gnu.so\n'}
[18.920388] (aruco_markers_msgs) StdoutLine: {'line': b'-- Symlinking: /home/tknika/gral-iiriondo-main/unitree_ws/install/aruco_markers_msgs/include/aruco_markers_msgs/aruco_markers_msgs/msg/detail/marker__type_support.h\n'}
[18.929329] (object_recognition_interfaces) StdoutLine: {'line': b'-- Symlinking: /home/tknika/gral-iiriondo-main/unitree_ws/install/object_recognition_interfaces/local/lib/python3.10/dist-packages/object_recognition_interfaces/object_recognition_interfaces_s__rosidl_typesupport_introspection_c.cpython-310-aarch64-linux-gnu.so\n'}
[18.936521] (aruco_markers_msgs) StdoutLine: {'line': b'-- Symlinking: /home/tknika/gral-iiriondo-main/unitree_ws/install/aruco_markers_msgs/include/aruco_markers_msgs/aruco_markers_msgs/msg/detail/marker_array__functions.h\n'}
[18.946421] (object_recognition_interfaces) StdoutLine: {'line': b'-- Symlinking: /home/tknika/gral-iiriondo-main/unitree_ws/install/object_recognition_interfaces/local/lib/python3.10/dist-packages/object_recognition_interfaces/srv/__init__.py\n'}
[18.947155] (speech_to_goal_interfaces) StdoutLine: {'line': b'[ 97%] \x1b[32mBuilding C object CMakeFiles/speech_to_goal_interfaces__rosidl_typesupport_c__pyext.dir/rosidl_generator_py/speech_to_goal_interfaces/_speech_to_goal_interfaces_s.ep.rosidl_typesupport_c.c.o\x1b[0m\n'}
[18.952668] (aruco_markers_msgs) StdoutLine: {'line': b'-- Symlinking: /home/tknika/gral-iiriondo-main/unitree_ws/install/aruco_markers_msgs/include/aruco_markers_msgs/aruco_markers_msgs/msg/detail/marker_array__struct.h\n'}
[18.963649] (object_recognition_interfaces) StdoutLine: {'line': b'-- Symlinking: /home/tknika/gral-iiriondo-main/unitree_ws/install/object_recognition_interfaces/local/lib/python3.10/dist-packages/object_recognition_interfaces/srv/_add_object.py\n'}
[18.968608] (aruco_markers_msgs) StdoutLine: {'line': b'-- Symlinking: /home/tknika/gral-iiriondo-main/unitree_ws/install/aruco_markers_msgs/include/aruco_markers_msgs/aruco_markers_msgs/msg/detail/marker_array__type_support.h\n'}
[18.980350] (object_recognition_interfaces) StdoutLine: {'line': b'-- Symlinking: /home/tknika/gral-iiriondo-main/unitree_ws/install/object_recognition_interfaces/local/lib/python3.10/dist-packages/object_recognition_interfaces/srv/_add_object_s.c\n'}
[18.983381] (aruco_markers_msgs) StdoutLine: {'line': b'-- Symlinking: /home/tknika/gral-iiriondo-main/unitree_ws/install/aruco_markers_msgs/include/aruco_markers_msgs/aruco_markers_msgs/msg/marker.h\n'}
[18.995172] (-) TimerEvent: {}
[18.996957] (object_recognition_interfaces) StdoutLine: {'line': b'-- Symlinking: /home/tknika/gral-iiriondo-main/unitree_ws/install/object_recognition_interfaces/local/lib/python3.10/dist-packages/object_recognition_interfaces/srv/_detect_object.py\n'}
[18.997373] (aruco_markers_msgs) StdoutLine: {'line': b'-- Symlinking: /home/tknika/gral-iiriondo-main/unitree_ws/install/aruco_markers_msgs/include/aruco_markers_msgs/aruco_markers_msgs/msg/marker_array.h\n'}
[19.013267] (object_recognition_interfaces) StdoutLine: {'line': b'-- Symlinking: /home/tknika/gral-iiriondo-main/unitree_ws/install/object_recognition_interfaces/local/lib/python3.10/dist-packages/object_recognition_interfaces/srv/_detect_object_s.c\n'}
[19.013635] (aruco_markers_msgs) StdoutLine: {'line': b'-- Symlinking: /home/tknika/gral-iiriondo-main/unitree_ws/install/aruco_markers_msgs/include/aruco_markers_msgs/aruco_markers_msgs/msg/rosidl_generator_c__visibility_control.h\n'}
[19.031042] (aruco_markers_msgs) StdoutLine: {'line': b'-- Symlinking: /home/tknika/gral-iiriondo-main/unitree_ws/install/aruco_markers_msgs/share/aruco_markers_msgs/environment/library_path.sh\n'}
[19.031931] (object_recognition_interfaces) StdoutLine: {'line': b'-- Up-to-date symlink: /home/tknika/gral-iiriondo-main/unitree_ws/install/object_recognition_interfaces/local/lib/python3.10/dist-packages/object_recognition_interfaces/object_recognition_interfaces_s__rosidl_typesupport_fastrtps_c.cpython-310-aarch64-linux-gnu.so\n'}
[19.032407] (object_recognition_interfaces) StdoutLine: {'line': b'-- Up-to-date symlink: /home/tknika/gral-iiriondo-main/unitree_ws/install/object_recognition_interfaces/local/lib/python3.10/dist-packages/object_recognition_interfaces/object_recognition_interfaces_s__rosidl_typesupport_introspection_c.cpython-310-aarch64-linux-gnu.so\n'}
[19.033035] (object_recognition_interfaces) StdoutLine: {'line': b'-- Up-to-date symlink: /home/tknika/gral-iiriondo-main/unitree_ws/install/object_recognition_interfaces/local/lib/python3.10/dist-packages/object_recognition_interfaces/object_recognition_interfaces_s__rosidl_typesupport_c.cpython-310-aarch64-linux-gnu.so\n'}
[19.033468] (object_recognition_interfaces) StdoutLine: {'line': b'-- Symlinking: /home/tknika/gral-iiriondo-main/unitree_ws/install/object_recognition_interfaces/share/ament_index/resource_index/rust_packages/object_recognition_interfaces\n'}
[19.047689] (aruco_markers_msgs) StdoutLine: {'line': b'-- Symlinking: /home/tknika/gral-iiriondo-main/unitree_ws/install/aruco_markers_msgs/share/aruco_markers_msgs/environment/library_path.dsv\n'}
[19.048230] (object_recognition_interfaces) StdoutLine: {'line': b'-- Symlinking: /home/tknika/gral-iiriondo-main/unitree_ws/install/object_recognition_interfaces/share/object_recognition_interfaces/rust/Cargo.toml\n'}
[19.064060] (object_recognition_interfaces) StdoutLine: {'line': b'-- Symlinking: /home/tknika/gral-iiriondo-main/unitree_ws/install/object_recognition_interfaces/share/object_recognition_interfaces/rust/build.rs\n'}
[19.064610] (aruco_markers_msgs) StdoutLine: {'line': b'-- Symlinking: /home/tknika/gral-iiriondo-main/unitree_ws/install/aruco_markers_msgs/include/aruco_markers_msgs/aruco_markers_msgs/msg/detail/marker__rosidl_typesupport_fastrtps_c.h\n'}
[19.080808] (aruco_markers_msgs) StdoutLine: {'line': b'-- Symlinking: /home/tknika/gral-iiriondo-main/unitree_ws/install/aruco_markers_msgs/include/aruco_markers_msgs/aruco_markers_msgs/msg/detail/marker_array__rosidl_typesupport_fastrtps_c.h\n'}
[19.081289] (object_recognition_interfaces) StdoutLine: {'line': b'-- Symlinking: /home/tknika/gral-iiriondo-main/unitree_ws/install/object_recognition_interfaces/share/object_recognition_interfaces/rust/src/lib.rs\n'}
[19.095363] (-) TimerEvent: {}
[19.097103] (aruco_markers_msgs) StdoutLine: {'line': b'-- Symlinking: /home/tknika/gral-iiriondo-main/unitree_ws/install/aruco_markers_msgs/include/aruco_markers_msgs/aruco_markers_msgs/msg/rosidl_typesupport_fastrtps_c__visibility_control.h\n'}
[19.097500] (object_recognition_interfaces) StdoutLine: {'line': b'-- Symlinking: /home/tknika/gral-iiriondo-main/unitree_ws/install/object_recognition_interfaces/share/object_recognition_interfaces/rust/src/srv.rs\n'}
[19.114454] (object_recognition_interfaces) StdoutLine: {'line': b'-- Symlinking: /home/tknika/gral-iiriondo-main/unitree_ws/install/object_recognition_interfaces/share/object_recognition_interfaces/rust/src/srv/rmw.rs\n'}
[19.115140] (aruco_markers_msgs) StdoutLine: {'line': b'-- Symlinking: /home/tknika/gral-iiriondo-main/unitree_ws/install/aruco_markers_msgs/include/aruco_markers_msgs/aruco_markers_msgs/msg/detail/marker__builder.hpp\n'}
[19.132248] (aruco_markers_msgs) StdoutLine: {'line': b'-- Symlinking: /home/tknika/gral-iiriondo-main/unitree_ws/install/aruco_markers_msgs/include/aruco_markers_msgs/aruco_markers_msgs/msg/detail/marker__struct.hpp\n'}
[19.132751] (object_recognition_interfaces) StdoutLine: {'line': b'-- Symlinking: /home/tknika/gral-iiriondo-main/unitree_ws/install/object_recognition_interfaces/share/object_recognition_interfaces/srv/DetectObject.idl\n'}
[19.140959] (speech_to_goal_interfaces) StdoutLine: {'line': b'[100%] \x1b[32m\x1b[1mLinking C shared library rosidl_generator_py/speech_to_goal_interfaces/speech_to_goal_interfaces_s__rosidl_typesupport_c.cpython-310-aarch64-linux-gnu.so\x1b[0m\n'}
[19.148190] (aruco_markers_msgs) StdoutLine: {'line': b'-- Symlinking: /home/tknika/gral-iiriondo-main/unitree_ws/install/aruco_markers_msgs/include/aruco_markers_msgs/aruco_markers_msgs/msg/detail/marker__traits.hpp\n'}
[19.148761] (object_recognition_interfaces) StdoutLine: {'line': b'-- Symlinking: /home/tknika/gral-iiriondo-main/unitree_ws/install/object_recognition_interfaces/share/object_recognition_interfaces/srv/AddObject.idl\n'}
[19.165354] (aruco_markers_msgs) StdoutLine: {'line': b'-- Symlinking: /home/tknika/gral-iiriondo-main/unitree_ws/install/aruco_markers_msgs/include/aruco_markers_msgs/aruco_markers_msgs/msg/detail/marker__type_support.hpp\n'}
[19.165864] (object_recognition_interfaces) StdoutLine: {'line': b'-- Symlinking: /home/tknika/gral-iiriondo-main/unitree_ws/install/object_recognition_interfaces/share/object_recognition_interfaces/srv/DetectObject.srv\n'}
[19.181581] (aruco_markers_msgs) StdoutLine: {'line': b'-- Symlinking: /home/tknika/gral-iiriondo-main/unitree_ws/install/aruco_markers_msgs/include/aruco_markers_msgs/aruco_markers_msgs/msg/detail/marker_array__builder.hpp\n'}
[19.182204] (object_recognition_interfaces) StdoutLine: {'line': b'-- Symlinking: /home/tknika/gral-iiriondo-main/unitree_ws/install/object_recognition_interfaces/share/object_recognition_interfaces/srv/DetectObject_Request.msg\n'}
[19.195532] (-) TimerEvent: {}
[19.198328] (aruco_markers_msgs) StdoutLine: {'line': b'-- Symlinking: /home/tknika/gral-iiriondo-main/unitree_ws/install/aruco_markers_msgs/include/aruco_markers_msgs/aruco_markers_msgs/msg/detail/marker_array__struct.hpp\n'}
[19.198775] (object_recognition_interfaces) StdoutLine: {'line': b'-- Symlinking: /home/tknika/gral-iiriondo-main/unitree_ws/install/object_recognition_interfaces/share/object_recognition_interfaces/srv/DetectObject_Response.msg\n'}
[19.208735] (speech_to_goal_interfaces) StdoutLine: {'line': b'[100%] Built target speech_to_goal_interfaces__rosidl_typesupport_c__pyext\n'}
[19.214542] (aruco_markers_msgs) StdoutLine: {'line': b'-- Symlinking: /home/tknika/gral-iiriondo-main/unitree_ws/install/aruco_markers_msgs/include/aruco_markers_msgs/aruco_markers_msgs/msg/detail/marker_array__traits.hpp\n'}
[19.215051] (object_recognition_interfaces) StdoutLine: {'line': b'-- Symlinking: /home/tknika/gral-iiriondo-main/unitree_ws/install/object_recognition_interfaces/share/object_recognition_interfaces/srv/AddObject.srv\n'}
[19.231867] (object_recognition_interfaces) StdoutLine: {'line': b'-- Symlinking: /home/tknika/gral-iiriondo-main/unitree_ws/install/object_recognition_interfaces/share/object_recognition_interfaces/srv/AddObject_Request.msg\n'}
[19.233224] (aruco_markers_msgs) StdoutLine: {'line': b'-- Symlinking: /home/tknika/gral-iiriondo-main/unitree_ws/install/aruco_markers_msgs/include/aruco_markers_msgs/aruco_markers_msgs/msg/detail/marker_array__type_support.hpp\n'}
[19.234406] (speech_to_goal_interfaces) CommandEnded: {'returncode': 0}
[19.235992] (speech_to_goal_interfaces) JobProgress: {'identifier': 'speech_to_goal_interfaces', 'progress': 'install'}
[19.236431] (speech_to_goal_interfaces) Command: {'cmd': ['/usr/bin/cmake', '--install', '/home/tknika/gral-iiriondo-main/unitree_ws/build/speech_to_goal_interfaces'], 'cwd': '/home/tknika/gral-iiriondo-main/unitree_ws/build/speech_to_goal_interfaces', 'env': OrderedDict([('GJS_DEBUG_TOPICS', 'JS ERROR;JS LOG'), ('LESSOPEN', '| /usr/bin/lesspipe %s'), ('USER', 'tknika'), ('OLLAMA_LLM_LIBRARY', 'cuda'), ('ROS_PACKAGE_PATH', '/home/tknika/gral-iiriondo-main/unitree_ws/install/speech_to_goal_interfaces/share'), ('XDG_SESSION_TYPE', 'x11'), ('SHLVL', '1'), ('LD_LIBRARY_PATH', '/home/tknika/gral-iiriondo-main/unitree_ws/install/speech_to_goal_interfaces/lib:/home/tknika/gral-iiriondo-main/unitree_ws/install/object_recognition_interfaces/lib:/home/tknika/gral-iiriondo-main/unitree_ws/install/aruco_markers_msgs/lib:/usr/lib/aarch64-linux-gnu/nvidia:/usr/local/cuda/lib64:/opt/ros/humble/opt/rviz_ogre_vendor/lib:/opt/ros/humble/lib/aarch64-linux-gnu:/opt/ros/humble/lib:/usr/local/cuda-12.6/lib64:/usr/lib/aarch64-linux-gnu/nvid'), ('HOME', '/home/tknika'), ('OLDPWD', '/home/tknika/gral-iiriondo-main'), ('DESKTOP_SESSION', 'ubuntu'), ('GIO_LAUNCHED_DESKTOP_FILE', '/usr/share/applications/terminator.desktop'), ('ROS_PYTHON_VERSION', '3'), ('GNOME_SHELL_SESSION_MODE', 'ubuntu'), ('GTK_MODULES', 'gail:atk-bridge'), ('PS1', '\\[\\e]0;\\u@\\h: \\w\\a\\]${debian_chroot:+($debian_chroot)}\\[\\033[01;32m\\]\\u@\\h\\[\\033[00m\\]:\\[\\033[01;34m\\]\\w\\[\\033[00m\\]\\$'), ('MANAGERPID', '2504'), ('SYSTEMD_EXEC_PID', '2680'), ('DBUS_SESSION_BUS_ADDRESS', 'unix:path=/run/user/1000/bus'), ('COLORTERM', 'truecolor'), ('TERMINATOR_DBUS_NAME', 'net.tenshu.Terminator23558193cd9818af7fe4d2c2f5bd9d00f'), ('GIO_LAUNCHED_DESKTOP_FILE_PID', '4209'), ('IM_CONFIG_PHASE', '1'), ('COLCON_PREFIX_PATH', '/home/tknika/gral-iiriondo-main/unitree_ws/install'), ('CUDA_VISIBLE_DEVICES', '0'), ('ROS_DISTRO', 'humble'), ('GTK_IM_MODULE', 'ibus'), ('LOGNAME', 'tknika'), ('JOURNAL_STREAM', '8:50749'), ('_', '/usr/bin/colcon'), ('ROS_VERSION', '2'), ('PKG_CONFIG_PATH', '/home/tknika/gral-iiriondo-main/unitree_ws/install/speech_to_goal_interfaces/lib/aarch64-linux-gnu/pkgconfig:/home/tknika/gral-iiriondo-main/unitree_ws/install/speech_to_goal_interfaces/lib/pkgconfig'), ('XDG_SESSION_CLASS', 'user'), ('USERNAME', 'tknika'), ('TERM', 'xterm-256color'), ('GNOME_DESKTOP_SESSION_ID', 'this-is-deprecated'), ('ROS_LOCALHOST_ONLY', '0'), ('WINDOWPATH', '2'), ('PATH', '/usr/local/cuda-12.6/bin:/usr/local/cuda-12.6/bin:/home/bee/gral-iiriondo/unitree_ws/environments/unitree_env/bin:/opt/ros/humble/bin:/usr/local/cuda-12.6/bin:/home/tknika/.cargo/bin:/home/tknika/.local/bin:/usr/local/sbin:/usr/local/bin:/usr/sbin:/usr/bin:/sbin:/bin:/usr/games:/usr/local/games:/snap/bin:/snap/bin'), ('SESSION_MANAGER', 'local/ubuntu:@/tmp/.ICE-unix/2653,unix/ubuntu:/tmp/.ICE-unix/2653'), ('INVOCATION_ID', '23499d00eeb9404d9453ff310186aa72'), ('XDG_MENU_PREFIX', 'gnome-'), ('XDG_RUNTIME_DIR', '/run/user/1000'), ('DISPLAY', ':1'), ('TERMINATOR_DBUS_PATH', '/net/tenshu/Terminator2'), ('LANG', 'en_US.UTF-8'), ('XDG_CURRENT_DESKTOP', 'ubuntu:GNOME'), ('IBUS_DISABLE_SNOOPER', '1'), ('VIRTUAL_ENV_PROMPT', '(unitree_env)'), ('XMODIFIERS', '@im=ibus'), ('XDG_SESSION_DESKTOP', 'ubuntu'), ('XAUTHORITY', '/run/user/1000/gdm/Xauthority'), ('LS_COLORS', 'rs=0:di=01;34:ln=01;36:mh=00:pi=40;33:so=01;35:do=01;35:bd=40;33;01:cd=40;33;01:or=40;31;01:mi=00:su=37;41:sg=30;43:ca=30;41:tw=30;42:ow=34;42:st=37;44:ex=01;32:*.tar=01;31:*.tgz=01;31:*.arc=01;31:*.arj=01;31:*.taz=01;31:*.lha=01;31:*.lz4=01;31:*.lzh=01;31:*.lzma=01;31:*.tlz=01;31:*.txz=01;31:*.tzo=01;31:*.t7z=01;31:*.zip=01;31:*.z=01;31:*.dz=01;31:*.gz=01;31:*.lrz=01;31:*.lz=01;31:*.lzo=01;31:*.xz=01;31:*.zst=01;31:*.tzst=01;31:*.bz2=01;31:*.bz=01;31:*.tbz=01;31:*.tbz2=01;31:*.tz=01;31:*.deb=01;31:*.rpm=01;31:*.jar=01;31:*.war=01;31:*.ear=01;31:*.sar=01;31:*.rar=01;31:*.alz=01;31:*.ace=01;31:*.zoo=01;31:*.cpio=01;31:*.7z=01;31:*.rz=01;31:*.cab=01;31:*.wim=01;31:*.swm=01;31:*.dwm=01;31:*.esd=01;31:*.jpg=01;35:*.jpeg=01;35:*.mjpg=01;35:*.mjpeg=01;35:*.gif=01;35:*.bmp=01;35:*.pbm=01;35:*.pgm=01;35:*.ppm=01;35:*.tga=01;35:*.xbm=01;35:*.xpm=01;35:*.tif=01;35:*.tiff=01;35:*.png=01;35:*.svg=01;35:*.svgz=01;35:*.mng=01;35:*.pcx=01;35:*.mov=01;35:*.mpg=01;35:*.mpeg=01;35:*.m2v=01;35:*.mkv=01;35:*.webm=01;35:*.webp=01;35:*.ogm=01;35:*.mp4=01;35:*.m4v=01;35:*.mp4v=01;35:*.vob=01;35:*.qt=01;35:*.nuv=01;35:*.wmv=01;35:*.asf=01;35:*.rm=01;35:*.rmvb=01;35:*.flc=01;35:*.avi=01;35:*.fli=01;35:*.flv=01;35:*.gl=01;35:*.dl=01;35:*.xcf=01;35:*.xwd=01;35:*.yuv=01;35:*.cgm=01;35:*.emf=01;35:*.ogv=01;35:*.ogx=01;35:*.aac=00;36:*.au=00;36:*.flac=00;36:*.m4a=00;36:*.mid=00;36:*.midi=00;36:*.mka=00;36:*.mp3=00;36:*.mpc=00;36:*.ogg=00;36:*.ra=00;36:*.wav=00;36:*.oga=00;36:*.opus=00;36:*.spx=00;36:*.xspf=00;36:'), ('SSH_AGENT_LAUNCHER', 'gnome-keyring'), ('SSH_AUTH_SOCK', '/run/user/1000/keyring/ssh'), ('AMENT_PREFIX_PATH', '/home/tknika/gral-iiriondo-main/unitree_ws/install/speech_to_goal_interfaces:/home/tknika/gral-iiriondo-main/unitree_ws/install/standing_mode:/home/tknika/gral-iiriondo-main/unitree_ws/install/speech_to_goal:/home/tknika/gral-iiriondo-main/unitree_ws/install/object_recognition:/home/tknika/gral-iiriondo-main/unitree_ws/install/object_recognition_interfaces:/home/tknika/gral-iiriondo-main/unitree_ws/install/mapping_configuration:/home/tknika/gral-iiriondo-main/unitree_ws/install/go1_description:/home/tknika/gral-iiriondo-main/unitree_ws/install/asr:/home/tknika/gral-iiriondo-main/unitree_ws/install/aruco_detector:/home/tknika/gral-iiriondo-main/unitree_ws/install/aruco_markers_msgs:/opt/ros/humble'), ('SHELL', '/bin/bash'), ('TERMINATOR_UUID', 'urn:uuid:6783764e-82b3-4e19-a535-1afecb743d9d'), ('QT_ACCESSIBILITY', '1'), ('GDMSESSION', 'ubuntu'), ('LESSCLOSE', '/usr/bin/lesspipe %s %s'), ('GPG_AGENT_INFO', '/run/user/1000/gnupg/S.gpg-agent:0:1'), ('GJS_DEBUG_OUTPUT', 'stderr'), ('VIRTUAL_ENV', '/home/bee/gral-iiriondo/unitree_ws/environments/unitree_env'), ('QT_IM_MODULE', 'ibus'), ('PWD', '/home/tknika/gral-iiriondo-main/unitree_ws/build/speech_to_goal_interfaces'), ('XDG_CONFIG_DIRS', '/etc/xdg/xdg-ubuntu:/etc/xdg'), ('XDG_DATA_DIRS', '/usr/share/ubuntu:/usr/share/gnome:/usr/local/share/:/usr/share/:/var/lib/snapd/desktop'), ('PYTHONPATH', '/home/tknika/gral-iiriondo-main/unitree_ws/build/standing_mode:/home/tknika/gral-iiriondo-main/unitree_ws/install/standing_mode/lib/python3.10/site-packages:/home/tknika/gral-iiriondo-main/unitree_ws/build/speech_to_goal:/home/tknika/gral-iiriondo-main/unitree_ws/install/speech_to_goal/lib/python3.10/site-packages:/home/tknika/gral-iiriondo-main/unitree_ws/install/speech_to_goal_interfaces/local/lib/python3.10/dist-packages:/home/tknika/gral-iiriondo-main/unitree_ws/build/object_recognition:/home/tknika/gral-iiriondo-main/unitree_ws/install/object_recognition/lib/python3.10/site-packages:/home/tknika/gral-iiriondo-main/unitree_ws/install/object_recognition_interfaces/local/lib/python3.10/dist-packages:/home/tknika/gral-iiriondo-main/unitree_ws/build/mapping_configuration:/home/tknika/gral-iiriondo-main/unitree_ws/install/mapping_configuration/lib/python3.10/site-packages:/home/tknika/gral-iiriondo-main/unitree_ws/build/go1_description:/home/tknika/gral-iiriondo-main/unitree_ws/install/go1_description/lib/python3.10/site-packages:/home/tknika/gral-iiriondo-main/unitree_ws/build/asr:/home/tknika/gral-iiriondo-main/unitree_ws/install/asr/lib/python3.10/site-packages:/home/tknika/gral-iiriondo-main/unitree_ws/build/aruco_detector:/home/tknika/gral-iiriondo-main/unitree_ws/install/aruco_detector/lib/python3.10/site-packages:/home/tknika/gral-iiriondo-main/unitree_ws/install/aruco_markers_msgs/local/lib/python3.10/dist-packages:/home/tknika/gral-iiriondo-main/unitree_ws/src/unitree_legged_sdk/lib/python/arm64:/home/tknika/gral-iiriondo-main/unitree_ws/src/unitree_legged_sdk/lib/python/arm64:/home/tknika/gral-iiriondo-main/unitree_ws/src/unitree_legged_sdk/lib/python/arm64:/opt/ros/humble/lib/python3.10/site-packages:/opt/ros/humble/local/lib/python3.10/dist-packages'), ('COLCON', '1'), ('VTE_VERSION', '6800'), ('CMAKE_PREFIX_PATH', '/home/tknika/gral-iiriondo-main/unitree_ws/install/speech_to_goal_interfaces:/home/tknika/gral-iiriondo-main/unitree_ws/install/object_recognition_interfaces:/home/tknika/gral-iiriondo-main/unitree_ws/install/aruco_markers_msgs:/home/tknika/gral-iiriondo-main/unitree_ws/install/standing_mode:/home/tknika/gral-iiriondo-main/unitree_ws/install/speech_to_goal:/home/tknika/gral-iiriondo-main/unitree_ws/install/object_recognition:/home/tknika/gral-iiriondo-main/unitree_ws/install/mapping_configuration:/home/tknika/gral-iiriondo-main/unitree_ws/install/go1_description:/home/tknika/gral-iiriondo-main/unitree_ws/install/asr:/home/tknika/gral-iiriondo-main/unitree_ws/install/aruco_detector:/opt/ros/humble')]), 'shell': False}
[19.250502] (object_recognition_interfaces) StdoutLine: {'line': b'-- Symlinking: /home/tknika/gral-iiriondo-main/unitree_ws/install/object_recognition_interfaces/share/object_recognition_interfaces/srv/AddObject_Response.msg\n'}
[19.250970] (aruco_markers_msgs) StdoutLine: {'line': b'-- Symlinking: /home/tknika/gral-iiriondo-main/unitree_ws/install/aruco_markers_msgs/include/aruco_markers_msgs/aruco_markers_msgs/msg/marker.hpp\n'}
[19.252291] (speech_to_goal_interfaces) StdoutLine: {'line': b'-- Install configuration: ""\n'}
[19.253833] (speech_to_goal_interfaces) StdoutLine: {'line': b'-- Execute custom install script\n'}
[19.254537] (speech_to_goal_interfaces) StdoutLine: {'line': b'-- Symlinking: /home/tknika/gral-iiriondo-main/unitree_ws/install/speech_to_goal_interfaces/share/ament_index/resource_index/rosidl_interfaces/speech_to_goal_interfaces\n'}
[19.268212] (aruco_markers_msgs) StdoutLine: {'line': b'-- Symlinking: /home/tknika/gral-iiriondo-main/unitree_ws/install/aruco_markers_msgs/include/aruco_markers_msgs/aruco_markers_msgs/msg/marker_array.hpp\n'}
[19.268700] (object_recognition_interfaces) StdoutLine: {'line': b'-- Symlinking: /home/tknika/gral-iiriondo-main/unitree_ws/install/object_recognition_interfaces/share/ament_index/resource_index/package_run_dependencies/object_recognition_interfaces\n'}
[19.289098] (speech_to_goal_interfaces) StdoutLine: {'line': b'-- Symlinking: /home/tknika/gral-iiriondo-main/unitree_ws/install/speech_to_goal_interfaces/include/speech_to_goal_interfaces/speech_to_goal_interfaces/msg/detail/waypoint__functions.h\n'}
[19.289644] (aruco_markers_msgs) StdoutLine: {'line': b'-- Symlinking: /home/tknika/gral-iiriondo-main/unitree_ws/install/aruco_markers_msgs/include/aruco_markers_msgs/aruco_markers_msgs/msg/rosidl_generator_cpp__visibility_control.hpp\n'}
[19.290823] (object_recognition_interfaces) StdoutLine: {'line': b'-- Symlinking: /home/tknika/gral-iiriondo-main/unitree_ws/install/object_recognition_interfaces/share/ament_index/resource_index/parent_prefix_path/object_recognition_interfaces\n'}
[19.295632] (-) TimerEvent: {}
[19.305592] (speech_to_goal_interfaces) StdoutLine: {'line': b'-- Symlinking: /home/tknika/gral-iiriondo-main/unitree_ws/install/speech_to_goal_interfaces/include/speech_to_goal_interfaces/speech_to_goal_interfaces/msg/detail/waypoint__struct.h\n'}
[19.306276] (aruco_markers_msgs) StdoutLine: {'line': b'-- Symlinking: /home/tknika/gral-iiriondo-main/unitree_ws/install/aruco_markers_msgs/include/aruco_markers_msgs/aruco_markers_msgs/msg/detail/marker__rosidl_typesupport_fastrtps_cpp.hpp\n'}
[19.307113] (object_recognition_interfaces) StdoutLine: {'line': b'-- Symlinking: /home/tknika/gral-iiriondo-main/unitree_ws/install/object_recognition_interfaces/share/object_recognition_interfaces/environment/ament_prefix_path.sh\n'}
[19.321669] (speech_to_goal_interfaces) StdoutLine: {'line': b'-- Symlinking: /home/tknika/gral-iiriondo-main/unitree_ws/install/speech_to_goal_interfaces/include/speech_to_goal_interfaces/speech_to_goal_interfaces/msg/detail/waypoint__type_support.h\n'}
[19.322234] (aruco_markers_msgs) StdoutLine: {'line': b'-- Symlinking: /home/tknika/gral-iiriondo-main/unitree_ws/install/aruco_markers_msgs/include/aruco_markers_msgs/aruco_markers_msgs/msg/detail/marker_array__rosidl_typesupport_fastrtps_cpp.hpp\n'}
[19.324380] (object_recognition_interfaces) StdoutLine: {'line': b'-- Symlinking: /home/tknika/gral-iiriondo-main/unitree_ws/install/object_recognition_interfaces/share/object_recognition_interfaces/environment/ament_prefix_path.dsv\n'}
[19.339193] (speech_to_goal_interfaces) StdoutLine: {'line': b'-- Symlinking: /home/tknika/gral-iiriondo-main/unitree_ws/install/speech_to_goal_interfaces/include/speech_to_goal_interfaces/speech_to_goal_interfaces/msg/rosidl_generator_c__visibility_control.h\n'}
[19.339687] (aruco_markers_msgs) StdoutLine: {'line': b'-- Symlinking: /home/tknika/gral-iiriondo-main/unitree_ws/install/aruco_markers_msgs/include/aruco_markers_msgs/aruco_markers_msgs/msg/rosidl_typesupport_fastrtps_cpp__visibility_control.h\n'}
[19.340721] (object_recognition_interfaces) StdoutLine: {'line': b'-- Symlinking: /home/tknika/gral-iiriondo-main/unitree_ws/install/object_recognition_interfaces/share/object_recognition_interfaces/environment/path.sh\n'}
[19.358211] (object_recognition_interfaces) StdoutLine: {'line': b'-- Symlinking: /home/tknika/gral-iiriondo-main/unitree_ws/install/object_recognition_interfaces/share/object_recognition_interfaces/environment/path.dsv\n'}
[19.359381] (speech_to_goal_interfaces) StdoutLine: {'line': b'-- Symlinking: /home/tknika/gral-iiriondo-main/unitree_ws/install/speech_to_goal_interfaces/include/speech_to_goal_interfaces/speech_to_goal_interfaces/msg/waypoint.h\n'}
[19.359824] (aruco_markers_msgs) StdoutLine: {'line': b'-- Symlinking: /home/tknika/gral-iiriondo-main/unitree_ws/install/aruco_markers_msgs/include/aruco_markers_msgs/aruco_markers_msgs/msg/detail/marker__rosidl_typesupport_introspection_c.h\n'}
[19.374886] (aruco_markers_msgs) StdoutLine: {'line': b'-- Symlinking: /home/tknika/gral-iiriondo-main/unitree_ws/install/aruco_markers_msgs/include/aruco_markers_msgs/aruco_markers_msgs/msg/detail/marker_array__rosidl_typesupport_introspection_c.h\n'}
[19.375470] (object_recognition_interfaces) StdoutLine: {'line': b'-- Symlinking: /home/tknika/gral-iiriondo-main/unitree_ws/install/object_recognition_interfaces/share/object_recognition_interfaces/local_setup.bash\n'}
[19.380506] (speech_to_goal_interfaces) StdoutLine: {'line': b'-- Symlinking: /home/tknika/gral-iiriondo-main/unitree_ws/install/speech_to_goal_interfaces/include/speech_to_goal_interfaces/speech_to_goal_interfaces/srv/detail/detect_intent__functions.h\n'}
[19.392619] (object_recognition_interfaces) StdoutLine: {'line': b'-- Symlinking: /home/tknika/gral-iiriondo-main/unitree_ws/install/object_recognition_interfaces/share/object_recognition_interfaces/local_setup.sh\n'}
[19.393113] (aruco_markers_msgs) StdoutLine: {'line': b'-- Symlinking: /home/tknika/gral-iiriondo-main/unitree_ws/install/aruco_markers_msgs/include/aruco_markers_msgs/aruco_markers_msgs/msg/rosidl_typesupport_introspection_c__visibility_control.h\n'}
[19.395740] (speech_to_goal_interfaces) StdoutLine: {'line': b'-- Symlinking: /home/tknika/gral-iiriondo-main/unitree_ws/install/speech_to_goal_interfaces/include/speech_to_goal_interfaces/speech_to_goal_interfaces/srv/detail/detect_intent__struct.h\n'}
[19.396045] (-) TimerEvent: {}
[19.409557] (object_recognition_interfaces) StdoutLine: {'line': b'-- Symlinking: /home/tknika/gral-iiriondo-main/unitree_ws/install/object_recognition_interfaces/share/object_recognition_interfaces/local_setup.zsh\n'}
[19.410105] (aruco_markers_msgs) StdoutLine: {'line': b'-- Symlinking: /home/tknika/gral-iiriondo-main/unitree_ws/install/aruco_markers_msgs/include/aruco_markers_msgs/aruco_markers_msgs/msg/detail/marker__rosidl_typesupport_introspection_cpp.hpp\n'}
[19.413429] (speech_to_goal_interfaces) StdoutLine: {'line': b'-- Symlinking: /home/tknika/gral-iiriondo-main/unitree_ws/install/speech_to_goal_interfaces/include/speech_to_goal_interfaces/speech_to_goal_interfaces/srv/detail/detect_intent__type_support.h\n'}
[19.426250] (aruco_markers_msgs) StdoutLine: {'line': b'-- Symlinking: /home/tknika/gral-iiriondo-main/unitree_ws/install/aruco_markers_msgs/include/aruco_markers_msgs/aruco_markers_msgs/msg/detail/marker_array__rosidl_typesupport_introspection_cpp.hpp\n'}
[19.426880] (object_recognition_interfaces) StdoutLine: {'line': b'-- Symlinking: /home/tknika/gral-iiriondo-main/unitree_ws/install/object_recognition_interfaces/share/object_recognition_interfaces/local_setup.dsv\n'}
[19.428656] (speech_to_goal_interfaces) StdoutLine: {'line': b'-- Symlinking: /home/tknika/gral-iiriondo-main/unitree_ws/install/speech_to_goal_interfaces/include/speech_to_goal_interfaces/speech_to_goal_interfaces/srv/detail/llm_query__functions.h\n'}
[19.443512] (aruco_markers_msgs) StdoutLine: {'line': b'-- Symlinking: /home/tknika/gral-iiriondo-main/unitree_ws/install/aruco_markers_msgs/share/aruco_markers_msgs/environment/pythonpath.sh\n'}
[19.444058] (object_recognition_interfaces) StdoutLine: {'line': b'-- Symlinking: /home/tknika/gral-iiriondo-main/unitree_ws/install/object_recognition_interfaces/share/object_recognition_interfaces/package.dsv\n'}
[19.446207] (speech_to_goal_interfaces) StdoutLine: {'line': b'-- Symlinking: /home/tknika/gral-iiriondo-main/unitree_ws/install/speech_to_goal_interfaces/include/speech_to_goal_interfaces/speech_to_goal_interfaces/srv/detail/llm_query__struct.h\n'}
[19.459996] (aruco_markers_msgs) StdoutLine: {'line': b'-- Symlinking: /home/tknika/gral-iiriondo-main/unitree_ws/install/aruco_markers_msgs/share/aruco_markers_msgs/environment/pythonpath.dsv\n'}
[19.460727] (object_recognition_interfaces) StdoutLine: {'line': b'-- Symlinking: /home/tknika/gral-iiriondo-main/unitree_ws/install/object_recognition_interfaces/share/ament_index/resource_index/packages/object_recognition_interfaces\n'}
[19.461624] (speech_to_goal_interfaces) StdoutLine: {'line': b'-- Symlinking: /home/tknika/gral-iiriondo-main/unitree_ws/install/speech_to_goal_interfaces/include/speech_to_goal_interfaces/speech_to_goal_interfaces/srv/detail/llm_query__type_support.h\n'}
[19.477070] (speech_to_goal_interfaces) StdoutLine: {'line': b'-- Symlinking: /home/tknika/gral-iiriondo-main/unitree_ws/install/speech_to_goal_interfaces/include/speech_to_goal_interfaces/speech_to_goal_interfaces/srv/detect_intent.h\n'}
[19.477445] (object_recognition_interfaces) StdoutLine: {'line': b'-- Symlinking: /home/tknika/gral-iiriondo-main/unitree_ws/install/object_recognition_interfaces/share/object_recognition_interfaces/cmake/rosidl_cmake-extras.cmake\n'}
[19.477653] (aruco_markers_msgs) StdoutLine: {'line': b'-- Symlinking: /home/tknika/gral-iiriondo-main/unitree_ws/install/aruco_markers_msgs/local/lib/python3.10/dist-packages/aruco_markers_msgs-0.0.3-py3.10.egg-info/PKG-INFO\n'}
[19.493892] (speech_to_goal_interfaces) StdoutLine: {'line': b'-- Symlinking: /home/tknika/gral-iiriondo-main/unitree_ws/install/speech_to_goal_interfaces/include/speech_to_goal_interfaces/speech_to_goal_interfaces/srv/llm_query.h\n'}
[19.494445] (aruco_markers_msgs) StdoutLine: {'line': b'-- Symlinking: /home/tknika/gral-iiriondo-main/unitree_ws/install/aruco_markers_msgs/local/lib/python3.10/dist-packages/aruco_markers_msgs-0.0.3-py3.10.egg-info/SOURCES.txt\n'}
[19.494648] (object_recognition_interfaces) StdoutLine: {'line': b'-- Symlinking: /home/tknika/gral-iiriondo-main/unitree_ws/install/object_recognition_interfaces/share/object_recognition_interfaces/cmake/ament_cmake_export_include_directories-extras.cmake\n'}
[19.496140] (-) TimerEvent: {}
[19.513503] (aruco_markers_msgs) StdoutLine: {'line': b'-- Symlinking: /home/tknika/gral-iiriondo-main/unitree_ws/install/aruco_markers_msgs/local/lib/python3.10/dist-packages/aruco_markers_msgs-0.0.3-py3.10.egg-info/dependency_links.txt\n'}
[19.514081] (object_recognition_interfaces) StdoutLine: {'line': b'-- Symlinking: /home/tknika/gral-iiriondo-main/unitree_ws/install/object_recognition_interfaces/share/object_recognition_interfaces/cmake/ament_cmake_export_libraries-extras.cmake\n'}
[19.514294] (speech_to_goal_interfaces) StdoutLine: {'line': b'-- Symlinking: /home/tknika/gral-iiriondo-main/unitree_ws/install/speech_to_goal_interfaces/share/speech_to_goal_interfaces/environment/library_path.sh\n'}
[19.531975] (speech_to_goal_interfaces) StdoutLine: {'line': b'-- Symlinking: /home/tknika/gral-iiriondo-main/unitree_ws/install/speech_to_goal_interfaces/share/speech_to_goal_interfaces/environment/library_path.dsv\n'}
[19.532490] (aruco_markers_msgs) StdoutLine: {'line': b'-- Symlinking: /home/tknika/gral-iiriondo-main/unitree_ws/install/aruco_markers_msgs/local/lib/python3.10/dist-packages/aruco_markers_msgs-0.0.3-py3.10.egg-info/top_level.txt\n'}
[19.532993] (object_recognition_interfaces) StdoutLine: {'line': b'-- Symlinking: /home/tknika/gral-iiriondo-main/unitree_ws/install/object_recognition_interfaces/share/object_recognition_interfaces/cmake/ament_cmake_export_targets-extras.cmake\n'}
[19.554561] (object_recognition_interfaces) StdoutLine: {'line': b'-- Symlinking: /home/tknika/gral-iiriondo-main/unitree_ws/install/object_recognition_interfaces/share/object_recognition_interfaces/cmake/rosidl_cmake_export_typesupport_targets-extras.cmake\n'}
[19.555346] (speech_to_goal_interfaces) StdoutLine: {'line': b'-- Symlinking: /home/tknika/gral-iiriondo-main/unitree_ws/install/speech_to_goal_interfaces/include/speech_to_goal_interfaces/speech_to_goal_interfaces/msg/detail/waypoint__rosidl_typesupport_fastrtps_c.h\n'}
[19.558438] (aruco_markers_msgs) StdoutLine: {'line': b'-- Symlinking: /home/tknika/gral-iiriondo-main/unitree_ws/install/aruco_markers_msgs/local/lib/python3.10/dist-packages/aruco_markers_msgs/__init__.py\n'}
[19.572550] (speech_to_goal_interfaces) StdoutLine: {'line': b'-- Symlinking: /home/tknika/gral-iiriondo-main/unitree_ws/install/speech_to_goal_interfaces/include/speech_to_goal_interfaces/speech_to_goal_interfaces/msg/rosidl_typesupport_fastrtps_c__visibility_control.h\n'}
[19.573201] (object_recognition_interfaces) StdoutLine: {'line': b'-- Symlinking: /home/tknika/gral-iiriondo-main/unitree_ws/install/object_recognition_interfaces/share/object_recognition_interfaces/cmake/ament_cmake_export_dependencies-extras.cmake\n'}
[19.573452] (aruco_markers_msgs) StdoutLine: {'line': b'-- Symlinking: /home/tknika/gral-iiriondo-main/unitree_ws/install/aruco_markers_msgs/local/lib/python3.10/dist-packages/aruco_markers_msgs/_aruco_markers_msgs_s.ep.rosidl_typesupport_c.c\n'}
[19.592282] (aruco_markers_msgs) StdoutLine: {'line': b'-- Symlinking: /home/tknika/gral-iiriondo-main/unitree_ws/install/aruco_markers_msgs/local/lib/python3.10/dist-packages/aruco_markers_msgs/_aruco_markers_msgs_s.ep.rosidl_typesupport_fastrtps_c.c\n'}
[19.593071] (object_recognition_interfaces) StdoutLine: {'line': b'-- Symlinking: /home/tknika/gral-iiriondo-main/unitree_ws/install/object_recognition_interfaces/share/object_recognition_interfaces/cmake/rosidl_cmake_export_typesupport_libraries-extras.cmake\n'}
[19.593367] (speech_to_goal_interfaces) StdoutLine: {'line': b'-- Symlinking: /home/tknika/gral-iiriondo-main/unitree_ws/install/speech_to_goal_interfaces/include/speech_to_goal_interfaces/speech_to_goal_interfaces/srv/detail/detect_intent__rosidl_typesupport_fastrtps_c.h\n'}
[19.596294] (-) TimerEvent: {}
[19.609657] (speech_to_goal_interfaces) StdoutLine: {'line': b'-- Symlinking: /home/tknika/gral-iiriondo-main/unitree_ws/install/speech_to_goal_interfaces/include/speech_to_goal_interfaces/speech_to_goal_interfaces/srv/detail/llm_query__rosidl_typesupport_fastrtps_c.h\n'}
[19.610095] (object_recognition_interfaces) StdoutLine: {'line': b'-- Symlinking: /home/tknika/gral-iiriondo-main/unitree_ws/install/object_recognition_interfaces/share/object_recognition_interfaces/cmake/object_recognition_interfacesConfig.cmake\n'}
[19.610285] (aruco_markers_msgs) StdoutLine: {'line': b'-- Symlinking: /home/tknika/gral-iiriondo-main/unitree_ws/install/aruco_markers_msgs/local/lib/python3.10/dist-packages/aruco_markers_msgs/_aruco_markers_msgs_s.ep.rosidl_typesupport_introspection_c.c\n'}
[19.625848] (object_recognition_interfaces) StdoutLine: {'line': b'-- Symlinking: /home/tknika/gral-iiriondo-main/unitree_ws/install/object_recognition_interfaces/share/object_recognition_interfaces/cmake/object_recognition_interfacesConfig-version.cmake\n'}
[19.626477] (aruco_markers_msgs) StdoutLine: {'line': b'-- Symlinking: /home/tknika/gral-iiriondo-main/unitree_ws/install/aruco_markers_msgs/local/lib/python3.10/dist-packages/aruco_markers_msgs/aruco_markers_msgs_s__rosidl_typesupport_c.cpython-310-aarch64-linux-gnu.so\n'}
[19.626803] (speech_to_goal_interfaces) StdoutLine: {'line': b'-- Symlinking: /home/tknika/gral-iiriondo-main/unitree_ws/install/speech_to_goal_interfaces/include/speech_to_goal_interfaces/speech_to_goal_interfaces/msg/detail/waypoint__rosidl_typesupport_introspection_c.h\n'}
[19.643277] (speech_to_goal_interfaces) StdoutLine: {'line': b'-- Symlinking: /home/tknika/gral-iiriondo-main/unitree_ws/install/speech_to_goal_interfaces/include/speech_to_goal_interfaces/speech_to_goal_interfaces/msg/rosidl_typesupport_introspection_c__visibility_control.h\n'}
[19.643852] (aruco_markers_msgs) StdoutLine: {'line': b'-- Symlinking: /home/tknika/gral-iiriondo-main/unitree_ws/install/aruco_markers_msgs/local/lib/python3.10/dist-packages/aruco_markers_msgs/aruco_markers_msgs_s__rosidl_typesupport_fastrtps_c.cpython-310-aarch64-linux-gnu.so\n'}
[19.644069] (object_recognition_interfaces) StdoutLine: {'line': b'-- Symlinking: /home/tknika/gral-iiriondo-main/unitree_ws/install/object_recognition_interfaces/share/object_recognition_interfaces/package.xml\n'}
[19.660613] (aruco_markers_msgs) StdoutLine: {'line': b'-- Symlinking: /home/tknika/gral-iiriondo-main/unitree_ws/install/aruco_markers_msgs/local/lib/python3.10/dist-packages/aruco_markers_msgs/aruco_markers_msgs_s__rosidl_typesupport_introspection_c.cpython-310-aarch64-linux-gnu.so\n'}
[19.661166] (speech_to_goal_interfaces) StdoutLine: {'line': b'-- Symlinking: /home/tknika/gral-iiriondo-main/unitree_ws/install/speech_to_goal_interfaces/include/speech_to_goal_interfaces/speech_to_goal_interfaces/srv/detail/detect_intent__rosidl_typesupport_introspection_c.h\n'}
[19.661394] (object_recognition_interfaces) StdoutLine: {'line': b'-- Installing: /home/tknika/gral-iiriondo-main/unitree_ws/install/object_recognition_interfaces/lib/libobject_recognition_interfaces__rosidl_generator_c.so\n'}
[19.661772] (object_recognition_interfaces) StdoutLine: {'line': b'-- Set runtime path of "/home/tknika/gral-iiriondo-main/unitree_ws/install/object_recognition_interfaces/lib/libobject_recognition_interfaces__rosidl_generator_c.so" to ""\n'}
[19.661962] (object_recognition_interfaces) StdoutLine: {'line': b'-- Installing: /home/tknika/gral-iiriondo-main/unitree_ws/install/object_recognition_interfaces/lib/libobject_recognition_interfaces__rosidl_typesupport_fastrtps_c.so\n'}
[19.662482] (object_recognition_interfaces) StdoutLine: {'line': b'-- Set runtime path of "/home/tknika/gral-iiriondo-main/unitree_ws/install/object_recognition_interfaces/lib/libobject_recognition_interfaces__rosidl_typesupport_fastrtps_c.so" to ""\n'}
[19.662793] (object_recognition_interfaces) StdoutLine: {'line': b'-- Installing: /home/tknika/gral-iiriondo-main/unitree_ws/install/object_recognition_interfaces/lib/libobject_recognition_interfaces__rosidl_typesupport_introspection_c.so\n'}
[19.663274] (object_recognition_interfaces) StdoutLine: {'line': b'-- Set runtime path of "/home/tknika/gral-iiriondo-main/unitree_ws/install/object_recognition_interfaces/lib/libobject_recognition_interfaces__rosidl_typesupport_introspection_c.so" to ""\n'}
[19.663508] (object_recognition_interfaces) StdoutLine: {'line': b'-- Installing: /home/tknika/gral-iiriondo-main/unitree_ws/install/object_recognition_interfaces/lib/libobject_recognition_interfaces__rosidl_typesupport_c.so\n'}
[19.664096] (object_recognition_interfaces) StdoutLine: {'line': b'-- Set runtime path of "/home/tknika/gral-iiriondo-main/unitree_ws/install/object_recognition_interfaces/lib/libobject_recognition_interfaces__rosidl_typesupport_c.so" to ""\n'}
[19.664367] (object_recognition_interfaces) StdoutLine: {'line': b'-- Installing: /home/tknika/gral-iiriondo-main/unitree_ws/install/object_recognition_interfaces/lib/libobject_recognition_interfaces__rosidl_typesupport_fastrtps_cpp.so\n'}
[19.664984] (object_recognition_interfaces) StdoutLine: {'line': b'-- Set runtime path of "/home/tknika/gral-iiriondo-main/unitree_ws/install/object_recognition_interfaces/lib/libobject_recognition_interfaces__rosidl_typesupport_fastrtps_cpp.so" to ""\n'}
[19.665244] (object_recognition_interfaces) StdoutLine: {'line': b'-- Installing: /home/tknika/gral-iiriondo-main/unitree_ws/install/object_recognition_interfaces/lib/libobject_recognition_interfaces__rosidl_typesupport_introspection_cpp.so\n'}
[19.666154] (object_recognition_interfaces) StdoutLine: {'line': b'-- Set runtime path of "/home/tknika/gral-iiriondo-main/unitree_ws/install/object_recognition_interfaces/lib/libobject_recognition_interfaces__rosidl_typesupport_introspection_cpp.so" to ""\n'}
[19.666443] (object_recognition_interfaces) StdoutLine: {'line': b'-- Installing: /home/tknika/gral-iiriondo-main/unitree_ws/install/object_recognition_interfaces/lib/libobject_recognition_interfaces__rosidl_typesupport_cpp.so\n'}
[19.666670] (object_recognition_interfaces) StdoutLine: {'line': b'-- Set runtime path of "/home/tknika/gral-iiriondo-main/unitree_ws/install/object_recognition_interfaces/lib/libobject_recognition_interfaces__rosidl_typesupport_cpp.so" to ""\n'}
[19.679891] (aruco_markers_msgs) StdoutLine: {'line': b'-- Symlinking: /home/tknika/gral-iiriondo-main/unitree_ws/install/aruco_markers_msgs/local/lib/python3.10/dist-packages/aruco_markers_msgs/libaruco_markers_msgs__rosidl_generator_py.so\n'}
[19.680519] (speech_to_goal_interfaces) StdoutLine: {'line': b'-- Symlinking: /home/tknika/gral-iiriondo-main/unitree_ws/install/speech_to_goal_interfaces/include/speech_to_goal_interfaces/speech_to_goal_interfaces/srv/detail/llm_query__rosidl_typesupport_introspection_c.h\n'}
[19.696511] (-) TimerEvent: {}
[19.699243] (aruco_markers_msgs) StdoutLine: {'line': b'-- Symlinking: /home/tknika/gral-iiriondo-main/unitree_ws/install/aruco_markers_msgs/local/lib/python3.10/dist-packages/aruco_markers_msgs/msg/__init__.py\n'}
[19.700416] (speech_to_goal_interfaces) StdoutLine: {'line': b'-- Symlinking: /home/tknika/gral-iiriondo-main/unitree_ws/install/speech_to_goal_interfaces/include/speech_to_goal_interfaces/speech_to_goal_interfaces/msg/detail/waypoint__builder.hpp\n'}
[19.716030] (aruco_markers_msgs) StdoutLine: {'line': b'-- Symlinking: /home/tknika/gral-iiriondo-main/unitree_ws/install/aruco_markers_msgs/local/lib/python3.10/dist-packages/aruco_markers_msgs/msg/_marker.py\n'}
[19.716921] (speech_to_goal_interfaces) StdoutLine: {'line': b'-- Symlinking: /home/tknika/gral-iiriondo-main/unitree_ws/install/speech_to_goal_interfaces/include/speech_to_goal_interfaces/speech_to_goal_interfaces/msg/detail/waypoint__struct.hpp\n'}
[19.734326] (aruco_markers_msgs) StdoutLine: {'line': b'-- Symlinking: /home/tknika/gral-iiriondo-main/unitree_ws/install/aruco_markers_msgs/local/lib/python3.10/dist-packages/aruco_markers_msgs/msg/_marker_array.py\n'}
[19.734883] (speech_to_goal_interfaces) StdoutLine: {'line': b'-- Symlinking: /home/tknika/gral-iiriondo-main/unitree_ws/install/speech_to_goal_interfaces/include/speech_to_goal_interfaces/speech_to_goal_interfaces/msg/detail/waypoint__traits.hpp\n'}
[19.753782] (aruco_markers_msgs) StdoutLine: {'line': b'-- Symlinking: /home/tknika/gral-iiriondo-main/unitree_ws/install/aruco_markers_msgs/local/lib/python3.10/dist-packages/aruco_markers_msgs/msg/_marker_array_s.c\n'}
[19.754427] (speech_to_goal_interfaces) StdoutLine: {'line': b'-- Symlinking: /home/tknika/gral-iiriondo-main/unitree_ws/install/speech_to_goal_interfaces/include/speech_to_goal_interfaces/speech_to_goal_interfaces/msg/detail/waypoint__type_support.hpp\n'}
[19.758470] (object_recognition_interfaces) StdoutLine: {'line': b"Listing '/home/tknika/gral-iiriondo-main/unitree_ws/install/object_recognition_interfaces/local/lib/python3.10/dist-packages/object_recognition_interfaces'...\n"}
[19.758968] (object_recognition_interfaces) StdoutLine: {'line': b"Compiling '/home/tknika/gral-iiriondo-main/unitree_ws/install/object_recognition_interfaces/local/lib/python3.10/dist-packages/object_recognition_interfaces/__init__.py'...\n"}
[19.759162] (object_recognition_interfaces) StdoutLine: {'line': b"Listing '/home/tknika/gral-iiriondo-main/unitree_ws/install/object_recognition_interfaces/local/lib/python3.10/dist-packages/object_recognition_interfaces/srv'...\n"}
[19.759318] (object_recognition_interfaces) StdoutLine: {'line': b"Compiling '/home/tknika/gral-iiriondo-main/unitree_ws/install/object_recognition_interfaces/local/lib/python3.10/dist-packages/object_recognition_interfaces/srv/__init__.py'...\n"}
[19.759473] (object_recognition_interfaces) StdoutLine: {'line': b"Compiling '/home/tknika/gral-iiriondo-main/unitree_ws/install/object_recognition_interfaces/local/lib/python3.10/dist-packages/object_recognition_interfaces/srv/_add_object.py'...\n"}
[19.759622] (object_recognition_interfaces) StdoutLine: {'line': b"Compiling '/home/tknika/gral-iiriondo-main/unitree_ws/install/object_recognition_interfaces/local/lib/python3.10/dist-packages/object_recognition_interfaces/srv/_detect_object.py'...\n"}
[19.772078] (object_recognition_interfaces) StdoutLine: {'line': b'-- Installing: /home/tknika/gral-iiriondo-main/unitree_ws/install/object_recognition_interfaces/lib/libobject_recognition_interfaces__rosidl_generator_py.so\n'}
[19.772836] (object_recognition_interfaces) StdoutLine: {'line': b'-- Set runtime path of "/home/tknika/gral-iiriondo-main/unitree_ws/install/object_recognition_interfaces/lib/libobject_recognition_interfaces__rosidl_generator_py.so" to ""\n'}
[19.773217] (object_recognition_interfaces) StdoutLine: {'line': b'-- Installing: /home/tknika/gral-iiriondo-main/unitree_ws/install/object_recognition_interfaces/share/object_recognition_interfaces/cmake/export_object_recognition_interfaces__rosidl_generator_cExport.cmake\n'}
[19.773967] (object_recognition_interfaces) StdoutLine: {'line': b'-- Installing: /home/tknika/gral-iiriondo-main/unitree_ws/install/object_recognition_interfaces/share/object_recognition_interfaces/cmake/export_object_recognition_interfaces__rosidl_generator_cExport-noconfig.cmake\n'}
[19.775030] (speech_to_goal_interfaces) StdoutLine: {'line': b'-- Symlinking: /home/tknika/gral-iiriondo-main/unitree_ws/install/speech_to_goal_interfaces/include/speech_to_goal_interfaces/speech_to_goal_interfaces/msg/rosidl_generator_cpp__visibility_control.hpp\n'}
[19.775421] (object_recognition_interfaces) StdoutLine: {'line': b'-- Installing: /home/tknika/gral-iiriondo-main/unitree_ws/install/object_recognition_interfaces/share/object_recognition_interfaces/cmake/export_object_recognition_interfaces__rosidl_typesupport_fastrtps_cExport.cmake\n'}
[19.775607] (object_recognition_interfaces) StdoutLine: {'line': b'-- Installing: /home/tknika/gral-iiriondo-main/unitree_ws/install/object_recognition_interfaces/share/object_recognition_interfaces/cmake/export_object_recognition_interfaces__rosidl_typesupport_fastrtps_cExport-noconfig.cmake\n'}
[19.775787] (aruco_markers_msgs) StdoutLine: {'line': b'-- Symlinking: /home/tknika/gral-iiriondo-main/unitree_ws/install/aruco_markers_msgs/local/lib/python3.10/dist-packages/aruco_markers_msgs/msg/_marker_s.c\n'}
[19.776066] (object_recognition_interfaces) StdoutLine: {'line': b'-- Installing: /home/tknika/gral-iiriondo-main/unitree_ws/install/object_recognition_interfaces/share/object_recognition_interfaces/cmake/object_recognition_interfaces__rosidl_typesupport_introspection_cExport.cmake\n'}
[19.776221] (object_recognition_interfaces) StdoutLine: {'line': b'-- Installing: /home/tknika/gral-iiriondo-main/unitree_ws/install/object_recognition_interfaces/share/object_recognition_interfaces/cmake/object_recognition_interfaces__rosidl_typesupport_introspection_cExport-noconfig.cmake\n'}
[19.776440] (object_recognition_interfaces) StdoutLine: {'line': b'-- Installing: /home/tknika/gral-iiriondo-main/unitree_ws/install/object_recognition_interfaces/share/object_recognition_interfaces/cmake/object_recognition_interfaces__rosidl_typesupport_cExport.cmake\n'}
[19.776700] (object_recognition_interfaces) StdoutLine: {'line': b'-- Installing: /home/tknika/gral-iiriondo-main/unitree_ws/install/object_recognition_interfaces/share/object_recognition_interfaces/cmake/object_recognition_interfaces__rosidl_typesupport_cExport-noconfig.cmake\n'}
[19.776972] (object_recognition_interfaces) StdoutLine: {'line': b'-- Installing: /home/tknika/gral-iiriondo-main/unitree_ws/install/object_recognition_interfaces/share/object_recognition_interfaces/cmake/export_object_recognition_interfaces__rosidl_generator_cppExport.cmake\n'}
[19.777237] (object_recognition_interfaces) StdoutLine: {'line': b'-- Installing: /home/tknika/gral-iiriondo-main/unitree_ws/install/object_recognition_interfaces/share/object_recognition_interfaces/cmake/export_object_recognition_interfaces__rosidl_typesupport_fastrtps_cppExport.cmake\n'}
[19.777496] (object_recognition_interfaces) StdoutLine: {'line': b'-- Installing: /home/tknika/gral-iiriondo-main/unitree_ws/install/object_recognition_interfaces/share/object_recognition_interfaces/cmake/export_object_recognition_interfaces__rosidl_typesupport_fastrtps_cppExport-noconfig.cmake\n'}
[19.777871] (object_recognition_interfaces) StdoutLine: {'line': b'-- Installing: /home/tknika/gral-iiriondo-main/unitree_ws/install/object_recognition_interfaces/share/object_recognition_interfaces/cmake/object_recognition_interfaces__rosidl_typesupport_introspection_cppExport.cmake\n'}
[19.778214] (object_recognition_interfaces) StdoutLine: {'line': b'-- Installing: /home/tknika/gral-iiriondo-main/unitree_ws/install/object_recognition_interfaces/share/object_recognition_interfaces/cmake/object_recognition_interfaces__rosidl_typesupport_introspection_cppExport-noconfig.cmake\n'}
[19.778761] (object_recognition_interfaces) StdoutLine: {'line': b'-- Installing: /home/tknika/gral-iiriondo-main/unitree_ws/install/object_recognition_interfaces/share/object_recognition_interfaces/cmake/object_recognition_interfaces__rosidl_typesupport_cppExport.cmake\n'}
[19.779142] (object_recognition_interfaces) StdoutLine: {'line': b'-- Installing: /home/tknika/gral-iiriondo-main/unitree_ws/install/object_recognition_interfaces/share/object_recognition_interfaces/cmake/object_recognition_interfaces__rosidl_typesupport_cppExport-noconfig.cmake\n'}
[19.779619] (object_recognition_interfaces) StdoutLine: {'line': b'-- Installing: /home/tknika/gral-iiriondo-main/unitree_ws/install/object_recognition_interfaces/share/object_recognition_interfaces/cmake/export_object_recognition_interfaces__rosidl_generator_pyExport.cmake\n'}
[19.779875] (object_recognition_interfaces) StdoutLine: {'line': b'-- Installing: /home/tknika/gral-iiriondo-main/unitree_ws/install/object_recognition_interfaces/share/object_recognition_interfaces/cmake/export_object_recognition_interfaces__rosidl_generator_pyExport-noconfig.cmake\n'}
[19.786475] (object_recognition_interfaces) CommandEnded: {'returncode': 0}
[19.793476] (aruco_markers_msgs) StdoutLine: {'line': b'-- Up-to-date symlink: /home/tknika/gral-iiriondo-main/unitree_ws/install/aruco_markers_msgs/local/lib/python3.10/dist-packages/aruco_markers_msgs/aruco_markers_msgs_s__rosidl_typesupport_fastrtps_c.cpython-310-aarch64-linux-gnu.so\n'}
[19.794561] (speech_to_goal_interfaces) StdoutLine: {'line': b'-- Symlinking: /home/tknika/gral-iiriondo-main/unitree_ws/install/speech_to_goal_interfaces/include/speech_to_goal_interfaces/speech_to_goal_interfaces/msg/waypoint.hpp\n'}
[19.794819] (aruco_markers_msgs) StdoutLine: {'line': b'-- Up-to-date symlink: /home/tknika/gral-iiriondo-main/unitree_ws/install/aruco_markers_msgs/local/lib/python3.10/dist-packages/aruco_markers_msgs/aruco_markers_msgs_s__rosidl_typesupport_introspection_c.cpython-310-aarch64-linux-gnu.so\n'}
[19.795120] (aruco_markers_msgs) StdoutLine: {'line': b'-- Up-to-date symlink: /home/tknika/gral-iiriondo-main/unitree_ws/install/aruco_markers_msgs/local/lib/python3.10/dist-packages/aruco_markers_msgs/aruco_markers_msgs_s__rosidl_typesupport_c.cpython-310-aarch64-linux-gnu.so\n'}
[19.795656] (aruco_markers_msgs) StdoutLine: {'line': b'-- Symlinking: /home/tknika/gral-iiriondo-main/unitree_ws/install/aruco_markers_msgs/share/ament_index/resource_index/rust_packages/aruco_markers_msgs\n'}
[19.796843] (-) TimerEvent: {}
[19.810798] (speech_to_goal_interfaces) StdoutLine: {'line': b'-- Symlinking: /home/tknika/gral-iiriondo-main/unitree_ws/install/speech_to_goal_interfaces/include/speech_to_goal_interfaces/speech_to_goal_interfaces/srv/detail/detect_intent__builder.hpp\n'}
[19.812019] (aruco_markers_msgs) StdoutLine: {'line': b'-- Symlinking: /home/tknika/gral-iiriondo-main/unitree_ws/install/aruco_markers_msgs/share/aruco_markers_msgs/rust/Cargo.toml\n'}
[19.825735] (object_recognition_interfaces) JobEnded: {'identifier': 'object_recognition_interfaces', 'rc': 0}
[19.827905] (object_recognition) JobStarted: {'identifier': 'object_recognition'}
[19.828030] (aruco_markers_msgs) StdoutLine: {'line': b'-- Symlinking: /home/tknika/gral-iiriondo-main/unitree_ws/install/aruco_markers_msgs/share/aruco_markers_msgs/rust/build.rs\n'}
[19.828492] (speech_to_goal_interfaces) StdoutLine: {'line': b'-- Symlinking: /home/tknika/gral-iiriondo-main/unitree_ws/install/speech_to_goal_interfaces/include/speech_to_goal_interfaces/speech_to_goal_interfaces/srv/detail/detect_intent__struct.hpp\n'}
[19.844060] (speech_to_goal_interfaces) StdoutLine: {'line': b'-- Symlinking: /home/tknika/gral-iiriondo-main/unitree_ws/install/speech_to_goal_interfaces/include/speech_to_goal_interfaces/speech_to_goal_interfaces/srv/detail/detect_intent__traits.hpp\n'}
[19.844544] (aruco_markers_msgs) StdoutLine: {'line': b'-- Symlinking: /home/tknika/gral-iiriondo-main/unitree_ws/install/aruco_markers_msgs/share/aruco_markers_msgs/rust/src/lib.rs\n'}
[19.861109] (aruco_markers_msgs) StdoutLine: {'line': b'-- Symlinking: /home/tknika/gral-iiriondo-main/unitree_ws/install/aruco_markers_msgs/share/aruco_markers_msgs/rust/src/msg.rs\n'}
[19.861664] (speech_to_goal_interfaces) StdoutLine: {'line': b'-- Symlinking: /home/tknika/gral-iiriondo-main/unitree_ws/install/speech_to_goal_interfaces/include/speech_to_goal_interfaces/speech_to_goal_interfaces/srv/detail/detect_intent__type_support.hpp\n'}
[19.878945] (aruco_markers_msgs) StdoutLine: {'line': b'-- Symlinking: /home/tknika/gral-iiriondo-main/unitree_ws/install/aruco_markers_msgs/share/aruco_markers_msgs/rust/src/msg/rmw.rs\n'}
[19.885862] (speech_to_goal_interfaces) StdoutLine: {'line': b'-- Symlinking: /home/tknika/gral-iiriondo-main/unitree_ws/install/speech_to_goal_interfaces/include/speech_to_goal_interfaces/speech_to_goal_interfaces/srv/detail/llm_query__builder.hpp\n'}
[19.897046] (-) TimerEvent: {}
[19.897580] (aruco_markers_msgs) StdoutLine: {'line': b'-- Symlinking: /home/tknika/gral-iiriondo-main/unitree_ws/install/aruco_markers_msgs/share/aruco_markers_msgs/msg/Marker.idl\n'}
[19.902649] (speech_to_goal_interfaces) StdoutLine: {'line': b'-- Symlinking: /home/tknika/gral-iiriondo-main/unitree_ws/install/speech_to_goal_interfaces/include/speech_to_goal_interfaces/speech_to_goal_interfaces/srv/detail/llm_query__struct.hpp\n'}
[19.914750] (aruco_markers_msgs) StdoutLine: {'line': b'-- Symlinking: /home/tknika/gral-iiriondo-main/unitree_ws/install/aruco_markers_msgs/share/aruco_markers_msgs/msg/MarkerArray.idl\n'}
[19.919817] (speech_to_goal_interfaces) StdoutLine: {'line': b'-- Symlinking: /home/tknika/gral-iiriondo-main/unitree_ws/install/speech_to_goal_interfaces/include/speech_to_goal_interfaces/speech_to_goal_interfaces/srv/detail/llm_query__traits.hpp\n'}
[19.931993] (aruco_markers_msgs) StdoutLine: {'line': b'-- Symlinking: /home/tknika/gral-iiriondo-main/unitree_ws/install/aruco_markers_msgs/share/aruco_markers_msgs/msg/Marker.msg\n'}
[19.936088] (speech_to_goal_interfaces) StdoutLine: {'line': b'-- Symlinking: /home/tknika/gral-iiriondo-main/unitree_ws/install/speech_to_goal_interfaces/include/speech_to_goal_interfaces/speech_to_goal_interfaces/srv/detail/llm_query__type_support.hpp\n'}
[19.950226] (aruco_markers_msgs) StdoutLine: {'line': b'-- Symlinking: /home/tknika/gral-iiriondo-main/unitree_ws/install/aruco_markers_msgs/share/aruco_markers_msgs/msg/MarkerArray.msg\n'}
[19.951110] (speech_to_goal_interfaces) StdoutLine: {'line': b'-- Symlinking: /home/tknika/gral-iiriondo-main/unitree_ws/install/speech_to_goal_interfaces/include/speech_to_goal_interfaces/speech_to_goal_interfaces/srv/detect_intent.hpp\n'}
[19.969075] (speech_to_goal_interfaces) StdoutLine: {'line': b'-- Symlinking: /home/tknika/gral-iiriondo-main/unitree_ws/install/speech_to_goal_interfaces/include/speech_to_goal_interfaces/speech_to_goal_interfaces/srv/llm_query.hpp\n'}
[19.969882] (aruco_markers_msgs) StdoutLine: {'line': b'-- Symlinking: /home/tknika/gral-iiriondo-main/unitree_ws/install/aruco_markers_msgs/share/ament_index/resource_index/package_run_dependencies/aruco_markers_msgs\n'}
[19.987810] (speech_to_goal_interfaces) StdoutLine: {'line': b'-- Symlinking: /home/tknika/gral-iiriondo-main/unitree_ws/install/speech_to_goal_interfaces/include/speech_to_goal_interfaces/speech_to_goal_interfaces/msg/detail/waypoint__rosidl_typesupport_fastrtps_cpp.hpp\n'}
[19.988460] (aruco_markers_msgs) StdoutLine: {'line': b'-- Symlinking: /home/tknika/gral-iiriondo-main/unitree_ws/install/aruco_markers_msgs/share/ament_index/resource_index/parent_prefix_path/aruco_markers_msgs\n'}
[19.997221] (-) TimerEvent: {}
[20.004030] (speech_to_goal_interfaces) StdoutLine: {'line': b'-- Symlinking: /home/tknika/gral-iiriondo-main/unitree_ws/install/speech_to_goal_interfaces/include/speech_to_goal_interfaces/speech_to_goal_interfaces/msg/rosidl_typesupport_fastrtps_cpp__visibility_control.h\n'}
[20.005034] (aruco_markers_msgs) StdoutLine: {'line': b'-- Symlinking: /home/tknika/gral-iiriondo-main/unitree_ws/install/aruco_markers_msgs/share/aruco_markers_msgs/environment/ament_prefix_path.sh\n'}
[20.021647] (aruco_markers_msgs) StdoutLine: {'line': b'-- Symlinking: /home/tknika/gral-iiriondo-main/unitree_ws/install/aruco_markers_msgs/share/aruco_markers_msgs/environment/ament_prefix_path.dsv\n'}
[20.022133] (speech_to_goal_interfaces) StdoutLine: {'line': b'-- Symlinking: /home/tknika/gral-iiriondo-main/unitree_ws/install/speech_to_goal_interfaces/include/speech_to_goal_interfaces/speech_to_goal_interfaces/srv/detail/detect_intent__rosidl_typesupport_fastrtps_cpp.hpp\n'}
[20.037990] (speech_to_goal_interfaces) StdoutLine: {'line': b'-- Symlinking: /home/tknika/gral-iiriondo-main/unitree_ws/install/speech_to_goal_interfaces/include/speech_to_goal_interfaces/speech_to_goal_interfaces/srv/detail/llm_query__rosidl_typesupport_fastrtps_cpp.hpp\n'}
[20.038554] (aruco_markers_msgs) StdoutLine: {'line': b'-- Symlinking: /home/tknika/gral-iiriondo-main/unitree_ws/install/aruco_markers_msgs/share/aruco_markers_msgs/environment/path.sh\n'}
[20.055513] (aruco_markers_msgs) StdoutLine: {'line': b'-- Symlinking: /home/tknika/gral-iiriondo-main/unitree_ws/install/aruco_markers_msgs/share/aruco_markers_msgs/environment/path.dsv\n'}
[20.056313] (speech_to_goal_interfaces) StdoutLine: {'line': b'-- Symlinking: /home/tknika/gral-iiriondo-main/unitree_ws/install/speech_to_goal_interfaces/include/speech_to_goal_interfaces/speech_to_goal_interfaces/msg/detail/waypoint__rosidl_typesupport_introspection_cpp.hpp\n'}
[20.073748] (aruco_markers_msgs) StdoutLine: {'line': b'-- Symlinking: /home/tknika/gral-iiriondo-main/unitree_ws/install/aruco_markers_msgs/share/aruco_markers_msgs/local_setup.bash\n'}
[20.074220] (speech_to_goal_interfaces) StdoutLine: {'line': b'-- Symlinking: /home/tknika/gral-iiriondo-main/unitree_ws/install/speech_to_goal_interfaces/include/speech_to_goal_interfaces/speech_to_goal_interfaces/srv/detail/detect_intent__rosidl_typesupport_introspection_cpp.hpp\n'}
[20.091076] (aruco_markers_msgs) StdoutLine: {'line': b'-- Symlinking: /home/tknika/gral-iiriondo-main/unitree_ws/install/aruco_markers_msgs/share/aruco_markers_msgs/local_setup.sh\n'}
[20.091584] (speech_to_goal_interfaces) StdoutLine: {'line': b'-- Symlinking: /home/tknika/gral-iiriondo-main/unitree_ws/install/speech_to_goal_interfaces/include/speech_to_goal_interfaces/speech_to_goal_interfaces/srv/detail/llm_query__rosidl_typesupport_introspection_cpp.hpp\n'}
[20.097358] (-) TimerEvent: {}
[20.108062] (aruco_markers_msgs) StdoutLine: {'line': b'-- Symlinking: /home/tknika/gral-iiriondo-main/unitree_ws/install/aruco_markers_msgs/share/aruco_markers_msgs/local_setup.zsh\n'}
[20.108674] (speech_to_goal_interfaces) StdoutLine: {'line': b'-- Symlinking: /home/tknika/gral-iiriondo-main/unitree_ws/install/speech_to_goal_interfaces/share/speech_to_goal_interfaces/environment/pythonpath.sh\n'}
[20.125007] (aruco_markers_msgs) StdoutLine: {'line': b'-- Symlinking: /home/tknika/gral-iiriondo-main/unitree_ws/install/aruco_markers_msgs/share/aruco_markers_msgs/local_setup.dsv\n'}
[20.125502] (speech_to_goal_interfaces) StdoutLine: {'line': b'-- Symlinking: /home/tknika/gral-iiriondo-main/unitree_ws/install/speech_to_goal_interfaces/share/speech_to_goal_interfaces/environment/pythonpath.dsv\n'}
[20.142224] (aruco_markers_msgs) StdoutLine: {'line': b'-- Symlinking: /home/tknika/gral-iiriondo-main/unitree_ws/install/aruco_markers_msgs/share/aruco_markers_msgs/package.dsv\n'}
[20.142883] (speech_to_goal_interfaces) StdoutLine: {'line': b'-- Symlinking: /home/tknika/gral-iiriondo-main/unitree_ws/install/speech_to_goal_interfaces/local/lib/python3.10/dist-packages/speech_to_goal_interfaces-0.0.0-py3.10.egg-info/PKG-INFO\n'}
[20.159208] (speech_to_goal_interfaces) StdoutLine: {'line': b'-- Symlinking: /home/tknika/gral-iiriondo-main/unitree_ws/install/speech_to_goal_interfaces/local/lib/python3.10/dist-packages/speech_to_goal_interfaces-0.0.0-py3.10.egg-info/SOURCES.txt\n'}
[20.160254] (aruco_markers_msgs) StdoutLine: {'line': b'-- Symlinking: /home/tknika/gral-iiriondo-main/unitree_ws/install/aruco_markers_msgs/share/ament_index/resource_index/packages/aruco_markers_msgs\n'}
[20.178560] (aruco_markers_msgs) StdoutLine: {'line': b'-- Symlinking: /home/tknika/gral-iiriondo-main/unitree_ws/install/aruco_markers_msgs/share/aruco_markers_msgs/cmake/rosidl_cmake-extras.cmake\n'}
[20.185723] (speech_to_goal_interfaces) StdoutLine: {'line': b'-- Symlinking: /home/tknika/gral-iiriondo-main/unitree_ws/install/speech_to_goal_interfaces/local/lib/python3.10/dist-packages/speech_to_goal_interfaces-0.0.0-py3.10.egg-info/dependency_links.txt\n'}
[20.194192] (speech_to_goal_interfaces) StdoutLine: {'line': b'-- Symlinking: /home/tknika/gral-iiriondo-main/unitree_ws/install/speech_to_goal_interfaces/local/lib/python3.10/dist-packages/speech_to_goal_interfaces-0.0.0-py3.10.egg-info/top_level.txt\n'}
[20.194699] (aruco_markers_msgs) StdoutLine: {'line': b'-- Symlinking: /home/tknika/gral-iiriondo-main/unitree_ws/install/aruco_markers_msgs/share/aruco_markers_msgs/cmake/ament_cmake_export_dependencies-extras.cmake\n'}
[20.197568] (-) TimerEvent: {}
[20.211180] (aruco_markers_msgs) StdoutLine: {'line': b'-- Symlinking: /home/tknika/gral-iiriondo-main/unitree_ws/install/aruco_markers_msgs/share/aruco_markers_msgs/cmake/ament_cmake_export_include_directories-extras.cmake\n'}
[20.212093] (speech_to_goal_interfaces) StdoutLine: {'line': b'-- Symlinking: /home/tknika/gral-iiriondo-main/unitree_ws/install/speech_to_goal_interfaces/local/lib/python3.10/dist-packages/speech_to_goal_interfaces/__init__.py\n'}
[20.228589] (aruco_markers_msgs) StdoutLine: {'line': b'-- Symlinking: /home/tknika/gral-iiriondo-main/unitree_ws/install/aruco_markers_msgs/share/aruco_markers_msgs/cmake/ament_cmake_export_libraries-extras.cmake\n'}
[20.229111] (speech_to_goal_interfaces) StdoutLine: {'line': b'-- Symlinking: /home/tknika/gral-iiriondo-main/unitree_ws/install/speech_to_goal_interfaces/local/lib/python3.10/dist-packages/speech_to_goal_interfaces/_speech_to_goal_interfaces_s.ep.rosidl_typesupport_c.c\n'}
[20.245558] (aruco_markers_msgs) StdoutLine: {'line': b'-- Symlinking: /home/tknika/gral-iiriondo-main/unitree_ws/install/aruco_markers_msgs/share/aruco_markers_msgs/cmake/ament_cmake_export_targets-extras.cmake\n'}
[20.246075] (speech_to_goal_interfaces) StdoutLine: {'line': b'-- Symlinking: /home/tknika/gral-iiriondo-main/unitree_ws/install/speech_to_goal_interfaces/local/lib/python3.10/dist-packages/speech_to_goal_interfaces/_speech_to_goal_interfaces_s.ep.rosidl_typesupport_fastrtps_c.c\n'}
[20.261924] (speech_to_goal_interfaces) StdoutLine: {'line': b'-- Symlinking: /home/tknika/gral-iiriondo-main/unitree_ws/install/speech_to_goal_interfaces/local/lib/python3.10/dist-packages/speech_to_goal_interfaces/_speech_to_goal_interfaces_s.ep.rosidl_typesupport_introspection_c.c\n'}
[20.262404] (aruco_markers_msgs) StdoutLine: {'line': b'-- Symlinking: /home/tknika/gral-iiriondo-main/unitree_ws/install/aruco_markers_msgs/share/aruco_markers_msgs/cmake/rosidl_cmake_export_typesupport_targets-extras.cmake\n'}
[20.280824] (speech_to_goal_interfaces) StdoutLine: {'line': b'-- Symlinking: /home/tknika/gral-iiriondo-main/unitree_ws/install/speech_to_goal_interfaces/local/lib/python3.10/dist-packages/speech_to_goal_interfaces/libspeech_to_goal_interfaces__rosidl_generator_py.so\n'}
[20.281368] (aruco_markers_msgs) StdoutLine: {'line': b'-- Symlinking: /home/tknika/gral-iiriondo-main/unitree_ws/install/aruco_markers_msgs/share/aruco_markers_msgs/cmake/rosidl_cmake_export_typesupport_libraries-extras.cmake\n'}
[20.297840] (-) TimerEvent: {}
[20.298700] (speech_to_goal_interfaces) StdoutLine: {'line': b'-- Symlinking: /home/tknika/gral-iiriondo-main/unitree_ws/install/speech_to_goal_interfaces/local/lib/python3.10/dist-packages/speech_to_goal_interfaces/msg/__init__.py\n'}
[20.299224] (aruco_markers_msgs) StdoutLine: {'line': b'-- Symlinking: /home/tknika/gral-iiriondo-main/unitree_ws/install/aruco_markers_msgs/share/aruco_markers_msgs/cmake/aruco_markers_msgsConfig.cmake\n'}
[20.315036] (speech_to_goal_interfaces) StdoutLine: {'line': b'-- Symlinking: /home/tknika/gral-iiriondo-main/unitree_ws/install/speech_to_goal_interfaces/local/lib/python3.10/dist-packages/speech_to_goal_interfaces/msg/_waypoint.py\n'}
[20.315591] (aruco_markers_msgs) StdoutLine: {'line': b'-- Symlinking: /home/tknika/gral-iiriondo-main/unitree_ws/install/aruco_markers_msgs/share/aruco_markers_msgs/cmake/aruco_markers_msgsConfig-version.cmake\n'}
[20.332488] (speech_to_goal_interfaces) StdoutLine: {'line': b'-- Symlinking: /home/tknika/gral-iiriondo-main/unitree_ws/install/speech_to_goal_interfaces/local/lib/python3.10/dist-packages/speech_to_goal_interfaces/msg/_waypoint_s.c\n'}
[20.333047] (aruco_markers_msgs) StdoutLine: {'line': b'-- Symlinking: /home/tknika/gral-iiriondo-main/unitree_ws/install/aruco_markers_msgs/share/aruco_markers_msgs/package.xml\n'}
[20.350280] (aruco_markers_msgs) StdoutLine: {'line': b'-- Installing: /home/tknika/gral-iiriondo-main/unitree_ws/install/aruco_markers_msgs/lib/libaruco_markers_msgs__rosidl_generator_c.so\n'}
[20.350915] (aruco_markers_msgs) StdoutLine: {'line': b'-- Set runtime path of "/home/tknika/gral-iiriondo-main/unitree_ws/install/aruco_markers_msgs/lib/libaruco_markers_msgs__rosidl_generator_c.so" to ""\n'}
[20.351206] (aruco_markers_msgs) StdoutLine: {'line': b'-- Installing: /home/tknika/gral-iiriondo-main/unitree_ws/install/aruco_markers_msgs/lib/libaruco_markers_msgs__rosidl_typesupport_fastrtps_c.so\n'}
[20.351699] (aruco_markers_msgs) StdoutLine: {'line': b'-- Set runtime path of "/home/tknika/gral-iiriondo-main/unitree_ws/install/aruco_markers_msgs/lib/libaruco_markers_msgs__rosidl_typesupport_fastrtps_c.so" to ""\n'}
[20.351932] (aruco_markers_msgs) StdoutLine: {'line': b'-- Installing: /home/tknika/gral-iiriondo-main/unitree_ws/install/aruco_markers_msgs/lib/libaruco_markers_msgs__rosidl_typesupport_fastrtps_cpp.so\n'}
[20.353183] (aruco_markers_msgs) StdoutLine: {'line': b'-- Set runtime path of "/home/tknika/gral-iiriondo-main/unitree_ws/install/aruco_markers_msgs/lib/libaruco_markers_msgs__rosidl_typesupport_fastrtps_cpp.so" to ""\n'}
[20.353438] (aruco_markers_msgs) StdoutLine: {'line': b'-- Installing: /home/tknika/gral-iiriondo-main/unitree_ws/install/aruco_markers_msgs/lib/libaruco_markers_msgs__rosidl_typesupport_introspection_c.so\n'}
[20.353852] (aruco_markers_msgs) StdoutLine: {'line': b'-- Set runtime path of "/home/tknika/gral-iiriondo-main/unitree_ws/install/aruco_markers_msgs/lib/libaruco_markers_msgs__rosidl_typesupport_introspection_c.so" to ""\n'}
[20.354107] (aruco_markers_msgs) StdoutLine: {'line': b'-- Installing: /home/tknika/gral-iiriondo-main/unitree_ws/install/aruco_markers_msgs/lib/libaruco_markers_msgs__rosidl_typesupport_c.so\n'}
[20.354536] (aruco_markers_msgs) StdoutLine: {'line': b'-- Set runtime path of "/home/tknika/gral-iiriondo-main/unitree_ws/install/aruco_markers_msgs/lib/libaruco_markers_msgs__rosidl_typesupport_c.so" to ""\n'}
[20.354749] (aruco_markers_msgs) StdoutLine: {'line': b'-- Installing: /home/tknika/gral-iiriondo-main/unitree_ws/install/aruco_markers_msgs/lib/libaruco_markers_msgs__rosidl_typesupport_introspection_cpp.so\n'}
[20.355505] (aruco_markers_msgs) StdoutLine: {'line': b'-- Set runtime path of "/home/tknika/gral-iiriondo-main/unitree_ws/install/aruco_markers_msgs/lib/libaruco_markers_msgs__rosidl_typesupport_introspection_cpp.so" to ""\n'}
[20.355974] (aruco_markers_msgs) StdoutLine: {'line': b'-- Installing: /home/tknika/gral-iiriondo-main/unitree_ws/install/aruco_markers_msgs/lib/libaruco_markers_msgs__rosidl_typesupport_cpp.so\n'}
[20.356325] (aruco_markers_msgs) StdoutLine: {'line': b'-- Set runtime path of "/home/tknika/gral-iiriondo-main/unitree_ws/install/aruco_markers_msgs/lib/libaruco_markers_msgs__rosidl_typesupport_cpp.so" to ""\n'}
[20.357386] (speech_to_goal_interfaces) StdoutLine: {'line': b'-- Symlinking: /home/tknika/gral-iiriondo-main/unitree_ws/install/speech_to_goal_interfaces/local/lib/python3.10/dist-packages/speech_to_goal_interfaces/speech_to_goal_interfaces_s__rosidl_typesupport_c.cpython-310-aarch64-linux-gnu.so\n'}
[20.378013] (speech_to_goal_interfaces) StdoutLine: {'line': b'-- Symlinking: /home/tknika/gral-iiriondo-main/unitree_ws/install/speech_to_goal_interfaces/local/lib/python3.10/dist-packages/speech_to_goal_interfaces/speech_to_goal_interfaces_s__rosidl_typesupport_fastrtps_c.cpython-310-aarch64-linux-gnu.so\n'}
[20.395461] (speech_to_goal_interfaces) StdoutLine: {'line': b'-- Symlinking: /home/tknika/gral-iiriondo-main/unitree_ws/install/speech_to_goal_interfaces/local/lib/python3.10/dist-packages/speech_to_goal_interfaces/speech_to_goal_interfaces_s__rosidl_typesupport_introspection_c.cpython-310-aarch64-linux-gnu.so\n'}
[20.397910] (-) TimerEvent: {}
[20.413903] (speech_to_goal_interfaces) StdoutLine: {'line': b'-- Symlinking: /home/tknika/gral-iiriondo-main/unitree_ws/install/speech_to_goal_interfaces/local/lib/python3.10/dist-packages/speech_to_goal_interfaces/srv/__init__.py\n'}
[20.432891] (speech_to_goal_interfaces) StdoutLine: {'line': b'-- Symlinking: /home/tknika/gral-iiriondo-main/unitree_ws/install/speech_to_goal_interfaces/local/lib/python3.10/dist-packages/speech_to_goal_interfaces/srv/_detect_intent.py\n'}
[20.456800] (aruco_markers_msgs) StdoutLine: {'line': b"Listing '/home/tknika/gral-iiriondo-main/unitree_ws/install/aruco_markers_msgs/local/lib/python3.10/dist-packages/aruco_markers_msgs'...\n"}
[20.457460] (aruco_markers_msgs) StdoutLine: {'line': b"Compiling '/home/tknika/gral-iiriondo-main/unitree_ws/install/aruco_markers_msgs/local/lib/python3.10/dist-packages/aruco_markers_msgs/__init__.py'...\n"}
[20.457651] (aruco_markers_msgs) StdoutLine: {'line': b"Listing '/home/tknika/gral-iiriondo-main/unitree_ws/install/aruco_markers_msgs/local/lib/python3.10/dist-packages/aruco_markers_msgs/msg'...\n"}
[20.457799] (aruco_markers_msgs) StdoutLine: {'line': b"Compiling '/home/tknika/gral-iiriondo-main/unitree_ws/install/aruco_markers_msgs/local/lib/python3.10/dist-packages/aruco_markers_msgs/msg/__init__.py'...\n"}
[20.457934] (aruco_markers_msgs) StdoutLine: {'line': b"Compiling '/home/tknika/gral-iiriondo-main/unitree_ws/install/aruco_markers_msgs/local/lib/python3.10/dist-packages/aruco_markers_msgs/msg/_marker.py'...\n"}
[20.458061] (aruco_markers_msgs) StdoutLine: {'line': b"Compiling '/home/tknika/gral-iiriondo-main/unitree_ws/install/aruco_markers_msgs/local/lib/python3.10/dist-packages/aruco_markers_msgs/msg/_marker_array.py'...\n"}
[20.458188] (speech_to_goal_interfaces) StdoutLine: {'line': b'-- Symlinking: /home/tknika/gral-iiriondo-main/unitree_ws/install/speech_to_goal_interfaces/local/lib/python3.10/dist-packages/speech_to_goal_interfaces/srv/_detect_intent_s.c\n'}
[20.471181] (aruco_markers_msgs) StdoutLine: {'line': b'-- Installing: /home/tknika/gral-iiriondo-main/unitree_ws/install/aruco_markers_msgs/lib/libaruco_markers_msgs__rosidl_generator_py.so\n'}
[20.471897] (aruco_markers_msgs) StdoutLine: {'line': b'-- Set runtime path of "/home/tknika/gral-iiriondo-main/unitree_ws/install/aruco_markers_msgs/lib/libaruco_markers_msgs__rosidl_generator_py.so" to ""\n'}
[20.472140] (aruco_markers_msgs) StdoutLine: {'line': b'-- Installing: /home/tknika/gral-iiriondo-main/unitree_ws/install/aruco_markers_msgs/share/aruco_markers_msgs/cmake/export_aruco_markers_msgs__rosidl_generator_cExport.cmake\n'}
[20.472356] (aruco_markers_msgs) StdoutLine: {'line': b'-- Installing: /home/tknika/gral-iiriondo-main/unitree_ws/install/aruco_markers_msgs/share/aruco_markers_msgs/cmake/export_aruco_markers_msgs__rosidl_generator_cExport-noconfig.cmake\n'}
[20.472698] (aruco_markers_msgs) StdoutLine: {'line': b'-- Installing: /home/tknika/gral-iiriondo-main/unitree_ws/install/aruco_markers_msgs/share/aruco_markers_msgs/cmake/export_aruco_markers_msgs__rosidl_typesupport_fastrtps_cExport.cmake\n'}
[20.472944] (aruco_markers_msgs) StdoutLine: {'line': b'-- Installing: /home/tknika/gral-iiriondo-main/unitree_ws/install/aruco_markers_msgs/share/aruco_markers_msgs/cmake/export_aruco_markers_msgs__rosidl_typesupport_fastrtps_cExport-noconfig.cmake\n'}
[20.473211] (aruco_markers_msgs) StdoutLine: {'line': b'-- Installing: /home/tknika/gral-iiriondo-main/unitree_ws/install/aruco_markers_msgs/share/aruco_markers_msgs/cmake/export_aruco_markers_msgs__rosidl_generator_cppExport.cmake\n'}
[20.473474] (aruco_markers_msgs) StdoutLine: {'line': b'-- Installing: /home/tknika/gral-iiriondo-main/unitree_ws/install/aruco_markers_msgs/share/aruco_markers_msgs/cmake/export_aruco_markers_msgs__rosidl_typesupport_fastrtps_cppExport.cmake\n'}
[20.473757] (aruco_markers_msgs) StdoutLine: {'line': b'-- Installing: /home/tknika/gral-iiriondo-main/unitree_ws/install/aruco_markers_msgs/share/aruco_markers_msgs/cmake/export_aruco_markers_msgs__rosidl_typesupport_fastrtps_cppExport-noconfig.cmake\n'}
[20.474171] (aruco_markers_msgs) StdoutLine: {'line': b'-- Installing: /home/tknika/gral-iiriondo-main/unitree_ws/install/aruco_markers_msgs/share/aruco_markers_msgs/cmake/aruco_markers_msgs__rosidl_typesupport_introspection_cExport.cmake\n'}
[20.474632] (aruco_markers_msgs) StdoutLine: {'line': b'-- Installing: /home/tknika/gral-iiriondo-main/unitree_ws/install/aruco_markers_msgs/share/aruco_markers_msgs/cmake/aruco_markers_msgs__rosidl_typesupport_introspection_cExport-noconfig.cmake\n'}
[20.474841] (speech_to_goal_interfaces) StdoutLine: {'line': b'-- Symlinking: /home/tknika/gral-iiriondo-main/unitree_ws/install/speech_to_goal_interfaces/local/lib/python3.10/dist-packages/speech_to_goal_interfaces/srv/_llm_query.py\n'}
[20.475067] (aruco_markers_msgs) StdoutLine: {'line': b'-- Installing: /home/tknika/gral-iiriondo-main/unitree_ws/install/aruco_markers_msgs/share/aruco_markers_msgs/cmake/aruco_markers_msgs__rosidl_typesupport_cExport.cmake\n'}
[20.475220] (aruco_markers_msgs) StdoutLine: {'line': b'-- Installing: /home/tknika/gral-iiriondo-main/unitree_ws/install/aruco_markers_msgs/share/aruco_markers_msgs/cmake/aruco_markers_msgs__rosidl_typesupport_cExport-noconfig.cmake\n'}
[20.475397] (aruco_markers_msgs) StdoutLine: {'line': b'-- Installing: /home/tknika/gral-iiriondo-main/unitree_ws/install/aruco_markers_msgs/share/aruco_markers_msgs/cmake/aruco_markers_msgs__rosidl_typesupport_introspection_cppExport.cmake\n'}
[20.475561] (aruco_markers_msgs) StdoutLine: {'line': b'-- Installing: /home/tknika/gral-iiriondo-main/unitree_ws/install/aruco_markers_msgs/share/aruco_markers_msgs/cmake/aruco_markers_msgs__rosidl_typesupport_introspection_cppExport-noconfig.cmake\n'}
[20.475696] (aruco_markers_msgs) StdoutLine: {'line': b'-- Installing: /home/tknika/gral-iiriondo-main/unitree_ws/install/aruco_markers_msgs/share/aruco_markers_msgs/cmake/aruco_markers_msgs__rosidl_typesupport_cppExport.cmake\n'}
[20.475858] (aruco_markers_msgs) StdoutLine: {'line': b'-- Installing: /home/tknika/gral-iiriondo-main/unitree_ws/install/aruco_markers_msgs/share/aruco_markers_msgs/cmake/aruco_markers_msgs__rosidl_typesupport_cppExport-noconfig.cmake\n'}
[20.476049] (aruco_markers_msgs) StdoutLine: {'line': b'-- Installing: /home/tknika/gral-iiriondo-main/unitree_ws/install/aruco_markers_msgs/share/aruco_markers_msgs/cmake/export_aruco_markers_msgs__rosidl_generator_pyExport.cmake\n'}
[20.476262] (aruco_markers_msgs) StdoutLine: {'line': b'-- Installing: /home/tknika/gral-iiriondo-main/unitree_ws/install/aruco_markers_msgs/share/aruco_markers_msgs/cmake/export_aruco_markers_msgs__rosidl_generator_pyExport-noconfig.cmake\n'}
[20.490781] (speech_to_goal_interfaces) StdoutLine: {'line': b'-- Symlinking: /home/tknika/gral-iiriondo-main/unitree_ws/install/speech_to_goal_interfaces/local/lib/python3.10/dist-packages/speech_to_goal_interfaces/srv/_llm_query_s.c\n'}
[20.498028] (-) TimerEvent: {}
[20.507070] (speech_to_goal_interfaces) StdoutLine: {'line': b'-- Up-to-date symlink: /home/tknika/gral-iiriondo-main/unitree_ws/install/speech_to_goal_interfaces/local/lib/python3.10/dist-packages/speech_to_goal_interfaces/speech_to_goal_interfaces_s__rosidl_typesupport_fastrtps_c.cpython-310-aarch64-linux-gnu.so\n'}
[20.507546] (speech_to_goal_interfaces) StdoutLine: {'line': b'-- Up-to-date symlink: /home/tknika/gral-iiriondo-main/unitree_ws/install/speech_to_goal_interfaces/local/lib/python3.10/dist-packages/speech_to_goal_interfaces/speech_to_goal_interfaces_s__rosidl_typesupport_introspection_c.cpython-310-aarch64-linux-gnu.so\n'}
[20.507825] (speech_to_goal_interfaces) StdoutLine: {'line': b'-- Up-to-date symlink: /home/tknika/gral-iiriondo-main/unitree_ws/install/speech_to_goal_interfaces/local/lib/python3.10/dist-packages/speech_to_goal_interfaces/speech_to_goal_interfaces_s__rosidl_typesupport_c.cpython-310-aarch64-linux-gnu.so\n'}
[20.508236] (speech_to_goal_interfaces) StdoutLine: {'line': b'-- Symlinking: /home/tknika/gral-iiriondo-main/unitree_ws/install/speech_to_goal_interfaces/share/ament_index/resource_index/rust_packages/speech_to_goal_interfaces\n'}
[20.525471] (speech_to_goal_interfaces) StdoutLine: {'line': b'-- Symlinking: /home/tknika/gral-iiriondo-main/unitree_ws/install/speech_to_goal_interfaces/share/speech_to_goal_interfaces/rust/Cargo.toml\n'}
[20.541700] (speech_to_goal_interfaces) StdoutLine: {'line': b'-- Symlinking: /home/tknika/gral-iiriondo-main/unitree_ws/install/speech_to_goal_interfaces/share/speech_to_goal_interfaces/rust/build.rs\n'}
[20.558262] (speech_to_goal_interfaces) StdoutLine: {'line': b'-- Symlinking: /home/tknika/gral-iiriondo-main/unitree_ws/install/speech_to_goal_interfaces/share/speech_to_goal_interfaces/rust/src/lib.rs\n'}
[20.575154] (speech_to_goal_interfaces) StdoutLine: {'line': b'-- Symlinking: /home/tknika/gral-iiriondo-main/unitree_ws/install/speech_to_goal_interfaces/share/speech_to_goal_interfaces/rust/src/msg.rs\n'}
[20.593213] (speech_to_goal_interfaces) StdoutLine: {'line': b'-- Symlinking: /home/tknika/gral-iiriondo-main/unitree_ws/install/speech_to_goal_interfaces/share/speech_to_goal_interfaces/rust/src/msg/rmw.rs\n'}
[20.598150] (-) TimerEvent: {}
[20.610003] (speech_to_goal_interfaces) StdoutLine: {'line': b'-- Symlinking: /home/tknika/gral-iiriondo-main/unitree_ws/install/speech_to_goal_interfaces/share/speech_to_goal_interfaces/rust/src/srv.rs\n'}
[20.626252] (speech_to_goal_interfaces) StdoutLine: {'line': b'-- Symlinking: /home/tknika/gral-iiriondo-main/unitree_ws/install/speech_to_goal_interfaces/share/speech_to_goal_interfaces/rust/src/srv/rmw.rs\n'}
[20.643479] (speech_to_goal_interfaces) StdoutLine: {'line': b'-- Symlinking: /home/tknika/gral-iiriondo-main/unitree_ws/install/speech_to_goal_interfaces/share/speech_to_goal_interfaces/msg/Waypoint.idl\n'}
[20.660235] (speech_to_goal_interfaces) StdoutLine: {'line': b'-- Symlinking: /home/tknika/gral-iiriondo-main/unitree_ws/install/speech_to_goal_interfaces/share/speech_to_goal_interfaces/srv/LLMQuery.idl\n'}
[20.676530] (speech_to_goal_interfaces) StdoutLine: {'line': b'-- Symlinking: /home/tknika/gral-iiriondo-main/unitree_ws/install/speech_to_goal_interfaces/share/speech_to_goal_interfaces/srv/DetectIntent.idl\n'}
[20.693636] (speech_to_goal_interfaces) StdoutLine: {'line': b'-- Symlinking: /home/tknika/gral-iiriondo-main/unitree_ws/install/speech_to_goal_interfaces/share/speech_to_goal_interfaces/msg/Waypoint.msg\n'}
[20.698275] (-) TimerEvent: {}
[20.712175] (speech_to_goal_interfaces) StdoutLine: {'line': b'-- Symlinking: /home/tknika/gral-iiriondo-main/unitree_ws/install/speech_to_goal_interfaces/share/speech_to_goal_interfaces/srv/LLMQuery.srv\n'}
[20.730473] (speech_to_goal_interfaces) StdoutLine: {'line': b'-- Symlinking: /home/tknika/gral-iiriondo-main/unitree_ws/install/speech_to_goal_interfaces/share/speech_to_goal_interfaces/srv/LLMQuery_Request.msg\n'}
[20.748501] (speech_to_goal_interfaces) StdoutLine: {'line': b'-- Symlinking: /home/tknika/gral-iiriondo-main/unitree_ws/install/speech_to_goal_interfaces/share/speech_to_goal_interfaces/srv/LLMQuery_Response.msg\n'}
[20.766658] (speech_to_goal_interfaces) StdoutLine: {'line': b'-- Symlinking: /home/tknika/gral-iiriondo-main/unitree_ws/install/speech_to_goal_interfaces/share/speech_to_goal_interfaces/srv/DetectIntent.srv\n'}
[20.786554] (speech_to_goal_interfaces) StdoutLine: {'line': b'-- Symlinking: /home/tknika/gral-iiriondo-main/unitree_ws/install/speech_to_goal_interfaces/share/speech_to_goal_interfaces/srv/DetectIntent_Request.msg\n'}
[20.798476] (-) TimerEvent: {}
[20.806153] (speech_to_goal_interfaces) StdoutLine: {'line': b'-- Symlinking: /home/tknika/gral-iiriondo-main/unitree_ws/install/speech_to_goal_interfaces/share/speech_to_goal_interfaces/srv/DetectIntent_Response.msg\n'}
[20.824896] (speech_to_goal_interfaces) StdoutLine: {'line': b'-- Symlinking: /home/tknika/gral-iiriondo-main/unitree_ws/install/speech_to_goal_interfaces/share/ament_index/resource_index/package_run_dependencies/speech_to_goal_interfaces\n'}
[20.844855] (aruco_markers_msgs) CommandEnded: {'returncode': 0}
[20.846514] (speech_to_goal_interfaces) StdoutLine: {'line': b'-- Symlinking: /home/tknika/gral-iiriondo-main/unitree_ws/install/speech_to_goal_interfaces/share/ament_index/resource_index/parent_prefix_path/speech_to_goal_interfaces\n'}
[20.865606] (speech_to_goal_interfaces) StdoutLine: {'line': b'-- Symlinking: /home/tknika/gral-iiriondo-main/unitree_ws/install/speech_to_goal_interfaces/share/speech_to_goal_interfaces/environment/ament_prefix_path.sh\n'}
[20.883919] (speech_to_goal_interfaces) StdoutLine: {'line': b'-- Symlinking: /home/tknika/gral-iiriondo-main/unitree_ws/install/speech_to_goal_interfaces/share/speech_to_goal_interfaces/environment/ament_prefix_path.dsv\n'}
[20.886587] (aruco_markers_msgs) JobEnded: {'identifier': 'aruco_markers_msgs', 'rc': 0}
[20.889494] (aruco_detector) JobStarted: {'identifier': 'aruco_detector'}
[20.898686] (-) TimerEvent: {}
[20.905117] (speech_to_goal_interfaces) StdoutLine: {'line': b'-- Symlinking: /home/tknika/gral-iiriondo-main/unitree_ws/install/speech_to_goal_interfaces/share/speech_to_goal_interfaces/environment/path.sh\n'}
[20.922389] (speech_to_goal_interfaces) StdoutLine: {'line': b'-- Symlinking: /home/tknika/gral-iiriondo-main/unitree_ws/install/speech_to_goal_interfaces/share/speech_to_goal_interfaces/environment/path.dsv\n'}
[20.939324] (speech_to_goal_interfaces) StdoutLine: {'line': b'-- Symlinking: /home/tknika/gral-iiriondo-main/unitree_ws/install/speech_to_goal_interfaces/share/speech_to_goal_interfaces/local_setup.bash\n'}
[20.957718] (speech_to_goal_interfaces) StdoutLine: {'line': b'-- Symlinking: /home/tknika/gral-iiriondo-main/unitree_ws/install/speech_to_goal_interfaces/share/speech_to_goal_interfaces/local_setup.sh\n'}
[20.975147] (speech_to_goal_interfaces) StdoutLine: {'line': b'-- Symlinking: /home/tknika/gral-iiriondo-main/unitree_ws/install/speech_to_goal_interfaces/share/speech_to_goal_interfaces/local_setup.zsh\n'}
[20.993802] (speech_to_goal_interfaces) StdoutLine: {'line': b'-- Symlinking: /home/tknika/gral-iiriondo-main/unitree_ws/install/speech_to_goal_interfaces/share/speech_to_goal_interfaces/local_setup.dsv\n'}
[20.998852] (-) TimerEvent: {}
[21.013386] (speech_to_goal_interfaces) StdoutLine: {'line': b'-- Symlinking: /home/tknika/gral-iiriondo-main/unitree_ws/install/speech_to_goal_interfaces/share/speech_to_goal_interfaces/package.dsv\n'}
[21.031542] (speech_to_goal_interfaces) StdoutLine: {'line': b'-- Symlinking: /home/tknika/gral-iiriondo-main/unitree_ws/install/speech_to_goal_interfaces/share/ament_index/resource_index/packages/speech_to_goal_interfaces\n'}
[21.050012] (speech_to_goal_interfaces) StdoutLine: {'line': b'-- Symlinking: /home/tknika/gral-iiriondo-main/unitree_ws/install/speech_to_goal_interfaces/share/speech_to_goal_interfaces/cmake/rosidl_cmake-extras.cmake\n'}
[21.068293] (speech_to_goal_interfaces) StdoutLine: {'line': b'-- Symlinking: /home/tknika/gral-iiriondo-main/unitree_ws/install/speech_to_goal_interfaces/share/speech_to_goal_interfaces/cmake/ament_cmake_export_include_directories-extras.cmake\n'}
[21.085751] (speech_to_goal_interfaces) StdoutLine: {'line': b'-- Symlinking: /home/tknika/gral-iiriondo-main/unitree_ws/install/speech_to_goal_interfaces/share/speech_to_goal_interfaces/cmake/ament_cmake_export_libraries-extras.cmake\n'}
[21.098960] (-) TimerEvent: {}
[21.103078] (speech_to_goal_interfaces) StdoutLine: {'line': b'-- Symlinking: /home/tknika/gral-iiriondo-main/unitree_ws/install/speech_to_goal_interfaces/share/speech_to_goal_interfaces/cmake/ament_cmake_export_targets-extras.cmake\n'}
[21.120580] (speech_to_goal_interfaces) StdoutLine: {'line': b'-- Symlinking: /home/tknika/gral-iiriondo-main/unitree_ws/install/speech_to_goal_interfaces/share/speech_to_goal_interfaces/cmake/rosidl_cmake_export_typesupport_targets-extras.cmake\n'}
[21.138663] (speech_to_goal_interfaces) StdoutLine: {'line': b'-- Symlinking: /home/tknika/gral-iiriondo-main/unitree_ws/install/speech_to_goal_interfaces/share/speech_to_goal_interfaces/cmake/ament_cmake_export_dependencies-extras.cmake\n'}
[21.154969] (speech_to_goal_interfaces) StdoutLine: {'line': b'-- Symlinking: /home/tknika/gral-iiriondo-main/unitree_ws/install/speech_to_goal_interfaces/share/speech_to_goal_interfaces/cmake/rosidl_cmake_export_typesupport_libraries-extras.cmake\n'}
[21.171009] (speech_to_goal_interfaces) StdoutLine: {'line': b'-- Symlinking: /home/tknika/gral-iiriondo-main/unitree_ws/install/speech_to_goal_interfaces/share/speech_to_goal_interfaces/cmake/speech_to_goal_interfacesConfig.cmake\n'}
[21.187096] (speech_to_goal_interfaces) StdoutLine: {'line': b'-- Symlinking: /home/tknika/gral-iiriondo-main/unitree_ws/install/speech_to_goal_interfaces/share/speech_to_goal_interfaces/cmake/speech_to_goal_interfacesConfig-version.cmake\n'}
[21.199093] (-) TimerEvent: {}
[21.203567] (speech_to_goal_interfaces) StdoutLine: {'line': b'-- Symlinking: /home/tknika/gral-iiriondo-main/unitree_ws/install/speech_to_goal_interfaces/share/speech_to_goal_interfaces/package.xml\n'}
[21.220944] (speech_to_goal_interfaces) StdoutLine: {'line': b'-- Installing: /home/tknika/gral-iiriondo-main/unitree_ws/install/speech_to_goal_interfaces/lib/libspeech_to_goal_interfaces__rosidl_generator_c.so\n'}
[21.223860] (speech_to_goal_interfaces) StdoutLine: {'line': b'-- Set runtime path of "/home/tknika/gral-iiriondo-main/unitree_ws/install/speech_to_goal_interfaces/lib/libspeech_to_goal_interfaces__rosidl_generator_c.so" to ""\n'}
[21.224310] (speech_to_goal_interfaces) StdoutLine: {'line': b'-- Installing: /home/tknika/gral-iiriondo-main/unitree_ws/install/speech_to_goal_interfaces/lib/libspeech_to_goal_interfaces__rosidl_typesupport_fastrtps_c.so\n'}
[21.224497] (speech_to_goal_interfaces) StdoutLine: {'line': b'-- Set runtime path of "/home/tknika/gral-iiriondo-main/unitree_ws/install/speech_to_goal_interfaces/lib/libspeech_to_goal_interfaces__rosidl_typesupport_fastrtps_c.so" to ""\n'}
[21.224728] (speech_to_goal_interfaces) StdoutLine: {'line': b'-- Installing: /home/tknika/gral-iiriondo-main/unitree_ws/install/speech_to_goal_interfaces/lib/libspeech_to_goal_interfaces__rosidl_typesupport_introspection_c.so\n'}
[21.224906] (speech_to_goal_interfaces) StdoutLine: {'line': b'-- Set runtime path of "/home/tknika/gral-iiriondo-main/unitree_ws/install/speech_to_goal_interfaces/lib/libspeech_to_goal_interfaces__rosidl_typesupport_introspection_c.so" to ""\n'}
[21.225036] (speech_to_goal_interfaces) StdoutLine: {'line': b'-- Installing: /home/tknika/gral-iiriondo-main/unitree_ws/install/speech_to_goal_interfaces/lib/libspeech_to_goal_interfaces__rosidl_typesupport_c.so\n'}
[21.225436] (speech_to_goal_interfaces) StdoutLine: {'line': b'-- Set runtime path of "/home/tknika/gral-iiriondo-main/unitree_ws/install/speech_to_goal_interfaces/lib/libspeech_to_goal_interfaces__rosidl_typesupport_c.so" to ""\n'}
[21.225647] (speech_to_goal_interfaces) StdoutLine: {'line': b'-- Installing: /home/tknika/gral-iiriondo-main/unitree_ws/install/speech_to_goal_interfaces/lib/libspeech_to_goal_interfaces__rosidl_typesupport_fastrtps_cpp.so\n'}
[21.226739] (speech_to_goal_interfaces) StdoutLine: {'line': b'-- Set runtime path of "/home/tknika/gral-iiriondo-main/unitree_ws/install/speech_to_goal_interfaces/lib/libspeech_to_goal_interfaces__rosidl_typesupport_fastrtps_cpp.so" to ""\n'}
[21.227006] (speech_to_goal_interfaces) StdoutLine: {'line': b'-- Installing: /home/tknika/gral-iiriondo-main/unitree_ws/install/speech_to_goal_interfaces/lib/libspeech_to_goal_interfaces__rosidl_typesupport_introspection_cpp.so\n'}
[21.228305] (speech_to_goal_interfaces) StdoutLine: {'line': b'-- Set runtime path of "/home/tknika/gral-iiriondo-main/unitree_ws/install/speech_to_goal_interfaces/lib/libspeech_to_goal_interfaces__rosidl_typesupport_introspection_cpp.so" to ""\n'}
[21.228682] (speech_to_goal_interfaces) StdoutLine: {'line': b'-- Installing: /home/tknika/gral-iiriondo-main/unitree_ws/install/speech_to_goal_interfaces/lib/libspeech_to_goal_interfaces__rosidl_typesupport_cpp.so\n'}
[21.229746] (speech_to_goal_interfaces) StdoutLine: {'line': b'-- Set runtime path of "/home/tknika/gral-iiriondo-main/unitree_ws/install/speech_to_goal_interfaces/lib/libspeech_to_goal_interfaces__rosidl_typesupport_cpp.so" to ""\n'}
[21.299242] (-) TimerEvent: {}
[21.321025] (speech_to_goal_interfaces) StdoutLine: {'line': b"Listing '/home/tknika/gral-iiriondo-main/unitree_ws/install/speech_to_goal_interfaces/local/lib/python3.10/dist-packages/speech_to_goal_interfaces'...\n"}
[21.321460] (speech_to_goal_interfaces) StdoutLine: {'line': b"Compiling '/home/tknika/gral-iiriondo-main/unitree_ws/install/speech_to_goal_interfaces/local/lib/python3.10/dist-packages/speech_to_goal_interfaces/__init__.py'...\n"}
[21.321656] (speech_to_goal_interfaces) StdoutLine: {'line': b"Listing '/home/tknika/gral-iiriondo-main/unitree_ws/install/speech_to_goal_interfaces/local/lib/python3.10/dist-packages/speech_to_goal_interfaces/msg'...\n"}
[21.321832] (speech_to_goal_interfaces) StdoutLine: {'line': b"Compiling '/home/tknika/gral-iiriondo-main/unitree_ws/install/speech_to_goal_interfaces/local/lib/python3.10/dist-packages/speech_to_goal_interfaces/msg/__init__.py'...\n"}
[21.321976] (speech_to_goal_interfaces) StdoutLine: {'line': b"Compiling '/home/tknika/gral-iiriondo-main/unitree_ws/install/speech_to_goal_interfaces/local/lib/python3.10/dist-packages/speech_to_goal_interfaces/msg/_waypoint.py'...\n"}
[21.322107] (speech_to_goal_interfaces) StdoutLine: {'line': b"Listing '/home/tknika/gral-iiriondo-main/unitree_ws/install/speech_to_goal_interfaces/local/lib/python3.10/dist-packages/speech_to_goal_interfaces/srv'...\n"}
[21.322237] (speech_to_goal_interfaces) StdoutLine: {'line': b"Compiling '/home/tknika/gral-iiriondo-main/unitree_ws/install/speech_to_goal_interfaces/local/lib/python3.10/dist-packages/speech_to_goal_interfaces/srv/__init__.py'...\n"}
[21.322362] (speech_to_goal_interfaces) StdoutLine: {'line': b"Compiling '/home/tknika/gral-iiriondo-main/unitree_ws/install/speech_to_goal_interfaces/local/lib/python3.10/dist-packages/speech_to_goal_interfaces/srv/_detect_intent.py'...\n"}
[21.322490] (speech_to_goal_interfaces) StdoutLine: {'line': b"Compiling '/home/tknika/gral-iiriondo-main/unitree_ws/install/speech_to_goal_interfaces/local/lib/python3.10/dist-packages/speech_to_goal_interfaces/srv/_llm_query.py'...\n"}
[21.333679] (speech_to_goal_interfaces) StdoutLine: {'line': b'-- Installing: /home/tknika/gral-iiriondo-main/unitree_ws/install/speech_to_goal_interfaces/lib/libspeech_to_goal_interfaces__rosidl_generator_py.so\n'}
[21.334382] (speech_to_goal_interfaces) StdoutLine: {'line': b'-- Set runtime path of "/home/tknika/gral-iiriondo-main/unitree_ws/install/speech_to_goal_interfaces/lib/libspeech_to_goal_interfaces__rosidl_generator_py.so" to ""\n'}
[21.334584] (speech_to_goal_interfaces) StdoutLine: {'line': b'-- Installing: /home/tknika/gral-iiriondo-main/unitree_ws/install/speech_to_goal_interfaces/share/speech_to_goal_interfaces/cmake/export_speech_to_goal_interfaces__rosidl_generator_cExport.cmake\n'}
[21.334850] (speech_to_goal_interfaces) StdoutLine: {'line': b'-- Installing: /home/tknika/gral-iiriondo-main/unitree_ws/install/speech_to_goal_interfaces/share/speech_to_goal_interfaces/cmake/export_speech_to_goal_interfaces__rosidl_generator_cExport-noconfig.cmake\n'}
[21.335142] (speech_to_goal_interfaces) StdoutLine: {'line': b'-- Installing: /home/tknika/gral-iiriondo-main/unitree_ws/install/speech_to_goal_interfaces/share/speech_to_goal_interfaces/cmake/export_speech_to_goal_interfaces__rosidl_typesupport_fastrtps_cExport.cmake\n'}
[21.335392] (speech_to_goal_interfaces) StdoutLine: {'line': b'-- Installing: /home/tknika/gral-iiriondo-main/unitree_ws/install/speech_to_goal_interfaces/share/speech_to_goal_interfaces/cmake/export_speech_to_goal_interfaces__rosidl_typesupport_fastrtps_cExport-noconfig.cmake\n'}
[21.335640] (speech_to_goal_interfaces) StdoutLine: {'line': b'-- Installing: /home/tknika/gral-iiriondo-main/unitree_ws/install/speech_to_goal_interfaces/share/speech_to_goal_interfaces/cmake/speech_to_goal_interfaces__rosidl_typesupport_introspection_cExport.cmake\n'}
[21.335895] (speech_to_goal_interfaces) StdoutLine: {'line': b'-- Installing: /home/tknika/gral-iiriondo-main/unitree_ws/install/speech_to_goal_interfaces/share/speech_to_goal_interfaces/cmake/speech_to_goal_interfaces__rosidl_typesupport_introspection_cExport-noconfig.cmake\n'}
[21.336159] (speech_to_goal_interfaces) StdoutLine: {'line': b'-- Installing: /home/tknika/gral-iiriondo-main/unitree_ws/install/speech_to_goal_interfaces/share/speech_to_goal_interfaces/cmake/speech_to_goal_interfaces__rosidl_typesupport_cExport.cmake\n'}
[21.336410] (speech_to_goal_interfaces) StdoutLine: {'line': b'-- Installing: /home/tknika/gral-iiriondo-main/unitree_ws/install/speech_to_goal_interfaces/share/speech_to_goal_interfaces/cmake/speech_to_goal_interfaces__rosidl_typesupport_cExport-noconfig.cmake\n'}
[21.336712] (speech_to_goal_interfaces) StdoutLine: {'line': b'-- Installing: /home/tknika/gral-iiriondo-main/unitree_ws/install/speech_to_goal_interfaces/share/speech_to_goal_interfaces/cmake/export_speech_to_goal_interfaces__rosidl_generator_cppExport.cmake\n'}
[21.336976] (speech_to_goal_interfaces) StdoutLine: {'line': b'-- Installing: /home/tknika/gral-iiriondo-main/unitree_ws/install/speech_to_goal_interfaces/share/speech_to_goal_interfaces/cmake/export_speech_to_goal_interfaces__rosidl_typesupport_fastrtps_cppExport.cmake\n'}
[21.337253] (speech_to_goal_interfaces) StdoutLine: {'line': b'-- Installing: /home/tknika/gral-iiriondo-main/unitree_ws/install/speech_to_goal_interfaces/share/speech_to_goal_interfaces/cmake/export_speech_to_goal_interfaces__rosidl_typesupport_fastrtps_cppExport-noconfig.cmake\n'}
[21.337509] (speech_to_goal_interfaces) StdoutLine: {'line': b'-- Installing: /home/tknika/gral-iiriondo-main/unitree_ws/install/speech_to_goal_interfaces/share/speech_to_goal_interfaces/cmake/speech_to_goal_interfaces__rosidl_typesupport_introspection_cppExport.cmake\n'}
[21.337769] (speech_to_goal_interfaces) StdoutLine: {'line': b'-- Installing: /home/tknika/gral-iiriondo-main/unitree_ws/install/speech_to_goal_interfaces/share/speech_to_goal_interfaces/cmake/speech_to_goal_interfaces__rosidl_typesupport_introspection_cppExport-noconfig.cmake\n'}
[21.338029] (speech_to_goal_interfaces) StdoutLine: {'line': b'-- Installing: /home/tknika/gral-iiriondo-main/unitree_ws/install/speech_to_goal_interfaces/share/speech_to_goal_interfaces/cmake/speech_to_goal_interfaces__rosidl_typesupport_cppExport.cmake\n'}
[21.338278] (speech_to_goal_interfaces) StdoutLine: {'line': b'-- Installing: /home/tknika/gral-iiriondo-main/unitree_ws/install/speech_to_goal_interfaces/share/speech_to_goal_interfaces/cmake/speech_to_goal_interfaces__rosidl_typesupport_cppExport-noconfig.cmake\n'}
[21.338532] (speech_to_goal_interfaces) StdoutLine: {'line': b'-- Installing: /home/tknika/gral-iiriondo-main/unitree_ws/install/speech_to_goal_interfaces/share/speech_to_goal_interfaces/cmake/export_speech_to_goal_interfaces__rosidl_generator_pyExport.cmake\n'}
[21.338784] (speech_to_goal_interfaces) StdoutLine: {'line': b'-- Installing: /home/tknika/gral-iiriondo-main/unitree_ws/install/speech_to_goal_interfaces/share/speech_to_goal_interfaces/cmake/export_speech_to_goal_interfaces__rosidl_generator_pyExport-noconfig.cmake\n'}
[21.399372] (-) TimerEvent: {}
[21.499982] (-) TimerEvent: {}
[21.600605] (-) TimerEvent: {}
[21.701233] (-) TimerEvent: {}
[21.801903] (-) TimerEvent: {}
[21.900910] (speech_to_goal_interfaces) CommandEnded: {'returncode': 0}
[21.902875] (-) TimerEvent: {}
[21.942378] (speech_to_goal_interfaces) JobEnded: {'identifier': 'speech_to_goal_interfaces', 'rc': 0}
[21.944929] (speech_to_goal) JobStarted: {'identifier': 'speech_to_goal'}
[22.003066] (-) TimerEvent: {}
[22.103666] (-) TimerEvent: {}
[22.204258] (-) TimerEvent: {}
[22.304871] (-) TimerEvent: {}
[22.405498] (-) TimerEvent: {}
[22.506146] (-) TimerEvent: {}
[22.606766] (-) TimerEvent: {}
[22.707397] (-) TimerEvent: {}
[22.808119] (-) TimerEvent: {}
[22.908799] (-) TimerEvent: {}
[22.955992] (object_recognition) Command: {'cmd': ['/usr/bin/python3', '-W', 'ignore:setup.py install is deprecated', '-W', 'ignore:easy_install command is deprecated', 'setup.py', 'develop', '--editable', '--build-directory', '/home/tknika/gral-iiriondo-main/unitree_ws/build/object_recognition/build', '--no-deps', 'symlink_data'], 'cwd': '/home/tknika/gral-iiriondo-main/unitree_ws/build/object_recognition', 'env': {'GJS_DEBUG_TOPICS': 'JS ERROR;JS LOG', 'LESSOPEN': '| /usr/bin/lesspipe %s', 'USER': 'tknika', 'OLLAMA_LLM_LIBRARY': 'cuda', 'ROS_PACKAGE_PATH': '/home/tknika/gral-iiriondo-main/unitree_ws/install/speech_to_goal_interfaces/share', 'XDG_SESSION_TYPE': 'x11', 'SHLVL': '1', 'LD_LIBRARY_PATH': '/home/tknika/gral-iiriondo-main/unitree_ws/install/object_recognition_interfaces/lib:/home/tknika/gral-iiriondo-main/unitree_ws/install/speech_to_goal_interfaces/lib:/home/tknika/gral-iiriondo-main/unitree_ws/install/aruco_markers_msgs/lib:/usr/lib/aarch64-linux-gnu/nvidia:/usr/local/cuda/lib64:/opt/ros/humble/opt/rviz_ogre_vendor/lib:/opt/ros/humble/lib/aarch64-linux-gnu:/opt/ros/humble/lib:/usr/local/cuda-12.6/lib64:/usr/lib/aarch64-linux-gnu/nvid', 'HOME': '/home/tknika', 'OLDPWD': '/home/tknika/gral-iiriondo-main', 'DESKTOP_SESSION': 'ubuntu', 'GIO_LAUNCHED_DESKTOP_FILE': '/usr/share/applications/terminator.desktop', 'ROS_PYTHON_VERSION': '3', 'GNOME_SHELL_SESSION_MODE': 'ubuntu', 'GTK_MODULES': 'gail:atk-bridge', 'PS1': '\\[\\e]0;\\u@\\h: \\w\\a\\]${debian_chroot:+($debian_chroot)}\\[\\033[01;32m\\]\\u@\\h\\[\\033[00m\\]:\\[\\033[01;34m\\]\\w\\[\\033[00m\\]\\$', 'MANAGERPID': '2504', 'SYSTEMD_EXEC_PID': '2680', 'DBUS_SESSION_BUS_ADDRESS': 'unix:path=/run/user/1000/bus', 'COLORTERM': 'truecolor', 'TERMINATOR_DBUS_NAME': 'net.tenshu.Terminator23558193cd9818af7fe4d2c2f5bd9d00f', 'GIO_LAUNCHED_DESKTOP_FILE_PID': '4209', 'IM_CONFIG_PHASE': '1', 'COLCON_PREFIX_PATH': '/home/tknika/gral-iiriondo-main/unitree_ws/install', 'CUDA_VISIBLE_DEVICES': '0', 'ROS_DISTRO': 'humble', 'GTK_IM_MODULE': 'ibus', 'LOGNAME': 'tknika', 'JOURNAL_STREAM': '8:50749', '_': '/usr/bin/colcon', 'ROS_VERSION': '2', 'PKG_CONFIG_PATH': '/home/tknika/gral-iiriondo-main/unitree_ws/install/speech_to_goal_interfaces/lib/aarch64-linux-gnu/pkgconfig:/home/tknika/gral-iiriondo-main/unitree_ws/install/speech_to_goal_interfaces/lib/pkgconfig', 'XDG_SESSION_CLASS': 'user', 'USERNAME': 'tknika', 'TERM': 'xterm-256color', 'GNOME_DESKTOP_SESSION_ID': 'this-is-deprecated', 'ROS_LOCALHOST_ONLY': '0', 'WINDOWPATH': '2', 'PATH': '/usr/local/cuda-12.6/bin:/usr/local/cuda-12.6/bin:/home/bee/gral-iiriondo/unitree_ws/environments/unitree_env/bin:/opt/ros/humble/bin:/usr/local/cuda-12.6/bin:/home/tknika/.cargo/bin:/home/tknika/.local/bin:/usr/local/sbin:/usr/local/bin:/usr/sbin:/usr/bin:/sbin:/bin:/usr/games:/usr/local/games:/snap/bin:/snap/bin', 'SESSION_MANAGER': 'local/ubuntu:@/tmp/.ICE-unix/2653,unix/ubuntu:/tmp/.ICE-unix/2653', 'INVOCATION_ID': '23499d00eeb9404d9453ff310186aa72', 'XDG_MENU_PREFIX': 'gnome-', 'XDG_RUNTIME_DIR': '/run/user/1000', 'DISPLAY': ':1', 'TERMINATOR_DBUS_PATH': '/net/tenshu/Terminator2', 'LANG': 'en_US.UTF-8', 'XDG_CURRENT_DESKTOP': 'ubuntu:GNOME', 'IBUS_DISABLE_SNOOPER': '1', 'VIRTUAL_ENV_PROMPT': '(unitree_env)', 'XMODIFIERS': '@im=ibus', 'XDG_SESSION_DESKTOP': 'ubuntu', 'XAUTHORITY': '/run/user/1000/gdm/Xauthority', 'LS_COLORS': 'rs=0:di=01;34:ln=01;36:mh=00:pi=40;33:so=01;35:do=01;35:bd=40;33;01:cd=40;33;01:or=40;31;01:mi=00:su=37;41:sg=30;43:ca=30;41:tw=30;42:ow=34;42:st=37;44:ex=01;32:*.tar=01;31:*.tgz=01;31:*.arc=01;31:*.arj=01;31:*.taz=01;31:*.lha=01;31:*.lz4=01;31:*.lzh=01;31:*.lzma=01;31:*.tlz=01;31:*.txz=01;31:*.tzo=01;31:*.t7z=01;31:*.zip=01;31:*.z=01;31:*.dz=01;31:*.gz=01;31:*.lrz=01;31:*.lz=01;31:*.lzo=01;31:*.xz=01;31:*.zst=01;31:*.tzst=01;31:*.bz2=01;31:*.bz=01;31:*.tbz=01;31:*.tbz2=01;31:*.tz=01;31:*.deb=01;31:*.rpm=01;31:*.jar=01;31:*.war=01;31:*.ear=01;31:*.sar=01;31:*.rar=01;31:*.alz=01;31:*.ace=01;31:*.zoo=01;31:*.cpio=01;31:*.7z=01;31:*.rz=01;31:*.cab=01;31:*.wim=01;31:*.swm=01;31:*.dwm=01;31:*.esd=01;31:*.jpg=01;35:*.jpeg=01;35:*.mjpg=01;35:*.mjpeg=01;35:*.gif=01;35:*.bmp=01;35:*.pbm=01;35:*.pgm=01;35:*.ppm=01;35:*.tga=01;35:*.xbm=01;35:*.xpm=01;35:*.tif=01;35:*.tiff=01;35:*.png=01;35:*.svg=01;35:*.svgz=01;35:*.mng=01;35:*.pcx=01;35:*.mov=01;35:*.mpg=01;35:*.mpeg=01;35:*.m2v=01;35:*.mkv=01;35:*.webm=01;35:*.webp=01;35:*.ogm=01;35:*.mp4=01;35:*.m4v=01;35:*.mp4v=01;35:*.vob=01;35:*.qt=01;35:*.nuv=01;35:*.wmv=01;35:*.asf=01;35:*.rm=01;35:*.rmvb=01;35:*.flc=01;35:*.avi=01;35:*.fli=01;35:*.flv=01;35:*.gl=01;35:*.dl=01;35:*.xcf=01;35:*.xwd=01;35:*.yuv=01;35:*.cgm=01;35:*.emf=01;35:*.ogv=01;35:*.ogx=01;35:*.aac=00;36:*.au=00;36:*.flac=00;36:*.m4a=00;36:*.mid=00;36:*.midi=00;36:*.mka=00;36:*.mp3=00;36:*.mpc=00;36:*.ogg=00;36:*.ra=00;36:*.wav=00;36:*.oga=00;36:*.opus=00;36:*.spx=00;36:*.xspf=00;36:', 'SSH_AGENT_LAUNCHER': 'gnome-keyring', 'SSH_AUTH_SOCK': '/run/user/1000/keyring/ssh', 'AMENT_PREFIX_PATH': '/home/tknika/gral-iiriondo-main/unitree_ws/install/speech_to_goal_interfaces:/home/tknika/gral-iiriondo-main/unitree_ws/install/standing_mode:/home/tknika/gral-iiriondo-main/unitree_ws/install/speech_to_goal:/home/tknika/gral-iiriondo-main/unitree_ws/install/object_recognition:/home/tknika/gral-iiriondo-main/unitree_ws/install/object_recognition_interfaces:/home/tknika/gral-iiriondo-main/unitree_ws/install/mapping_configuration:/home/tknika/gral-iiriondo-main/unitree_ws/install/go1_description:/home/tknika/gral-iiriondo-main/unitree_ws/install/asr:/home/tknika/gral-iiriondo-main/unitree_ws/install/aruco_detector:/home/tknika/gral-iiriondo-main/unitree_ws/install/aruco_markers_msgs:/opt/ros/humble', 'SHELL': '/bin/bash', 'TERMINATOR_UUID': 'urn:uuid:6783764e-82b3-4e19-a535-1afecb743d9d', 'QT_ACCESSIBILITY': '1', 'GDMSESSION': 'ubuntu', 'LESSCLOSE': '/usr/bin/lesspipe %s %s', 'GPG_AGENT_INFO': '/run/user/1000/gnupg/S.gpg-agent:0:1', 'GJS_DEBUG_OUTPUT': 'stderr', 'VIRTUAL_ENV': '/home/bee/gral-iiriondo/unitree_ws/environments/unitree_env', 'QT_IM_MODULE': 'ibus', 'PWD': '/home/tknika/gral-iiriondo-main/unitree_ws/build/object_recognition', 'XDG_CONFIG_DIRS': '/etc/xdg/xdg-ubuntu:/etc/xdg', 'XDG_DATA_DIRS': '/usr/share/ubuntu:/usr/share/gnome:/usr/local/share/:/usr/share/:/var/lib/snapd/desktop', 'PYTHONPATH': '/home/tknika/gral-iiriondo-main/unitree_ws/build/object_recognition/prefix_override:/usr/lib/python3/dist-packages/colcon_core/task/python/colcon_distutils_commands:/home/tknika/gral-iiriondo-main/unitree_ws/install/object_recognition/lib/python3.10/site-packages:/home/tknika/gral-iiriondo-main/unitree_ws/build/standing_mode:/home/tknika/gral-iiriondo-main/unitree_ws/install/standing_mode/lib/python3.10/site-packages:/home/tknika/gral-iiriondo-main/unitree_ws/build/speech_to_goal:/home/tknika/gral-iiriondo-main/unitree_ws/install/speech_to_goal/lib/python3.10/site-packages:/home/tknika/gral-iiriondo-main/unitree_ws/install/speech_to_goal_interfaces/local/lib/python3.10/dist-packages:/home/tknika/gral-iiriondo-main/unitree_ws/build/object_recognition:/home/tknika/gral-iiriondo-main/unitree_ws/install/object_recognition/lib/python3.10/site-packages:/home/tknika/gral-iiriondo-main/unitree_ws/install/object_recognition_interfaces/local/lib/python3.10/dist-packages:/home/tknika/gral-iiriondo-main/unitree_ws/build/mapping_configuration:/home/tknika/gral-iiriondo-main/unitree_ws/install/mapping_configuration/lib/python3.10/site-packages:/home/tknika/gral-iiriondo-main/unitree_ws/build/go1_description:/home/tknika/gral-iiriondo-main/unitree_ws/install/go1_description/lib/python3.10/site-packages:/home/tknika/gral-iiriondo-main/unitree_ws/build/asr:/home/tknika/gral-iiriondo-main/unitree_ws/install/asr/lib/python3.10/site-packages:/home/tknika/gral-iiriondo-main/unitree_ws/build/aruco_detector:/home/tknika/gral-iiriondo-main/unitree_ws/install/aruco_detector/lib/python3.10/site-packages:/home/tknika/gral-iiriondo-main/unitree_ws/install/aruco_markers_msgs/local/lib/python3.10/dist-packages:/home/tknika/gral-iiriondo-main/unitree_ws/src/unitree_legged_sdk/lib/python/arm64:/home/tknika/gral-iiriondo-main/unitree_ws/src/unitree_legged_sdk/lib/python/arm64:/home/tknika/gral-iiriondo-main/unitree_ws/src/unitree_legged_sdk/lib/python/arm64:/opt/ros/humble/lib/python3.10/site-packages:/opt/ros/humble/local/lib/python3.10/dist-packages', 'COLCON': '1', 'VTE_VERSION': '6800', 'CMAKE_PREFIX_PATH': '/home/tknika/gral-iiriondo-main/unitree_ws/install/object_recognition_interfaces:/home/tknika/gral-iiriondo-main/unitree_ws/install/speech_to_goal_interfaces:/home/tknika/gral-iiriondo-main/unitree_ws/install/aruco_markers_msgs'}, 'shell': False}
[23.008933] (-) TimerEvent: {}
[23.109510] (-) TimerEvent: {}
[23.210086] (-) TimerEvent: {}
[23.310674] (-) TimerEvent: {}
[23.411263] (-) TimerEvent: {}
[23.511869] (-) TimerEvent: {}
[23.612500] (-) TimerEvent: {}
[23.709298] (aruco_detector) Command: {'cmd': ['/usr/bin/python3', '-W', 'ignore:setup.py install is deprecated', '-W', 'ignore:easy_install command is deprecated', 'setup.py', 'develop', '--editable', '--build-directory', '/home/tknika/gral-iiriondo-main/unitree_ws/build/aruco_detector/build', '--no-deps', 'symlink_data'], 'cwd': '/home/tknika/gral-iiriondo-main/unitree_ws/build/aruco_detector', 'env': {'GJS_DEBUG_TOPICS': 'JS ERROR;JS LOG', 'LESSOPEN': '| /usr/bin/lesspipe %s', 'USER': 'tknika', 'OLLAMA_LLM_LIBRARY': 'cuda', 'ROS_PACKAGE_PATH': '/home/tknika/gral-iiriondo-main/unitree_ws/install/speech_to_goal_interfaces/share', 'XDG_SESSION_TYPE': 'x11', 'SHLVL': '1', 'LD_LIBRARY_PATH': '/home/tknika/gral-iiriondo-main/unitree_ws/install/aruco_markers_msgs/lib:/home/tknika/gral-iiriondo-main/unitree_ws/install/speech_to_goal_interfaces/lib:/home/tknika/gral-iiriondo-main/unitree_ws/install/object_recognition_interfaces/lib:/usr/lib/aarch64-linux-gnu/nvidia:/usr/local/cuda/lib64:/opt/ros/humble/opt/rviz_ogre_vendor/lib:/opt/ros/humble/lib/aarch64-linux-gnu:/opt/ros/humble/lib:/usr/local/cuda-12.6/lib64:/usr/lib/aarch64-linux-gnu/nvid', 'HOME': '/home/tknika', 'OLDPWD': '/home/tknika/gral-iiriondo-main', 'DESKTOP_SESSION': 'ubuntu', 'GIO_LAUNCHED_DESKTOP_FILE': '/usr/share/applications/terminator.desktop', 'ROS_PYTHON_VERSION': '3', 'GNOME_SHELL_SESSION_MODE': 'ubuntu', 'GTK_MODULES': 'gail:atk-bridge', 'PS1': '\\[\\e]0;\\u@\\h: \\w\\a\\]${debian_chroot:+($debian_chroot)}\\[\\033[01;32m\\]\\u@\\h\\[\\033[00m\\]:\\[\\033[01;34m\\]\\w\\[\\033[00m\\]\\$', 'MANAGERPID': '2504', 'SYSTEMD_EXEC_PID': '2680', 'DBUS_SESSION_BUS_ADDRESS': 'unix:path=/run/user/1000/bus', 'COLORTERM': 'truecolor', 'TERMINATOR_DBUS_NAME': 'net.tenshu.Terminator23558193cd9818af7fe4d2c2f5bd9d00f', 'GIO_LAUNCHED_DESKTOP_FILE_PID': '4209', 'IM_CONFIG_PHASE': '1', 'COLCON_PREFIX_PATH': '/home/tknika/gral-iiriondo-main/unitree_ws/install', 'CUDA_VISIBLE_DEVICES': '0', 'ROS_DISTRO': 'humble', 'GTK_IM_MODULE': 'ibus', 'LOGNAME': 'tknika', 'JOURNAL_STREAM': '8:50749', '_': '/usr/bin/colcon', 'ROS_VERSION': '2', 'PKG_CONFIG_PATH': '/home/tknika/gral-iiriondo-main/unitree_ws/install/speech_to_goal_interfaces/lib/aarch64-linux-gnu/pkgconfig:/home/tknika/gral-iiriondo-main/unitree_ws/install/speech_to_goal_interfaces/lib/pkgconfig', 'XDG_SESSION_CLASS': 'user', 'USERNAME': 'tknika', 'TERM': 'xterm-256color', 'GNOME_DESKTOP_SESSION_ID': 'this-is-deprecated', 'ROS_LOCALHOST_ONLY': '0', 'WINDOWPATH': '2', 'PATH': '/usr/local/cuda-12.6/bin:/usr/local/cuda-12.6/bin:/home/bee/gral-iiriondo/unitree_ws/environments/unitree_env/bin:/opt/ros/humble/bin:/usr/local/cuda-12.6/bin:/home/tknika/.cargo/bin:/home/tknika/.local/bin:/usr/local/sbin:/usr/local/bin:/usr/sbin:/usr/bin:/sbin:/bin:/usr/games:/usr/local/games:/snap/bin:/snap/bin', 'SESSION_MANAGER': 'local/ubuntu:@/tmp/.ICE-unix/2653,unix/ubuntu:/tmp/.ICE-unix/2653', 'INVOCATION_ID': '23499d00eeb9404d9453ff310186aa72', 'XDG_MENU_PREFIX': 'gnome-', 'XDG_RUNTIME_DIR': '/run/user/1000', 'DISPLAY': ':1', 'TERMINATOR_DBUS_PATH': '/net/tenshu/Terminator2', 'LANG': 'en_US.UTF-8', 'XDG_CURRENT_DESKTOP': 'ubuntu:GNOME', 'IBUS_DISABLE_SNOOPER': '1', 'VIRTUAL_ENV_PROMPT': '(unitree_env)', 'XMODIFIERS': '@im=ibus', 'XDG_SESSION_DESKTOP': 'ubuntu', 'XAUTHORITY': '/run/user/1000/gdm/Xauthority', 'LS_COLORS': 'rs=0:di=01;34:ln=01;36:mh=00:pi=40;33:so=01;35:do=01;35:bd=40;33;01:cd=40;33;01:or=40;31;01:mi=00:su=37;41:sg=30;43:ca=30;41:tw=30;42:ow=34;42:st=37;44:ex=01;32:*.tar=01;31:*.tgz=01;31:*.arc=01;31:*.arj=01;31:*.taz=01;31:*.lha=01;31:*.lz4=01;31:*.lzh=01;31:*.lzma=01;31:*.tlz=01;31:*.txz=01;31:*.tzo=01;31:*.t7z=01;31:*.zip=01;31:*.z=01;31:*.dz=01;31:*.gz=01;31:*.lrz=01;31:*.lz=01;31:*.lzo=01;31:*.xz=01;31:*.zst=01;31:*.tzst=01;31:*.bz2=01;31:*.bz=01;31:*.tbz=01;31:*.tbz2=01;31:*.tz=01;31:*.deb=01;31:*.rpm=01;31:*.jar=01;31:*.war=01;31:*.ear=01;31:*.sar=01;31:*.rar=01;31:*.alz=01;31:*.ace=01;31:*.zoo=01;31:*.cpio=01;31:*.7z=01;31:*.rz=01;31:*.cab=01;31:*.wim=01;31:*.swm=01;31:*.dwm=01;31:*.esd=01;31:*.jpg=01;35:*.jpeg=01;35:*.mjpg=01;35:*.mjpeg=01;35:*.gif=01;35:*.bmp=01;35:*.pbm=01;35:*.pgm=01;35:*.ppm=01;35:*.tga=01;35:*.xbm=01;35:*.xpm=01;35:*.tif=01;35:*.tiff=01;35:*.png=01;35:*.svg=01;35:*.svgz=01;35:*.mng=01;35:*.pcx=01;35:*.mov=01;35:*.mpg=01;35:*.mpeg=01;35:*.m2v=01;35:*.mkv=01;35:*.webm=01;35:*.webp=01;35:*.ogm=01;35:*.mp4=01;35:*.m4v=01;35:*.mp4v=01;35:*.vob=01;35:*.qt=01;35:*.nuv=01;35:*.wmv=01;35:*.asf=01;35:*.rm=01;35:*.rmvb=01;35:*.flc=01;35:*.avi=01;35:*.fli=01;35:*.flv=01;35:*.gl=01;35:*.dl=01;35:*.xcf=01;35:*.xwd=01;35:*.yuv=01;35:*.cgm=01;35:*.emf=01;35:*.ogv=01;35:*.ogx=01;35:*.aac=00;36:*.au=00;36:*.flac=00;36:*.m4a=00;36:*.mid=00;36:*.midi=00;36:*.mka=00;36:*.mp3=00;36:*.mpc=00;36:*.ogg=00;36:*.ra=00;36:*.wav=00;36:*.oga=00;36:*.opus=00;36:*.spx=00;36:*.xspf=00;36:', 'SSH_AGENT_LAUNCHER': 'gnome-keyring', 'SSH_AUTH_SOCK': '/run/user/1000/keyring/ssh', 'AMENT_PREFIX_PATH': '/home/tknika/gral-iiriondo-main/unitree_ws/install/speech_to_goal_interfaces:/home/tknika/gral-iiriondo-main/unitree_ws/install/standing_mode:/home/tknika/gral-iiriondo-main/unitree_ws/install/speech_to_goal:/home/tknika/gral-iiriondo-main/unitree_ws/install/object_recognition:/home/tknika/gral-iiriondo-main/unitree_ws/install/object_recognition_interfaces:/home/tknika/gral-iiriondo-main/unitree_ws/install/mapping_configuration:/home/tknika/gral-iiriondo-main/unitree_ws/install/go1_description:/home/tknika/gral-iiriondo-main/unitree_ws/install/asr:/home/tknika/gral-iiriondo-main/unitree_ws/install/aruco_detector:/home/tknika/gral-iiriondo-main/unitree_ws/install/aruco_markers_msgs:/opt/ros/humble', 'SHELL': '/bin/bash', 'TERMINATOR_UUID': 'urn:uuid:6783764e-82b3-4e19-a535-1afecb743d9d', 'QT_ACCESSIBILITY': '1', 'GDMSESSION': 'ubuntu', 'LESSCLOSE': '/usr/bin/lesspipe %s %s', 'GPG_AGENT_INFO': '/run/user/1000/gnupg/S.gpg-agent:0:1', 'GJS_DEBUG_OUTPUT': 'stderr', 'VIRTUAL_ENV': '/home/bee/gral-iiriondo/unitree_ws/environments/unitree_env', 'QT_IM_MODULE': 'ibus', 'PWD': '/home/tknika/gral-iiriondo-main/unitree_ws/build/aruco_detector', 'XDG_CONFIG_DIRS': '/etc/xdg/xdg-ubuntu:/etc/xdg', 'XDG_DATA_DIRS': '/usr/share/ubuntu:/usr/share/gnome:/usr/local/share/:/usr/share/:/var/lib/snapd/desktop', 'PYTHONPATH': '/home/tknika/gral-iiriondo-main/unitree_ws/build/aruco_detector/prefix_override:/usr/lib/python3/dist-packages/colcon_core/task/python/colcon_distutils_commands:/home/tknika/gral-iiriondo-main/unitree_ws/install/aruco_detector/lib/python3.10/site-packages:/home/tknika/gral-iiriondo-main/unitree_ws/build/standing_mode:/home/tknika/gral-iiriondo-main/unitree_ws/install/standing_mode/lib/python3.10/site-packages:/home/tknika/gral-iiriondo-main/unitree_ws/build/speech_to_goal:/home/tknika/gral-iiriondo-main/unitree_ws/install/speech_to_goal/lib/python3.10/site-packages:/home/tknika/gral-iiriondo-main/unitree_ws/install/speech_to_goal_interfaces/local/lib/python3.10/dist-packages:/home/tknika/gral-iiriondo-main/unitree_ws/build/object_recognition:/home/tknika/gral-iiriondo-main/unitree_ws/install/object_recognition/lib/python3.10/site-packages:/home/tknika/gral-iiriondo-main/unitree_ws/install/object_recognition_interfaces/local/lib/python3.10/dist-packages:/home/tknika/gral-iiriondo-main/unitree_ws/build/mapping_configuration:/home/tknika/gral-iiriondo-main/unitree_ws/install/mapping_configuration/lib/python3.10/site-packages:/home/tknika/gral-iiriondo-main/unitree_ws/build/go1_description:/home/tknika/gral-iiriondo-main/unitree_ws/install/go1_description/lib/python3.10/site-packages:/home/tknika/gral-iiriondo-main/unitree_ws/build/asr:/home/tknika/gral-iiriondo-main/unitree_ws/install/asr/lib/python3.10/site-packages:/home/tknika/gral-iiriondo-main/unitree_ws/build/aruco_detector:/home/tknika/gral-iiriondo-main/unitree_ws/install/aruco_detector/lib/python3.10/site-packages:/home/tknika/gral-iiriondo-main/unitree_ws/install/aruco_markers_msgs/local/lib/python3.10/dist-packages:/home/tknika/gral-iiriondo-main/unitree_ws/src/unitree_legged_sdk/lib/python/arm64:/home/tknika/gral-iiriondo-main/unitree_ws/src/unitree_legged_sdk/lib/python/arm64:/home/tknika/gral-iiriondo-main/unitree_ws/src/unitree_legged_sdk/lib/python/arm64:/opt/ros/humble/lib/python3.10/site-packages:/opt/ros/humble/local/lib/python3.10/dist-packages', 'COLCON': '1', 'VTE_VERSION': '6800', 'CMAKE_PREFIX_PATH': '/home/tknika/gral-iiriondo-main/unitree_ws/install/aruco_markers_msgs:/home/tknika/gral-iiriondo-main/unitree_ws/install/speech_to_goal_interfaces:/home/tknika/gral-iiriondo-main/unitree_ws/install/object_recognition_interfaces'}, 'shell': False}
[23.712872] (-) TimerEvent: {}
[23.813291] (-) TimerEvent: {}
[23.913889] (-) TimerEvent: {}
[23.930830] (object_recognition) StdoutLine: {'line': b'running develop\n'}
[24.014037] (-) TimerEvent: {}
[24.114642] (-) TimerEvent: {}
[24.215258] (-) TimerEvent: {}
[24.315849] (-) TimerEvent: {}
[24.416438] (-) TimerEvent: {}
[24.517068] (-) TimerEvent: {}
[24.569545] (speech_to_goal) Command: {'cmd': ['/usr/bin/python3', '-W', 'ignore:setup.py install is deprecated', '-W', 'ignore:easy_install command is deprecated', 'setup.py', 'develop', '--editable', '--build-directory', '/home/tknika/gral-iiriondo-main/unitree_ws/build/speech_to_goal/build', '--no-deps', 'symlink_data'], 'cwd': '/home/tknika/gral-iiriondo-main/unitree_ws/build/speech_to_goal', 'env': {'GJS_DEBUG_TOPICS': 'JS ERROR;JS LOG', 'LESSOPEN': '| /usr/bin/lesspipe %s', 'USER': 'tknika', 'OLLAMA_LLM_LIBRARY': 'cuda', 'ROS_PACKAGE_PATH': '/home/tknika/gral-iiriondo-main/unitree_ws/install/speech_to_goal_interfaces/share', 'XDG_SESSION_TYPE': 'x11', 'SHLVL': '1', 'LD_LIBRARY_PATH': '/home/tknika/gral-iiriondo-main/unitree_ws/install/speech_to_goal_interfaces/lib:/home/tknika/gral-iiriondo-main/unitree_ws/install/object_recognition_interfaces/lib:/home/tknika/gral-iiriondo-main/unitree_ws/install/aruco_markers_msgs/lib:/usr/lib/aarch64-linux-gnu/nvidia:/usr/local/cuda/lib64:/opt/ros/humble/opt/rviz_ogre_vendor/lib:/opt/ros/humble/lib/aarch64-linux-gnu:/opt/ros/humble/lib:/usr/local/cuda-12.6/lib64:/usr/lib/aarch64-linux-gnu/nvid', 'HOME': '/home/tknika', 'OLDPWD': '/home/tknika/gral-iiriondo-main', 'DESKTOP_SESSION': 'ubuntu', 'GIO_LAUNCHED_DESKTOP_FILE': '/usr/share/applications/terminator.desktop', 'ROS_PYTHON_VERSION': '3', 'GNOME_SHELL_SESSION_MODE': 'ubuntu', 'GTK_MODULES': 'gail:atk-bridge', 'PS1': '\\[\\e]0;\\u@\\h: \\w\\a\\]${debian_chroot:+($debian_chroot)}\\[\\033[01;32m\\]\\u@\\h\\[\\033[00m\\]:\\[\\033[01;34m\\]\\w\\[\\033[00m\\]\\$', 'MANAGERPID': '2504', 'SYSTEMD_EXEC_PID': '2680', 'DBUS_SESSION_BUS_ADDRESS': 'unix:path=/run/user/1000/bus', 'COLORTERM': 'truecolor', 'TERMINATOR_DBUS_NAME': 'net.tenshu.Terminator23558193cd9818af7fe4d2c2f5bd9d00f', 'GIO_LAUNCHED_DESKTOP_FILE_PID': '4209', 'IM_CONFIG_PHASE': '1', 'COLCON_PREFIX_PATH': '/home/tknika/gral-iiriondo-main/unitree_ws/install', 'CUDA_VISIBLE_DEVICES': '0', 'ROS_DISTRO': 'humble', 'GTK_IM_MODULE': 'ibus', 'LOGNAME': 'tknika', 'JOURNAL_STREAM': '8:50749', '_': '/usr/bin/colcon', 'ROS_VERSION': '2', 'PKG_CONFIG_PATH': '/home/tknika/gral-iiriondo-main/unitree_ws/install/speech_to_goal_interfaces/lib/aarch64-linux-gnu/pkgconfig:/home/tknika/gral-iiriondo-main/unitree_ws/install/speech_to_goal_interfaces/lib/pkgconfig', 'XDG_SESSION_CLASS': 'user', 'USERNAME': 'tknika', 'TERM': 'xterm-256color', 'GNOME_DESKTOP_SESSION_ID': 'this-is-deprecated', 'ROS_LOCALHOST_ONLY': '0', 'WINDOWPATH': '2', 'PATH': '/usr/local/cuda-12.6/bin:/usr/local/cuda-12.6/bin:/home/bee/gral-iiriondo/unitree_ws/environments/unitree_env/bin:/opt/ros/humble/bin:/usr/local/cuda-12.6/bin:/home/tknika/.cargo/bin:/home/tknika/.local/bin:/usr/local/sbin:/usr/local/bin:/usr/sbin:/usr/bin:/sbin:/bin:/usr/games:/usr/local/games:/snap/bin:/snap/bin', 'SESSION_MANAGER': 'local/ubuntu:@/tmp/.ICE-unix/2653,unix/ubuntu:/tmp/.ICE-unix/2653', 'INVOCATION_ID': '23499d00eeb9404d9453ff310186aa72', 'XDG_MENU_PREFIX': 'gnome-', 'XDG_RUNTIME_DIR': '/run/user/1000', 'DISPLAY': ':1', 'TERMINATOR_DBUS_PATH': '/net/tenshu/Terminator2', 'LANG': 'en_US.UTF-8', 'XDG_CURRENT_DESKTOP': 'ubuntu:GNOME', 'IBUS_DISABLE_SNOOPER': '1', 'VIRTUAL_ENV_PROMPT': '(unitree_env)', 'XMODIFIERS': '@im=ibus', 'XDG_SESSION_DESKTOP': 'ubuntu', 'XAUTHORITY': '/run/user/1000/gdm/Xauthority', 'LS_COLORS': 'rs=0:di=01;34:ln=01;36:mh=00:pi=40;33:so=01;35:do=01;35:bd=40;33;01:cd=40;33;01:or=40;31;01:mi=00:su=37;41:sg=30;43:ca=30;41:tw=30;42:ow=34;42:st=37;44:ex=01;32:*.tar=01;31:*.tgz=01;31:*.arc=01;31:*.arj=01;31:*.taz=01;31:*.lha=01;31:*.lz4=01;31:*.lzh=01;31:*.lzma=01;31:*.tlz=01;31:*.txz=01;31:*.tzo=01;31:*.t7z=01;31:*.zip=01;31:*.z=01;31:*.dz=01;31:*.gz=01;31:*.lrz=01;31:*.lz=01;31:*.lzo=01;31:*.xz=01;31:*.zst=01;31:*.tzst=01;31:*.bz2=01;31:*.bz=01;31:*.tbz=01;31:*.tbz2=01;31:*.tz=01;31:*.deb=01;31:*.rpm=01;31:*.jar=01;31:*.war=01;31:*.ear=01;31:*.sar=01;31:*.rar=01;31:*.alz=01;31:*.ace=01;31:*.zoo=01;31:*.cpio=01;31:*.7z=01;31:*.rz=01;31:*.cab=01;31:*.wim=01;31:*.swm=01;31:*.dwm=01;31:*.esd=01;31:*.jpg=01;35:*.jpeg=01;35:*.mjpg=01;35:*.mjpeg=01;35:*.gif=01;35:*.bmp=01;35:*.pbm=01;35:*.pgm=01;35:*.ppm=01;35:*.tga=01;35:*.xbm=01;35:*.xpm=01;35:*.tif=01;35:*.tiff=01;35:*.png=01;35:*.svg=01;35:*.svgz=01;35:*.mng=01;35:*.pcx=01;35:*.mov=01;35:*.mpg=01;35:*.mpeg=01;35:*.m2v=01;35:*.mkv=01;35:*.webm=01;35:*.webp=01;35:*.ogm=01;35:*.mp4=01;35:*.m4v=01;35:*.mp4v=01;35:*.vob=01;35:*.qt=01;35:*.nuv=01;35:*.wmv=01;35:*.asf=01;35:*.rm=01;35:*.rmvb=01;35:*.flc=01;35:*.avi=01;35:*.fli=01;35:*.flv=01;35:*.gl=01;35:*.dl=01;35:*.xcf=01;35:*.xwd=01;35:*.yuv=01;35:*.cgm=01;35:*.emf=01;35:*.ogv=01;35:*.ogx=01;35:*.aac=00;36:*.au=00;36:*.flac=00;36:*.m4a=00;36:*.mid=00;36:*.midi=00;36:*.mka=00;36:*.mp3=00;36:*.mpc=00;36:*.ogg=00;36:*.ra=00;36:*.wav=00;36:*.oga=00;36:*.opus=00;36:*.spx=00;36:*.xspf=00;36:', 'SSH_AGENT_LAUNCHER': 'gnome-keyring', 'SSH_AUTH_SOCK': '/run/user/1000/keyring/ssh', 'AMENT_PREFIX_PATH': '/home/tknika/gral-iiriondo-main/unitree_ws/install/speech_to_goal_interfaces:/home/tknika/gral-iiriondo-main/unitree_ws/install/standing_mode:/home/tknika/gral-iiriondo-main/unitree_ws/install/speech_to_goal:/home/tknika/gral-iiriondo-main/unitree_ws/install/object_recognition:/home/tknika/gral-iiriondo-main/unitree_ws/install/object_recognition_interfaces:/home/tknika/gral-iiriondo-main/unitree_ws/install/mapping_configuration:/home/tknika/gral-iiriondo-main/unitree_ws/install/go1_description:/home/tknika/gral-iiriondo-main/unitree_ws/install/asr:/home/tknika/gral-iiriondo-main/unitree_ws/install/aruco_detector:/home/tknika/gral-iiriondo-main/unitree_ws/install/aruco_markers_msgs:/opt/ros/humble', 'SHELL': '/bin/bash', 'TERMINATOR_UUID': 'urn:uuid:6783764e-82b3-4e19-a535-1afecb743d9d', 'QT_ACCESSIBILITY': '1', 'GDMSESSION': 'ubuntu', 'LESSCLOSE': '/usr/bin/lesspipe %s %s', 'GPG_AGENT_INFO': '/run/user/1000/gnupg/S.gpg-agent:0:1', 'GJS_DEBUG_OUTPUT': 'stderr', 'VIRTUAL_ENV': '/home/bee/gral-iiriondo/unitree_ws/environments/unitree_env', 'QT_IM_MODULE': 'ibus', 'PWD': '/home/tknika/gral-iiriondo-main/unitree_ws/build/speech_to_goal', 'XDG_CONFIG_DIRS': '/etc/xdg/xdg-ubuntu:/etc/xdg', 'XDG_DATA_DIRS': '/usr/share/ubuntu:/usr/share/gnome:/usr/local/share/:/usr/share/:/var/lib/snapd/desktop', 'PYTHONPATH': '/home/tknika/gral-iiriondo-main/unitree_ws/build/speech_to_goal/prefix_override:/usr/lib/python3/dist-packages/colcon_core/task/python/colcon_distutils_commands:/home/tknika/gral-iiriondo-main/unitree_ws/install/speech_to_goal/lib/python3.10/site-packages:/home/tknika/gral-iiriondo-main/unitree_ws/build/standing_mode:/home/tknika/gral-iiriondo-main/unitree_ws/install/standing_mode/lib/python3.10/site-packages:/home/tknika/gral-iiriondo-main/unitree_ws/build/speech_to_goal:/home/tknika/gral-iiriondo-main/unitree_ws/install/speech_to_goal/lib/python3.10/site-packages:/home/tknika/gral-iiriondo-main/unitree_ws/install/speech_to_goal_interfaces/local/lib/python3.10/dist-packages:/home/tknika/gral-iiriondo-main/unitree_ws/build/object_recognition:/home/tknika/gral-iiriondo-main/unitree_ws/install/object_recognition/lib/python3.10/site-packages:/home/tknika/gral-iiriondo-main/unitree_ws/install/object_recognition_interfaces/local/lib/python3.10/dist-packages:/home/tknika/gral-iiriondo-main/unitree_ws/build/mapping_configuration:/home/tknika/gral-iiriondo-main/unitree_ws/install/mapping_configuration/lib/python3.10/site-packages:/home/tknika/gral-iiriondo-main/unitree_ws/build/go1_description:/home/tknika/gral-iiriondo-main/unitree_ws/install/go1_description/lib/python3.10/site-packages:/home/tknika/gral-iiriondo-main/unitree_ws/build/asr:/home/tknika/gral-iiriondo-main/unitree_ws/install/asr/lib/python3.10/site-packages:/home/tknika/gral-iiriondo-main/unitree_ws/build/aruco_detector:/home/tknika/gral-iiriondo-main/unitree_ws/install/aruco_detector/lib/python3.10/site-packages:/home/tknika/gral-iiriondo-main/unitree_ws/install/aruco_markers_msgs/local/lib/python3.10/dist-packages:/home/tknika/gral-iiriondo-main/unitree_ws/src/unitree_legged_sdk/lib/python/arm64:/home/tknika/gral-iiriondo-main/unitree_ws/src/unitree_legged_sdk/lib/python/arm64:/home/tknika/gral-iiriondo-main/unitree_ws/src/unitree_legged_sdk/lib/python/arm64:/opt/ros/humble/lib/python3.10/site-packages:/opt/ros/humble/local/lib/python3.10/dist-packages', 'COLCON': '1', 'VTE_VERSION': '6800', 'CMAKE_PREFIX_PATH': '/home/tknika/gral-iiriondo-main/unitree_ws/install/speech_to_goal_interfaces:/home/tknika/gral-iiriondo-main/unitree_ws/install/object_recognition_interfaces:/home/tknika/gral-iiriondo-main/unitree_ws/install/aruco_markers_msgs'}, 'shell': False}
[24.574768] (object_recognition) StdoutLine: {'line': b'running egg_info\n'}
[24.575151] (object_recognition) StdoutLine: {'line': b'creating object_recognition.egg-info\n'}
[24.617209] (-) TimerEvent: {}
[24.618186] (object_recognition) StdoutLine: {'line': b'writing object_recognition.egg-info/PKG-INFO\n'}
[24.618905] (object_recognition) StdoutLine: {'line': b'writing dependency_links to object_recognition.egg-info/dependency_links.txt\n'}
[24.619309] (object_recognition) StdoutLine: {'line': b'writing entry points to object_recognition.egg-info/entry_points.txt\n'}
[24.619573] (object_recognition) StdoutLine: {'line': b'writing requirements to object_recognition.egg-info/requires.txt\n'}
[24.619862] (object_recognition) StdoutLine: {'line': b'writing top-level names to object_recognition.egg-info/top_level.txt\n'}
[24.620091] (object_recognition) StdoutLine: {'line': b"writing manifest file 'object_recognition.egg-info/SOURCES.txt'\n"}
[24.705774] (object_recognition) StdoutLine: {'line': b"reading manifest file 'object_recognition.egg-info/SOURCES.txt'\n"}
[24.707161] (object_recognition) StdoutLine: {'line': b"writing manifest file 'object_recognition.egg-info/SOURCES.txt'\n"}
[24.717334] (-) TimerEvent: {}
[24.745141] (aruco_detector) StdoutLine: {'line': b'running develop\n'}
[24.752691] (object_recognition) StdoutLine: {'line': b'running build_ext\n'}
[24.753257] (object_recognition) StdoutLine: {'line': b'Creating /home/tknika/gral-iiriondo-main/unitree_ws/install/object_recognition/lib/python3.10/site-packages/object-recognition.egg-link (link to .)\n'}
[24.754680] (object_recognition) StdoutLine: {'line': b'Installing object_recognition_node script to /home/tknika/gral-iiriondo-main/unitree_ws/install/object_recognition/lib/object_recognition\n'}
[24.755420] (object_recognition) StdoutLine: {'line': b'\n'}
[24.755862] (object_recognition) StdoutLine: {'line': b'Installed /home/tknika/gral-iiriondo-main/unitree_ws/build/object_recognition\n'}
[24.756196] (object_recognition) StdoutLine: {'line': b'running symlink_data\n'}
[24.756443] (object_recognition) StdoutLine: {'line': b'creating /home/tknika/gral-iiriondo-main/unitree_ws/install/object_recognition/share/ament_index\n'}
[24.756698] (object_recognition) StdoutLine: {'line': b'creating /home/tknika/gral-iiriondo-main/unitree_ws/install/object_recognition/share/ament_index/resource_index\n'}
[24.756942] (object_recognition) StdoutLine: {'line': b'creating /home/tknika/gral-iiriondo-main/unitree_ws/install/object_recognition/share/ament_index/resource_index/packages\n'}
[24.757166] (object_recognition) StdoutLine: {'line': b'symbolically linking /home/tknika/gral-iiriondo-main/unitree_ws/build/object_recognition/resource/object_recognition -> /home/tknika/gral-iiriondo-main/unitree_ws/install/object_recognition/share/ament_index/resource_index/packages\n'}
[24.757391] (object_recognition) StdoutLine: {'line': b'symbolically linking /home/tknika/gral-iiriondo-main/unitree_ws/build/object_recognition/package.xml -> /home/tknika/gral-iiriondo-main/unitree_ws/install/object_recognition/share/object_recognition\n'}
[24.822411] (-) TimerEvent: {}
[24.923194] (-) TimerEvent: {}
[24.928672] (object_recognition) CommandEnded: {'returncode': 0}
[24.945836] (object_recognition) JobEnded: {'identifier': 'object_recognition', 'rc': 0}
[25.023347] (-) TimerEvent: {}
[25.123964] (-) TimerEvent: {}
[25.224595] (-) TimerEvent: {}
[25.325206] (-) TimerEvent: {}
[25.393171] (aruco_detector) StdoutLine: {'line': b'running egg_info\n'}
[25.393867] (aruco_detector) StdoutLine: {'line': b'creating aruco_detector.egg-info\n'}
[25.425411] (-) TimerEvent: {}
[25.435967] (aruco_detector) StdoutLine: {'line': b'writing aruco_detector.egg-info/PKG-INFO\n'}
[25.436684] (aruco_detector) StdoutLine: {'line': b'writing dependency_links to aruco_detector.egg-info/dependency_links.txt\n'}
[25.437049] (aruco_detector) StdoutLine: {'line': b'writing entry points to aruco_detector.egg-info/entry_points.txt\n'}
[25.437519] (aruco_detector) StdoutLine: {'line': b'writing requirements to aruco_detector.egg-info/requires.txt\n'}
[25.437979] (aruco_detector) StdoutLine: {'line': b'writing top-level names to aruco_detector.egg-info/top_level.txt\n'}
[25.438250] (aruco_detector) StdoutLine: {'line': b"writing manifest file 'aruco_detector.egg-info/SOURCES.txt'\n"}
[25.525565] (aruco_detector) StdoutLine: {'line': b"reading manifest file 'aruco_detector.egg-info/SOURCES.txt'\n"}
[25.526208] (-) TimerEvent: {}
[25.526858] (aruco_detector) StdoutLine: {'line': b"writing manifest file 'aruco_detector.egg-info/SOURCES.txt'\n"}
[25.533963] (speech_to_goal) StdoutLine: {'line': b'running develop\n'}
[25.572216] (aruco_detector) StdoutLine: {'line': b'running build_ext\n'}
[25.572869] (aruco_detector) StdoutLine: {'line': b'Creating /home/tknika/gral-iiriondo-main/unitree_ws/install/aruco_detector/lib/python3.10/site-packages/aruco-detector.egg-link (link to .)\n'}
[25.573887] (aruco_detector) StdoutLine: {'line': b'Installing aruco_detector_node script to /home/tknika/gral-iiriondo-main/unitree_ws/install/aruco_detector/lib/aruco_detector\n'}
[25.574333] (aruco_detector) StdoutLine: {'line': b'Installing aruco_mapper_node script to /home/tknika/gral-iiriondo-main/unitree_ws/install/aruco_detector/lib/aruco_detector\n'}
[25.574740] (aruco_detector) StdoutLine: {'line': b'\n'}
[25.574891] (aruco_detector) StdoutLine: {'line': b'Installed /home/tknika/gral-iiriondo-main/unitree_ws/build/aruco_detector\n'}
[25.575185] (aruco_detector) StdoutLine: {'line': b'running symlink_data\n'}
[25.575477] (aruco_detector) StdoutLine: {'line': b'creating /home/tknika/gral-iiriondo-main/unitree_ws/install/aruco_detector/share/ament_index\n'}
[25.575858] (aruco_detector) StdoutLine: {'line': b'creating /home/tknika/gral-iiriondo-main/unitree_ws/install/aruco_detector/share/ament_index/resource_index\n'}
[25.576208] (aruco_detector) StdoutLine: {'line': b'creating /home/tknika/gral-iiriondo-main/unitree_ws/install/aruco_detector/share/ament_index/resource_index/packages\n'}
[25.576592] (aruco_detector) StdoutLine: {'line': b'symbolically linking /home/tknika/gral-iiriondo-main/unitree_ws/build/aruco_detector/resource/aruco_detector -> /home/tknika/gral-iiriondo-main/unitree_ws/install/aruco_detector/share/ament_index/resource_index/packages\n'}
[25.576869] (aruco_detector) StdoutLine: {'line': b'symbolically linking /home/tknika/gral-iiriondo-main/unitree_ws/build/aruco_detector/package.xml -> /home/tknika/gral-iiriondo-main/unitree_ws/install/aruco_detector/share/aruco_detector\n'}
[25.577133] (aruco_detector) StdoutLine: {'line': b'creating /home/tknika/gral-iiriondo-main/unitree_ws/install/aruco_detector/share/aruco_detector/launch\n'}
[25.577506] (aruco_detector) StdoutLine: {'line': b'symbolically linking /home/tknika/gral-iiriondo-main/unitree_ws/build/aruco_detector/launch/aruco_detector.launch.py -> /home/tknika/gral-iiriondo-main/unitree_ws/install/aruco_detector/share/aruco_detector/launch\n'}
[25.577763] (aruco_detector) StdoutLine: {'line': b'symbolically linking /home/tknika/gral-iiriondo-main/unitree_ws/build/aruco_detector/launch/aruco_full.launch.py -> /home/tknika/gral-iiriondo-main/unitree_ws/install/aruco_detector/share/aruco_detector/launch\n'}
[25.578073] (aruco_detector) StdoutLine: {'line': b'creating /home/tknika/gral-iiriondo-main/unitree_ws/install/aruco_detector/share/aruco_detector/config\n'}
[25.578355] (aruco_detector) StdoutLine: {'line': b'symbolically linking /home/tknika/gral-iiriondo-main/unitree_ws/build/aruco_detector/config/aruco_detector.yaml -> /home/tknika/gral-iiriondo-main/unitree_ws/install/aruco_detector/share/aruco_detector/config\n'}
[25.578615] (aruco_detector) StdoutLine: {'line': b'symbolically linking /home/tknika/gral-iiriondo-main/unitree_ws/build/aruco_detector/config/proba.yaml -> /home/tknika/gral-iiriondo-main/unitree_ws/install/aruco_detector/share/aruco_detector/config\n'}
[25.626390] (-) TimerEvent: {}
[25.727119] (-) TimerEvent: {}
[25.745687] (aruco_detector) CommandEnded: {'returncode': 0}
[25.763189] (aruco_detector) JobEnded: {'identifier': 'aruco_detector', 'rc': 0}
[25.827361] (-) TimerEvent: {}
[25.928128] (-) TimerEvent: {}
[26.028900] (-) TimerEvent: {}
[26.129658] (-) TimerEvent: {}
[26.177743] (speech_to_goal) StdoutLine: {'line': b'running egg_info\n'}
[26.178385] (speech_to_goal) StdoutLine: {'line': b'creating speech_to_goal.egg-info\n'}
[26.218509] (speech_to_goal) StdoutLine: {'line': b'writing speech_to_goal.egg-info/PKG-INFO\n'}
[26.219144] (speech_to_goal) StdoutLine: {'line': b'writing dependency_links to speech_to_goal.egg-info/dependency_links.txt\n'}
[26.219591] (speech_to_goal) StdoutLine: {'line': b'writing entry points to speech_to_goal.egg-info/entry_points.txt\n'}
[26.219982] (speech_to_goal) StdoutLine: {'line': b'writing requirements to speech_to_goal.egg-info/requires.txt\n'}
[26.220362] (speech_to_goal) StdoutLine: {'line': b'writing top-level names to speech_to_goal.egg-info/top_level.txt\n'}
[26.220674] (speech_to_goal) StdoutLine: {'line': b"writing manifest file 'speech_to_goal.egg-info/SOURCES.txt'\n"}
[26.229717] (-) TimerEvent: {}
[26.306075] (speech_to_goal) StdoutLine: {'line': b"reading manifest file 'speech_to_goal.egg-info/SOURCES.txt'\n"}
[26.307796] (speech_to_goal) StdoutLine: {'line': b"writing manifest file 'speech_to_goal.egg-info/SOURCES.txt'\n"}
[26.329845] (-) TimerEvent: {}
[26.353240] (speech_to_goal) StdoutLine: {'line': b'running build_ext\n'}
[26.353697] (speech_to_goal) StdoutLine: {'line': b'Creating /home/tknika/gral-iiriondo-main/unitree_ws/install/speech_to_goal/lib/python3.10/site-packages/speech-to-goal.egg-link (link to .)\n'}
[26.355107] (speech_to_goal) StdoutLine: {'line': b'Installing intent_classifier_node script to /home/tknika/gral-iiriondo-main/unitree_ws/install/speech_to_goal/lib/speech_to_goal\n'}
[26.355840] (speech_to_goal) StdoutLine: {'line': b'Installing speech_to_goal_llm_node script to /home/tknika/gral-iiriondo-main/unitree_ws/install/speech_to_goal/lib/speech_to_goal\n'}
[26.356287] (speech_to_goal) StdoutLine: {'line': b'Installing speech_to_goal_main_planner_node script to /home/tknika/gral-iiriondo-main/unitree_ws/install/speech_to_goal/lib/speech_to_goal\n'}
[26.356553] (speech_to_goal) StdoutLine: {'line': b'Installing speech_to_goal_node script to /home/tknika/gral-iiriondo-main/unitree_ws/install/speech_to_goal/lib/speech_to_goal\n'}
[26.356726] (speech_to_goal) StdoutLine: {'line': b'\n'}
[26.356976] (speech_to_goal) StdoutLine: {'line': b'Installed /home/tknika/gral-iiriondo-main/unitree_ws/build/speech_to_goal\n'}
[26.357141] (speech_to_goal) StdoutLine: {'line': b'running symlink_data\n'}
[26.357324] (speech_to_goal) StdoutLine: {'line': b'creating /home/tknika/gral-iiriondo-main/unitree_ws/install/speech_to_goal/share/ament_index\n'}
[26.357477] (speech_to_goal) StdoutLine: {'line': b'creating /home/tknika/gral-iiriondo-main/unitree_ws/install/speech_to_goal/share/ament_index/resource_index\n'}
[26.357612] (speech_to_goal) StdoutLine: {'line': b'creating /home/tknika/gral-iiriondo-main/unitree_ws/install/speech_to_goal/share/ament_index/resource_index/packages\n'}
[26.357777] (speech_to_goal) StdoutLine: {'line': b'symbolically linking /home/tknika/gral-iiriondo-main/unitree_ws/build/speech_to_goal/resource/speech_to_goal -> /home/tknika/gral-iiriondo-main/unitree_ws/install/speech_to_goal/share/ament_index/resource_index/packages\n'}
[26.357942] (speech_to_goal) StdoutLine: {'line': b'symbolically linking /home/tknika/gral-iiriondo-main/unitree_ws/build/speech_to_goal/package.xml -> /home/tknika/gral-iiriondo-main/unitree_ws/install/speech_to_goal/share/speech_to_goal\n'}
[26.358064] (speech_to_goal) StdoutLine: {'line': b'creating /home/tknika/gral-iiriondo-main/unitree_ws/install/speech_to_goal/share/speech_to_goal/launch\n'}
[26.358180] (speech_to_goal) StdoutLine: {'line': b'symbolically linking /home/tknika/gral-iiriondo-main/unitree_ws/build/speech_to_goal/launch/speech_to_goal_full.launch.py -> /home/tknika/gral-iiriondo-main/unitree_ws/install/speech_to_goal/share/speech_to_goal/launch\n'}
[26.429994] (-) TimerEvent: {}
[26.514210] (speech_to_goal) CommandEnded: {'returncode': 0}
[26.530270] (-) TimerEvent: {}
[26.547540] (speech_to_goal) JobEnded: {'identifier': 'speech_to_goal', 'rc': 0}
[26.550244] (-) EventReactorShutdown: {}
