[0.232s] [34mcolcon[0m [1;30mDEBUG[0m [32mCommand line arguments: ['/usr/bin/colcon', 'build', '--symlink-install'][0m
[0.233s] [34mcolcon[0m [1;30mDEBUG[0m [32mParsed command line arguments: Namespace(log_base=None, log_level=None, verb_name='build', build_base='build', install_base='install', merge_install=False, symlink_install=True, test_result_base=None, continue_on_error=False, executor='parallel', parallel_workers=8, event_handlers=None, ignore_user_meta=False, metas=['./colcon.meta'], base_paths=['.'], packages_ignore=None, packages_ignore_regex=None, paths=None, packages_up_to=None, packages_up_to_regex=None, packages_above=None, packages_above_and_dependencies=None, packages_above_depth=None, packages_select_by_dep=None, packages_skip_by_dep=None, packages_skip_up_to=None, packages_select_build_failed=False, packages_skip_build_finished=False, packages_select_test_failures=False, packages_skip_test_passed=False, packages_select=None, packages_skip=None, packages_select_regex=None, packages_skip_regex=None, packages_start=None, packages_end=None, allow_overriding=[], cmake_args=None, cmake_target=None, cmake_target_skip_unavailable=False, cmake_clean_cache=False, cmake_clean_first=False, cmake_force_configure=False, ament_cmake_args=None, catkin_cmake_args=None, catkin_skip_building_tests=False, verb_parser=<colcon_defaults.argument_parser.defaults.DefaultArgumentsDecorator object at 0xffffbaa20dc0>, verb_extension=<colcon_core.verb.build.BuildVerb object at 0xffffbab3a890>, main=<bound method BuildVerb.main of <colcon_core.verb.build.BuildVerb object at 0xffffbab3a890>>)[0m
[0.781s] [34mcolcon.colcon_core.package_discovery[0m [1;30mLevel 1[0m discover_packages(colcon_meta) check parameters
[0.782s] [34mcolcon.colcon_core.package_discovery[0m [1;30mLevel 1[0m discover_packages(recursive) check parameters
[0.782s] [34mcolcon.colcon_core.package_discovery[0m [1;30mLevel 1[0m discover_packages(ignore) check parameters
[0.782s] [34mcolcon.colcon_core.package_discovery[0m [1;30mLevel 1[0m discover_packages(path) check parameters
[0.782s] [34mcolcon.colcon_core.package_discovery[0m [1;30mLevel 1[0m discover_packages(colcon_meta) discover
[0.782s] [34mcolcon.colcon_core.package_discovery[0m [1;30mLevel 1[0m discover_packages(recursive) discover
[0.782s] [34mcolcon.colcon_core.package_discovery[0m [1;30mINFO[0m Crawling recursively for packages in '/home/tknika/gral-iiriondo-main/unitree_ws'
[0.783s] [34mcolcon.colcon_core.package_identification[0m [1;30mLevel 1[0m _identify(.) by extensions ['ignore', 'ignore_ament_install']
[0.783s] [34mcolcon.colcon_core.package_identification[0m [1;30mLevel 1[0m _identify(.) by extension 'ignore'
[0.783s] [34mcolcon.colcon_core.package_identification[0m [1;30mLevel 1[0m _identify(.) by extension 'ignore_ament_install'
[0.783s] [34mcolcon.colcon_core.package_identification[0m [1;30mLevel 1[0m _identify(.) by extensions ['colcon_pkg']
[0.783s] [34mcolcon.colcon_core.package_identification[0m [1;30mLevel 1[0m _identify(.) by extension 'colcon_pkg'
[0.783s] [34mcolcon.colcon_core.package_identification[0m [1;30mLevel 1[0m _identify(.) by extensions ['colcon_meta']
[0.783s] [34mcolcon.colcon_core.package_identification[0m [1;30mLevel 1[0m _identify(.) by extension 'colcon_meta'
[0.784s] [34mcolcon.colcon_core.package_identification[0m [1;30mLevel 1[0m _identify(.) by extensions ['ros']
[0.784s] [34mcolcon.colcon_core.package_identification[0m [1;30mLevel 1[0m _identify(.) by extension 'ros'
[0.810s] [34mcolcon.colcon_core.package_identification[0m [1;30mLevel 1[0m _identify(.) by extensions ['cmake', 'python']
[0.810s] [34mcolcon.colcon_core.package_identification[0m [1;30mLevel 1[0m _identify(.) by extension 'cmake'
[0.811s] [34mcolcon.colcon_core.package_identification[0m [1;30mLevel 1[0m _identify(.) by extension 'python'
[0.811s] [34mcolcon.colcon_core.package_identification[0m [1;30mLevel 1[0m _identify(.) by extensions ['python_setup_py']
[0.811s] [34mcolcon.colcon_core.package_identification[0m [1;30mLevel 1[0m _identify(.) by extension 'python_setup_py'
[0.811s] [34mcolcon.colcon_core.package_identification[0m [1;30mLevel 1[0m _identify(build) by extensions ['ignore', 'ignore_ament_install']
[0.811s] [34mcolcon.colcon_core.package_identification[0m [1;30mLevel 1[0m _identify(build) by extension 'ignore'
[0.812s] [34mcolcon.colcon_core.package_identification[0m [1;30mLevel 1[0m _identify(build) ignored
[0.812s] [34mcolcon.colcon_core.package_identification[0m [1;30mLevel 1[0m _identify(install) by extensions ['ignore', 'ignore_ament_install']
[0.812s] [34mcolcon.colcon_core.package_identification[0m [1;30mLevel 1[0m _identify(install) by extension 'ignore'
[0.812s] [34mcolcon.colcon_core.package_identification[0m [1;30mLevel 1[0m _identify(install) ignored
[0.813s] [34mcolcon.colcon_core.package_identification[0m [1;30mLevel 1[0m _identify(log) by extensions ['ignore', 'ignore_ament_install']
[0.813s] [34mcolcon.colcon_core.package_identification[0m [1;30mLevel 1[0m _identify(log) by extension 'ignore'
[0.813s] [34mcolcon.colcon_core.package_identification[0m [1;30mLevel 1[0m _identify(log) ignored
[0.813s] [34mcolcon.colcon_core.package_identification[0m [1;30mLevel 1[0m _identify(src) by extensions ['ignore', 'ignore_ament_install']
[0.813s] [34mcolcon.colcon_core.package_identification[0m [1;30mLevel 1[0m _identify(src) by extension 'ignore'
[0.813s] [34mcolcon.colcon_core.package_identification[0m [1;30mLevel 1[0m _identify(src) by extension 'ignore_ament_install'
[0.814s] [34mcolcon.colcon_core.package_identification[0m [1;30mLevel 1[0m _identify(src) by extensions ['colcon_pkg']
[0.814s] [34mcolcon.colcon_core.package_identification[0m [1;30mLevel 1[0m _identify(src) by extension 'colcon_pkg'
[0.814s] [34mcolcon.colcon_core.package_identification[0m [1;30mLevel 1[0m _identify(src) by extensions ['colcon_meta']
[0.814s] [34mcolcon.colcon_core.package_identification[0m [1;30mLevel 1[0m _identify(src) by extension 'colcon_meta'
[0.814s] [34mcolcon.colcon_core.package_identification[0m [1;30mLevel 1[0m _identify(src) by extensions ['ros']
[0.814s] [34mcolcon.colcon_core.package_identification[0m [1;30mLevel 1[0m _identify(src) by extension 'ros'
[0.814s] [34mcolcon.colcon_core.package_identification[0m [1;30mLevel 1[0m _identify(src) by extensions ['cmake', 'python']
[0.814s] [34mcolcon.colcon_core.package_identification[0m [1;30mLevel 1[0m _identify(src) by extension 'cmake'
[0.815s] [34mcolcon.colcon_core.package_identification[0m [1;30mLevel 1[0m _identify(src) by extension 'python'
[0.815s] [34mcolcon.colcon_core.package_identification[0m [1;30mLevel 1[0m _identify(src) by extensions ['python_setup_py']
[0.815s] [34mcolcon.colcon_core.package_identification[0m [1;30mLevel 1[0m _identify(src) by extension 'python_setup_py'
[0.815s] [34mcolcon.colcon_core.package_identification[0m [1;30mLevel 1[0m _identify(src/aruco_detector) by extensions ['ignore', 'ignore_ament_install']
[0.816s] [34mcolcon.colcon_core.package_identification[0m [1;30mLevel 1[0m _identify(src/aruco_detector) by extension 'ignore'
[0.816s] [34mcolcon.colcon_core.package_identification[0m [1;30mLevel 1[0m _identify(src/aruco_detector) by extension 'ignore_ament_install'
[0.816s] [34mcolcon.colcon_core.package_identification[0m [1;30mLevel 1[0m _identify(src/aruco_detector) by extensions ['colcon_pkg']
[0.816s] [34mcolcon.colcon_core.package_identification[0m [1;30mLevel 1[0m _identify(src/aruco_detector) by extension 'colcon_pkg'
[0.816s] [34mcolcon.colcon_core.package_identification[0m [1;30mLevel 1[0m _identify(src/aruco_detector) by extensions ['colcon_meta']
[0.817s] [34mcolcon.colcon_core.package_identification[0m [1;30mLevel 1[0m _identify(src/aruco_detector) by extension 'colcon_meta'
[0.817s] [34mcolcon.colcon_core.package_identification[0m [1;30mLevel 1[0m _identify(src/aruco_detector) by extensions ['ros']
[0.817s] [34mcolcon.colcon_core.package_identification[0m [1;30mLevel 1[0m _identify(src/aruco_detector) by extension 'ros'
[0.823s] [34mcolcon.colcon_core.package_identification[0m [1;30mDEBUG[0m [32mPackage 'src/aruco_detector' with type 'ros.ament_python' and name 'aruco_detector'[0m
[0.823s] [34mcolcon.colcon_core.package_identification[0m [1;30mLevel 1[0m _identify(src/aruco_markers_msgs) by extensions ['ignore', 'ignore_ament_install']
[0.824s] [34mcolcon.colcon_core.package_identification[0m [1;30mLevel 1[0m _identify(src/aruco_markers_msgs) by extension 'ignore'
[0.824s] [34mcolcon.colcon_core.package_identification[0m [1;30mLevel 1[0m _identify(src/aruco_markers_msgs) by extension 'ignore_ament_install'
[0.824s] [34mcolcon.colcon_core.package_identification[0m [1;30mLevel 1[0m _identify(src/aruco_markers_msgs) by extensions ['colcon_pkg']
[0.824s] [34mcolcon.colcon_core.package_identification[0m [1;30mLevel 1[0m _identify(src/aruco_markers_msgs) by extension 'colcon_pkg'
[0.824s] [34mcolcon.colcon_core.package_identification[0m [1;30mLevel 1[0m _identify(src/aruco_markers_msgs) by extensions ['colcon_meta']
[0.824s] [34mcolcon.colcon_core.package_identification[0m [1;30mLevel 1[0m _identify(src/aruco_markers_msgs) by extension 'colcon_meta'
[0.824s] [34mcolcon.colcon_core.package_identification[0m [1;30mLevel 1[0m _identify(src/aruco_markers_msgs) by extensions ['ros']
[0.824s] [34mcolcon.colcon_core.package_identification[0m [1;30mLevel 1[0m _identify(src/aruco_markers_msgs) by extension 'ros'
[0.826s] [34mcolcon.colcon_core.package_identification[0m [1;30mDEBUG[0m [32mPackage 'src/aruco_markers_msgs' with type 'ros.ament_cmake' and name 'aruco_markers_msgs'[0m
[0.826s] [34mcolcon.colcon_core.package_identification[0m [1;30mLevel 1[0m _identify(src/asr) by extensions ['ignore', 'ignore_ament_install']
[0.827s] [34mcolcon.colcon_core.package_identification[0m [1;30mLevel 1[0m _identify(src/asr) by extension 'ignore'
[0.827s] [34mcolcon.colcon_core.package_identification[0m [1;30mLevel 1[0m _identify(src/asr) by extension 'ignore_ament_install'
[0.827s] [34mcolcon.colcon_core.package_identification[0m [1;30mLevel 1[0m _identify(src/asr) by extensions ['colcon_pkg']
[0.827s] [34mcolcon.colcon_core.package_identification[0m [1;30mLevel 1[0m _identify(src/asr) by extension 'colcon_pkg'
[0.827s] [34mcolcon.colcon_core.package_identification[0m [1;30mLevel 1[0m _identify(src/asr) by extensions ['colcon_meta']
[0.827s] [34mcolcon.colcon_core.package_identification[0m [1;30mLevel 1[0m _identify(src/asr) by extension 'colcon_meta'
[0.827s] [34mcolcon.colcon_core.package_identification[0m [1;30mLevel 1[0m _identify(src/asr) by extensions ['ros']
[0.827s] [34mcolcon.colcon_core.package_identification[0m [1;30mLevel 1[0m _identify(src/asr) by extension 'ros'
[0.828s] [34mcolcon.colcon_core.package_identification[0m [1;30mDEBUG[0m [32mPackage 'src/asr' with type 'ros.ament_python' and name 'asr'[0m
[0.829s] [34mcolcon.colcon_core.package_identification[0m [1;30mLevel 1[0m _identify(src/go1_description) by extensions ['ignore', 'ignore_ament_install']
[0.829s] [34mcolcon.colcon_core.package_identification[0m [1;30mLevel 1[0m _identify(src/go1_description) by extension 'ignore'
[0.829s] [34mcolcon.colcon_core.package_identification[0m [1;30mLevel 1[0m _identify(src/go1_description) by extension 'ignore_ament_install'
[0.829s] [34mcolcon.colcon_core.package_identification[0m [1;30mLevel 1[0m _identify(src/go1_description) by extensions ['colcon_pkg']
[0.829s] [34mcolcon.colcon_core.package_identification[0m [1;30mLevel 1[0m _identify(src/go1_description) by extension 'colcon_pkg'
[0.829s] [34mcolcon.colcon_core.package_identification[0m [1;30mLevel 1[0m _identify(src/go1_description) by extensions ['colcon_meta']
[0.829s] [34mcolcon.colcon_core.package_identification[0m [1;30mLevel 1[0m _identify(src/go1_description) by extension 'colcon_meta'
[0.829s] [34mcolcon.colcon_core.package_identification[0m [1;30mLevel 1[0m _identify(src/go1_description) by extensions ['ros']
[0.830s] [34mcolcon.colcon_core.package_identification[0m [1;30mLevel 1[0m _identify(src/go1_description) by extension 'ros'
[0.830s] [34mcolcon.colcon_core.package_identification[0m [1;30mDEBUG[0m [32mPackage 'src/go1_description' with type 'ros.ament_python' and name 'go1_description'[0m
[0.831s] [34mcolcon.colcon_core.package_identification[0m [1;30mLevel 1[0m _identify(src/mapping_configuration) by extensions ['ignore', 'ignore_ament_install']
[0.831s] [34mcolcon.colcon_core.package_identification[0m [1;30mLevel 1[0m _identify(src/mapping_configuration) by extension 'ignore'
[0.831s] [34mcolcon.colcon_core.package_identification[0m [1;30mLevel 1[0m _identify(src/mapping_configuration) by extension 'ignore_ament_install'
[0.831s] [34mcolcon.colcon_core.package_identification[0m [1;30mLevel 1[0m _identify(src/mapping_configuration) by extensions ['colcon_pkg']
[0.831s] [34mcolcon.colcon_core.package_identification[0m [1;30mLevel 1[0m _identify(src/mapping_configuration) by extension 'colcon_pkg'
[0.831s] [34mcolcon.colcon_core.package_identification[0m [1;30mLevel 1[0m _identify(src/mapping_configuration) by extensions ['colcon_meta']
[0.831s] [34mcolcon.colcon_core.package_identification[0m [1;30mLevel 1[0m _identify(src/mapping_configuration) by extension 'colcon_meta'
[0.832s] [34mcolcon.colcon_core.package_identification[0m [1;30mLevel 1[0m _identify(src/mapping_configuration) by extensions ['ros']
[0.832s] [34mcolcon.colcon_core.package_identification[0m [1;30mLevel 1[0m _identify(src/mapping_configuration) by extension 'ros'
[0.833s] [34mcolcon.colcon_core.package_identification[0m [1;30mDEBUG[0m [32mPackage 'src/mapping_configuration' with type 'ros.ament_python' and name 'mapping_configuration'[0m
[0.833s] [34mcolcon.colcon_core.package_identification[0m [1;30mLevel 1[0m _identify(src/object_recognition) by extensions ['ignore', 'ignore_ament_install']
[0.833s] [34mcolcon.colcon_core.package_identification[0m [1;30mLevel 1[0m _identify(src/object_recognition) by extension 'ignore'
[0.833s] [34mcolcon.colcon_core.package_identification[0m [1;30mLevel 1[0m _identify(src/object_recognition) by extension 'ignore_ament_install'
[0.833s] [34mcolcon.colcon_core.package_identification[0m [1;30mLevel 1[0m _identify(src/object_recognition) by extensions ['colcon_pkg']
[0.833s] [34mcolcon.colcon_core.package_identification[0m [1;30mLevel 1[0m _identify(src/object_recognition) by extension 'colcon_pkg'
[0.834s] [34mcolcon.colcon_core.package_identification[0m [1;30mLevel 1[0m _identify(src/object_recognition) by extensions ['colcon_meta']
[0.834s] [34mcolcon.colcon_core.package_identification[0m [1;30mLevel 1[0m _identify(src/object_recognition) by extension 'colcon_meta'
[0.834s] [34mcolcon.colcon_core.package_identification[0m [1;30mLevel 1[0m _identify(src/object_recognition) by extensions ['ros']
[0.834s] [34mcolcon.colcon_core.package_identification[0m [1;30mLevel 1[0m _identify(src/object_recognition) by extension 'ros'
[0.839s] [34mcolcon.colcon_core.package_identification[0m [1;30mDEBUG[0m [32mPackage 'src/object_recognition' with type 'ros.ament_python' and name 'object_recognition'[0m
[0.839s] [34mcolcon.colcon_core.package_identification[0m [1;30mLevel 1[0m _identify(src/object_recognition_interfaces) by extensions ['ignore', 'ignore_ament_install']
[0.839s] [34mcolcon.colcon_core.package_identification[0m [1;30mLevel 1[0m _identify(src/object_recognition_interfaces) by extension 'ignore'
[0.840s] [34mcolcon.colcon_core.package_identification[0m [1;30mLevel 1[0m _identify(src/object_recognition_interfaces) by extension 'ignore_ament_install'
[0.840s] [34mcolcon.colcon_core.package_identification[0m [1;30mLevel 1[0m _identify(src/object_recognition_interfaces) by extensions ['colcon_pkg']
[0.840s] [34mcolcon.colcon_core.package_identification[0m [1;30mLevel 1[0m _identify(src/object_recognition_interfaces) by extension 'colcon_pkg'
[0.840s] [34mcolcon.colcon_core.package_identification[0m [1;30mLevel 1[0m _identify(src/object_recognition_interfaces) by extensions ['colcon_meta']
[0.840s] [34mcolcon.colcon_core.package_identification[0m [1;30mLevel 1[0m _identify(src/object_recognition_interfaces) by extension 'colcon_meta'
[0.840s] [34mcolcon.colcon_core.package_identification[0m [1;30mLevel 1[0m _identify(src/object_recognition_interfaces) by extensions ['ros']
[0.840s] [34mcolcon.colcon_core.package_identification[0m [1;30mLevel 1[0m _identify(src/object_recognition_interfaces) by extension 'ros'
[0.842s] [34mcolcon.colcon_core.package_identification[0m [1;30mDEBUG[0m [32mPackage 'src/object_recognition_interfaces' with type 'ros.ament_cmake' and name 'object_recognition_interfaces'[0m
[0.842s] [34mcolcon.colcon_core.package_identification[0m [1;30mLevel 1[0m _identify(src/speech_to_goal) by extensions ['ignore', 'ignore_ament_install']
[0.842s] [34mcolcon.colcon_core.package_identification[0m [1;30mLevel 1[0m _identify(src/speech_to_goal) by extension 'ignore'
[0.842s] [34mcolcon.colcon_core.package_identification[0m [1;30mLevel 1[0m _identify(src/speech_to_goal) by extension 'ignore_ament_install'
[0.842s] [34mcolcon.colcon_core.package_identification[0m [1;30mLevel 1[0m _identify(src/speech_to_goal) by extensions ['colcon_pkg']
[0.842s] [34mcolcon.colcon_core.package_identification[0m [1;30mLevel 1[0m _identify(src/speech_to_goal) by extension 'colcon_pkg'
[0.843s] [34mcolcon.colcon_core.package_identification[0m [1;30mLevel 1[0m _identify(src/speech_to_goal) by extensions ['colcon_meta']
[0.843s] [34mcolcon.colcon_core.package_identification[0m [1;30mLevel 1[0m _identify(src/speech_to_goal) by extension 'colcon_meta'
[0.843s] [34mcolcon.colcon_core.package_identification[0m [1;30mLevel 1[0m _identify(src/speech_to_goal) by extensions ['ros']
[0.843s] [34mcolcon.colcon_core.package_identification[0m [1;30mLevel 1[0m _identify(src/speech_to_goal) by extension 'ros'
[0.845s] [34mcolcon.colcon_core.package_identification[0m [1;30mDEBUG[0m [32mPackage 'src/speech_to_goal' with type 'ros.ament_python' and name 'speech_to_goal'[0m
[0.845s] [34mcolcon.colcon_core.package_identification[0m [1;30mLevel 1[0m _identify(src/speech_to_goal_interfaces) by extensions ['ignore', 'ignore_ament_install']
[0.845s] [34mcolcon.colcon_core.package_identification[0m [1;30mLevel 1[0m _identify(src/speech_to_goal_interfaces) by extension 'ignore'
[0.845s] [34mcolcon.colcon_core.package_identification[0m [1;30mLevel 1[0m _identify(src/speech_to_goal_interfaces) by extension 'ignore_ament_install'
[0.845s] [34mcolcon.colcon_core.package_identification[0m [1;30mLevel 1[0m _identify(src/speech_to_goal_interfaces) by extensions ['colcon_pkg']
[0.845s] [34mcolcon.colcon_core.package_identification[0m [1;30mLevel 1[0m _identify(src/speech_to_goal_interfaces) by extension 'colcon_pkg'
[0.845s] [34mcolcon.colcon_core.package_identification[0m [1;30mLevel 1[0m _identify(src/speech_to_goal_interfaces) by extensions ['colcon_meta']
[0.846s] [34mcolcon.colcon_core.package_identification[0m [1;30mLevel 1[0m _identify(src/speech_to_goal_interfaces) by extension 'colcon_meta'
[0.846s] [34mcolcon.colcon_core.package_identification[0m [1;30mLevel 1[0m _identify(src/speech_to_goal_interfaces) by extensions ['ros']
[0.846s] [34mcolcon.colcon_core.package_identification[0m [1;30mLevel 1[0m _identify(src/speech_to_goal_interfaces) by extension 'ros'
[0.847s] [34mcolcon.colcon_core.package_identification[0m [1;30mDEBUG[0m [32mPackage 'src/speech_to_goal_interfaces' with type 'ros.ament_cmake' and name 'speech_to_goal_interfaces'[0m
[0.847s] [34mcolcon.colcon_core.package_identification[0m [1;30mLevel 1[0m _identify(src/standing_mode) by extensions ['ignore', 'ignore_ament_install']
[0.847s] [34mcolcon.colcon_core.package_identification[0m [1;30mLevel 1[0m _identify(src/standing_mode) by extension 'ignore'
[0.847s] [34mcolcon.colcon_core.package_identification[0m [1;30mLevel 1[0m _identify(src/standing_mode) by extension 'ignore_ament_install'
[0.847s] [34mcolcon.colcon_core.package_identification[0m [1;30mLevel 1[0m _identify(src/standing_mode) by extensions ['colcon_pkg']
[0.847s] [34mcolcon.colcon_core.package_identification[0m [1;30mLevel 1[0m _identify(src/standing_mode) by extension 'colcon_pkg'
[0.848s] [34mcolcon.colcon_core.package_identification[0m [1;30mLevel 1[0m _identify(src/standing_mode) by extensions ['colcon_meta']
[0.848s] [34mcolcon.colcon_core.package_identification[0m [1;30mLevel 1[0m _identify(src/standing_mode) by extension 'colcon_meta'
[0.848s] [34mcolcon.colcon_core.package_identification[0m [1;30mLevel 1[0m _identify(src/standing_mode) by extensions ['ros']
[0.848s] [34mcolcon.colcon_core.package_identification[0m [1;30mLevel 1[0m _identify(src/standing_mode) by extension 'ros'
[0.849s] [34mcolcon.colcon_core.package_identification[0m [1;30mDEBUG[0m [32mPackage 'src/standing_mode' with type 'ros.ament_python' and name 'standing_mode'[0m
[0.849s] [34mcolcon.colcon_core.package_identification[0m [1;30mLevel 1[0m _identify(src/unitree_legged_sdk) by extensions ['ignore', 'ignore_ament_install']
[0.849s] [34mcolcon.colcon_core.package_identification[0m [1;30mLevel 1[0m _identify(src/unitree_legged_sdk) by extension 'ignore'
[0.850s] [34mcolcon.colcon_core.package_identification[0m [1;30mLevel 1[0m _identify(src/unitree_legged_sdk) ignored
[0.850s] [34mcolcon.colcon_core.package_discovery[0m [1;30mLevel 1[0m discover_packages(recursive) using defaults
[0.850s] [34mcolcon.colcon_core.package_discovery[0m [1;30mLevel 1[0m discover_packages(ignore) discover
[0.850s] [34mcolcon.colcon_core.package_discovery[0m [1;30mLevel 1[0m discover_packages(ignore) using defaults
[0.850s] [34mcolcon.colcon_core.package_discovery[0m [1;30mLevel 1[0m discover_packages(path) discover
[0.850s] [34mcolcon.colcon_core.package_discovery[0m [1;30mLevel 1[0m discover_packages(path) using defaults
[0.882s] [34mcolcon.colcon_core.package_discovery[0m [1;30mLevel 1[0m discover_packages(prefix_path) check parameters
[0.882s] [34mcolcon.colcon_core.package_discovery[0m [1;30mLevel 1[0m discover_packages(prefix_path) discover
[0.884s] [34mcolcon.colcon_ros.prefix_path.ament[0m [1;30mWARNING[0m [33mThe path '/home/tknika/gral-iiriondo-main/unitree_ws/install/speech_to_goal_interfaces' in the environment variable AMENT_PREFIX_PATH doesn't exist[0m
[0.884s] [34mcolcon.colcon_ros.prefix_path.ament[0m [1;30mWARNING[0m [33mThe path '/home/tknika/gral-iiriondo-main/unitree_ws/install/standing_mode' in the environment variable AMENT_PREFIX_PATH doesn't exist[0m
[0.884s] [34mcolcon.colcon_ros.prefix_path.ament[0m [1;30mWARNING[0m [33mThe path '/home/tknika/gral-iiriondo-main/unitree_ws/install/speech_to_goal' in the environment variable AMENT_PREFIX_PATH doesn't exist[0m
[0.884s] [34mcolcon.colcon_ros.prefix_path.ament[0m [1;30mWARNING[0m [33mThe path '/home/tknika/gral-iiriondo-main/unitree_ws/install/object_recognition' in the environment variable AMENT_PREFIX_PATH doesn't exist[0m
[0.884s] [34mcolcon.colcon_ros.prefix_path.ament[0m [1;30mWARNING[0m [33mThe path '/home/tknika/gral-iiriondo-main/unitree_ws/install/object_recognition_interfaces' in the environment variable AMENT_PREFIX_PATH doesn't exist[0m
[0.884s] [34mcolcon.colcon_ros.prefix_path.ament[0m [1;30mWARNING[0m [33mThe path '/home/tknika/gral-iiriondo-main/unitree_ws/install/mapping_configuration' in the environment variable AMENT_PREFIX_PATH doesn't exist[0m
[0.885s] [34mcolcon.colcon_ros.prefix_path.ament[0m [1;30mWARNING[0m [33mThe path '/home/tknika/gral-iiriondo-main/unitree_ws/install/go1_description' in the environment variable AMENT_PREFIX_PATH doesn't exist[0m
[0.885s] [34mcolcon.colcon_ros.prefix_path.ament[0m [1;30mWARNING[0m [33mThe path '/home/tknika/gral-iiriondo-main/unitree_ws/install/asr' in the environment variable AMENT_PREFIX_PATH doesn't exist[0m
[0.885s] [34mcolcon.colcon_ros.prefix_path.ament[0m [1;30mWARNING[0m [33mThe path '/home/tknika/gral-iiriondo-main/unitree_ws/install/aruco_detector' in the environment variable AMENT_PREFIX_PATH doesn't exist[0m
[0.885s] [34mcolcon.colcon_ros.prefix_path.ament[0m [1;30mWARNING[0m [33mThe path '/home/tknika/gral-iiriondo-main/unitree_ws/install/aruco_markers_msgs' in the environment variable AMENT_PREFIX_PATH doesn't exist[0m
[0.885s] [34mcolcon.colcon_ros.prefix_path.catkin[0m [1;30mWARNING[0m [33mThe path '/home/tknika/gral-iiriondo-main/unitree_ws/install/speech_to_goal_interfaces' in the environment variable CMAKE_PREFIX_PATH doesn't exist[0m
[0.885s] [34mcolcon.colcon_ros.prefix_path.catkin[0m [1;30mWARNING[0m [33mThe path '/home/tknika/gral-iiriondo-main/unitree_ws/install/object_recognition_interfaces' in the environment variable CMAKE_PREFIX_PATH doesn't exist[0m
[0.885s] [34mcolcon.colcon_ros.prefix_path.catkin[0m [1;30mWARNING[0m [33mThe path '/home/tknika/gral-iiriondo-main/unitree_ws/install/aruco_markers_msgs' in the environment variable CMAKE_PREFIX_PATH doesn't exist[0m
[0.887s] [34mcolcon.colcon_installed_package_information.package_discovery[0m [1;30mDEBUG[0m [32mFound 0 installed packages in /home/tknika/gral-iiriondo-main/unitree_ws/install[0m
[0.889s] [34mcolcon.colcon_installed_package_information.package_discovery[0m [1;30mDEBUG[0m [32mFound 274 installed packages in /opt/ros/humble[0m
[0.891s] [34mcolcon.colcon_core.package_discovery[0m [1;30mLevel 1[0m discover_packages(prefix_path) using defaults
[0.960s] [34mcolcon.colcon_core.verb[0m [1;30mLevel 5[0m set package 'aruco_markers_msgs' build argument 'cmake_args' from command line to 'None'
[0.960s] [34mcolcon.colcon_core.verb[0m [1;30mLevel 5[0m set package 'aruco_markers_msgs' build argument 'cmake_target' from command line to 'None'
[0.960s] [34mcolcon.colcon_core.verb[0m [1;30mLevel 5[0m set package 'aruco_markers_msgs' build argument 'cmake_target_skip_unavailable' from command line to 'False'
[0.960s] [34mcolcon.colcon_core.verb[0m [1;30mLevel 5[0m set package 'aruco_markers_msgs' build argument 'cmake_clean_cache' from command line to 'False'
[0.960s] [34mcolcon.colcon_core.verb[0m [1;30mLevel 5[0m set package 'aruco_markers_msgs' build argument 'cmake_clean_first' from command line to 'False'
[0.960s] [34mcolcon.colcon_core.verb[0m [1;30mLevel 5[0m set package 'aruco_markers_msgs' build argument 'cmake_force_configure' from command line to 'False'
[0.960s] [34mcolcon.colcon_core.verb[0m [1;30mLevel 5[0m set package 'aruco_markers_msgs' build argument 'ament_cmake_args' from command line to 'None'
[0.960s] [34mcolcon.colcon_core.verb[0m [1;30mLevel 5[0m set package 'aruco_markers_msgs' build argument 'catkin_cmake_args' from command line to 'None'
[0.960s] [34mcolcon.colcon_core.verb[0m [1;30mLevel 5[0m set package 'aruco_markers_msgs' build argument 'catkin_skip_building_tests' from command line to 'False'
[0.960s] [34mcolcon.colcon_core.verb[0m [1;30mDEBUG[0m [32mBuilding package 'aruco_markers_msgs' with the following arguments: {'ament_cmake_args': None, 'build_base': '/home/tknika/gral-iiriondo-main/unitree_ws/build/aruco_markers_msgs', 'catkin_cmake_args': None, 'catkin_skip_building_tests': False, 'cmake_args': None, 'cmake_clean_cache': False, 'cmake_clean_first': False, 'cmake_force_configure': False, 'cmake_target': None, 'cmake_target_skip_unavailable': False, 'install_base': '/home/tknika/gral-iiriondo-main/unitree_ws/install/aruco_markers_msgs', 'merge_install': False, 'path': '/home/tknika/gral-iiriondo-main/unitree_ws/src/aruco_markers_msgs', 'symlink_install': True, 'test_result_base': None}[0m
[0.961s] [34mcolcon.colcon_core.verb[0m [1;30mLevel 5[0m set package 'asr' build argument 'cmake_args' from command line to 'None'
[0.961s] [34mcolcon.colcon_core.verb[0m [1;30mLevel 5[0m set package 'asr' build argument 'cmake_target' from command line to 'None'
[0.961s] [34mcolcon.colcon_core.verb[0m [1;30mLevel 5[0m set package 'asr' build argument 'cmake_target_skip_unavailable' from command line to 'False'
[0.961s] [34mcolcon.colcon_core.verb[0m [1;30mLevel 5[0m set package 'asr' build argument 'cmake_clean_cache' from command line to 'False'
[0.961s] [34mcolcon.colcon_core.verb[0m [1;30mLevel 5[0m set package 'asr' build argument 'cmake_clean_first' from command line to 'False'
[0.961s] [34mcolcon.colcon_core.verb[0m [1;30mLevel 5[0m set package 'asr' build argument 'cmake_force_configure' from command line to 'False'
[0.961s] [34mcolcon.colcon_core.verb[0m [1;30mLevel 5[0m set package 'asr' build argument 'ament_cmake_args' from command line to 'None'
[0.961s] [34mcolcon.colcon_core.verb[0m [1;30mLevel 5[0m set package 'asr' build argument 'catkin_cmake_args' from command line to 'None'
[0.961s] [34mcolcon.colcon_core.verb[0m [1;30mLevel 5[0m set package 'asr' build argument 'catkin_skip_building_tests' from command line to 'False'
[0.962s] [34mcolcon.colcon_core.verb[0m [1;30mDEBUG[0m [32mBuilding package 'asr' with the following arguments: {'ament_cmake_args': None, 'build_base': '/home/tknika/gral-iiriondo-main/unitree_ws/build/asr', 'catkin_cmake_args': None, 'catkin_skip_building_tests': False, 'cmake_args': None, 'cmake_clean_cache': False, 'cmake_clean_first': False, 'cmake_force_configure': False, 'cmake_target': None, 'cmake_target_skip_unavailable': False, 'install_base': '/home/tknika/gral-iiriondo-main/unitree_ws/install/asr', 'merge_install': False, 'path': '/home/tknika/gral-iiriondo-main/unitree_ws/src/asr', 'symlink_install': True, 'test_result_base': None}[0m
[0.962s] [34mcolcon.colcon_core.verb[0m [1;30mLevel 5[0m set package 'go1_description' build argument 'cmake_args' from command line to 'None'
[0.962s] [34mcolcon.colcon_core.verb[0m [1;30mLevel 5[0m set package 'go1_description' build argument 'cmake_target' from command line to 'None'
[0.962s] [34mcolcon.colcon_core.verb[0m [1;30mLevel 5[0m set package 'go1_description' build argument 'cmake_target_skip_unavailable' from command line to 'False'
[0.962s] [34mcolcon.colcon_core.verb[0m [1;30mLevel 5[0m set package 'go1_description' build argument 'cmake_clean_cache' from command line to 'False'
[0.962s] [34mcolcon.colcon_core.verb[0m [1;30mLevel 5[0m set package 'go1_description' build argument 'cmake_clean_first' from command line to 'False'
[0.962s] [34mcolcon.colcon_core.verb[0m [1;30mLevel 5[0m set package 'go1_description' build argument 'cmake_force_configure' from command line to 'False'
[0.962s] [34mcolcon.colcon_core.verb[0m [1;30mLevel 5[0m set package 'go1_description' build argument 'ament_cmake_args' from command line to 'None'
[0.962s] [34mcolcon.colcon_core.verb[0m [1;30mLevel 5[0m set package 'go1_description' build argument 'catkin_cmake_args' from command line to 'None'
[0.962s] [34mcolcon.colcon_core.verb[0m [1;30mLevel 5[0m set package 'go1_description' build argument 'catkin_skip_building_tests' from command line to 'False'
[0.962s] [34mcolcon.colcon_core.verb[0m [1;30mDEBUG[0m [32mBuilding package 'go1_description' with the following arguments: {'ament_cmake_args': None, 'build_base': '/home/tknika/gral-iiriondo-main/unitree_ws/build/go1_description', 'catkin_cmake_args': None, 'catkin_skip_building_tests': False, 'cmake_args': None, 'cmake_clean_cache': False, 'cmake_clean_first': False, 'cmake_force_configure': False, 'cmake_target': None, 'cmake_target_skip_unavailable': False, 'install_base': '/home/tknika/gral-iiriondo-main/unitree_ws/install/go1_description', 'merge_install': False, 'path': '/home/tknika/gral-iiriondo-main/unitree_ws/src/go1_description', 'symlink_install': True, 'test_result_base': None}[0m
[0.963s] [34mcolcon.colcon_core.verb[0m [1;30mLevel 5[0m set package 'mapping_configuration' build argument 'cmake_args' from command line to 'None'
[0.963s] [34mcolcon.colcon_core.verb[0m [1;30mLevel 5[0m set package 'mapping_configuration' build argument 'cmake_target' from command line to 'None'
[0.963s] [34mcolcon.colcon_core.verb[0m [1;30mLevel 5[0m set package 'mapping_configuration' build argument 'cmake_target_skip_unavailable' from command line to 'False'
[0.963s] [34mcolcon.colcon_core.verb[0m [1;30mLevel 5[0m set package 'mapping_configuration' build argument 'cmake_clean_cache' from command line to 'False'
[0.963s] [34mcolcon.colcon_core.verb[0m [1;30mLevel 5[0m set package 'mapping_configuration' build argument 'cmake_clean_first' from command line to 'False'
[0.963s] [34mcolcon.colcon_core.verb[0m [1;30mLevel 5[0m set package 'mapping_configuration' build argument 'cmake_force_configure' from command line to 'False'
[0.963s] [34mcolcon.colcon_core.verb[0m [1;30mLevel 5[0m set package 'mapping_configuration' build argument 'ament_cmake_args' from command line to 'None'
[0.963s] [34mcolcon.colcon_core.verb[0m [1;30mLevel 5[0m set package 'mapping_configuration' build argument 'catkin_cmake_args' from command line to 'None'
[0.963s] [34mcolcon.colcon_core.verb[0m [1;30mLevel 5[0m set package 'mapping_configuration' build argument 'catkin_skip_building_tests' from command line to 'False'
[0.963s] [34mcolcon.colcon_core.verb[0m [1;30mDEBUG[0m [32mBuilding package 'mapping_configuration' with the following arguments: {'ament_cmake_args': None, 'build_base': '/home/tknika/gral-iiriondo-main/unitree_ws/build/mapping_configuration', 'catkin_cmake_args': None, 'catkin_skip_building_tests': False, 'cmake_args': None, 'cmake_clean_cache': False, 'cmake_clean_first': False, 'cmake_force_configure': False, 'cmake_target': None, 'cmake_target_skip_unavailable': False, 'install_base': '/home/tknika/gral-iiriondo-main/unitree_ws/install/mapping_configuration', 'merge_install': False, 'path': '/home/tknika/gral-iiriondo-main/unitree_ws/src/mapping_configuration', 'symlink_install': True, 'test_result_base': None}[0m
[0.964s] [34mcolcon.colcon_core.verb[0m [1;30mLevel 5[0m set package 'object_recognition_interfaces' build argument 'cmake_args' from command line to 'None'
[0.964s] [34mcolcon.colcon_core.verb[0m [1;30mLevel 5[0m set package 'object_recognition_interfaces' build argument 'cmake_target' from command line to 'None'
[0.964s] [34mcolcon.colcon_core.verb[0m [1;30mLevel 5[0m set package 'object_recognition_interfaces' build argument 'cmake_target_skip_unavailable' from command line to 'False'
[0.964s] [34mcolcon.colcon_core.verb[0m [1;30mLevel 5[0m set package 'object_recognition_interfaces' build argument 'cmake_clean_cache' from command line to 'False'
[0.964s] [34mcolcon.colcon_core.verb[0m [1;30mLevel 5[0m set package 'object_recognition_interfaces' build argument 'cmake_clean_first' from command line to 'False'
[0.964s] [34mcolcon.colcon_core.verb[0m [1;30mLevel 5[0m set package 'object_recognition_interfaces' build argument 'cmake_force_configure' from command line to 'False'
[0.964s] [34mcolcon.colcon_core.verb[0m [1;30mLevel 5[0m set package 'object_recognition_interfaces' build argument 'ament_cmake_args' from command line to 'None'
[0.964s] [34mcolcon.colcon_core.verb[0m [1;30mLevel 5[0m set package 'object_recognition_interfaces' build argument 'catkin_cmake_args' from command line to 'None'
[0.964s] [34mcolcon.colcon_core.verb[0m [1;30mLevel 5[0m set package 'object_recognition_interfaces' build argument 'catkin_skip_building_tests' from command line to 'False'
[0.964s] [34mcolcon.colcon_core.verb[0m [1;30mDEBUG[0m [32mBuilding package 'object_recognition_interfaces' with the following arguments: {'ament_cmake_args': None, 'build_base': '/home/tknika/gral-iiriondo-main/unitree_ws/build/object_recognition_interfaces', 'catkin_cmake_args': None, 'catkin_skip_building_tests': False, 'cmake_args': None, 'cmake_clean_cache': False, 'cmake_clean_first': False, 'cmake_force_configure': False, 'cmake_target': None, 'cmake_target_skip_unavailable': False, 'install_base': '/home/tknika/gral-iiriondo-main/unitree_ws/install/object_recognition_interfaces', 'merge_install': False, 'path': '/home/tknika/gral-iiriondo-main/unitree_ws/src/object_recognition_interfaces', 'symlink_install': True, 'test_result_base': None}[0m
[0.965s] [34mcolcon.colcon_core.verb[0m [1;30mLevel 5[0m set package 'speech_to_goal_interfaces' build argument 'cmake_args' from command line to 'None'
[0.965s] [34mcolcon.colcon_core.verb[0m [1;30mLevel 5[0m set package 'speech_to_goal_interfaces' build argument 'cmake_target' from command line to 'None'
[0.965s] [34mcolcon.colcon_core.verb[0m [1;30mLevel 5[0m set package 'speech_to_goal_interfaces' build argument 'cmake_target_skip_unavailable' from command line to 'False'
[0.965s] [34mcolcon.colcon_core.verb[0m [1;30mLevel 5[0m set package 'speech_to_goal_interfaces' build argument 'cmake_clean_cache' from command line to 'False'
[0.965s] [34mcolcon.colcon_core.verb[0m [1;30mLevel 5[0m set package 'speech_to_goal_interfaces' build argument 'cmake_clean_first' from command line to 'False'
[0.965s] [34mcolcon.colcon_core.verb[0m [1;30mLevel 5[0m set package 'speech_to_goal_interfaces' build argument 'cmake_force_configure' from command line to 'False'
[0.965s] [34mcolcon.colcon_core.verb[0m [1;30mLevel 5[0m set package 'speech_to_goal_interfaces' build argument 'ament_cmake_args' from command line to 'None'
[0.965s] [34mcolcon.colcon_core.verb[0m [1;30mLevel 5[0m set package 'speech_to_goal_interfaces' build argument 'catkin_cmake_args' from command line to 'None'
[0.965s] [34mcolcon.colcon_core.verb[0m [1;30mLevel 5[0m set package 'speech_to_goal_interfaces' build argument 'catkin_skip_building_tests' from command line to 'False'
[0.965s] [34mcolcon.colcon_core.verb[0m [1;30mDEBUG[0m [32mBuilding package 'speech_to_goal_interfaces' with the following arguments: {'ament_cmake_args': None, 'build_base': '/home/tknika/gral-iiriondo-main/unitree_ws/build/speech_to_goal_interfaces', 'catkin_cmake_args': None, 'catkin_skip_building_tests': False, 'cmake_args': None, 'cmake_clean_cache': False, 'cmake_clean_first': False, 'cmake_force_configure': False, 'cmake_target': None, 'cmake_target_skip_unavailable': False, 'install_base': '/home/tknika/gral-iiriondo-main/unitree_ws/install/speech_to_goal_interfaces', 'merge_install': False, 'path': '/home/tknika/gral-iiriondo-main/unitree_ws/src/speech_to_goal_interfaces', 'symlink_install': True, 'test_result_base': None}[0m
[0.966s] [34mcolcon.colcon_core.verb[0m [1;30mLevel 5[0m set package 'standing_mode' build argument 'cmake_args' from command line to 'None'
[0.966s] [34mcolcon.colcon_core.verb[0m [1;30mLevel 5[0m set package 'standing_mode' build argument 'cmake_target' from command line to 'None'
[0.966s] [34mcolcon.colcon_core.verb[0m [1;30mLevel 5[0m set package 'standing_mode' build argument 'cmake_target_skip_unavailable' from command line to 'False'
[0.966s] [34mcolcon.colcon_core.verb[0m [1;30mLevel 5[0m set package 'standing_mode' build argument 'cmake_clean_cache' from command line to 'False'
[0.966s] [34mcolcon.colcon_core.verb[0m [1;30mLevel 5[0m set package 'standing_mode' build argument 'cmake_clean_first' from command line to 'False'
[0.966s] [34mcolcon.colcon_core.verb[0m [1;30mLevel 5[0m set package 'standing_mode' build argument 'cmake_force_configure' from command line to 'False'
[0.966s] [34mcolcon.colcon_core.verb[0m [1;30mLevel 5[0m set package 'standing_mode' build argument 'ament_cmake_args' from command line to 'None'
[0.966s] [34mcolcon.colcon_core.verb[0m [1;30mLevel 5[0m set package 'standing_mode' build argument 'catkin_cmake_args' from command line to 'None'
[0.966s] [34mcolcon.colcon_core.verb[0m [1;30mLevel 5[0m set package 'standing_mode' build argument 'catkin_skip_building_tests' from command line to 'False'
[0.966s] [34mcolcon.colcon_core.verb[0m [1;30mDEBUG[0m [32mBuilding package 'standing_mode' with the following arguments: {'ament_cmake_args': None, 'build_base': '/home/tknika/gral-iiriondo-main/unitree_ws/build/standing_mode', 'catkin_cmake_args': None, 'catkin_skip_building_tests': False, 'cmake_args': None, 'cmake_clean_cache': False, 'cmake_clean_first': False, 'cmake_force_configure': False, 'cmake_target': None, 'cmake_target_skip_unavailable': False, 'install_base': '/home/tknika/gral-iiriondo-main/unitree_ws/install/standing_mode', 'merge_install': False, 'path': '/home/tknika/gral-iiriondo-main/unitree_ws/src/standing_mode', 'symlink_install': True, 'test_result_base': None}[0m
[0.967s] [34mcolcon.colcon_core.verb[0m [1;30mLevel 5[0m set package 'aruco_detector' build argument 'cmake_args' from command line to 'None'
[0.967s] [34mcolcon.colcon_core.verb[0m [1;30mLevel 5[0m set package 'aruco_detector' build argument 'cmake_target' from command line to 'None'
[0.967s] [34mcolcon.colcon_core.verb[0m [1;30mLevel 5[0m set package 'aruco_detector' build argument 'cmake_target_skip_unavailable' from command line to 'False'
[0.967s] [34mcolcon.colcon_core.verb[0m [1;30mLevel 5[0m set package 'aruco_detector' build argument 'cmake_clean_cache' from command line to 'False'
[0.967s] [34mcolcon.colcon_core.verb[0m [1;30mLevel 5[0m set package 'aruco_detector' build argument 'cmake_clean_first' from command line to 'False'
[0.967s] [34mcolcon.colcon_core.verb[0m [1;30mLevel 5[0m set package 'aruco_detector' build argument 'cmake_force_configure' from command line to 'False'
[0.967s] [34mcolcon.colcon_core.verb[0m [1;30mLevel 5[0m set package 'aruco_detector' build argument 'ament_cmake_args' from command line to 'None'
[0.967s] [34mcolcon.colcon_core.verb[0m [1;30mLevel 5[0m set package 'aruco_detector' build argument 'catkin_cmake_args' from command line to 'None'
[0.967s] [34mcolcon.colcon_core.verb[0m [1;30mLevel 5[0m set package 'aruco_detector' build argument 'catkin_skip_building_tests' from command line to 'False'
[0.967s] [34mcolcon.colcon_core.verb[0m [1;30mDEBUG[0m [32mBuilding package 'aruco_detector' with the following arguments: {'ament_cmake_args': None, 'build_base': '/home/tknika/gral-iiriondo-main/unitree_ws/build/aruco_detector', 'catkin_cmake_args': None, 'catkin_skip_building_tests': False, 'cmake_args': None, 'cmake_clean_cache': False, 'cmake_clean_first': False, 'cmake_force_configure': False, 'cmake_target': None, 'cmake_target_skip_unavailable': False, 'install_base': '/home/tknika/gral-iiriondo-main/unitree_ws/install/aruco_detector', 'merge_install': False, 'path': '/home/tknika/gral-iiriondo-main/unitree_ws/src/aruco_detector', 'symlink_install': True, 'test_result_base': None}[0m
[0.968s] [34mcolcon.colcon_core.verb[0m [1;30mLevel 5[0m set package 'object_recognition' build argument 'cmake_args' from command line to 'None'
[0.968s] [34mcolcon.colcon_core.verb[0m [1;30mLevel 5[0m set package 'object_recognition' build argument 'cmake_target' from command line to 'None'
[0.968s] [34mcolcon.colcon_core.verb[0m [1;30mLevel 5[0m set package 'object_recognition' build argument 'cmake_target_skip_unavailable' from command line to 'False'
[0.968s] [34mcolcon.colcon_core.verb[0m [1;30mLevel 5[0m set package 'object_recognition' build argument 'cmake_clean_cache' from command line to 'False'
[0.968s] [34mcolcon.colcon_core.verb[0m [1;30mLevel 5[0m set package 'object_recognition' build argument 'cmake_clean_first' from command line to 'False'
[0.968s] [34mcolcon.colcon_core.verb[0m [1;30mLevel 5[0m set package 'object_recognition' build argument 'cmake_force_configure' from command line to 'False'
[0.968s] [34mcolcon.colcon_core.verb[0m [1;30mLevel 5[0m set package 'object_recognition' build argument 'ament_cmake_args' from command line to 'None'
[0.968s] [34mcolcon.colcon_core.verb[0m [1;30mLevel 5[0m set package 'object_recognition' build argument 'catkin_cmake_args' from command line to 'None'
[0.968s] [34mcolcon.colcon_core.verb[0m [1;30mLevel 5[0m set package 'object_recognition' build argument 'catkin_skip_building_tests' from command line to 'False'
[0.968s] [34mcolcon.colcon_core.verb[0m [1;30mDEBUG[0m [32mBuilding package 'object_recognition' with the following arguments: {'ament_cmake_args': None, 'build_base': '/home/tknika/gral-iiriondo-main/unitree_ws/build/object_recognition', 'catkin_cmake_args': None, 'catkin_skip_building_tests': False, 'cmake_args': None, 'cmake_clean_cache': False, 'cmake_clean_first': False, 'cmake_force_configure': False, 'cmake_target': None, 'cmake_target_skip_unavailable': False, 'install_base': '/home/tknika/gral-iiriondo-main/unitree_ws/install/object_recognition', 'merge_install': False, 'path': '/home/tknika/gral-iiriondo-main/unitree_ws/src/object_recognition', 'symlink_install': True, 'test_result_base': None}[0m
[0.969s] [34mcolcon.colcon_core.verb[0m [1;30mLevel 5[0m set package 'speech_to_goal' build argument 'cmake_args' from command line to 'None'
[0.969s] [34mcolcon.colcon_core.verb[0m [1;30mLevel 5[0m set package 'speech_to_goal' build argument 'cmake_target' from command line to 'None'
[0.969s] [34mcolcon.colcon_core.verb[0m [1;30mLevel 5[0m set package 'speech_to_goal' build argument 'cmake_target_skip_unavailable' from command line to 'False'
[0.969s] [34mcolcon.colcon_core.verb[0m [1;30mLevel 5[0m set package 'speech_to_goal' build argument 'cmake_clean_cache' from command line to 'False'
[0.969s] [34mcolcon.colcon_core.verb[0m [1;30mLevel 5[0m set package 'speech_to_goal' build argument 'cmake_clean_first' from command line to 'False'
[0.969s] [34mcolcon.colcon_core.verb[0m [1;30mLevel 5[0m set package 'speech_to_goal' build argument 'cmake_force_configure' from command line to 'False'
[0.969s] [34mcolcon.colcon_core.verb[0m [1;30mLevel 5[0m set package 'speech_to_goal' build argument 'ament_cmake_args' from command line to 'None'
[0.969s] [34mcolcon.colcon_core.verb[0m [1;30mLevel 5[0m set package 'speech_to_goal' build argument 'catkin_cmake_args' from command line to 'None'
[0.969s] [34mcolcon.colcon_core.verb[0m [1;30mLevel 5[0m set package 'speech_to_goal' build argument 'catkin_skip_building_tests' from command line to 'False'
[0.969s] [34mcolcon.colcon_core.verb[0m [1;30mDEBUG[0m [32mBuilding package 'speech_to_goal' with the following arguments: {'ament_cmake_args': None, 'build_base': '/home/tknika/gral-iiriondo-main/unitree_ws/build/speech_to_goal', 'catkin_cmake_args': None, 'catkin_skip_building_tests': False, 'cmake_args': None, 'cmake_clean_cache': False, 'cmake_clean_first': False, 'cmake_force_configure': False, 'cmake_target': None, 'cmake_target_skip_unavailable': False, 'install_base': '/home/tknika/gral-iiriondo-main/unitree_ws/install/speech_to_goal', 'merge_install': False, 'path': '/home/tknika/gral-iiriondo-main/unitree_ws/src/speech_to_goal', 'symlink_install': True, 'test_result_base': None}[0m
[0.969s] [34mcolcon.colcon_core.executor[0m [1;30mINFO[0m Executing jobs using 'parallel' executor
[0.972s] [34mcolcon.colcon_parallel_executor.executor.parallel[0m [1;30mDEBUG[0m [32mrun_until_complete[0m
[0.973s] [34mcolcon.colcon_ros.task.ament_cmake.build[0m [1;30mINFO[0m Building ROS package in '/home/tknika/gral-iiriondo-main/unitree_ws/src/object_recognition_interfaces' with build type 'ament_cmake'
[0.973s] [34mcolcon.colcon_cmake.task.cmake.build[0m [1;30mINFO[0m Building CMake package in '/home/tknika/gral-iiriondo-main/unitree_ws/src/object_recognition_interfaces'
[0.979s] [34mcolcon.colcon_core.plugin_system[0m [1;30mINFO[0m Skipping extension 'colcon_core.shell.bat': Not used on non-Windows systems
[0.979s] [34mcolcon.colcon_core.shell[0m [1;30mINFO[0m Skip shell extension 'powershell' for command environment: Not usable outside of PowerShell
[0.979s] [34mcolcon.colcon_core.shell[0m [1;30mDEBUG[0m [32mSkip shell extension 'dsv' for command environment[0m
[0.985s] [34mcolcon.colcon_ros.task.ament_cmake.build[0m [1;30mINFO[0m Building ROS package in '/home/tknika/gral-iiriondo-main/unitree_ws/src/aruco_markers_msgs' with build type 'ament_cmake'
[0.985s] [34mcolcon.colcon_cmake.task.cmake.build[0m [1;30mINFO[0m Building CMake package in '/home/tknika/gral-iiriondo-main/unitree_ws/src/aruco_markers_msgs'
[0.986s] [34mcolcon.colcon_core.shell[0m [1;30mINFO[0m Skip shell extension 'powershell' for command environment: Not usable outside of PowerShell
[0.986s] [34mcolcon.colcon_core.shell[0m [1;30mDEBUG[0m [32mSkip shell extension 'dsv' for command environment[0m
[0.991s] [34mcolcon.colcon_ros.task.ament_cmake.build[0m [1;30mINFO[0m Building ROS package in '/home/tknika/gral-iiriondo-main/unitree_ws/src/speech_to_goal_interfaces' with build type 'ament_cmake'
[0.991s] [34mcolcon.colcon_cmake.task.cmake.build[0m [1;30mINFO[0m Building CMake package in '/home/tknika/gral-iiriondo-main/unitree_ws/src/speech_to_goal_interfaces'
[0.992s] [34mcolcon.colcon_core.shell[0m [1;30mINFO[0m Skip shell extension 'powershell' for command environment: Not usable outside of PowerShell
[0.992s] [34mcolcon.colcon_core.shell[0m [1;30mDEBUG[0m [32mSkip shell extension 'dsv' for command environment[0m
[0.998s] [34mcolcon.colcon_ros.task.ament_python.build[0m [1;30mINFO[0m Building ROS package in '/home/tknika/gral-iiriondo-main/unitree_ws/src/asr' with build type 'ament_python'
[0.999s] [34mcolcon.colcon_core.shell[0m [1;30mLevel 1[0m create_environment_hook('asr', 'ament_prefix_path')
[0.999s] [34mcolcon.colcon_core.shell[0m [1;30mINFO[0m Creating environment hook '/home/tknika/gral-iiriondo-main/unitree_ws/install/asr/share/asr/hook/ament_prefix_path.ps1'
[1.001s] [34mcolcon.colcon_core.shell[0m [1;30mINFO[0m Creating environment descriptor '/home/tknika/gral-iiriondo-main/unitree_ws/install/asr/share/asr/hook/ament_prefix_path.dsv'
[1.002s] [34mcolcon.colcon_core.shell[0m [1;30mINFO[0m Creating environment hook '/home/tknika/gral-iiriondo-main/unitree_ws/install/asr/share/asr/hook/ament_prefix_path.sh'
[1.003s] [34mcolcon.colcon_core.shell[0m [1;30mINFO[0m Skip shell extension 'powershell' for command environment: Not usable outside of PowerShell
[1.004s] [34mcolcon.colcon_core.shell[0m [1;30mDEBUG[0m [32mSkip shell extension 'dsv' for command environment[0m
[1.010s] [34mcolcon.colcon_ros.task.ament_python.build[0m [1;30mINFO[0m Building ROS package in '/home/tknika/gral-iiriondo-main/unitree_ws/src/go1_description' with build type 'ament_python'
[1.011s] [34mcolcon.colcon_core.shell[0m [1;30mLevel 1[0m create_environment_hook('go1_description', 'ament_prefix_path')
[1.012s] [34mcolcon.colcon_core.shell[0m [1;30mINFO[0m Creating environment hook '/home/tknika/gral-iiriondo-main/unitree_ws/install/go1_description/share/go1_description/hook/ament_prefix_path.ps1'
[1.013s] [34mcolcon.colcon_core.shell[0m [1;30mINFO[0m Creating environment descriptor '/home/tknika/gral-iiriondo-main/unitree_ws/install/go1_description/share/go1_description/hook/ament_prefix_path.dsv'
[1.014s] [34mcolcon.colcon_core.shell[0m [1;30mINFO[0m Creating environment hook '/home/tknika/gral-iiriondo-main/unitree_ws/install/go1_description/share/go1_description/hook/ament_prefix_path.sh'
[1.015s] [34mcolcon.colcon_core.shell[0m [1;30mINFO[0m Skip shell extension 'powershell' for command environment: Not usable outside of PowerShell
[1.015s] [34mcolcon.colcon_core.shell[0m [1;30mDEBUG[0m [32mSkip shell extension 'dsv' for command environment[0m
[1.020s] [34mcolcon.colcon_ros.task.ament_python.build[0m [1;30mINFO[0m Building ROS package in '/home/tknika/gral-iiriondo-main/unitree_ws/src/mapping_configuration' with build type 'ament_python'
[1.021s] [34mcolcon.colcon_core.shell[0m [1;30mLevel 1[0m create_environment_hook('mapping_configuration', 'ament_prefix_path')
[1.021s] [34mcolcon.colcon_core.shell[0m [1;30mINFO[0m Creating environment hook '/home/tknika/gral-iiriondo-main/unitree_ws/install/mapping_configuration/share/mapping_configuration/hook/ament_prefix_path.ps1'
[1.023s] [34mcolcon.colcon_core.shell[0m [1;30mINFO[0m Creating environment descriptor '/home/tknika/gral-iiriondo-main/unitree_ws/install/mapping_configuration/share/mapping_configuration/hook/ament_prefix_path.dsv'
[1.023s] [34mcolcon.colcon_core.shell[0m [1;30mINFO[0m Creating environment hook '/home/tknika/gral-iiriondo-main/unitree_ws/install/mapping_configuration/share/mapping_configuration/hook/ament_prefix_path.sh'
[1.024s] [34mcolcon.colcon_core.shell[0m [1;30mINFO[0m Skip shell extension 'powershell' for command environment: Not usable outside of PowerShell
[1.024s] [34mcolcon.colcon_core.shell[0m [1;30mDEBUG[0m [32mSkip shell extension 'dsv' for command environment[0m
[1.030s] [34mcolcon.colcon_ros.task.ament_python.build[0m [1;30mINFO[0m Building ROS package in '/home/tknika/gral-iiriondo-main/unitree_ws/src/standing_mode' with build type 'ament_python'
[1.030s] [34mcolcon.colcon_core.shell[0m [1;30mLevel 1[0m create_environment_hook('standing_mode', 'ament_prefix_path')
[1.031s] [34mcolcon.colcon_core.shell[0m [1;30mINFO[0m Creating environment hook '/home/tknika/gral-iiriondo-main/unitree_ws/install/standing_mode/share/standing_mode/hook/ament_prefix_path.ps1'
[1.032s] [34mcolcon.colcon_core.shell[0m [1;30mINFO[0m Creating environment descriptor '/home/tknika/gral-iiriondo-main/unitree_ws/install/standing_mode/share/standing_mode/hook/ament_prefix_path.dsv'
[1.033s] [34mcolcon.colcon_core.shell[0m [1;30mINFO[0m Creating environment hook '/home/tknika/gral-iiriondo-main/unitree_ws/install/standing_mode/share/standing_mode/hook/ament_prefix_path.sh'
[1.034s] [34mcolcon.colcon_core.shell[0m [1;30mINFO[0m Skip shell extension 'powershell' for command environment: Not usable outside of PowerShell
[1.034s] [34mcolcon.colcon_core.shell[0m [1;30mDEBUG[0m [32mSkip shell extension 'dsv' for command environment[0m
[1.049s] [34mcolcon.colcon_core.event_handler.log_command[0m [1;30mDEBUG[0m [32mInvoking command in '/home/tknika/gral-iiriondo-main/unitree_ws/build/object_recognition_interfaces': CMAKE_PREFIX_PATH=${CMAKE_PREFIX_PATH}:/home/tknika/gral-iiriondo-main/unitree_ws/install/standing_mode:/home/tknika/gral-iiriondo-main/unitree_ws/install/speech_to_goal:/home/tknika/gral-iiriondo-main/unitree_ws/install/object_recognition:/home/tknika/gral-iiriondo-main/unitree_ws/install/mapping_configuration:/home/tknika/gral-iiriondo-main/unitree_ws/install/go1_description:/home/tknika/gral-iiriondo-main/unitree_ws/install/asr:/home/tknika/gral-iiriondo-main/unitree_ws/install/aruco_detector:/opt/ros/humble PS1=\[\e]0;\u@\h: \w\a\]${debian_chroot:+($debian_chroot)}\[\033[01;32m\]\u@\h\[\033[00m\]:\[\033[01;34m\]\w\[\033[00m\]\$ VIRTUAL_ENV_PROMPT=(unitree_env) /usr/bin/cmake /home/tknika/gral-iiriondo-main/unitree_ws/src/object_recognition_interfaces -DAMENT_CMAKE_SYMLINK_INSTALL=1 -DCMAKE_INSTALL_PREFIX=/home/tknika/gral-iiriondo-main/unitree_ws/install/object_recognition_interfaces[0m
[1.055s] [34mcolcon.colcon_core.event_handler.log_command[0m [1;30mDEBUG[0m [32mInvoking command in '/home/tknika/gral-iiriondo-main/unitree_ws/build/aruco_markers_msgs': CMAKE_PREFIX_PATH=${CMAKE_PREFIX_PATH}:/home/tknika/gral-iiriondo-main/unitree_ws/install/standing_mode:/home/tknika/gral-iiriondo-main/unitree_ws/install/speech_to_goal:/home/tknika/gral-iiriondo-main/unitree_ws/install/object_recognition:/home/tknika/gral-iiriondo-main/unitree_ws/install/mapping_configuration:/home/tknika/gral-iiriondo-main/unitree_ws/install/go1_description:/home/tknika/gral-iiriondo-main/unitree_ws/install/asr:/home/tknika/gral-iiriondo-main/unitree_ws/install/aruco_detector:/opt/ros/humble PS1=\[\e]0;\u@\h: \w\a\]${debian_chroot:+($debian_chroot)}\[\033[01;32m\]\u@\h\[\033[00m\]:\[\033[01;34m\]\w\[\033[00m\]\$ VIRTUAL_ENV_PROMPT=(unitree_env) /usr/bin/cmake /home/tknika/gral-iiriondo-main/unitree_ws/src/aruco_markers_msgs -DAMENT_CMAKE_SYMLINK_INSTALL=1 -DCMAKE_INSTALL_PREFIX=/home/tknika/gral-iiriondo-main/unitree_ws/install/aruco_markers_msgs[0m
[1.060s] [34mcolcon.colcon_core.event_handler.log_command[0m [1;30mDEBUG[0m [32mInvoking command in '/home/tknika/gral-iiriondo-main/unitree_ws/build/speech_to_goal_interfaces': CMAKE_PREFIX_PATH=${CMAKE_PREFIX_PATH}:/home/tknika/gral-iiriondo-main/unitree_ws/install/standing_mode:/home/tknika/gral-iiriondo-main/unitree_ws/install/speech_to_goal:/home/tknika/gral-iiriondo-main/unitree_ws/install/object_recognition:/home/tknika/gral-iiriondo-main/unitree_ws/install/mapping_configuration:/home/tknika/gral-iiriondo-main/unitree_ws/install/go1_description:/home/tknika/gral-iiriondo-main/unitree_ws/install/asr:/home/tknika/gral-iiriondo-main/unitree_ws/install/aruco_detector:/opt/ros/humble PS1=\[\e]0;\u@\h: \w\a\]${debian_chroot:+($debian_chroot)}\[\033[01;32m\]\u@\h\[\033[00m\]:\[\033[01;34m\]\w\[\033[00m\]\$ VIRTUAL_ENV_PROMPT=(unitree_env) /usr/bin/cmake /home/tknika/gral-iiriondo-main/unitree_ws/src/speech_to_goal_interfaces -DAMENT_CMAKE_SYMLINK_INSTALL=1 -DCMAKE_INSTALL_PREFIX=/home/tknika/gral-iiriondo-main/unitree_ws/install/speech_to_goal_interfaces[0m
[2.198s] [34mcolcon.colcon_core.task.python.build[0m [1;30mINFO[0m Building Python package in '/home/tknika/gral-iiriondo-main/unitree_ws/src/asr'
[2.199s] [34mcolcon.colcon_core.shell[0m [1;30mINFO[0m Skip shell extension 'powershell' for command environment: Not usable outside of PowerShell
[2.199s] [34mcolcon.colcon_core.shell[0m [1;30mDEBUG[0m [32mSkip shell extension 'dsv' for command environment[0m
[3.343s] [34mcolcon.colcon_core.task.python.build[0m [1;30mINFO[0m Building Python package in '/home/tknika/gral-iiriondo-main/unitree_ws/src/go1_description'
[3.344s] [34mcolcon.colcon_core.shell[0m [1;30mINFO[0m Skip shell extension 'powershell' for command environment: Not usable outside of PowerShell
[3.345s] [34mcolcon.colcon_core.shell[0m [1;30mDEBUG[0m [32mSkip shell extension 'dsv' for command environment[0m
[4.475s] [34mcolcon.colcon_core.task.python.build[0m [1;30mINFO[0m Building Python package in '/home/tknika/gral-iiriondo-main/unitree_ws/src/mapping_configuration'
[4.476s] [34mcolcon.colcon_core.shell[0m [1;30mINFO[0m Skip shell extension 'powershell' for command environment: Not usable outside of PowerShell
[4.476s] [34mcolcon.colcon_core.shell[0m [1;30mDEBUG[0m [32mSkip shell extension 'dsv' for command environment[0m
[5.488s] [34mcolcon.colcon_core.task.python.build[0m [1;30mINFO[0m Building Python package in '/home/tknika/gral-iiriondo-main/unitree_ws/src/standing_mode'
[5.489s] [34mcolcon.colcon_core.shell[0m [1;30mINFO[0m Skip shell extension 'powershell' for command environment: Not usable outside of PowerShell
[5.489s] [34mcolcon.colcon_core.shell[0m [1;30mDEBUG[0m [32mSkip shell extension 'dsv' for command environment[0m
[5.751s] [34mcolcon.colcon_core.event_handler.log_command[0m [1;30mDEBUG[0m [32mInvoked command in '/home/tknika/gral-iiriondo-main/unitree_ws/build/speech_to_goal_interfaces' returned '0': CMAKE_PREFIX_PATH=${CMAKE_PREFIX_PATH}:/home/tknika/gral-iiriondo-main/unitree_ws/install/standing_mode:/home/tknika/gral-iiriondo-main/unitree_ws/install/speech_to_goal:/home/tknika/gral-iiriondo-main/unitree_ws/install/object_recognition:/home/tknika/gral-iiriondo-main/unitree_ws/install/mapping_configuration:/home/tknika/gral-iiriondo-main/unitree_ws/install/go1_description:/home/tknika/gral-iiriondo-main/unitree_ws/install/asr:/home/tknika/gral-iiriondo-main/unitree_ws/install/aruco_detector:/opt/ros/humble PS1=\[\e]0;\u@\h: \w\a\]${debian_chroot:+($debian_chroot)}\[\033[01;32m\]\u@\h\[\033[00m\]:\[\033[01;34m\]\w\[\033[00m\]\$ VIRTUAL_ENV_PROMPT=(unitree_env) /usr/bin/cmake /home/tknika/gral-iiriondo-main/unitree_ws/src/speech_to_goal_interfaces -DAMENT_CMAKE_SYMLINK_INSTALL=1 -DCMAKE_INSTALL_PREFIX=/home/tknika/gral-iiriondo-main/unitree_ws/install/speech_to_goal_interfaces[0m
[5.752s] [34mcolcon.colcon_core.event_handler.log_command[0m [1;30mDEBUG[0m [32mInvoking command in '/home/tknika/gral-iiriondo-main/unitree_ws/build/speech_to_goal_interfaces': CMAKE_PREFIX_PATH=${CMAKE_PREFIX_PATH}:/home/tknika/gral-iiriondo-main/unitree_ws/install/standing_mode:/home/tknika/gral-iiriondo-main/unitree_ws/install/speech_to_goal:/home/tknika/gral-iiriondo-main/unitree_ws/install/object_recognition:/home/tknika/gral-iiriondo-main/unitree_ws/install/mapping_configuration:/home/tknika/gral-iiriondo-main/unitree_ws/install/go1_description:/home/tknika/gral-iiriondo-main/unitree_ws/install/asr:/home/tknika/gral-iiriondo-main/unitree_ws/install/aruco_detector:/opt/ros/humble PS1=\[\e]0;\u@\h: \w\a\]${debian_chroot:+($debian_chroot)}\[\033[01;32m\]\u@\h\[\033[00m\]:\[\033[01;34m\]\w\[\033[00m\]\$ VIRTUAL_ENV_PROMPT=(unitree_env) /usr/bin/cmake --build /home/tknika/gral-iiriondo-main/unitree_ws/build/speech_to_goal_interfaces -- -j8 -l8[0m
[5.781s] [34mcolcon.colcon_core.event_handler.log_command[0m [1;30mDEBUG[0m [32mInvoked command in '/home/tknika/gral-iiriondo-main/unitree_ws/build/object_recognition_interfaces' returned '0': CMAKE_PREFIX_PATH=${CMAKE_PREFIX_PATH}:/home/tknika/gral-iiriondo-main/unitree_ws/install/standing_mode:/home/tknika/gral-iiriondo-main/unitree_ws/install/speech_to_goal:/home/tknika/gral-iiriondo-main/unitree_ws/install/object_recognition:/home/tknika/gral-iiriondo-main/unitree_ws/install/mapping_configuration:/home/tknika/gral-iiriondo-main/unitree_ws/install/go1_description:/home/tknika/gral-iiriondo-main/unitree_ws/install/asr:/home/tknika/gral-iiriondo-main/unitree_ws/install/aruco_detector:/opt/ros/humble PS1=\[\e]0;\u@\h: \w\a\]${debian_chroot:+($debian_chroot)}\[\033[01;32m\]\u@\h\[\033[00m\]:\[\033[01;34m\]\w\[\033[00m\]\$ VIRTUAL_ENV_PROMPT=(unitree_env) /usr/bin/cmake /home/tknika/gral-iiriondo-main/unitree_ws/src/object_recognition_interfaces -DAMENT_CMAKE_SYMLINK_INSTALL=1 -DCMAKE_INSTALL_PREFIX=/home/tknika/gral-iiriondo-main/unitree_ws/install/object_recognition_interfaces[0m
[5.782s] [34mcolcon.colcon_core.event_handler.log_command[0m [1;30mDEBUG[0m [32mInvoking command in '/home/tknika/gral-iiriondo-main/unitree_ws/build/object_recognition_interfaces': CMAKE_PREFIX_PATH=${CMAKE_PREFIX_PATH}:/home/tknika/gral-iiriondo-main/unitree_ws/install/standing_mode:/home/tknika/gral-iiriondo-main/unitree_ws/install/speech_to_goal:/home/tknika/gral-iiriondo-main/unitree_ws/install/object_recognition:/home/tknika/gral-iiriondo-main/unitree_ws/install/mapping_configuration:/home/tknika/gral-iiriondo-main/unitree_ws/install/go1_description:/home/tknika/gral-iiriondo-main/unitree_ws/install/asr:/home/tknika/gral-iiriondo-main/unitree_ws/install/aruco_detector:/opt/ros/humble PS1=\[\e]0;\u@\h: \w\a\]${debian_chroot:+($debian_chroot)}\[\033[01;32m\]\u@\h\[\033[00m\]:\[\033[01;34m\]\w\[\033[00m\]\$ VIRTUAL_ENV_PROMPT=(unitree_env) /usr/bin/cmake --build /home/tknika/gral-iiriondo-main/unitree_ws/build/object_recognition_interfaces -- -j8 -l8[0m
[6.736s] [34mcolcon.colcon_core.event_handler.log_command[0m [1;30mDEBUG[0m [32mInvoked command in '/home/tknika/gral-iiriondo-main/unitree_ws/build/aruco_markers_msgs' returned '0': CMAKE_PREFIX_PATH=${CMAKE_PREFIX_PATH}:/home/tknika/gral-iiriondo-main/unitree_ws/install/standing_mode:/home/tknika/gral-iiriondo-main/unitree_ws/install/speech_to_goal:/home/tknika/gral-iiriondo-main/unitree_ws/install/object_recognition:/home/tknika/gral-iiriondo-main/unitree_ws/install/mapping_configuration:/home/tknika/gral-iiriondo-main/unitree_ws/install/go1_description:/home/tknika/gral-iiriondo-main/unitree_ws/install/asr:/home/tknika/gral-iiriondo-main/unitree_ws/install/aruco_detector:/opt/ros/humble PS1=\[\e]0;\u@\h: \w\a\]${debian_chroot:+($debian_chroot)}\[\033[01;32m\]\u@\h\[\033[00m\]:\[\033[01;34m\]\w\[\033[00m\]\$ VIRTUAL_ENV_PROMPT=(unitree_env) /usr/bin/cmake /home/tknika/gral-iiriondo-main/unitree_ws/src/aruco_markers_msgs -DAMENT_CMAKE_SYMLINK_INSTALL=1 -DCMAKE_INSTALL_PREFIX=/home/tknika/gral-iiriondo-main/unitree_ws/install/aruco_markers_msgs[0m
[6.737s] [34mcolcon.colcon_core.event_handler.log_command[0m [1;30mDEBUG[0m [32mInvoking command in '/home/tknika/gral-iiriondo-main/unitree_ws/build/aruco_markers_msgs': CMAKE_PREFIX_PATH=${CMAKE_PREFIX_PATH}:/home/tknika/gral-iiriondo-main/unitree_ws/install/standing_mode:/home/tknika/gral-iiriondo-main/unitree_ws/install/speech_to_goal:/home/tknika/gral-iiriondo-main/unitree_ws/install/object_recognition:/home/tknika/gral-iiriondo-main/unitree_ws/install/mapping_configuration:/home/tknika/gral-iiriondo-main/unitree_ws/install/go1_description:/home/tknika/gral-iiriondo-main/unitree_ws/install/asr:/home/tknika/gral-iiriondo-main/unitree_ws/install/aruco_detector:/opt/ros/humble PS1=\[\e]0;\u@\h: \w\a\]${debian_chroot:+($debian_chroot)}\[\033[01;32m\]\u@\h\[\033[00m\]:\[\033[01;34m\]\w\[\033[00m\]\$ VIRTUAL_ENV_PROMPT=(unitree_env) /usr/bin/cmake --build /home/tknika/gral-iiriondo-main/unitree_ws/build/aruco_markers_msgs -- -j8 -l8[0m
[8.325s] [34mcolcon.colcon_core.event_handler.log_command[0m [1;30mDEBUG[0m [32mInvoking command in '/home/tknika/gral-iiriondo-main/unitree_ws/build/go1_description': PS1=\[\e]0;\u@\h: \w\a\]${debian_chroot:+($debian_chroot)}\[\033[01;32m\]\u@\h\[\033[00m\]:\[\033[01;34m\]\w\[\033[00m\]\$ PYTHONPATH=/home/tknika/gral-iiriondo-main/unitree_ws/build/go1_description/prefix_override:/usr/lib/python3/dist-packages/colcon_core/task/python/colcon_distutils_commands:/home/tknika/gral-iiriondo-main/unitree_ws/install/go1_description/lib/python3.10/site-packages:${PYTHONPATH} VIRTUAL_ENV_PROMPT=(unitree_env) /usr/bin/python3 -W ignore:setup.py install is deprecated -W ignore:easy_install command is deprecated setup.py develop --editable --build-directory /home/tknika/gral-iiriondo-main/unitree_ws/build/go1_description/build --no-deps symlink_data[0m
[8.741s] [34mcolcon.colcon_core.event_handler.log_command[0m [1;30mDEBUG[0m [32mInvoking command in '/home/tknika/gral-iiriondo-main/unitree_ws/build/mapping_configuration': PS1=\[\e]0;\u@\h: \w\a\]${debian_chroot:+($debian_chroot)}\[\033[01;32m\]\u@\h\[\033[00m\]:\[\033[01;34m\]\w\[\033[00m\]\$ PYTHONPATH=/home/tknika/gral-iiriondo-main/unitree_ws/build/mapping_configuration/prefix_override:/usr/lib/python3/dist-packages/colcon_core/task/python/colcon_distutils_commands:/home/tknika/gral-iiriondo-main/unitree_ws/install/mapping_configuration/lib/python3.10/site-packages:${PYTHONPATH} VIRTUAL_ENV_PROMPT=(unitree_env) /usr/bin/python3 -W ignore:setup.py install is deprecated -W ignore:easy_install command is deprecated setup.py develop --editable --build-directory /home/tknika/gral-iiriondo-main/unitree_ws/build/mapping_configuration/build --no-deps symlink_data[0m
[9.065s] [34mcolcon.colcon_core.event_handler.log_command[0m [1;30mDEBUG[0m [32mInvoking command in '/home/tknika/gral-iiriondo-main/unitree_ws/build/asr': PS1=\[\e]0;\u@\h: \w\a\]${debian_chroot:+($debian_chroot)}\[\033[01;32m\]\u@\h\[\033[00m\]:\[\033[01;34m\]\w\[\033[00m\]\$ PYTHONPATH=/home/tknika/gral-iiriondo-main/unitree_ws/build/asr/prefix_override:/usr/lib/python3/dist-packages/colcon_core/task/python/colcon_distutils_commands:/home/tknika/gral-iiriondo-main/unitree_ws/install/asr/lib/python3.10/site-packages:${PYTHONPATH} VIRTUAL_ENV_PROMPT=(unitree_env) /usr/bin/python3 -W ignore:setup.py install is deprecated -W ignore:easy_install command is deprecated setup.py develop --editable --build-directory /home/tknika/gral-iiriondo-main/unitree_ws/build/asr/build --no-deps symlink_data[0m
[9.422s] [34mcolcon.colcon_core.event_handler.log_command[0m [1;30mDEBUG[0m [32mInvoking command in '/home/tknika/gral-iiriondo-main/unitree_ws/build/standing_mode': PS1=\[\e]0;\u@\h: \w\a\]${debian_chroot:+($debian_chroot)}\[\033[01;32m\]\u@\h\[\033[00m\]:\[\033[01;34m\]\w\[\033[00m\]\$ PYTHONPATH=/home/tknika/gral-iiriondo-main/unitree_ws/build/standing_mode/prefix_override:/usr/lib/python3/dist-packages/colcon_core/task/python/colcon_distutils_commands:/home/tknika/gral-iiriondo-main/unitree_ws/install/standing_mode/lib/python3.10/site-packages:${PYTHONPATH} VIRTUAL_ENV_PROMPT=(unitree_env) /usr/bin/python3 -W ignore:setup.py install is deprecated -W ignore:easy_install command is deprecated setup.py develop --editable --build-directory /home/tknika/gral-iiriondo-main/unitree_ws/build/standing_mode/build --no-deps symlink_data[0m
[15.524s] [34mcolcon.colcon_core.shell[0m [1;30mLevel 1[0m create_environment_hook('mapping_configuration', 'pythonpath_develop')
[15.526s] [34mcolcon.colcon_core.event_handler.log_command[0m [1;30mDEBUG[0m [32mInvoked command in '/home/tknika/gral-iiriondo-main/unitree_ws/build/mapping_configuration' returned '0': PS1=\[\e]0;\u@\h: \w\a\]${debian_chroot:+($debian_chroot)}\[\033[01;32m\]\u@\h\[\033[00m\]:\[\033[01;34m\]\w\[\033[00m\]\$ PYTHONPATH=/home/tknika/gral-iiriondo-main/unitree_ws/build/mapping_configuration/prefix_override:/usr/lib/python3/dist-packages/colcon_core/task/python/colcon_distutils_commands:/home/tknika/gral-iiriondo-main/unitree_ws/install/mapping_configuration/lib/python3.10/site-packages:${PYTHONPATH} VIRTUAL_ENV_PROMPT=(unitree_env) /usr/bin/python3 -W ignore:setup.py install is deprecated -W ignore:easy_install command is deprecated setup.py develop --editable --build-directory /home/tknika/gral-iiriondo-main/unitree_ws/build/mapping_configuration/build --no-deps symlink_data[0m
[15.527s] [34mcolcon.colcon_core.shell[0m [1;30mINFO[0m Creating environment hook '/home/tknika/gral-iiriondo-main/unitree_ws/build/mapping_configuration/share/mapping_configuration/hook/pythonpath_develop.ps1'
[15.531s] [34mcolcon.colcon_core.shell[0m [1;30mINFO[0m Creating environment descriptor '/home/tknika/gral-iiriondo-main/unitree_ws/build/mapping_configuration/share/mapping_configuration/hook/pythonpath_develop.dsv'
[15.533s] [34mcolcon.colcon_core.shell[0m [1;30mINFO[0m Creating environment hook '/home/tknika/gral-iiriondo-main/unitree_ws/build/mapping_configuration/share/mapping_configuration/hook/pythonpath_develop.sh'
[15.542s] [34mcolcon.colcon_core.environment[0m [1;30mLevel 1[0m checking '/home/tknika/gral-iiriondo-main/unitree_ws/install/mapping_configuration' for CMake module files
[15.543s] [34mcolcon.colcon_core.environment[0m [1;30mLevel 1[0m checking '/home/tknika/gral-iiriondo-main/unitree_ws/install/mapping_configuration' for CMake config files
[15.559s] [34mcolcon.colcon_core.environment[0m [1;30mLevel 1[0m checking '/home/tknika/gral-iiriondo-main/unitree_ws/install/mapping_configuration/lib'
[15.560s] [34mcolcon.colcon_core.environment[0m [1;30mLevel 1[0m checking '/home/tknika/gral-iiriondo-main/unitree_ws/install/mapping_configuration/bin'
[15.561s] [34mcolcon.colcon_core.environment[0m [1;30mLevel 1[0m checking '/home/tknika/gral-iiriondo-main/unitree_ws/install/mapping_configuration/lib/pkgconfig/mapping_configuration.pc'
[15.562s] [34mcolcon.colcon_core.environment[0m [1;30mLevel 1[0m checking '/home/tknika/gral-iiriondo-main/unitree_ws/install/mapping_configuration/lib/python3.10/site-packages'
[15.562s] [34mcolcon.colcon_core.shell[0m [1;30mLevel 1[0m create_environment_hook('mapping_configuration', 'pythonpath')
[15.564s] [34mcolcon.colcon_core.shell[0m [1;30mINFO[0m Creating environment hook '/home/tknika/gral-iiriondo-main/unitree_ws/install/mapping_configuration/share/mapping_configuration/hook/pythonpath.ps1'
[15.572s] [34mcolcon.colcon_core.shell[0m [1;30mINFO[0m Creating environment descriptor '/home/tknika/gral-iiriondo-main/unitree_ws/install/mapping_configuration/share/mapping_configuration/hook/pythonpath.dsv'
[15.588s] [34mcolcon.colcon_core.shell[0m [1;30mINFO[0m Creating environment hook '/home/tknika/gral-iiriondo-main/unitree_ws/install/mapping_configuration/share/mapping_configuration/hook/pythonpath.sh'
[15.591s] [34mcolcon.colcon_core.environment[0m [1;30mLevel 1[0m checking '/home/tknika/gral-iiriondo-main/unitree_ws/install/mapping_configuration/bin'
[15.593s] [34mcolcon.colcon_core.environment[0m [1;30mLevel 1[0m create_environment_scripts_only(mapping_configuration)
[15.594s] [34mcolcon.colcon_core.shell[0m [1;30mINFO[0m Creating package script '/home/tknika/gral-iiriondo-main/unitree_ws/install/mapping_configuration/share/mapping_configuration/package.ps1'
[15.603s] [34mcolcon.colcon_core.shell[0m [1;30mINFO[0m Creating package descriptor '/home/tknika/gral-iiriondo-main/unitree_ws/install/mapping_configuration/share/mapping_configuration/package.dsv'
[15.624s] [34mcolcon.colcon_core.shell[0m [1;30mINFO[0m Creating package script '/home/tknika/gral-iiriondo-main/unitree_ws/install/mapping_configuration/share/mapping_configuration/package.sh'
[15.627s] [34mcolcon.colcon_core.shell[0m [1;30mINFO[0m Creating package script '/home/tknika/gral-iiriondo-main/unitree_ws/install/mapping_configuration/share/mapping_configuration/package.bash'
[15.631s] [34mcolcon.colcon_core.shell[0m [1;30mINFO[0m Creating package script '/home/tknika/gral-iiriondo-main/unitree_ws/install/mapping_configuration/share/mapping_configuration/package.zsh'
[15.650s] [34mcolcon.colcon_core.environment[0m [1;30mLevel 1[0m create_file_with_runtime_dependencies(/home/tknika/gral-iiriondo-main/unitree_ws/install/mapping_configuration/share/colcon-core/packages/mapping_configuration)
[15.665s] [34mcolcon.colcon_core.shell[0m [1;30mLevel 1[0m create_environment_hook('standing_mode', 'pythonpath_develop')
[15.666s] [34mcolcon.colcon_core.shell[0m [1;30mINFO[0m Creating environment hook '/home/tknika/gral-iiriondo-main/unitree_ws/build/standing_mode/share/standing_mode/hook/pythonpath_develop.ps1'
[15.669s] [34mcolcon.colcon_core.event_handler.log_command[0m [1;30mDEBUG[0m [32mInvoked command in '/home/tknika/gral-iiriondo-main/unitree_ws/build/standing_mode' returned '0': PS1=\[\e]0;\u@\h: \w\a\]${debian_chroot:+($debian_chroot)}\[\033[01;32m\]\u@\h\[\033[00m\]:\[\033[01;34m\]\w\[\033[00m\]\$ PYTHONPATH=/home/tknika/gral-iiriondo-main/unitree_ws/build/standing_mode/prefix_override:/usr/lib/python3/dist-packages/colcon_core/task/python/colcon_distutils_commands:/home/tknika/gral-iiriondo-main/unitree_ws/install/standing_mode/lib/python3.10/site-packages:${PYTHONPATH} VIRTUAL_ENV_PROMPT=(unitree_env) /usr/bin/python3 -W ignore:setup.py install is deprecated -W ignore:easy_install command is deprecated setup.py develop --editable --build-directory /home/tknika/gral-iiriondo-main/unitree_ws/build/standing_mode/build --no-deps symlink_data[0m
[15.669s] [34mcolcon.colcon_core.shell[0m [1;30mINFO[0m Creating environment descriptor '/home/tknika/gral-iiriondo-main/unitree_ws/build/standing_mode/share/standing_mode/hook/pythonpath_develop.dsv'
[15.672s] [34mcolcon.colcon_core.shell[0m [1;30mINFO[0m Creating environment hook '/home/tknika/gral-iiriondo-main/unitree_ws/build/standing_mode/share/standing_mode/hook/pythonpath_develop.sh'
[15.674s] [34mcolcon.colcon_core.environment[0m [1;30mLevel 1[0m checking '/home/tknika/gral-iiriondo-main/unitree_ws/install/standing_mode' for CMake module files
[15.675s] [34mcolcon.colcon_core.environment[0m [1;30mLevel 1[0m checking '/home/tknika/gral-iiriondo-main/unitree_ws/install/standing_mode' for CMake config files
[15.677s] [34mcolcon.colcon_core.environment[0m [1;30mLevel 1[0m checking '/home/tknika/gral-iiriondo-main/unitree_ws/install/standing_mode/lib'
[15.677s] [34mcolcon.colcon_core.environment[0m [1;30mLevel 1[0m checking '/home/tknika/gral-iiriondo-main/unitree_ws/install/standing_mode/bin'
[15.684s] [34mcolcon.colcon_core.environment[0m [1;30mLevel 1[0m checking '/home/tknika/gral-iiriondo-main/unitree_ws/install/standing_mode/lib/pkgconfig/standing_mode.pc'
[15.685s] [34mcolcon.colcon_core.environment[0m [1;30mLevel 1[0m checking '/home/tknika/gral-iiriondo-main/unitree_ws/install/standing_mode/lib/python3.10/site-packages'
[15.686s] [34mcolcon.colcon_core.shell[0m [1;30mLevel 1[0m create_environment_hook('standing_mode', 'pythonpath')
[15.687s] [34mcolcon.colcon_core.shell[0m [1;30mINFO[0m Creating environment hook '/home/tknika/gral-iiriondo-main/unitree_ws/install/standing_mode/share/standing_mode/hook/pythonpath.ps1'
[15.689s] [34mcolcon.colcon_core.shell[0m [1;30mINFO[0m Creating environment descriptor '/home/tknika/gral-iiriondo-main/unitree_ws/install/standing_mode/share/standing_mode/hook/pythonpath.dsv'
[15.691s] [34mcolcon.colcon_core.shell[0m [1;30mINFO[0m Creating environment hook '/home/tknika/gral-iiriondo-main/unitree_ws/install/standing_mode/share/standing_mode/hook/pythonpath.sh'
[15.697s] [34mcolcon.colcon_core.environment[0m [1;30mLevel 1[0m checking '/home/tknika/gral-iiriondo-main/unitree_ws/install/standing_mode/bin'
[15.697s] [34mcolcon.colcon_core.environment[0m [1;30mLevel 1[0m create_environment_scripts_only(standing_mode)
[15.704s] [34mcolcon.colcon_core.shell[0m [1;30mINFO[0m Creating package script '/home/tknika/gral-iiriondo-main/unitree_ws/install/standing_mode/share/standing_mode/package.ps1'
[15.707s] [34mcolcon.colcon_core.shell[0m [1;30mINFO[0m Creating package descriptor '/home/tknika/gral-iiriondo-main/unitree_ws/install/standing_mode/share/standing_mode/package.dsv'
[15.711s] [34mcolcon.colcon_core.shell[0m [1;30mINFO[0m Creating package script '/home/tknika/gral-iiriondo-main/unitree_ws/install/standing_mode/share/standing_mode/package.sh'
[15.720s] [34mcolcon.colcon_core.shell[0m [1;30mINFO[0m Creating package script '/home/tknika/gral-iiriondo-main/unitree_ws/install/standing_mode/share/standing_mode/package.bash'
[15.730s] [34mcolcon.colcon_core.shell[0m [1;30mINFO[0m Creating package script '/home/tknika/gral-iiriondo-main/unitree_ws/install/standing_mode/share/standing_mode/package.zsh'
[15.731s] [34mcolcon.colcon_core.environment[0m [1;30mLevel 1[0m create_file_with_runtime_dependencies(/home/tknika/gral-iiriondo-main/unitree_ws/install/standing_mode/share/colcon-core/packages/standing_mode)
[15.737s] [34mcolcon.colcon_core.shell[0m [1;30mLevel 1[0m create_environment_hook('go1_description', 'pythonpath_develop')
[15.738s] [34mcolcon.colcon_core.event_handler.log_command[0m [1;30mDEBUG[0m [32mInvoked command in '/home/tknika/gral-iiriondo-main/unitree_ws/build/go1_description' returned '0': PS1=\[\e]0;\u@\h: \w\a\]${debian_chroot:+($debian_chroot)}\[\033[01;32m\]\u@\h\[\033[00m\]:\[\033[01;34m\]\w\[\033[00m\]\$ PYTHONPATH=/home/tknika/gral-iiriondo-main/unitree_ws/build/go1_description/prefix_override:/usr/lib/python3/dist-packages/colcon_core/task/python/colcon_distutils_commands:/home/tknika/gral-iiriondo-main/unitree_ws/install/go1_description/lib/python3.10/site-packages:${PYTHONPATH} VIRTUAL_ENV_PROMPT=(unitree_env) /usr/bin/python3 -W ignore:setup.py install is deprecated -W ignore:easy_install command is deprecated setup.py develop --editable --build-directory /home/tknika/gral-iiriondo-main/unitree_ws/build/go1_description/build --no-deps symlink_data[0m
[15.739s] [34mcolcon.colcon_core.shell[0m [1;30mINFO[0m Creating environment hook '/home/tknika/gral-iiriondo-main/unitree_ws/build/go1_description/share/go1_description/hook/pythonpath_develop.ps1'
[15.742s] [34mcolcon.colcon_core.shell[0m [1;30mINFO[0m Creating environment descriptor '/home/tknika/gral-iiriondo-main/unitree_ws/build/go1_description/share/go1_description/hook/pythonpath_develop.dsv'
[15.744s] [34mcolcon.colcon_core.shell[0m [1;30mINFO[0m Creating environment hook '/home/tknika/gral-iiriondo-main/unitree_ws/build/go1_description/share/go1_description/hook/pythonpath_develop.sh'
[15.746s] [34mcolcon.colcon_core.environment[0m [1;30mLevel 1[0m checking '/home/tknika/gral-iiriondo-main/unitree_ws/install/go1_description' for CMake module files
[15.756s] [34mcolcon.colcon_core.environment[0m [1;30mLevel 1[0m checking '/home/tknika/gral-iiriondo-main/unitree_ws/install/go1_description' for CMake config files
[15.758s] [34mcolcon.colcon_core.environment[0m [1;30mLevel 1[0m checking '/home/tknika/gral-iiriondo-main/unitree_ws/install/go1_description/lib'
[15.758s] [34mcolcon.colcon_core.environment[0m [1;30mLevel 1[0m checking '/home/tknika/gral-iiriondo-main/unitree_ws/install/go1_description/bin'
[15.759s] [34mcolcon.colcon_core.environment[0m [1;30mLevel 1[0m checking '/home/tknika/gral-iiriondo-main/unitree_ws/install/go1_description/lib/pkgconfig/go1_description.pc'
[15.759s] [34mcolcon.colcon_core.environment[0m [1;30mLevel 1[0m checking '/home/tknika/gral-iiriondo-main/unitree_ws/install/go1_description/lib/python3.10/site-packages'
[15.760s] [34mcolcon.colcon_core.shell[0m [1;30mLevel 1[0m create_environment_hook('go1_description', 'pythonpath')
[15.761s] [34mcolcon.colcon_core.shell[0m [1;30mINFO[0m Creating environment hook '/home/tknika/gral-iiriondo-main/unitree_ws/install/go1_description/share/go1_description/hook/pythonpath.ps1'
[15.762s] [34mcolcon.colcon_core.shell[0m [1;30mINFO[0m Creating environment descriptor '/home/tknika/gral-iiriondo-main/unitree_ws/install/go1_description/share/go1_description/hook/pythonpath.dsv'
[15.765s] [34mcolcon.colcon_core.shell[0m [1;30mINFO[0m Creating environment hook '/home/tknika/gral-iiriondo-main/unitree_ws/install/go1_description/share/go1_description/hook/pythonpath.sh'
[15.773s] [34mcolcon.colcon_core.environment[0m [1;30mLevel 1[0m checking '/home/tknika/gral-iiriondo-main/unitree_ws/install/go1_description/bin'
[15.773s] [34mcolcon.colcon_core.environment[0m [1;30mLevel 1[0m create_environment_scripts_only(go1_description)
[15.774s] [34mcolcon.colcon_core.shell[0m [1;30mINFO[0m Creating package script '/home/tknika/gral-iiriondo-main/unitree_ws/install/go1_description/share/go1_description/package.ps1'
[15.777s] [34mcolcon.colcon_core.shell[0m [1;30mINFO[0m Creating package descriptor '/home/tknika/gral-iiriondo-main/unitree_ws/install/go1_description/share/go1_description/package.dsv'
[15.784s] [34mcolcon.colcon_core.shell[0m [1;30mINFO[0m Creating package script '/home/tknika/gral-iiriondo-main/unitree_ws/install/go1_description/share/go1_description/package.sh'
[15.785s] [34mcolcon.colcon_core.shell[0m [1;30mINFO[0m Creating package script '/home/tknika/gral-iiriondo-main/unitree_ws/install/go1_description/share/go1_description/package.bash'
[15.798s] [34mcolcon.colcon_core.shell[0m [1;30mINFO[0m Creating package script '/home/tknika/gral-iiriondo-main/unitree_ws/install/go1_description/share/go1_description/package.zsh'
[15.799s] [34mcolcon.colcon_core.environment[0m [1;30mLevel 1[0m create_file_with_runtime_dependencies(/home/tknika/gral-iiriondo-main/unitree_ws/install/go1_description/share/colcon-core/packages/go1_description)
[16.047s] [34mcolcon.colcon_core.shell[0m [1;30mLevel 1[0m create_environment_hook('asr', 'pythonpath_develop')
[16.048s] [34mcolcon.colcon_core.shell[0m [1;30mINFO[0m Creating environment hook '/home/tknika/gral-iiriondo-main/unitree_ws/build/asr/share/asr/hook/pythonpath_develop.ps1'
[16.050s] [34mcolcon.colcon_core.shell[0m [1;30mINFO[0m Creating environment descriptor '/home/tknika/gral-iiriondo-main/unitree_ws/build/asr/share/asr/hook/pythonpath_develop.dsv'
[16.051s] [34mcolcon.colcon_core.shell[0m [1;30mINFO[0m Creating environment hook '/home/tknika/gral-iiriondo-main/unitree_ws/build/asr/share/asr/hook/pythonpath_develop.sh'
[16.053s] [34mcolcon.colcon_core.environment[0m [1;30mLevel 1[0m checking '/home/tknika/gral-iiriondo-main/unitree_ws/install/asr' for CMake module files
[16.053s] [34mcolcon.colcon_core.event_handler.log_command[0m [1;30mDEBUG[0m [32mInvoked command in '/home/tknika/gral-iiriondo-main/unitree_ws/build/asr' returned '0': PS1=\[\e]0;\u@\h: \w\a\]${debian_chroot:+($debian_chroot)}\[\033[01;32m\]\u@\h\[\033[00m\]:\[\033[01;34m\]\w\[\033[00m\]\$ PYTHONPATH=/home/tknika/gral-iiriondo-main/unitree_ws/build/asr/prefix_override:/usr/lib/python3/dist-packages/colcon_core/task/python/colcon_distutils_commands:/home/tknika/gral-iiriondo-main/unitree_ws/install/asr/lib/python3.10/site-packages:${PYTHONPATH} VIRTUAL_ENV_PROMPT=(unitree_env) /usr/bin/python3 -W ignore:setup.py install is deprecated -W ignore:easy_install command is deprecated setup.py develop --editable --build-directory /home/tknika/gral-iiriondo-main/unitree_ws/build/asr/build --no-deps symlink_data[0m
[16.055s] [34mcolcon.colcon_core.environment[0m [1;30mLevel 1[0m checking '/home/tknika/gral-iiriondo-main/unitree_ws/install/asr' for CMake config files
[16.057s] [34mcolcon.colcon_core.environment[0m [1;30mLevel 1[0m checking '/home/tknika/gral-iiriondo-main/unitree_ws/install/asr/lib'
[16.057s] [34mcolcon.colcon_core.environment[0m [1;30mLevel 1[0m checking '/home/tknika/gral-iiriondo-main/unitree_ws/install/asr/bin'
[16.058s] [34mcolcon.colcon_core.environment[0m [1;30mLevel 1[0m checking '/home/tknika/gral-iiriondo-main/unitree_ws/install/asr/lib/pkgconfig/asr.pc'
[16.058s] [34mcolcon.colcon_core.environment[0m [1;30mLevel 1[0m checking '/home/tknika/gral-iiriondo-main/unitree_ws/install/asr/lib/python3.10/site-packages'
[16.059s] [34mcolcon.colcon_core.shell[0m [1;30mLevel 1[0m create_environment_hook('asr', 'pythonpath')
[16.059s] [34mcolcon.colcon_core.shell[0m [1;30mINFO[0m Creating environment hook '/home/tknika/gral-iiriondo-main/unitree_ws/install/asr/share/asr/hook/pythonpath.ps1'
[16.061s] [34mcolcon.colcon_core.shell[0m [1;30mINFO[0m Creating environment descriptor '/home/tknika/gral-iiriondo-main/unitree_ws/install/asr/share/asr/hook/pythonpath.dsv'
[16.062s] [34mcolcon.colcon_core.shell[0m [1;30mINFO[0m Creating environment hook '/home/tknika/gral-iiriondo-main/unitree_ws/install/asr/share/asr/hook/pythonpath.sh'
[16.064s] [34mcolcon.colcon_core.environment[0m [1;30mLevel 1[0m checking '/home/tknika/gral-iiriondo-main/unitree_ws/install/asr/bin'
[16.064s] [34mcolcon.colcon_core.environment[0m [1;30mLevel 1[0m create_environment_scripts_only(asr)
[16.065s] [34mcolcon.colcon_core.shell[0m [1;30mINFO[0m Creating package script '/home/tknika/gral-iiriondo-main/unitree_ws/install/asr/share/asr/package.ps1'
[16.067s] [34mcolcon.colcon_core.shell[0m [1;30mINFO[0m Creating package descriptor '/home/tknika/gral-iiriondo-main/unitree_ws/install/asr/share/asr/package.dsv'
[16.069s] [34mcolcon.colcon_core.shell[0m [1;30mINFO[0m Creating package script '/home/tknika/gral-iiriondo-main/unitree_ws/install/asr/share/asr/package.sh'
[16.070s] [34mcolcon.colcon_core.shell[0m [1;30mINFO[0m Creating package script '/home/tknika/gral-iiriondo-main/unitree_ws/install/asr/share/asr/package.bash'
[16.072s] [34mcolcon.colcon_core.shell[0m [1;30mINFO[0m Creating package script '/home/tknika/gral-iiriondo-main/unitree_ws/install/asr/share/asr/package.zsh'
[16.073s] [34mcolcon.colcon_core.environment[0m [1;30mLevel 1[0m create_file_with_runtime_dependencies(/home/tknika/gral-iiriondo-main/unitree_ws/install/asr/share/colcon-core/packages/asr)
[19.069s] [34mcolcon.colcon_core.event_handler.log_command[0m [1;30mDEBUG[0m [32mInvoked command in '/home/tknika/gral-iiriondo-main/unitree_ws/build/object_recognition_interfaces' returned '0': CMAKE_PREFIX_PATH=${CMAKE_PREFIX_PATH}:/home/tknika/gral-iiriondo-main/unitree_ws/install/standing_mode:/home/tknika/gral-iiriondo-main/unitree_ws/install/speech_to_goal:/home/tknika/gral-iiriondo-main/unitree_ws/install/object_recognition:/home/tknika/gral-iiriondo-main/unitree_ws/install/mapping_configuration:/home/tknika/gral-iiriondo-main/unitree_ws/install/go1_description:/home/tknika/gral-iiriondo-main/unitree_ws/install/asr:/home/tknika/gral-iiriondo-main/unitree_ws/install/aruco_detector:/opt/ros/humble PS1=\[\e]0;\u@\h: \w\a\]${debian_chroot:+($debian_chroot)}\[\033[01;32m\]\u@\h\[\033[00m\]:\[\033[01;34m\]\w\[\033[00m\]\$ VIRTUAL_ENV_PROMPT=(unitree_env) /usr/bin/cmake --build /home/tknika/gral-iiriondo-main/unitree_ws/build/object_recognition_interfaces -- -j8 -l8[0m
[19.089s] [34mcolcon.colcon_core.event_handler.log_command[0m [1;30mDEBUG[0m [32mInvoking command in '/home/tknika/gral-iiriondo-main/unitree_ws/build/object_recognition_interfaces': CMAKE_PREFIX_PATH=${CMAKE_PREFIX_PATH}:/home/tknika/gral-iiriondo-main/unitree_ws/install/standing_mode:/home/tknika/gral-iiriondo-main/unitree_ws/install/speech_to_goal:/home/tknika/gral-iiriondo-main/unitree_ws/install/object_recognition:/home/tknika/gral-iiriondo-main/unitree_ws/install/mapping_configuration:/home/tknika/gral-iiriondo-main/unitree_ws/install/go1_description:/home/tknika/gral-iiriondo-main/unitree_ws/install/asr:/home/tknika/gral-iiriondo-main/unitree_ws/install/aruco_detector:/opt/ros/humble PS1=\[\e]0;\u@\h: \w\a\]${debian_chroot:+($debian_chroot)}\[\033[01;32m\]\u@\h\[\033[00m\]:\[\033[01;34m\]\w\[\033[00m\]\$ VIRTUAL_ENV_PROMPT=(unitree_env) /usr/bin/cmake --install /home/tknika/gral-iiriondo-main/unitree_ws/build/object_recognition_interfaces[0m
[19.817s] [34mcolcon.colcon_core.event_handler.log_command[0m [1;30mDEBUG[0m [32mInvoked command in '/home/tknika/gral-iiriondo-main/unitree_ws/build/aruco_markers_msgs' returned '0': CMAKE_PREFIX_PATH=${CMAKE_PREFIX_PATH}:/home/tknika/gral-iiriondo-main/unitree_ws/install/standing_mode:/home/tknika/gral-iiriondo-main/unitree_ws/install/speech_to_goal:/home/tknika/gral-iiriondo-main/unitree_ws/install/object_recognition:/home/tknika/gral-iiriondo-main/unitree_ws/install/mapping_configuration:/home/tknika/gral-iiriondo-main/unitree_ws/install/go1_description:/home/tknika/gral-iiriondo-main/unitree_ws/install/asr:/home/tknika/gral-iiriondo-main/unitree_ws/install/aruco_detector:/opt/ros/humble PS1=\[\e]0;\u@\h: \w\a\]${debian_chroot:+($debian_chroot)}\[\033[01;32m\]\u@\h\[\033[00m\]:\[\033[01;34m\]\w\[\033[00m\]\$ VIRTUAL_ENV_PROMPT=(unitree_env) /usr/bin/cmake --build /home/tknika/gral-iiriondo-main/unitree_ws/build/aruco_markers_msgs -- -j8 -l8[0m
[19.821s] [34mcolcon.colcon_core.event_handler.log_command[0m [1;30mDEBUG[0m [32mInvoking command in '/home/tknika/gral-iiriondo-main/unitree_ws/build/aruco_markers_msgs': CMAKE_PREFIX_PATH=${CMAKE_PREFIX_PATH}:/home/tknika/gral-iiriondo-main/unitree_ws/install/standing_mode:/home/tknika/gral-iiriondo-main/unitree_ws/install/speech_to_goal:/home/tknika/gral-iiriondo-main/unitree_ws/install/object_recognition:/home/tknika/gral-iiriondo-main/unitree_ws/install/mapping_configuration:/home/tknika/gral-iiriondo-main/unitree_ws/install/go1_description:/home/tknika/gral-iiriondo-main/unitree_ws/install/asr:/home/tknika/gral-iiriondo-main/unitree_ws/install/aruco_detector:/opt/ros/humble PS1=\[\e]0;\u@\h: \w\a\]${debian_chroot:+($debian_chroot)}\[\033[01;32m\]\u@\h\[\033[00m\]:\[\033[01;34m\]\w\[\033[00m\]\$ VIRTUAL_ENV_PROMPT=(unitree_env) /usr/bin/cmake --install /home/tknika/gral-iiriondo-main/unitree_ws/build/aruco_markers_msgs[0m
[20.206s] [34mcolcon.colcon_core.event_handler.log_command[0m [1;30mDEBUG[0m [32mInvoked command in '/home/tknika/gral-iiriondo-main/unitree_ws/build/speech_to_goal_interfaces' returned '0': CMAKE_PREFIX_PATH=${CMAKE_PREFIX_PATH}:/home/tknika/gral-iiriondo-main/unitree_ws/install/standing_mode:/home/tknika/gral-iiriondo-main/unitree_ws/install/speech_to_goal:/home/tknika/gral-iiriondo-main/unitree_ws/install/object_recognition:/home/tknika/gral-iiriondo-main/unitree_ws/install/mapping_configuration:/home/tknika/gral-iiriondo-main/unitree_ws/install/go1_description:/home/tknika/gral-iiriondo-main/unitree_ws/install/asr:/home/tknika/gral-iiriondo-main/unitree_ws/install/aruco_detector:/opt/ros/humble PS1=\[\e]0;\u@\h: \w\a\]${debian_chroot:+($debian_chroot)}\[\033[01;32m\]\u@\h\[\033[00m\]:\[\033[01;34m\]\w\[\033[00m\]\$ VIRTUAL_ENV_PROMPT=(unitree_env) /usr/bin/cmake --build /home/tknika/gral-iiriondo-main/unitree_ws/build/speech_to_goal_interfaces -- -j8 -l8[0m
[20.210s] [34mcolcon.colcon_core.event_handler.log_command[0m [1;30mDEBUG[0m [32mInvoking command in '/home/tknika/gral-iiriondo-main/unitree_ws/build/speech_to_goal_interfaces': CMAKE_PREFIX_PATH=${CMAKE_PREFIX_PATH}:/home/tknika/gral-iiriondo-main/unitree_ws/install/standing_mode:/home/tknika/gral-iiriondo-main/unitree_ws/install/speech_to_goal:/home/tknika/gral-iiriondo-main/unitree_ws/install/object_recognition:/home/tknika/gral-iiriondo-main/unitree_ws/install/mapping_configuration:/home/tknika/gral-iiriondo-main/unitree_ws/install/go1_description:/home/tknika/gral-iiriondo-main/unitree_ws/install/asr:/home/tknika/gral-iiriondo-main/unitree_ws/install/aruco_detector:/opt/ros/humble PS1=\[\e]0;\u@\h: \w\a\]${debian_chroot:+($debian_chroot)}\[\033[01;32m\]\u@\h\[\033[00m\]:\[\033[01;34m\]\w\[\033[00m\]\$ VIRTUAL_ENV_PROMPT=(unitree_env) /usr/bin/cmake --install /home/tknika/gral-iiriondo-main/unitree_ws/build/speech_to_goal_interfaces[0m
[20.758s] [34mcolcon.colcon_core.environment[0m [1;30mLevel 1[0m create_environment_scripts_only(object_recognition_interfaces)
[20.758s] [34mcolcon.colcon_core.environment[0m [1;30mLevel 1[0m checking '/home/tknika/gral-iiriondo-main/unitree_ws/install/object_recognition_interfaces' for CMake module files
[20.760s] [34mcolcon.colcon_core.event_handler.log_command[0m [1;30mDEBUG[0m [32mInvoked command in '/home/tknika/gral-iiriondo-main/unitree_ws/build/object_recognition_interfaces' returned '0': CMAKE_PREFIX_PATH=${CMAKE_PREFIX_PATH}:/home/tknika/gral-iiriondo-main/unitree_ws/install/standing_mode:/home/tknika/gral-iiriondo-main/unitree_ws/install/speech_to_goal:/home/tknika/gral-iiriondo-main/unitree_ws/install/object_recognition:/home/tknika/gral-iiriondo-main/unitree_ws/install/mapping_configuration:/home/tknika/gral-iiriondo-main/unitree_ws/install/go1_description:/home/tknika/gral-iiriondo-main/unitree_ws/install/asr:/home/tknika/gral-iiriondo-main/unitree_ws/install/aruco_detector:/opt/ros/humble PS1=\[\e]0;\u@\h: \w\a\]${debian_chroot:+($debian_chroot)}\[\033[01;32m\]\u@\h\[\033[00m\]:\[\033[01;34m\]\w\[\033[00m\]\$ VIRTUAL_ENV_PROMPT=(unitree_env) /usr/bin/cmake --install /home/tknika/gral-iiriondo-main/unitree_ws/build/object_recognition_interfaces[0m
[20.761s] [34mcolcon.colcon_core.environment[0m [1;30mLevel 1[0m checking '/home/tknika/gral-iiriondo-main/unitree_ws/install/object_recognition_interfaces' for CMake config files
[20.762s] [34mcolcon.colcon_core.shell[0m [1;30mLevel 1[0m create_environment_hook('object_recognition_interfaces', 'cmake_prefix_path')
[20.763s] [34mcolcon.colcon_core.shell[0m [1;30mINFO[0m Creating environment hook '/home/tknika/gral-iiriondo-main/unitree_ws/install/object_recognition_interfaces/share/object_recognition_interfaces/hook/cmake_prefix_path.ps1'
[20.764s] [34mcolcon.colcon_core.shell[0m [1;30mINFO[0m Creating environment descriptor '/home/tknika/gral-iiriondo-main/unitree_ws/install/object_recognition_interfaces/share/object_recognition_interfaces/hook/cmake_prefix_path.dsv'
[20.765s] [34mcolcon.colcon_core.shell[0m [1;30mINFO[0m Creating environment hook '/home/tknika/gral-iiriondo-main/unitree_ws/install/object_recognition_interfaces/share/object_recognition_interfaces/hook/cmake_prefix_path.sh'
[20.767s] [34mcolcon.colcon_core.environment[0m [1;30mLevel 1[0m checking '/home/tknika/gral-iiriondo-main/unitree_ws/install/object_recognition_interfaces/lib'
[20.768s] [34mcolcon.colcon_core.shell[0m [1;30mLevel 1[0m create_environment_hook('object_recognition_interfaces', 'ld_library_path_lib')
[20.768s] [34mcolcon.colcon_core.shell[0m [1;30mINFO[0m Creating environment hook '/home/tknika/gral-iiriondo-main/unitree_ws/install/object_recognition_interfaces/share/object_recognition_interfaces/hook/ld_library_path_lib.ps1'
[20.769s] [34mcolcon.colcon_core.shell[0m [1;30mINFO[0m Creating environment descriptor '/home/tknika/gral-iiriondo-main/unitree_ws/install/object_recognition_interfaces/share/object_recognition_interfaces/hook/ld_library_path_lib.dsv'
[20.770s] [34mcolcon.colcon_core.shell[0m [1;30mINFO[0m Creating environment hook '/home/tknika/gral-iiriondo-main/unitree_ws/install/object_recognition_interfaces/share/object_recognition_interfaces/hook/ld_library_path_lib.sh'
[20.771s] [34mcolcon.colcon_core.environment[0m [1;30mLevel 1[0m checking '/home/tknika/gral-iiriondo-main/unitree_ws/install/object_recognition_interfaces/bin'
[20.771s] [34mcolcon.colcon_core.environment[0m [1;30mLevel 1[0m checking '/home/tknika/gral-iiriondo-main/unitree_ws/install/object_recognition_interfaces/lib/pkgconfig/object_recognition_interfaces.pc'
[20.771s] [34mcolcon.colcon_core.environment[0m [1;30mLevel 1[0m checking '/home/tknika/gral-iiriondo-main/unitree_ws/install/object_recognition_interfaces/lib/python3.10/site-packages'
[20.772s] [34mcolcon.colcon_core.environment[0m [1;30mLevel 1[0m checking '/home/tknika/gral-iiriondo-main/unitree_ws/install/object_recognition_interfaces/bin'
[20.773s] [34mcolcon.colcon_core.shell[0m [1;30mINFO[0m Creating package script '/home/tknika/gral-iiriondo-main/unitree_ws/install/object_recognition_interfaces/share/object_recognition_interfaces/package.ps1'
[20.774s] [34mcolcon.colcon_core.shell[0m [1;30mINFO[0m Creating package descriptor '/home/tknika/gral-iiriondo-main/unitree_ws/install/object_recognition_interfaces/share/object_recognition_interfaces/package.dsv'
[20.775s] [34mcolcon.colcon_core.shell[0m [1;30mINFO[0m Creating package script '/home/tknika/gral-iiriondo-main/unitree_ws/install/object_recognition_interfaces/share/object_recognition_interfaces/package.sh'
[20.776s] [34mcolcon.colcon_core.shell[0m [1;30mINFO[0m Creating package script '/home/tknika/gral-iiriondo-main/unitree_ws/install/object_recognition_interfaces/share/object_recognition_interfaces/package.bash'
[20.777s] [34mcolcon.colcon_core.shell[0m [1;30mINFO[0m Creating package script '/home/tknika/gral-iiriondo-main/unitree_ws/install/object_recognition_interfaces/share/object_recognition_interfaces/package.zsh'
[20.777s] [34mcolcon.colcon_core.environment[0m [1;30mLevel 1[0m create_file_with_runtime_dependencies(/home/tknika/gral-iiriondo-main/unitree_ws/install/object_recognition_interfaces/share/colcon-core/packages/object_recognition_interfaces)
[20.779s] [34mcolcon.colcon_core.environment[0m [1;30mLevel 1[0m create_environment_scripts_only(object_recognition_interfaces)
[20.779s] [34mcolcon.colcon_core.environment[0m [1;30mLevel 1[0m checking '/home/tknika/gral-iiriondo-main/unitree_ws/install/object_recognition_interfaces' for CMake module files
[20.780s] [34mcolcon.colcon_core.environment[0m [1;30mLevel 1[0m checking '/home/tknika/gral-iiriondo-main/unitree_ws/install/object_recognition_interfaces' for CMake config files
[20.781s] [34mcolcon.colcon_core.shell[0m [1;30mLevel 1[0m create_environment_hook('object_recognition_interfaces', 'cmake_prefix_path')
[20.782s] [34mcolcon.colcon_core.shell[0m [1;30mINFO[0m Creating environment hook '/home/tknika/gral-iiriondo-main/unitree_ws/install/object_recognition_interfaces/share/object_recognition_interfaces/hook/cmake_prefix_path.ps1'
[20.784s] [34mcolcon.colcon_core.shell[0m [1;30mINFO[0m Creating environment descriptor '/home/tknika/gral-iiriondo-main/unitree_ws/install/object_recognition_interfaces/share/object_recognition_interfaces/hook/cmake_prefix_path.dsv'
[20.785s] [34mcolcon.colcon_core.shell[0m [1;30mINFO[0m Creating environment hook '/home/tknika/gral-iiriondo-main/unitree_ws/install/object_recognition_interfaces/share/object_recognition_interfaces/hook/cmake_prefix_path.sh'
[20.786s] [34mcolcon.colcon_core.environment[0m [1;30mLevel 1[0m checking '/home/tknika/gral-iiriondo-main/unitree_ws/install/object_recognition_interfaces/lib'
[20.786s] [34mcolcon.colcon_core.shell[0m [1;30mLevel 1[0m create_environment_hook('object_recognition_interfaces', 'ld_library_path_lib')
[20.787s] [34mcolcon.colcon_core.shell[0m [1;30mINFO[0m Creating environment hook '/home/tknika/gral-iiriondo-main/unitree_ws/install/object_recognition_interfaces/share/object_recognition_interfaces/hook/ld_library_path_lib.ps1'
[20.788s] [34mcolcon.colcon_core.shell[0m [1;30mINFO[0m Creating environment descriptor '/home/tknika/gral-iiriondo-main/unitree_ws/install/object_recognition_interfaces/share/object_recognition_interfaces/hook/ld_library_path_lib.dsv'
[20.789s] [34mcolcon.colcon_core.shell[0m [1;30mINFO[0m Creating environment hook '/home/tknika/gral-iiriondo-main/unitree_ws/install/object_recognition_interfaces/share/object_recognition_interfaces/hook/ld_library_path_lib.sh'
[20.789s] [34mcolcon.colcon_core.environment[0m [1;30mLevel 1[0m checking '/home/tknika/gral-iiriondo-main/unitree_ws/install/object_recognition_interfaces/bin'
[20.789s] [34mcolcon.colcon_core.environment[0m [1;30mLevel 1[0m checking '/home/tknika/gral-iiriondo-main/unitree_ws/install/object_recognition_interfaces/lib/pkgconfig/object_recognition_interfaces.pc'
[20.790s] [34mcolcon.colcon_core.environment[0m [1;30mLevel 1[0m checking '/home/tknika/gral-iiriondo-main/unitree_ws/install/object_recognition_interfaces/lib/python3.10/site-packages'
[20.791s] [34mcolcon.colcon_core.environment[0m [1;30mLevel 1[0m checking '/home/tknika/gral-iiriondo-main/unitree_ws/install/object_recognition_interfaces/bin'
[20.791s] [34mcolcon.colcon_core.shell[0m [1;30mINFO[0m Creating package script '/home/tknika/gral-iiriondo-main/unitree_ws/install/object_recognition_interfaces/share/object_recognition_interfaces/package.ps1'
[20.793s] [34mcolcon.colcon_core.shell[0m [1;30mINFO[0m Creating package descriptor '/home/tknika/gral-iiriondo-main/unitree_ws/install/object_recognition_interfaces/share/object_recognition_interfaces/package.dsv'
[20.794s] [34mcolcon.colcon_core.shell[0m [1;30mINFO[0m Creating package script '/home/tknika/gral-iiriondo-main/unitree_ws/install/object_recognition_interfaces/share/object_recognition_interfaces/package.sh'
[20.795s] [34mcolcon.colcon_core.shell[0m [1;30mINFO[0m Creating package script '/home/tknika/gral-iiriondo-main/unitree_ws/install/object_recognition_interfaces/share/object_recognition_interfaces/package.bash'
[20.795s] [34mcolcon.colcon_core.shell[0m [1;30mINFO[0m Creating package script '/home/tknika/gral-iiriondo-main/unitree_ws/install/object_recognition_interfaces/share/object_recognition_interfaces/package.zsh'
[20.796s] [34mcolcon.colcon_core.environment[0m [1;30mLevel 1[0m create_file_with_runtime_dependencies(/home/tknika/gral-iiriondo-main/unitree_ws/install/object_recognition_interfaces/share/colcon-core/packages/object_recognition_interfaces)
[20.797s] [34mcolcon.colcon_ros.task.ament_python.build[0m [1;30mINFO[0m Building ROS package in '/home/tknika/gral-iiriondo-main/unitree_ws/src/object_recognition' with build type 'ament_python'
[20.797s] [34mcolcon.colcon_core.shell[0m [1;30mLevel 1[0m create_environment_hook('object_recognition', 'ament_prefix_path')
[20.798s] [34mcolcon.colcon_core.shell[0m [1;30mINFO[0m Creating environment hook '/home/tknika/gral-iiriondo-main/unitree_ws/install/object_recognition/share/object_recognition/hook/ament_prefix_path.ps1'
[20.800s] [34mcolcon.colcon_core.shell[0m [1;30mINFO[0m Creating environment descriptor '/home/tknika/gral-iiriondo-main/unitree_ws/install/object_recognition/share/object_recognition/hook/ament_prefix_path.dsv'
[20.801s] [34mcolcon.colcon_core.shell[0m [1;30mINFO[0m Creating environment hook '/home/tknika/gral-iiriondo-main/unitree_ws/install/object_recognition/share/object_recognition/hook/ament_prefix_path.sh'
[20.802s] [34mcolcon.colcon_core.shell[0m [1;30mINFO[0m Skip shell extension 'powershell' for command environment: Not usable outside of PowerShell
[20.802s] [34mcolcon.colcon_core.shell[0m [1;30mDEBUG[0m [32mSkip shell extension 'dsv' for command environment[0m
[21.805s] [34mcolcon.colcon_core.task.python.build[0m [1;30mINFO[0m Building Python package in '/home/tknika/gral-iiriondo-main/unitree_ws/src/object_recognition'
[21.806s] [34mcolcon.colcon_core.shell[0m [1;30mINFO[0m Skip shell extension 'powershell' for command environment: Not usable outside of PowerShell
[21.806s] [34mcolcon.colcon_core.shell[0m [1;30mDEBUG[0m [32mSkip shell extension 'dsv' for command environment[0m
[21.816s] [34mcolcon.colcon_core.environment[0m [1;30mLevel 1[0m create_environment_scripts_only(aruco_markers_msgs)
[21.817s] [34mcolcon.colcon_core.environment[0m [1;30mLevel 1[0m checking '/home/tknika/gral-iiriondo-main/unitree_ws/install/aruco_markers_msgs' for CMake module files
[21.818s] [34mcolcon.colcon_core.event_handler.log_command[0m [1;30mDEBUG[0m [32mInvoked command in '/home/tknika/gral-iiriondo-main/unitree_ws/build/aruco_markers_msgs' returned '0': CMAKE_PREFIX_PATH=${CMAKE_PREFIX_PATH}:/home/tknika/gral-iiriondo-main/unitree_ws/install/standing_mode:/home/tknika/gral-iiriondo-main/unitree_ws/install/speech_to_goal:/home/tknika/gral-iiriondo-main/unitree_ws/install/object_recognition:/home/tknika/gral-iiriondo-main/unitree_ws/install/mapping_configuration:/home/tknika/gral-iiriondo-main/unitree_ws/install/go1_description:/home/tknika/gral-iiriondo-main/unitree_ws/install/asr:/home/tknika/gral-iiriondo-main/unitree_ws/install/aruco_detector:/opt/ros/humble PS1=\[\e]0;\u@\h: \w\a\]${debian_chroot:+($debian_chroot)}\[\033[01;32m\]\u@\h\[\033[00m\]:\[\033[01;34m\]\w\[\033[00m\]\$ VIRTUAL_ENV_PROMPT=(unitree_env) /usr/bin/cmake --install /home/tknika/gral-iiriondo-main/unitree_ws/build/aruco_markers_msgs[0m
[21.819s] [34mcolcon.colcon_core.environment[0m [1;30mLevel 1[0m checking '/home/tknika/gral-iiriondo-main/unitree_ws/install/aruco_markers_msgs' for CMake config files
[21.820s] [34mcolcon.colcon_core.shell[0m [1;30mLevel 1[0m create_environment_hook('aruco_markers_msgs', 'cmake_prefix_path')
[21.821s] [34mcolcon.colcon_core.shell[0m [1;30mINFO[0m Creating environment hook '/home/tknika/gral-iiriondo-main/unitree_ws/install/aruco_markers_msgs/share/aruco_markers_msgs/hook/cmake_prefix_path.ps1'
[21.822s] [34mcolcon.colcon_core.shell[0m [1;30mINFO[0m Creating environment descriptor '/home/tknika/gral-iiriondo-main/unitree_ws/install/aruco_markers_msgs/share/aruco_markers_msgs/hook/cmake_prefix_path.dsv'
[21.823s] [34mcolcon.colcon_core.shell[0m [1;30mINFO[0m Creating environment hook '/home/tknika/gral-iiriondo-main/unitree_ws/install/aruco_markers_msgs/share/aruco_markers_msgs/hook/cmake_prefix_path.sh'
[21.824s] [34mcolcon.colcon_core.environment[0m [1;30mLevel 1[0m checking '/home/tknika/gral-iiriondo-main/unitree_ws/install/aruco_markers_msgs/lib'
[21.825s] [34mcolcon.colcon_core.shell[0m [1;30mLevel 1[0m create_environment_hook('aruco_markers_msgs', 'ld_library_path_lib')
[21.825s] [34mcolcon.colcon_core.shell[0m [1;30mINFO[0m Creating environment hook '/home/tknika/gral-iiriondo-main/unitree_ws/install/aruco_markers_msgs/share/aruco_markers_msgs/hook/ld_library_path_lib.ps1'
[21.826s] [34mcolcon.colcon_core.shell[0m [1;30mINFO[0m Creating environment descriptor '/home/tknika/gral-iiriondo-main/unitree_ws/install/aruco_markers_msgs/share/aruco_markers_msgs/hook/ld_library_path_lib.dsv'
[21.827s] [34mcolcon.colcon_core.shell[0m [1;30mINFO[0m Creating environment hook '/home/tknika/gral-iiriondo-main/unitree_ws/install/aruco_markers_msgs/share/aruco_markers_msgs/hook/ld_library_path_lib.sh'
[21.829s] [34mcolcon.colcon_core.environment[0m [1;30mLevel 1[0m checking '/home/tknika/gral-iiriondo-main/unitree_ws/install/aruco_markers_msgs/bin'
[21.829s] [34mcolcon.colcon_core.environment[0m [1;30mLevel 1[0m checking '/home/tknika/gral-iiriondo-main/unitree_ws/install/aruco_markers_msgs/lib/pkgconfig/aruco_markers_msgs.pc'
[21.830s] [34mcolcon.colcon_core.environment[0m [1;30mLevel 1[0m checking '/home/tknika/gral-iiriondo-main/unitree_ws/install/aruco_markers_msgs/lib/python3.10/site-packages'
[21.831s] [34mcolcon.colcon_core.environment[0m [1;30mLevel 1[0m checking '/home/tknika/gral-iiriondo-main/unitree_ws/install/aruco_markers_msgs/bin'
[21.832s] [34mcolcon.colcon_core.shell[0m [1;30mINFO[0m Creating package script '/home/tknika/gral-iiriondo-main/unitree_ws/install/aruco_markers_msgs/share/aruco_markers_msgs/package.ps1'
[21.833s] [34mcolcon.colcon_core.shell[0m [1;30mINFO[0m Creating package descriptor '/home/tknika/gral-iiriondo-main/unitree_ws/install/aruco_markers_msgs/share/aruco_markers_msgs/package.dsv'
[21.835s] [34mcolcon.colcon_core.shell[0m [1;30mINFO[0m Creating package script '/home/tknika/gral-iiriondo-main/unitree_ws/install/aruco_markers_msgs/share/aruco_markers_msgs/package.sh'
[21.836s] [34mcolcon.colcon_core.shell[0m [1;30mINFO[0m Creating package script '/home/tknika/gral-iiriondo-main/unitree_ws/install/aruco_markers_msgs/share/aruco_markers_msgs/package.bash'
[21.837s] [34mcolcon.colcon_core.shell[0m [1;30mINFO[0m Creating package script '/home/tknika/gral-iiriondo-main/unitree_ws/install/aruco_markers_msgs/share/aruco_markers_msgs/package.zsh'
[21.838s] [34mcolcon.colcon_core.environment[0m [1;30mLevel 1[0m create_file_with_runtime_dependencies(/home/tknika/gral-iiriondo-main/unitree_ws/install/aruco_markers_msgs/share/colcon-core/packages/aruco_markers_msgs)
[21.840s] [34mcolcon.colcon_core.environment[0m [1;30mLevel 1[0m create_environment_scripts_only(aruco_markers_msgs)
[21.840s] [34mcolcon.colcon_core.environment[0m [1;30mLevel 1[0m checking '/home/tknika/gral-iiriondo-main/unitree_ws/install/aruco_markers_msgs' for CMake module files
[21.841s] [34mcolcon.colcon_core.environment[0m [1;30mLevel 1[0m checking '/home/tknika/gral-iiriondo-main/unitree_ws/install/aruco_markers_msgs' for CMake config files
[21.842s] [34mcolcon.colcon_core.shell[0m [1;30mLevel 1[0m create_environment_hook('aruco_markers_msgs', 'cmake_prefix_path')
[21.843s] [34mcolcon.colcon_core.shell[0m [1;30mINFO[0m Creating environment hook '/home/tknika/gral-iiriondo-main/unitree_ws/install/aruco_markers_msgs/share/aruco_markers_msgs/hook/cmake_prefix_path.ps1'
[21.844s] [34mcolcon.colcon_core.shell[0m [1;30mINFO[0m Creating environment descriptor '/home/tknika/gral-iiriondo-main/unitree_ws/install/aruco_markers_msgs/share/aruco_markers_msgs/hook/cmake_prefix_path.dsv'
[21.845s] [34mcolcon.colcon_core.shell[0m [1;30mINFO[0m Creating environment hook '/home/tknika/gral-iiriondo-main/unitree_ws/install/aruco_markers_msgs/share/aruco_markers_msgs/hook/cmake_prefix_path.sh'
[21.846s] [34mcolcon.colcon_core.environment[0m [1;30mLevel 1[0m checking '/home/tknika/gral-iiriondo-main/unitree_ws/install/aruco_markers_msgs/lib'
[21.846s] [34mcolcon.colcon_core.shell[0m [1;30mLevel 1[0m create_environment_hook('aruco_markers_msgs', 'ld_library_path_lib')
[21.847s] [34mcolcon.colcon_core.shell[0m [1;30mINFO[0m Creating environment hook '/home/tknika/gral-iiriondo-main/unitree_ws/install/aruco_markers_msgs/share/aruco_markers_msgs/hook/ld_library_path_lib.ps1'
[21.848s] [34mcolcon.colcon_core.shell[0m [1;30mINFO[0m Creating environment descriptor '/home/tknika/gral-iiriondo-main/unitree_ws/install/aruco_markers_msgs/share/aruco_markers_msgs/hook/ld_library_path_lib.dsv'
[21.849s] [34mcolcon.colcon_core.shell[0m [1;30mINFO[0m Creating environment hook '/home/tknika/gral-iiriondo-main/unitree_ws/install/aruco_markers_msgs/share/aruco_markers_msgs/hook/ld_library_path_lib.sh'
[21.849s] [34mcolcon.colcon_core.environment[0m [1;30mLevel 1[0m checking '/home/tknika/gral-iiriondo-main/unitree_ws/install/aruco_markers_msgs/bin'
[21.850s] [34mcolcon.colcon_core.environment[0m [1;30mLevel 1[0m checking '/home/tknika/gral-iiriondo-main/unitree_ws/install/aruco_markers_msgs/lib/pkgconfig/aruco_markers_msgs.pc'
[21.850s] [34mcolcon.colcon_core.environment[0m [1;30mLevel 1[0m checking '/home/tknika/gral-iiriondo-main/unitree_ws/install/aruco_markers_msgs/lib/python3.10/site-packages'
[21.851s] [34mcolcon.colcon_core.environment[0m [1;30mLevel 1[0m checking '/home/tknika/gral-iiriondo-main/unitree_ws/install/aruco_markers_msgs/bin'
[21.851s] [34mcolcon.colcon_core.shell[0m [1;30mINFO[0m Creating package script '/home/tknika/gral-iiriondo-main/unitree_ws/install/aruco_markers_msgs/share/aruco_markers_msgs/package.ps1'
[21.853s] [34mcolcon.colcon_core.shell[0m [1;30mINFO[0m Creating package descriptor '/home/tknika/gral-iiriondo-main/unitree_ws/install/aruco_markers_msgs/share/aruco_markers_msgs/package.dsv'
[21.854s] [34mcolcon.colcon_core.shell[0m [1;30mINFO[0m Creating package script '/home/tknika/gral-iiriondo-main/unitree_ws/install/aruco_markers_msgs/share/aruco_markers_msgs/package.sh'
[21.855s] [34mcolcon.colcon_core.shell[0m [1;30mINFO[0m Creating package script '/home/tknika/gral-iiriondo-main/unitree_ws/install/aruco_markers_msgs/share/aruco_markers_msgs/package.bash'
[21.856s] [34mcolcon.colcon_core.shell[0m [1;30mINFO[0m Creating package script '/home/tknika/gral-iiriondo-main/unitree_ws/install/aruco_markers_msgs/share/aruco_markers_msgs/package.zsh'
[21.857s] [34mcolcon.colcon_core.environment[0m [1;30mLevel 1[0m create_file_with_runtime_dependencies(/home/tknika/gral-iiriondo-main/unitree_ws/install/aruco_markers_msgs/share/colcon-core/packages/aruco_markers_msgs)
[21.859s] [34mcolcon.colcon_ros.task.ament_python.build[0m [1;30mINFO[0m Building ROS package in '/home/tknika/gral-iiriondo-main/unitree_ws/src/aruco_detector' with build type 'ament_python'
[21.859s] [34mcolcon.colcon_core.shell[0m [1;30mLevel 1[0m create_environment_hook('aruco_detector', 'ament_prefix_path')
[21.860s] [34mcolcon.colcon_core.shell[0m [1;30mINFO[0m Creating environment hook '/home/tknika/gral-iiriondo-main/unitree_ws/install/aruco_detector/share/aruco_detector/hook/ament_prefix_path.ps1'
[21.861s] [34mcolcon.colcon_core.shell[0m [1;30mINFO[0m Creating environment descriptor '/home/tknika/gral-iiriondo-main/unitree_ws/install/aruco_detector/share/aruco_detector/hook/ament_prefix_path.dsv'
[21.862s] [34mcolcon.colcon_core.shell[0m [1;30mINFO[0m Creating environment hook '/home/tknika/gral-iiriondo-main/unitree_ws/install/aruco_detector/share/aruco_detector/hook/ament_prefix_path.sh'
[21.864s] [34mcolcon.colcon_core.shell[0m [1;30mINFO[0m Skip shell extension 'powershell' for command environment: Not usable outside of PowerShell
[21.864s] [34mcolcon.colcon_core.shell[0m [1;30mDEBUG[0m [32mSkip shell extension 'dsv' for command environment[0m
[22.862s] [34mcolcon.colcon_core.task.python.build[0m [1;30mINFO[0m Building Python package in '/home/tknika/gral-iiriondo-main/unitree_ws/src/aruco_detector'
[22.863s] [34mcolcon.colcon_core.shell[0m [1;30mINFO[0m Skip shell extension 'powershell' for command environment: Not usable outside of PowerShell
[22.863s] [34mcolcon.colcon_core.shell[0m [1;30mDEBUG[0m [32mSkip shell extension 'dsv' for command environment[0m
[22.872s] [34mcolcon.colcon_core.environment[0m [1;30mLevel 1[0m create_environment_scripts_only(speech_to_goal_interfaces)
[22.873s] [34mcolcon.colcon_core.environment[0m [1;30mLevel 1[0m checking '/home/tknika/gral-iiriondo-main/unitree_ws/install/speech_to_goal_interfaces' for CMake module files
[22.874s] [34mcolcon.colcon_core.event_handler.log_command[0m [1;30mDEBUG[0m [32mInvoked command in '/home/tknika/gral-iiriondo-main/unitree_ws/build/speech_to_goal_interfaces' returned '0': CMAKE_PREFIX_PATH=${CMAKE_PREFIX_PATH}:/home/tknika/gral-iiriondo-main/unitree_ws/install/standing_mode:/home/tknika/gral-iiriondo-main/unitree_ws/install/speech_to_goal:/home/tknika/gral-iiriondo-main/unitree_ws/install/object_recognition:/home/tknika/gral-iiriondo-main/unitree_ws/install/mapping_configuration:/home/tknika/gral-iiriondo-main/unitree_ws/install/go1_description:/home/tknika/gral-iiriondo-main/unitree_ws/install/asr:/home/tknika/gral-iiriondo-main/unitree_ws/install/aruco_detector:/opt/ros/humble PS1=\[\e]0;\u@\h: \w\a\]${debian_chroot:+($debian_chroot)}\[\033[01;32m\]\u@\h\[\033[00m\]:\[\033[01;34m\]\w\[\033[00m\]\$ VIRTUAL_ENV_PROMPT=(unitree_env) /usr/bin/cmake --install /home/tknika/gral-iiriondo-main/unitree_ws/build/speech_to_goal_interfaces[0m
[22.875s] [34mcolcon.colcon_core.environment[0m [1;30mLevel 1[0m checking '/home/tknika/gral-iiriondo-main/unitree_ws/install/speech_to_goal_interfaces' for CMake config files
[22.877s] [34mcolcon.colcon_core.shell[0m [1;30mLevel 1[0m create_environment_hook('speech_to_goal_interfaces', 'cmake_prefix_path')
[22.877s] [34mcolcon.colcon_core.shell[0m [1;30mINFO[0m Creating environment hook '/home/tknika/gral-iiriondo-main/unitree_ws/install/speech_to_goal_interfaces/share/speech_to_goal_interfaces/hook/cmake_prefix_path.ps1'
[22.879s] [34mcolcon.colcon_core.shell[0m [1;30mINFO[0m Creating environment descriptor '/home/tknika/gral-iiriondo-main/unitree_ws/install/speech_to_goal_interfaces/share/speech_to_goal_interfaces/hook/cmake_prefix_path.dsv'
[22.879s] [34mcolcon.colcon_core.shell[0m [1;30mINFO[0m Creating environment hook '/home/tknika/gral-iiriondo-main/unitree_ws/install/speech_to_goal_interfaces/share/speech_to_goal_interfaces/hook/cmake_prefix_path.sh'
[22.881s] [34mcolcon.colcon_core.environment[0m [1;30mLevel 1[0m checking '/home/tknika/gral-iiriondo-main/unitree_ws/install/speech_to_goal_interfaces/lib'
[22.881s] [34mcolcon.colcon_core.shell[0m [1;30mLevel 1[0m create_environment_hook('speech_to_goal_interfaces', 'ld_library_path_lib')
[22.881s] [34mcolcon.colcon_core.shell[0m [1;30mINFO[0m Creating environment hook '/home/tknika/gral-iiriondo-main/unitree_ws/install/speech_to_goal_interfaces/share/speech_to_goal_interfaces/hook/ld_library_path_lib.ps1'
[22.882s] [34mcolcon.colcon_core.shell[0m [1;30mINFO[0m Creating environment descriptor '/home/tknika/gral-iiriondo-main/unitree_ws/install/speech_to_goal_interfaces/share/speech_to_goal_interfaces/hook/ld_library_path_lib.dsv'
[22.882s] [34mcolcon.colcon_core.shell[0m [1;30mINFO[0m Creating environment hook '/home/tknika/gral-iiriondo-main/unitree_ws/install/speech_to_goal_interfaces/share/speech_to_goal_interfaces/hook/ld_library_path_lib.sh'
[22.883s] [34mcolcon.colcon_core.environment[0m [1;30mLevel 1[0m checking '/home/tknika/gral-iiriondo-main/unitree_ws/install/speech_to_goal_interfaces/bin'
[22.883s] [34mcolcon.colcon_core.environment[0m [1;30mLevel 1[0m checking '/home/tknika/gral-iiriondo-main/unitree_ws/install/speech_to_goal_interfaces/lib/pkgconfig/speech_to_goal_interfaces.pc'
[22.884s] [34mcolcon.colcon_core.environment[0m [1;30mLevel 1[0m checking '/home/tknika/gral-iiriondo-main/unitree_ws/install/speech_to_goal_interfaces/lib/python3.10/site-packages'
[22.885s] [34mcolcon.colcon_core.environment[0m [1;30mLevel 1[0m checking '/home/tknika/gral-iiriondo-main/unitree_ws/install/speech_to_goal_interfaces/bin'
[22.886s] [34mcolcon.colcon_core.shell[0m [1;30mINFO[0m Creating package script '/home/tknika/gral-iiriondo-main/unitree_ws/install/speech_to_goal_interfaces/share/speech_to_goal_interfaces/package.ps1'
[22.889s] [34mcolcon.colcon_core.shell[0m [1;30mINFO[0m Creating package descriptor '/home/tknika/gral-iiriondo-main/unitree_ws/install/speech_to_goal_interfaces/share/speech_to_goal_interfaces/package.dsv'
[22.890s] [34mcolcon.colcon_core.shell[0m [1;30mINFO[0m Creating package script '/home/tknika/gral-iiriondo-main/unitree_ws/install/speech_to_goal_interfaces/share/speech_to_goal_interfaces/package.sh'
[22.891s] [34mcolcon.colcon_core.shell[0m [1;30mINFO[0m Creating package script '/home/tknika/gral-iiriondo-main/unitree_ws/install/speech_to_goal_interfaces/share/speech_to_goal_interfaces/package.bash'
[22.891s] [34mcolcon.colcon_core.shell[0m [1;30mINFO[0m Creating package script '/home/tknika/gral-iiriondo-main/unitree_ws/install/speech_to_goal_interfaces/share/speech_to_goal_interfaces/package.zsh'
[22.892s] [34mcolcon.colcon_core.environment[0m [1;30mLevel 1[0m create_file_with_runtime_dependencies(/home/tknika/gral-iiriondo-main/unitree_ws/install/speech_to_goal_interfaces/share/colcon-core/packages/speech_to_goal_interfaces)
[22.894s] [34mcolcon.colcon_core.environment[0m [1;30mLevel 1[0m create_environment_scripts_only(speech_to_goal_interfaces)
[22.895s] [34mcolcon.colcon_core.environment[0m [1;30mLevel 1[0m checking '/home/tknika/gral-iiriondo-main/unitree_ws/install/speech_to_goal_interfaces' for CMake module files
[22.896s] [34mcolcon.colcon_core.environment[0m [1;30mLevel 1[0m checking '/home/tknika/gral-iiriondo-main/unitree_ws/install/speech_to_goal_interfaces' for CMake config files
[22.898s] [34mcolcon.colcon_core.shell[0m [1;30mLevel 1[0m create_environment_hook('speech_to_goal_interfaces', 'cmake_prefix_path')
[22.898s] [34mcolcon.colcon_core.shell[0m [1;30mINFO[0m Creating environment hook '/home/tknika/gral-iiriondo-main/unitree_ws/install/speech_to_goal_interfaces/share/speech_to_goal_interfaces/hook/cmake_prefix_path.ps1'
[22.900s] [34mcolcon.colcon_core.shell[0m [1;30mINFO[0m Creating environment descriptor '/home/tknika/gral-iiriondo-main/unitree_ws/install/speech_to_goal_interfaces/share/speech_to_goal_interfaces/hook/cmake_prefix_path.dsv'
[22.901s] [34mcolcon.colcon_core.shell[0m [1;30mINFO[0m Creating environment hook '/home/tknika/gral-iiriondo-main/unitree_ws/install/speech_to_goal_interfaces/share/speech_to_goal_interfaces/hook/cmake_prefix_path.sh'
[22.902s] [34mcolcon.colcon_core.environment[0m [1;30mLevel 1[0m checking '/home/tknika/gral-iiriondo-main/unitree_ws/install/speech_to_goal_interfaces/lib'
[22.902s] [34mcolcon.colcon_core.shell[0m [1;30mLevel 1[0m create_environment_hook('speech_to_goal_interfaces', 'ld_library_path_lib')
[22.903s] [34mcolcon.colcon_core.shell[0m [1;30mINFO[0m Creating environment hook '/home/tknika/gral-iiriondo-main/unitree_ws/install/speech_to_goal_interfaces/share/speech_to_goal_interfaces/hook/ld_library_path_lib.ps1'
[22.904s] [34mcolcon.colcon_core.shell[0m [1;30mINFO[0m Creating environment descriptor '/home/tknika/gral-iiriondo-main/unitree_ws/install/speech_to_goal_interfaces/share/speech_to_goal_interfaces/hook/ld_library_path_lib.dsv'
[22.905s] [34mcolcon.colcon_core.shell[0m [1;30mINFO[0m Creating environment hook '/home/tknika/gral-iiriondo-main/unitree_ws/install/speech_to_goal_interfaces/share/speech_to_goal_interfaces/hook/ld_library_path_lib.sh'
[22.906s] [34mcolcon.colcon_core.environment[0m [1;30mLevel 1[0m checking '/home/tknika/gral-iiriondo-main/unitree_ws/install/speech_to_goal_interfaces/bin'
[22.906s] [34mcolcon.colcon_core.environment[0m [1;30mLevel 1[0m checking '/home/tknika/gral-iiriondo-main/unitree_ws/install/speech_to_goal_interfaces/lib/pkgconfig/speech_to_goal_interfaces.pc'
[22.906s] [34mcolcon.colcon_core.environment[0m [1;30mLevel 1[0m checking '/home/tknika/gral-iiriondo-main/unitree_ws/install/speech_to_goal_interfaces/lib/python3.10/site-packages'
[22.907s] [34mcolcon.colcon_core.environment[0m [1;30mLevel 1[0m checking '/home/tknika/gral-iiriondo-main/unitree_ws/install/speech_to_goal_interfaces/bin'
[22.908s] [34mcolcon.colcon_core.shell[0m [1;30mINFO[0m Creating package script '/home/tknika/gral-iiriondo-main/unitree_ws/install/speech_to_goal_interfaces/share/speech_to_goal_interfaces/package.ps1'
[22.909s] [34mcolcon.colcon_core.shell[0m [1;30mINFO[0m Creating package descriptor '/home/tknika/gral-iiriondo-main/unitree_ws/install/speech_to_goal_interfaces/share/speech_to_goal_interfaces/package.dsv'
[22.911s] [34mcolcon.colcon_core.shell[0m [1;30mINFO[0m Creating package script '/home/tknika/gral-iiriondo-main/unitree_ws/install/speech_to_goal_interfaces/share/speech_to_goal_interfaces/package.sh'
[22.912s] [34mcolcon.colcon_core.shell[0m [1;30mINFO[0m Creating package script '/home/tknika/gral-iiriondo-main/unitree_ws/install/speech_to_goal_interfaces/share/speech_to_goal_interfaces/package.bash'
[22.912s] [34mcolcon.colcon_core.shell[0m [1;30mINFO[0m Creating package script '/home/tknika/gral-iiriondo-main/unitree_ws/install/speech_to_goal_interfaces/share/speech_to_goal_interfaces/package.zsh'
[22.913s] [34mcolcon.colcon_core.environment[0m [1;30mLevel 1[0m create_file_with_runtime_dependencies(/home/tknika/gral-iiriondo-main/unitree_ws/install/speech_to_goal_interfaces/share/colcon-core/packages/speech_to_goal_interfaces)
[22.915s] [34mcolcon.colcon_ros.task.ament_python.build[0m [1;30mINFO[0m Building ROS package in '/home/tknika/gral-iiriondo-main/unitree_ws/src/speech_to_goal' with build type 'ament_python'
[22.915s] [34mcolcon.colcon_core.shell[0m [1;30mLevel 1[0m create_environment_hook('speech_to_goal', 'ament_prefix_path')
[22.916s] [34mcolcon.colcon_core.shell[0m [1;30mINFO[0m Creating environment hook '/home/tknika/gral-iiriondo-main/unitree_ws/install/speech_to_goal/share/speech_to_goal/hook/ament_prefix_path.ps1'
[22.918s] [34mcolcon.colcon_core.shell[0m [1;30mINFO[0m Creating environment descriptor '/home/tknika/gral-iiriondo-main/unitree_ws/install/speech_to_goal/share/speech_to_goal/hook/ament_prefix_path.dsv'
[22.918s] [34mcolcon.colcon_core.shell[0m [1;30mINFO[0m Creating environment hook '/home/tknika/gral-iiriondo-main/unitree_ws/install/speech_to_goal/share/speech_to_goal/hook/ament_prefix_path.sh'
[22.920s] [34mcolcon.colcon_core.shell[0m [1;30mINFO[0m Skip shell extension 'powershell' for command environment: Not usable outside of PowerShell
[22.920s] [34mcolcon.colcon_core.shell[0m [1;30mDEBUG[0m [32mSkip shell extension 'dsv' for command environment[0m
[23.914s] [34mcolcon.colcon_core.task.python.build[0m [1;30mINFO[0m Building Python package in '/home/tknika/gral-iiriondo-main/unitree_ws/src/speech_to_goal'
[23.915s] [34mcolcon.colcon_core.shell[0m [1;30mINFO[0m Skip shell extension 'powershell' for command environment: Not usable outside of PowerShell
[23.915s] [34mcolcon.colcon_core.shell[0m [1;30mDEBUG[0m [32mSkip shell extension 'dsv' for command environment[0m
[23.931s] [34mcolcon.colcon_core.event_handler.log_command[0m [1;30mDEBUG[0m [32mInvoking command in '/home/tknika/gral-iiriondo-main/unitree_ws/build/object_recognition': CMAKE_PREFIX_PATH=/home/tknika/gral-iiriondo-main/unitree_ws/install/object_recognition_interfaces:/home/tknika/gral-iiriondo-main/unitree_ws/install/speech_to_goal_interfaces:/home/tknika/gral-iiriondo-main/unitree_ws/install/aruco_markers_msgs LD_LIBRARY_PATH=/home/tknika/gral-iiriondo-main/unitree_ws/install/object_recognition_interfaces/lib:/home/tknika/gral-iiriondo-main/unitree_ws/install/speech_to_goal_interfaces/lib:/home/tknika/gral-iiriondo-main/unitree_ws/install/aruco_markers_msgs/lib:/usr/lib/aarch64-linux-gnu/nvidia:/usr/local/cuda/lib64:/opt/ros/humble/opt/rviz_ogre_vendor/lib:/opt/ros/humble/lib/aarch64-linux-gnu:/opt/ros/humble/lib:/usr/local/cuda-12.6/lib64:/usr/lib/aarch64-linux-gnu/nvid PS1=\[\e]0;\u@\h: \w\a\]${debian_chroot:+($debian_chroot)}\[\033[01;32m\]\u@\h\[\033[00m\]:\[\033[01;34m\]\w\[\033[00m\]\$ PYTHONPATH=/home/tknika/gral-iiriondo-main/unitree_ws/build/object_recognition/prefix_override:/usr/lib/python3/dist-packages/colcon_core/task/python/colcon_distutils_commands:/home/tknika/gral-iiriondo-main/unitree_ws/install/object_recognition/lib/python3.10/site-packages:${PYTHONPATH} VIRTUAL_ENV_PROMPT=(unitree_env) /usr/bin/python3 -W ignore:setup.py install is deprecated -W ignore:easy_install command is deprecated setup.py develop --editable --build-directory /home/tknika/gral-iiriondo-main/unitree_ws/build/object_recognition/build --no-deps symlink_data[0m
[24.684s] [34mcolcon.colcon_core.event_handler.log_command[0m [1;30mDEBUG[0m [32mInvoking command in '/home/tknika/gral-iiriondo-main/unitree_ws/build/aruco_detector': CMAKE_PREFIX_PATH=/home/tknika/gral-iiriondo-main/unitree_ws/install/aruco_markers_msgs:/home/tknika/gral-iiriondo-main/unitree_ws/install/speech_to_goal_interfaces:/home/tknika/gral-iiriondo-main/unitree_ws/install/object_recognition_interfaces LD_LIBRARY_PATH=/home/tknika/gral-iiriondo-main/unitree_ws/install/aruco_markers_msgs/lib:/home/tknika/gral-iiriondo-main/unitree_ws/install/speech_to_goal_interfaces/lib:/home/tknika/gral-iiriondo-main/unitree_ws/install/object_recognition_interfaces/lib:/usr/lib/aarch64-linux-gnu/nvidia:/usr/local/cuda/lib64:/opt/ros/humble/opt/rviz_ogre_vendor/lib:/opt/ros/humble/lib/aarch64-linux-gnu:/opt/ros/humble/lib:/usr/local/cuda-12.6/lib64:/usr/lib/aarch64-linux-gnu/nvid PS1=\[\e]0;\u@\h: \w\a\]${debian_chroot:+($debian_chroot)}\[\033[01;32m\]\u@\h\[\033[00m\]:\[\033[01;34m\]\w\[\033[00m\]\$ PYTHONPATH=/home/tknika/gral-iiriondo-main/unitree_ws/build/aruco_detector/prefix_override:/usr/lib/python3/dist-packages/colcon_core/task/python/colcon_distutils_commands:/home/tknika/gral-iiriondo-main/unitree_ws/install/aruco_detector/lib/python3.10/site-packages:${PYTHONPATH} VIRTUAL_ENV_PROMPT=(unitree_env) /usr/bin/python3 -W ignore:setup.py install is deprecated -W ignore:easy_install command is deprecated setup.py develop --editable --build-directory /home/tknika/gral-iiriondo-main/unitree_ws/build/aruco_detector/build --no-deps symlink_data[0m
[25.544s] [34mcolcon.colcon_core.event_handler.log_command[0m [1;30mDEBUG[0m [32mInvoking command in '/home/tknika/gral-iiriondo-main/unitree_ws/build/speech_to_goal': PS1=\[\e]0;\u@\h: \w\a\]${debian_chroot:+($debian_chroot)}\[\033[01;32m\]\u@\h\[\033[00m\]:\[\033[01;34m\]\w\[\033[00m\]\$ PYTHONPATH=/home/tknika/gral-iiriondo-main/unitree_ws/build/speech_to_goal/prefix_override:/usr/lib/python3/dist-packages/colcon_core/task/python/colcon_distutils_commands:/home/tknika/gral-iiriondo-main/unitree_ws/install/speech_to_goal/lib/python3.10/site-packages:${PYTHONPATH} VIRTUAL_ENV_PROMPT=(unitree_env) /usr/bin/python3 -W ignore:setup.py install is deprecated -W ignore:easy_install command is deprecated setup.py develop --editable --build-directory /home/tknika/gral-iiriondo-main/unitree_ws/build/speech_to_goal/build --no-deps symlink_data[0m
[25.900s] [34mcolcon.colcon_core.shell[0m [1;30mLevel 1[0m create_environment_hook('object_recognition', 'pythonpath_develop')
[25.901s] [34mcolcon.colcon_core.shell[0m [1;30mINFO[0m Creating environment hook '/home/tknika/gral-iiriondo-main/unitree_ws/build/object_recognition/share/object_recognition/hook/pythonpath_develop.ps1'
[25.902s] [34mcolcon.colcon_core.event_handler.log_command[0m [1;30mDEBUG[0m [32mInvoked command in '/home/tknika/gral-iiriondo-main/unitree_ws/build/object_recognition' returned '0': CMAKE_PREFIX_PATH=/home/tknika/gral-iiriondo-main/unitree_ws/install/object_recognition_interfaces:/home/tknika/gral-iiriondo-main/unitree_ws/install/speech_to_goal_interfaces:/home/tknika/gral-iiriondo-main/unitree_ws/install/aruco_markers_msgs LD_LIBRARY_PATH=/home/tknika/gral-iiriondo-main/unitree_ws/install/object_recognition_interfaces/lib:/home/tknika/gral-iiriondo-main/unitree_ws/install/speech_to_goal_interfaces/lib:/home/tknika/gral-iiriondo-main/unitree_ws/install/aruco_markers_msgs/lib:/usr/lib/aarch64-linux-gnu/nvidia:/usr/local/cuda/lib64:/opt/ros/humble/opt/rviz_ogre_vendor/lib:/opt/ros/humble/lib/aarch64-linux-gnu:/opt/ros/humble/lib:/usr/local/cuda-12.6/lib64:/usr/lib/aarch64-linux-gnu/nvid PS1=\[\e]0;\u@\h: \w\a\]${debian_chroot:+($debian_chroot)}\[\033[01;32m\]\u@\h\[\033[00m\]:\[\033[01;34m\]\w\[\033[00m\]\$ PYTHONPATH=/home/tknika/gral-iiriondo-main/unitree_ws/build/object_recognition/prefix_override:/usr/lib/python3/dist-packages/colcon_core/task/python/colcon_distutils_commands:/home/tknika/gral-iiriondo-main/unitree_ws/install/object_recognition/lib/python3.10/site-packages:${PYTHONPATH} VIRTUAL_ENV_PROMPT=(unitree_env) /usr/bin/python3 -W ignore:setup.py install is deprecated -W ignore:easy_install command is deprecated setup.py develop --editable --build-directory /home/tknika/gral-iiriondo-main/unitree_ws/build/object_recognition/build --no-deps symlink_data[0m
[25.903s] [34mcolcon.colcon_core.shell[0m [1;30mINFO[0m Creating environment descriptor '/home/tknika/gral-iiriondo-main/unitree_ws/build/object_recognition/share/object_recognition/hook/pythonpath_develop.dsv'
[25.903s] [34mcolcon.colcon_core.shell[0m [1;30mINFO[0m Creating environment hook '/home/tknika/gral-iiriondo-main/unitree_ws/build/object_recognition/share/object_recognition/hook/pythonpath_develop.sh'
[25.905s] [34mcolcon.colcon_core.environment[0m [1;30mLevel 1[0m checking '/home/tknika/gral-iiriondo-main/unitree_ws/install/object_recognition' for CMake module files
[25.906s] [34mcolcon.colcon_core.environment[0m [1;30mLevel 1[0m checking '/home/tknika/gral-iiriondo-main/unitree_ws/install/object_recognition' for CMake config files
[25.907s] [34mcolcon.colcon_core.environment[0m [1;30mLevel 1[0m checking '/home/tknika/gral-iiriondo-main/unitree_ws/install/object_recognition/lib'
[25.907s] [34mcolcon.colcon_core.environment[0m [1;30mLevel 1[0m checking '/home/tknika/gral-iiriondo-main/unitree_ws/install/object_recognition/bin'
[25.907s] [34mcolcon.colcon_core.environment[0m [1;30mLevel 1[0m checking '/home/tknika/gral-iiriondo-main/unitree_ws/install/object_recognition/lib/pkgconfig/object_recognition.pc'
[25.908s] [34mcolcon.colcon_core.environment[0m [1;30mLevel 1[0m checking '/home/tknika/gral-iiriondo-main/unitree_ws/install/object_recognition/lib/python3.10/site-packages'
[25.908s] [34mcolcon.colcon_core.shell[0m [1;30mLevel 1[0m create_environment_hook('object_recognition', 'pythonpath')
[25.908s] [34mcolcon.colcon_core.shell[0m [1;30mINFO[0m Creating environment hook '/home/tknika/gral-iiriondo-main/unitree_ws/install/object_recognition/share/object_recognition/hook/pythonpath.ps1'
[25.909s] [34mcolcon.colcon_core.shell[0m [1;30mINFO[0m Creating environment descriptor '/home/tknika/gral-iiriondo-main/unitree_ws/install/object_recognition/share/object_recognition/hook/pythonpath.dsv'
[25.910s] [34mcolcon.colcon_core.shell[0m [1;30mINFO[0m Creating environment hook '/home/tknika/gral-iiriondo-main/unitree_ws/install/object_recognition/share/object_recognition/hook/pythonpath.sh'
[25.911s] [34mcolcon.colcon_core.environment[0m [1;30mLevel 1[0m checking '/home/tknika/gral-iiriondo-main/unitree_ws/install/object_recognition/bin'
[25.911s] [34mcolcon.colcon_core.environment[0m [1;30mLevel 1[0m create_environment_scripts_only(object_recognition)
[25.912s] [34mcolcon.colcon_core.shell[0m [1;30mINFO[0m Creating package script '/home/tknika/gral-iiriondo-main/unitree_ws/install/object_recognition/share/object_recognition/package.ps1'
[25.913s] [34mcolcon.colcon_core.shell[0m [1;30mINFO[0m Creating package descriptor '/home/tknika/gral-iiriondo-main/unitree_ws/install/object_recognition/share/object_recognition/package.dsv'
[25.914s] [34mcolcon.colcon_core.shell[0m [1;30mINFO[0m Creating package script '/home/tknika/gral-iiriondo-main/unitree_ws/install/object_recognition/share/object_recognition/package.sh'
[25.915s] [34mcolcon.colcon_core.shell[0m [1;30mINFO[0m Creating package script '/home/tknika/gral-iiriondo-main/unitree_ws/install/object_recognition/share/object_recognition/package.bash'
[25.916s] [34mcolcon.colcon_core.shell[0m [1;30mINFO[0m Creating package script '/home/tknika/gral-iiriondo-main/unitree_ws/install/object_recognition/share/object_recognition/package.zsh'
[25.916s] [34mcolcon.colcon_core.environment[0m [1;30mLevel 1[0m create_file_with_runtime_dependencies(/home/tknika/gral-iiriondo-main/unitree_ws/install/object_recognition/share/colcon-core/packages/object_recognition)
[26.717s] [34mcolcon.colcon_core.shell[0m [1;30mLevel 1[0m create_environment_hook('aruco_detector', 'pythonpath_develop')
[26.718s] [34mcolcon.colcon_core.shell[0m [1;30mINFO[0m Creating environment hook '/home/tknika/gral-iiriondo-main/unitree_ws/build/aruco_detector/share/aruco_detector/hook/pythonpath_develop.ps1'
[26.719s] [34mcolcon.colcon_core.event_handler.log_command[0m [1;30mDEBUG[0m [32mInvoked command in '/home/tknika/gral-iiriondo-main/unitree_ws/build/aruco_detector' returned '0': CMAKE_PREFIX_PATH=/home/tknika/gral-iiriondo-main/unitree_ws/install/aruco_markers_msgs:/home/tknika/gral-iiriondo-main/unitree_ws/install/speech_to_goal_interfaces:/home/tknika/gral-iiriondo-main/unitree_ws/install/object_recognition_interfaces LD_LIBRARY_PATH=/home/tknika/gral-iiriondo-main/unitree_ws/install/aruco_markers_msgs/lib:/home/tknika/gral-iiriondo-main/unitree_ws/install/speech_to_goal_interfaces/lib:/home/tknika/gral-iiriondo-main/unitree_ws/install/object_recognition_interfaces/lib:/usr/lib/aarch64-linux-gnu/nvidia:/usr/local/cuda/lib64:/opt/ros/humble/opt/rviz_ogre_vendor/lib:/opt/ros/humble/lib/aarch64-linux-gnu:/opt/ros/humble/lib:/usr/local/cuda-12.6/lib64:/usr/lib/aarch64-linux-gnu/nvid PS1=\[\e]0;\u@\h: \w\a\]${debian_chroot:+($debian_chroot)}\[\033[01;32m\]\u@\h\[\033[00m\]:\[\033[01;34m\]\w\[\033[00m\]\$ PYTHONPATH=/home/tknika/gral-iiriondo-main/unitree_ws/build/aruco_detector/prefix_override:/usr/lib/python3/dist-packages/colcon_core/task/python/colcon_distutils_commands:/home/tknika/gral-iiriondo-main/unitree_ws/install/aruco_detector/lib/python3.10/site-packages:${PYTHONPATH} VIRTUAL_ENV_PROMPT=(unitree_env) /usr/bin/python3 -W ignore:setup.py install is deprecated -W ignore:easy_install command is deprecated setup.py develop --editable --build-directory /home/tknika/gral-iiriondo-main/unitree_ws/build/aruco_detector/build --no-deps symlink_data[0m
[26.720s] [34mcolcon.colcon_core.shell[0m [1;30mINFO[0m Creating environment descriptor '/home/tknika/gral-iiriondo-main/unitree_ws/build/aruco_detector/share/aruco_detector/hook/pythonpath_develop.dsv'
[26.721s] [34mcolcon.colcon_core.shell[0m [1;30mINFO[0m Creating environment hook '/home/tknika/gral-iiriondo-main/unitree_ws/build/aruco_detector/share/aruco_detector/hook/pythonpath_develop.sh'
[26.722s] [34mcolcon.colcon_core.environment[0m [1;30mLevel 1[0m checking '/home/tknika/gral-iiriondo-main/unitree_ws/install/aruco_detector' for CMake module files
[26.723s] [34mcolcon.colcon_core.environment[0m [1;30mLevel 1[0m checking '/home/tknika/gral-iiriondo-main/unitree_ws/install/aruco_detector' for CMake config files
[26.724s] [34mcolcon.colcon_core.environment[0m [1;30mLevel 1[0m checking '/home/tknika/gral-iiriondo-main/unitree_ws/install/aruco_detector/lib'
[26.724s] [34mcolcon.colcon_core.environment[0m [1;30mLevel 1[0m checking '/home/tknika/gral-iiriondo-main/unitree_ws/install/aruco_detector/bin'
[26.724s] [34mcolcon.colcon_core.environment[0m [1;30mLevel 1[0m checking '/home/tknika/gral-iiriondo-main/unitree_ws/install/aruco_detector/lib/pkgconfig/aruco_detector.pc'
[26.725s] [34mcolcon.colcon_core.environment[0m [1;30mLevel 1[0m checking '/home/tknika/gral-iiriondo-main/unitree_ws/install/aruco_detector/lib/python3.10/site-packages'
[26.725s] [34mcolcon.colcon_core.shell[0m [1;30mLevel 1[0m create_environment_hook('aruco_detector', 'pythonpath')
[26.725s] [34mcolcon.colcon_core.shell[0m [1;30mINFO[0m Creating environment hook '/home/tknika/gral-iiriondo-main/unitree_ws/install/aruco_detector/share/aruco_detector/hook/pythonpath.ps1'
[26.726s] [34mcolcon.colcon_core.shell[0m [1;30mINFO[0m Creating environment descriptor '/home/tknika/gral-iiriondo-main/unitree_ws/install/aruco_detector/share/aruco_detector/hook/pythonpath.dsv'
[26.727s] [34mcolcon.colcon_core.shell[0m [1;30mINFO[0m Creating environment hook '/home/tknika/gral-iiriondo-main/unitree_ws/install/aruco_detector/share/aruco_detector/hook/pythonpath.sh'
[26.728s] [34mcolcon.colcon_core.environment[0m [1;30mLevel 1[0m checking '/home/tknika/gral-iiriondo-main/unitree_ws/install/aruco_detector/bin'
[26.729s] [34mcolcon.colcon_core.environment[0m [1;30mLevel 1[0m create_environment_scripts_only(aruco_detector)
[26.729s] [34mcolcon.colcon_core.shell[0m [1;30mINFO[0m Creating package script '/home/tknika/gral-iiriondo-main/unitree_ws/install/aruco_detector/share/aruco_detector/package.ps1'
[26.731s] [34mcolcon.colcon_core.shell[0m [1;30mINFO[0m Creating package descriptor '/home/tknika/gral-iiriondo-main/unitree_ws/install/aruco_detector/share/aruco_detector/package.dsv'
[26.732s] [34mcolcon.colcon_core.shell[0m [1;30mINFO[0m Creating package script '/home/tknika/gral-iiriondo-main/unitree_ws/install/aruco_detector/share/aruco_detector/package.sh'
[26.732s] [34mcolcon.colcon_core.shell[0m [1;30mINFO[0m Creating package script '/home/tknika/gral-iiriondo-main/unitree_ws/install/aruco_detector/share/aruco_detector/package.bash'
[26.733s] [34mcolcon.colcon_core.shell[0m [1;30mINFO[0m Creating package script '/home/tknika/gral-iiriondo-main/unitree_ws/install/aruco_detector/share/aruco_detector/package.zsh'
[26.734s] [34mcolcon.colcon_core.environment[0m [1;30mLevel 1[0m create_file_with_runtime_dependencies(/home/tknika/gral-iiriondo-main/unitree_ws/install/aruco_detector/share/colcon-core/packages/aruco_detector)
[27.485s] [34mcolcon.colcon_core.shell[0m [1;30mLevel 1[0m create_environment_hook('speech_to_goal', 'pythonpath_develop')
[27.486s] [34mcolcon.colcon_core.shell[0m [1;30mINFO[0m Creating environment hook '/home/tknika/gral-iiriondo-main/unitree_ws/build/speech_to_goal/share/speech_to_goal/hook/pythonpath_develop.ps1'
[27.488s] [34mcolcon.colcon_core.event_handler.log_command[0m [1;30mDEBUG[0m [32mInvoked command in '/home/tknika/gral-iiriondo-main/unitree_ws/build/speech_to_goal' returned '0': PS1=\[\e]0;\u@\h: \w\a\]${debian_chroot:+($debian_chroot)}\[\033[01;32m\]\u@\h\[\033[00m\]:\[\033[01;34m\]\w\[\033[00m\]\$ PYTHONPATH=/home/tknika/gral-iiriondo-main/unitree_ws/build/speech_to_goal/prefix_override:/usr/lib/python3/dist-packages/colcon_core/task/python/colcon_distutils_commands:/home/tknika/gral-iiriondo-main/unitree_ws/install/speech_to_goal/lib/python3.10/site-packages:${PYTHONPATH} VIRTUAL_ENV_PROMPT=(unitree_env) /usr/bin/python3 -W ignore:setup.py install is deprecated -W ignore:easy_install command is deprecated setup.py develop --editable --build-directory /home/tknika/gral-iiriondo-main/unitree_ws/build/speech_to_goal/build --no-deps symlink_data[0m
[27.489s] [34mcolcon.colcon_core.shell[0m [1;30mINFO[0m Creating environment descriptor '/home/tknika/gral-iiriondo-main/unitree_ws/build/speech_to_goal/share/speech_to_goal/hook/pythonpath_develop.dsv'
[27.490s] [34mcolcon.colcon_core.shell[0m [1;30mINFO[0m Creating environment hook '/home/tknika/gral-iiriondo-main/unitree_ws/build/speech_to_goal/share/speech_to_goal/hook/pythonpath_develop.sh'
[27.492s] [34mcolcon.colcon_core.environment[0m [1;30mLevel 1[0m checking '/home/tknika/gral-iiriondo-main/unitree_ws/install/speech_to_goal' for CMake module files
[27.493s] [34mcolcon.colcon_core.environment[0m [1;30mLevel 1[0m checking '/home/tknika/gral-iiriondo-main/unitree_ws/install/speech_to_goal' for CMake config files
[27.495s] [34mcolcon.colcon_core.environment[0m [1;30mLevel 1[0m checking '/home/tknika/gral-iiriondo-main/unitree_ws/install/speech_to_goal/lib'
[27.496s] [34mcolcon.colcon_core.environment[0m [1;30mLevel 1[0m checking '/home/tknika/gral-iiriondo-main/unitree_ws/install/speech_to_goal/bin'
[27.496s] [34mcolcon.colcon_core.environment[0m [1;30mLevel 1[0m checking '/home/tknika/gral-iiriondo-main/unitree_ws/install/speech_to_goal/lib/pkgconfig/speech_to_goal.pc'
[27.497s] [34mcolcon.colcon_core.environment[0m [1;30mLevel 1[0m checking '/home/tknika/gral-iiriondo-main/unitree_ws/install/speech_to_goal/lib/python3.10/site-packages'
[27.497s] [34mcolcon.colcon_core.shell[0m [1;30mLevel 1[0m create_environment_hook('speech_to_goal', 'pythonpath')
[27.498s] [34mcolcon.colcon_core.shell[0m [1;30mINFO[0m Creating environment hook '/home/tknika/gral-iiriondo-main/unitree_ws/install/speech_to_goal/share/speech_to_goal/hook/pythonpath.ps1'
[27.501s] [34mcolcon.colcon_core.shell[0m [1;30mINFO[0m Creating environment descriptor '/home/tknika/gral-iiriondo-main/unitree_ws/install/speech_to_goal/share/speech_to_goal/hook/pythonpath.dsv'
[27.503s] [34mcolcon.colcon_core.shell[0m [1;30mINFO[0m Creating environment hook '/home/tknika/gral-iiriondo-main/unitree_ws/install/speech_to_goal/share/speech_to_goal/hook/pythonpath.sh'
[27.505s] [34mcolcon.colcon_core.environment[0m [1;30mLevel 1[0m checking '/home/tknika/gral-iiriondo-main/unitree_ws/install/speech_to_goal/bin'
[27.506s] [34mcolcon.colcon_core.environment[0m [1;30mLevel 1[0m create_environment_scripts_only(speech_to_goal)
[27.507s] [34mcolcon.colcon_core.shell[0m [1;30mINFO[0m Creating package script '/home/tknika/gral-iiriondo-main/unitree_ws/install/speech_to_goal/share/speech_to_goal/package.ps1'
[27.510s] [34mcolcon.colcon_core.shell[0m [1;30mINFO[0m Creating package descriptor '/home/tknika/gral-iiriondo-main/unitree_ws/install/speech_to_goal/share/speech_to_goal/package.dsv'
[27.512s] [34mcolcon.colcon_core.shell[0m [1;30mINFO[0m Creating package script '/home/tknika/gral-iiriondo-main/unitree_ws/install/speech_to_goal/share/speech_to_goal/package.sh'
[27.514s] [34mcolcon.colcon_core.shell[0m [1;30mINFO[0m Creating package script '/home/tknika/gral-iiriondo-main/unitree_ws/install/speech_to_goal/share/speech_to_goal/package.bash'
[27.515s] [34mcolcon.colcon_core.shell[0m [1;30mINFO[0m Creating package script '/home/tknika/gral-iiriondo-main/unitree_ws/install/speech_to_goal/share/speech_to_goal/package.zsh'
[27.517s] [34mcolcon.colcon_core.environment[0m [1;30mLevel 1[0m create_file_with_runtime_dependencies(/home/tknika/gral-iiriondo-main/unitree_ws/install/speech_to_goal/share/colcon-core/packages/speech_to_goal)
[27.519s] [34mcolcon.colcon_parallel_executor.executor.parallel[0m [1;30mDEBUG[0m [32mclosing loop[0m
[27.520s] [34mcolcon.colcon_parallel_executor.executor.parallel[0m [1;30mDEBUG[0m [32mloop closed[0m
[27.520s] [34mcolcon.colcon_parallel_executor.executor.parallel[0m [1;30mDEBUG[0m [32mrun_until_complete finished with '0'[0m
[27.521s] [34mcolcon.colcon_core.event_reactor[0m [1;30mDEBUG[0m [32mjoining thread[0m
[27.538s] [34mcolcon.colcon_core.plugin_system[0m [1;30mINFO[0m Skipping extension 'colcon_notification.desktop_notification.terminal_notifier': Not used on non-Darwin systems
[27.538s] [34mcolcon.colcon_core.plugin_system[0m [1;30mINFO[0m Skipping extension 'colcon_notification.desktop_notification.win32': Not used on non-Windows systems
[27.539s] [34mcolcon.colcon_notification.desktop_notification[0m [1;30mINFO[0m Sending desktop notification using 'notify2'
[27.574s] [34mcolcon.colcon_core.event_reactor[0m [1;30mDEBUG[0m [32mjoined thread[0m
[27.575s] [34mcolcon.colcon_core.shell[0m [1;30mINFO[0m Creating prefix script '/home/tknika/gral-iiriondo-main/unitree_ws/install/local_setup.ps1'
[27.579s] [34mcolcon.colcon_core.shell[0m [1;30mINFO[0m Creating prefix util module '/home/tknika/gral-iiriondo-main/unitree_ws/install/_local_setup_util_ps1.py'
[27.585s] [34mcolcon.colcon_core.shell[0m [1;30mINFO[0m Creating prefix chain script '/home/tknika/gral-iiriondo-main/unitree_ws/install/setup.ps1'
[27.591s] [34mcolcon.colcon_core.shell[0m [1;30mINFO[0m Creating prefix script '/home/tknika/gral-iiriondo-main/unitree_ws/install/local_setup.sh'
[27.593s] [34mcolcon.colcon_core.shell[0m [1;30mINFO[0m Creating prefix util module '/home/tknika/gral-iiriondo-main/unitree_ws/install/_local_setup_util_sh.py'
[27.595s] [34mcolcon.colcon_core.shell[0m [1;30mINFO[0m Creating prefix chain script '/home/tknika/gral-iiriondo-main/unitree_ws/install/setup.sh'
[27.600s] [34mcolcon.colcon_core.shell[0m [1;30mINFO[0m Creating prefix script '/home/tknika/gral-iiriondo-main/unitree_ws/install/local_setup.bash'
[27.602s] [34mcolcon.colcon_core.shell[0m [1;30mINFO[0m Creating prefix chain script '/home/tknika/gral-iiriondo-main/unitree_ws/install/setup.bash'
[27.607s] [34mcolcon.colcon_core.shell[0m [1;30mINFO[0m Creating prefix script '/home/tknika/gral-iiriondo-main/unitree_ws/install/local_setup.zsh'
[27.609s] [34mcolcon.colcon_core.shell[0m [1;30mINFO[0m Creating prefix chain script '/home/tknika/gral-iiriondo-main/unitree_ws/install/setup.zsh'
